model,checkpoint,term,task,prompt_id,prompt_template_bind,eb_star,eb_per_layer,best_layer,entropy,span_indices,n_term_tokens,prompt_template_beh,behavioral_score,step,model_short
pythia-160m-deduped,step0,screen reader,generation,gen_001,"In web accessibility, a screen reader is",0.12889,"[0.099242, 0.098265, 0.111221, 0.093965, 0.071425, 0.069958, 0.12889, 0.059559, 0.070145, 0.031743, 0.049116, 0.057552]",6,2.432451,"[6, 7]",2,"In web accessibility, a screen reader is",0.0,0,160m
pythia-160m-deduped,step0,screen reader,generation,gen_002,"For blind users, a screen reader",0.110631,"[0.107742, 0.103705, 0.064247, 0.064782, 0.099126, 0.072234, 0.110631, 0.067982, 0.071919, 0.050844, 0.042559, 0.04015]",6,2.439689,"[6, 7]",2,"For blind users, a screen reader",0.0,0,160m
pythia-160m-deduped,step0,screen reader,generation,gen_003,"To ensure screen reader compatibility, developers should",0.167387,"[0.167387, 0.135567, 0.12008, 0.151877, 0.134873, 0.112203, 0.074378, 0.13091, 0.043422, 0.040391, 0.107112, 0.035931]",0,2.41875,"[3, 4]",2,"To ensure screen reader compatibility, developers should",0.0,0,160m
pythia-160m-deduped,step0,screen reader,generation,gen_004,"Without proper screen reader support, visually impaired users may",0.189442,"[0.189442, 0.088153, 0.11335, 0.081429, 0.125671, 0.12048, 0.069303, 0.118585, 0.08079, 0.089954, 0.079323, 0.068208]",0,2.409122,"[3, 4]",2,"Without proper screen reader support, visually impaired users may",0.0,0,160m
pythia-160m-deduped,step0,screen reader,generation,gen_005,An accessibility audit found that the site is not screen reader friendly. This means,0.104511,"[0.071259, 0.044496, 0.059121, 0.060192, 0.104511, 0.058298, 0.054188, 0.046196, 0.061493, 0.017118, 0.028178, 0.026555]",4,2.38883,"[10, 11]",2,An accessibility audit found that the site is not screen reader friendly. This means,0.0,0,160m
pythia-160m-deduped,step0,screen reader,generation,gen_006,"When building accessible sites, screen reader compatibility ensures",0.107265,"[0.107265, 0.077333, 0.094876, 0.064646, 0.043899, 0.061179, 0.077938, 0.062957, 0.047955, 0.03311, 0.043842, 0.064062]",0,2.399803,"[6, 7]",2,"When building accessible sites, screen reader compatibility ensures",0.0,0,160m
pythia-160m-deduped,step0,skip link,generation,gen_001,"In web accessibility, a skip link is",0.131155,"[0.055708, 0.041056, 0.052823, 0.056365, 0.131155, 0.071589, 0.074757, 0.050773, 0.036765, 0.048037, 0.052544, 0.07626]",4,2.417255,"[6, 7]",2,"In web accessibility, a skip link is",0.0,0,160m
pythia-160m-deduped,step0,skip link,generation,gen_002,"For keyboard navigation, a skip link",0.080313,"[0.070652, 0.041203, 0.07219, 0.079953, 0.075014, 0.057655, 0.059454, 0.073678, 0.080237, 0.05495, 0.080313, 0.072737]",10,2.438052,"[6, 7]",2,"For keyboard navigation, a skip link",0.0,0,160m
pythia-160m-deduped,step0,skip link,generation,gen_003,"To implement a skip link, developers should",0.115449,"[0.07878, 0.054945, 0.074965, 0.076828, 0.112205, 0.11103, 0.114677, 0.073468, 0.069058, 0.074488, 0.062534, 0.115449]",11,2.461567,"[4, 5]",2,"To implement a skip link, developers should",0.0,0,160m
pythia-160m-deduped,step0,skip link,generation,gen_004,"Without a skip link, keyboard users may",0.14169,"[0.074526, 0.052205, 0.068313, 0.109145, 0.099908, 0.072614, 0.087536, 0.066361, 0.14169, 0.070321, 0.090195, 0.121178]",8,2.461521,"[3, 4]",2,"Without a skip link, keyboard users may",0.0,0,160m
pythia-160m-deduped,step0,skip link,generation,gen_005,An accessibility review noted the absence of a skip link. This means,0.0994,"[0.041322, 0.021604, 0.053365, 0.051859, 0.0994, 0.076371, 0.039377, 0.041011, 0.028224, 0.056686, 0.043344, 0.047082]",4,2.425883,"[9, 10]",2,An accessibility review noted the absence of a skip link. This means,0.0,0,160m
pythia-160m-deduped,step0,skip link,generation,gen_006,"When designing accessible navigation, a skip link ensures",0.093686,"[0.045098, 0.038145, 0.054291, 0.058092, 0.064874, 0.053665, 0.050182, 0.046056, 0.093686, 0.049273, 0.059617, 0.06734]",8,2.448869,"[7, 8]",2,"When designing accessible navigation, a skip link ensures",0.0,0,160m
pythia-160m-deduped,step0,alt text,generation,gen_001,"In web accessibility, alt text is",0.147328,"[0.147328, 0.069613, 0.115615, 0.074387, 0.056318, 0.07399, 0.080962, 0.102983, 0.05069, 0.032122, 0.101418, 0.033973]",0,2.424445,"[5, 6]",2,"In web accessibility, alt text is",0.0,0,160m
pythia-160m-deduped,step0,alt text,generation,gen_002,"For blind users, alt text",0.144624,"[0.083068, 0.059952, 0.110773, 0.102678, 0.090971, 0.082109, 0.144624, 0.057364, 0.056418, 0.048738, 0.086529, 0.047191]",6,2.431552,"[5, 6]",2,"For blind users, alt text",0.0,0,160m
pythia-160m-deduped,step0,alt text,generation,gen_003,"To write effective alt text, content creators should",0.160306,"[0.102476, 0.100007, 0.120919, 0.081463, 0.076989, 0.123335, 0.144571, 0.160306, 0.059456, 0.03765, 0.119993, 0.085401]",7,2.424624,"[4, 5]",2,"To write effective alt text, content creators should",0.0,0,160m
pythia-160m-deduped,step0,alt text,generation,gen_004,"Without alt text, screen reader users may",0.221722,"[0.156782, 0.126687, 0.107719, 0.116535, 0.089981, 0.075204, 0.221722, 0.093168, 0.073602, 0.101081, 0.108985, 0.057571]",6,2.437567,"[2, 3]",2,"Without alt text, screen reader users may",0.0,0,160m
pythia-160m-deduped,step0,alt text,generation,gen_005,An accessibility scan found images lacking alt text. This means,0.127768,"[0.107955, 0.070984, 0.127768, 0.063986, 0.058367, 0.07685, 0.088119, 0.084559, 0.027212, 0.036333, 0.07513, 0.051836]",2,2.386382,"[7, 8]",2,An accessibility scan found images lacking alt text. This means,0.0,0,160m
pythia-160m-deduped,step0,alt text,generation,gen_006,"When publishing web content, alt text ensures",0.118924,"[0.111985, 0.08605, 0.118924, 0.078101, 0.060246, 0.069905, 0.104058, 0.059517, 0.033392, 0.036376, 0.062629, 0.046012]",2,2.430764,"[6, 7]",2,"When publishing web content, alt text ensures",0.0,0,160m
pythia-160m-deduped,step0,color contrast,generation,gen_001,"In web accessibility, color contrast is",0.122418,"[0.063537, 0.122418, 0.07136, 0.108537, 0.099953, 0.114722, 0.092753, 0.093616, 0.033982, 0.05493, 0.047305, 0.05751]",1,2.40456,"[5, 6]",2,"In web accessibility, color contrast is",0.0,0,160m
pythia-160m-deduped,step0,color contrast,generation,gen_002,"For users with low vision, color contrast",0.115828,"[0.092639, 0.073979, 0.062377, 0.061602, 0.0439, 0.104333, 0.115828, 0.03849, 0.073662, 0.067985, 0.029832, 0.062539]",6,2.414602,"[7, 8]",2,"For users with low vision, color contrast",0.0,0,160m
pythia-160m-deduped,step0,color contrast,generation,gen_003,"To achieve sufficient color contrast, designers should",0.149748,"[0.133692, 0.121457, 0.084099, 0.03235, 0.106919, 0.113918, 0.149748, 0.087544, 0.052091, 0.093543, 0.077552, 0.058523]",6,2.435159,"[4, 5]",2,"To achieve sufficient color contrast, designers should",0.0,0,160m
pythia-160m-deduped,step0,color contrast,generation,gen_004,"Without adequate color contrast, users with visual impairments may",0.161828,"[0.161828, 0.160292, 0.13648, 0.06919, 0.159769, 0.143851, 0.153311, 0.101639, 0.068584, 0.080686, 0.062788, 0.044232]",0,2.431439,"[3, 4]",2,"Without adequate color contrast, users with visual impairments may",0.0,0,160m
pythia-160m-deduped,step0,color contrast,generation,gen_005,An accessibility checker flagged poor color contrast. This means,0.088449,"[0.043653, 0.088449, 0.066187, 0.039407, 0.074649, 0.059991, 0.07839, 0.05493, 0.049333, 0.036035, 0.036938, 0.02959]",1,2.410035,"[8, 9]",2,An accessibility checker flagged poor color contrast. This means,0.0,0,160m
pythia-160m-deduped,step0,color contrast,generation,gen_006,"When selecting color palettes, color contrast ensures",0.085158,"[0.054153, 0.085158, 0.082938, 0.054867, 0.056362, 0.053561, 0.082858, 0.036284, 0.023856, 0.040179, 0.042562, 0.063036]",1,2.421647,"[7, 8]",2,"When selecting color palettes, color contrast ensures",0.0,0,160m
pythia-160m-deduped,step0,focus indicator,generation,gen_001,"In web accessibility, a focus indicator is",0.13791,"[0.099638, 0.055725, 0.118782, 0.13791, 0.09814, 0.075344, 0.068997, 0.084521, 0.053955, 0.074304, 0.090679, 0.04777]",3,2.38569,"[6, 7]",2,"In web accessibility, a focus indicator is",0.0,0,160m
pythia-160m-deduped,step0,focus indicator,generation,gen_002,"For keyboard users, a focus indicator",0.145717,"[0.094423, 0.111214, 0.071346, 0.145717, 0.058463, 0.05721, 0.067454, 0.089135, 0.065729, 0.056843, 0.095884, 0.045214]",3,2.381528,"[6, 7]",2,"For keyboard users, a focus indicator",0.0,0,160m
pythia-160m-deduped,step0,focus indicator,generation,gen_003,"To implement visible focus indicators, developers should",0.131903,"[0.112699, 0.071499, 0.106922, 0.107109, 0.131903, 0.035518, 0.091879, 0.124069, 0.054401, 0.083297, 0.096662, 0.06066]",4,2.399295,"[5, 6]",2,"To implement visible focus indicators, developers should",0.0,0,160m
pythia-160m-deduped,step0,focus indicator,generation,gen_004,"Without a focus indicator, keyboard-only users may",0.143592,"[0.12959, 0.141419, 0.103344, 0.124905, 0.143592, 0.10388, 0.122448, 0.123927, 0.037849, 0.074077, 0.092315, 0.054525]",4,2.454881,"[3, 4]",2,"Without a focus indicator, keyboard-only users may",0.0,0,160m
pythia-160m-deduped,step0,focus indicator,generation,gen_005,A usability test revealed missing focus indicators. This means,0.105523,"[0.052988, 0.091044, 0.105523, 0.092736, 0.081831, 0.070211, 0.056974, 0.072103, 0.064298, 0.03625, 0.075696, 0.073449]",2,2.443809,"[7, 8]",2,A usability test revealed missing focus indicators. This means,0.0,0,160m
pythia-160m-deduped,step0,focus indicator,generation,gen_006,"When styling interactive elements, a focus indicator ensures",0.105029,"[0.091503, 0.077784, 0.074776, 0.087861, 0.077687, 0.079958, 0.073247, 0.058797, 0.0998, 0.096845, 0.105029, 0.037156]",10,2.433199,"[7, 8]",2,"When styling interactive elements, a focus indicator ensures",0.0,0,160m
pythia-160m-deduped,step0,heading structure,generation,gen_001,"In web accessibility, heading structure is",0.183414,"[0.183414, 0.09014, 0.081929, 0.112118, 0.088186, 0.070659, 0.074183, 0.055263, 0.049257, 0.079506, 0.035338, 0.054791]",0,2.395096,"[5, 6]",2,"In web accessibility, heading structure is",0.0,0,160m
pythia-160m-deduped,step0,heading structure,generation,gen_002,"For screen readers, heading structure",0.1549,"[0.1549, 0.051152, 0.034718, 0.083476, 0.093924, 0.081582, 0.042316, 0.074173, 0.078282, 0.0448, 0.056949, 0.040462]",0,2.406537,"[5, 6]",2,"For screen readers, heading structure",0.0,0,160m
pythia-160m-deduped,step0,heading structure,generation,gen_003,"To create proper heading structure, content authors should",0.158144,"[0.158144, 0.094232, 0.077364, 0.072073, 0.051634, 0.070333, 0.06541, 0.045204, 0.053858, 0.06738, 0.072106, 0.067727]",0,2.412683,"[4, 5]",2,"To create proper heading structure, content authors should",0.0,0,160m
pythia-160m-deduped,step0,heading structure,generation,gen_004,"Without logical heading structure, screen reader users may",0.204309,"[0.204309, 0.123497, 0.113774, 0.087365, 0.053489, 0.079362, 0.103504, 0.114353, 0.042873, 0.092619, 0.06743, 0.090249]",0,2.40806,"[3, 4]",2,"Without logical heading structure, screen reader users may",0.0,0,160m
pythia-160m-deduped,step0,heading structure,generation,gen_005,An accessibility evaluation found improper heading structure. This means,0.135665,"[0.135665, 0.07251, 0.050404, 0.049244, 0.026995, 0.049993, 0.042329, 0.070746, 0.034532, 0.039276, 0.06626, 0.065912]",0,2.409174,"[6, 7]",2,An accessibility evaluation found improper heading structure. This means,0.0,0,160m
pythia-160m-deduped,step0,heading structure,generation,gen_006,"When organizing page content, heading structure ensures",0.114961,"[0.114961, 0.044809, 0.0803, 0.075911, 0.037829, 0.033571, 0.03567, 0.093888, 0.075507, 0.093606, 0.053469, 0.058893]",0,2.413344,"[6, 7]",2,"When organizing page content, heading structure ensures",0.0,0,160m
pythia-160m-deduped,step0,keyboard navigation,generation,gen_001,"In web accessibility, keyboard navigation is",0.135401,"[0.113121, 0.135401, 0.083291, 0.096331, 0.03928, 0.069754, 0.056331, 0.059071, 0.071205, 0.030445, 0.051316, 0.064054]",1,2.430409,"[5, 6]",2,"In web accessibility, keyboard navigation is",0.0,0,160m
pythia-160m-deduped,step0,keyboard navigation,generation,gen_002,"For users with motor disabilities, keyboard navigation",0.085719,"[0.071201, 0.085719, 0.053452, 0.064205, 0.054354, 0.072845, 0.033752, 0.063214, 0.067359, 0.025514, 0.078219, 0.039728]",1,2.445802,"[7, 8]",2,"For users with motor disabilities, keyboard navigation",0.0,0,160m
pythia-160m-deduped,step0,keyboard navigation,generation,gen_003,"To support keyboard navigation, developers should",0.161426,"[0.119138, 0.161426, 0.127371, 0.121351, 0.071688, 0.106921, 0.057898, 0.116459, 0.160298, 0.067402, 0.061464, 0.087826]",1,2.423164,"[3, 4]",2,"To support keyboard navigation, developers should",0.0,0,160m
pythia-160m-deduped,step0,keyboard navigation,generation,gen_004,"Without keyboard navigation support, motor-impaired users may",0.189545,"[0.184905, 0.189545, 0.121205, 0.156459, 0.056808, 0.136166, 0.107433, 0.08683, 0.107079, 0.065523, 0.111074, 0.12903]",1,2.442158,"[2, 3]",2,"Without keyboard navigation support, motor-impaired users may",0.0,0,160m
pythia-160m-deduped,step0,keyboard navigation,generation,gen_005,A manual test revealed keyboard navigation failures. This means,0.125776,"[0.125776, 0.110584, 0.090615, 0.074485, 0.058409, 0.110373, 0.087612, 0.059265, 0.06138, 0.038465, 0.06258, 0.027429]",0,2.442296,"[5, 6]",2,A manual test revealed keyboard navigation failures. This means,0.0,0,160m
pythia-160m-deduped,step0,keyboard navigation,generation,gen_006,"When developing interactive features, keyboard navigation ensures",0.093846,"[0.068958, 0.086143, 0.093846, 0.061007, 0.073327, 0.049421, 0.038066, 0.061111, 0.058084, 0.075883, 0.050965, 0.035675]",2,2.445304,"[6, 7]",2,"When developing interactive features, keyboard navigation ensures",0.0,0,160m
pythia-160m-deduped,step0,landmark region,generation,gen_001,"In web accessibility, a landmark region is",0.122032,"[0.100443, 0.043445, 0.085603, 0.122032, 0.078393, 0.067916, 0.059853, 0.046974, 0.057423, 0.033548, 0.03954, 0.064302]",3,2.398738,"[6, 7]",2,"In web accessibility, a landmark region is",0.0,0,160m
pythia-160m-deduped,step0,landmark region,generation,gen_002,"For screen reader users, landmark regions",0.0,"[0.0, 0.0, 0.0, 0.0, 0.0, 0.0, 0.0, 0.0, 0.0, 0.0, 0.0, 0.0]",0,2.484907,[7],3,"For screen reader users, landmark regions",0.0,0,160m
pythia-160m-deduped,step0,landmark region,generation,gen_003,"To implement landmark regions, developers should",0.080724,"[0.036874, 0.039621, 0.040598, 0.04645, 0.043136, 0.056737, 0.061387, 0.028524, 0.054276, 0.080724, 0.051474, 0.055914]",9,2.459414,"[4, 5, 6]",3,"To implement landmark regions, developers should",0.0,0,160m
pythia-160m-deduped,step0,landmark region,generation,gen_004,"Without proper landmark regions, assistive technology users may",0.074797,"[0.056284, 0.036903, 0.039309, 0.037302, 0.029734, 0.039143, 0.043973, 0.031118, 0.074797, 0.029403, 0.054823, 0.05457]",8,2.448346,"[4, 5, 6]",3,"Without proper landmark regions, assistive technology users may",0.0,0,160m
pythia-160m-deduped,step0,landmark region,generation,gen_005,An HTML validation found missing landmark regions. This means,0.055662,"[0.036738, 0.028891, 0.039629, 0.051443, 0.035823, 0.032899, 0.037789, 0.036558, 0.050385, 0.032315, 0.045443, 0.055662]",11,2.456544,"[7, 8, 9]",3,An HTML validation found missing landmark regions. This means,0.0,0,160m
pythia-160m-deduped,step0,landmark region,generation,gen_006,"When structuring page layout, landmark regions ensure",0.105893,"[0.034403, 0.071137, 0.045282, 0.030039, 0.075198, 0.027117, 0.079248, 0.073686, 0.105893, 0.046226, 0.083535, 0.038467]",8,2.375991,"[8, 9]",3,"When structuring page layout, landmark regions ensure",0.0,0,160m
pythia-160m-deduped,step0,aria attribute,generation,gen_001,"In web accessibility, an aria attribute is",0.122727,"[0.067981, 0.054999, 0.085967, 0.059164, 0.122727, 0.069051, 0.056063, 0.086244, 0.082044, 0.077824, 0.069696, 0.075427]",4,2.398385,"[6, 7]",2,"In web accessibility, an aria attribute is",0.0,0,160m
pythia-160m-deduped,step0,aria attribute,generation,gen_002,"For screen reader users, aria attributes",0.0,"[0.0, 0.0, 0.0, 0.0, 0.0, 0.0, 0.0, 0.0, 0.0, 0.0, 0.0, 0.0]",0,2.484907,[7],2,"For screen reader users, aria attributes",0.0,0,160m
pythia-160m-deduped,step0,aria attribute,generation,gen_003,"To use aria attributes correctly, developers should",0.141268,"[0.141268, 0.083951, 0.102849, 0.125596, 0.064593, 0.097006, 0.071085, 0.133806, 0.079708, 0.068976, 0.071089, 0.069115]",0,2.416146,"[4, 5]",2,"To use aria attributes correctly, developers should",0.0,0,160m
pythia-160m-deduped,step0,aria attribute,generation,gen_004,"Without appropriate aria attributes, custom widgets may",0.165085,"[0.079376, 0.151996, 0.057416, 0.164299, 0.046558, 0.165085, 0.086823, 0.095119, 0.08523, 0.099575, 0.096435, 0.128968]",5,2.426978,"[4, 5]",2,"Without appropriate aria attributes, custom widgets may",0.3333333333333333,0,160m
pythia-160m-deduped,step0,aria attribute,generation,gen_005,An accessibility audit found missing aria attributes. This means,0.126024,"[0.100822, 0.061554, 0.047086, 0.046923, 0.049692, 0.07849, 0.073711, 0.118192, 0.120449, 0.026007, 0.033088, 0.126024]",11,2.420043,"[7, 8]",2,An accessibility audit found missing aria attributes. This means,0.0,0,160m
pythia-160m-deduped,step0,aria attribute,generation,gen_006,"When creating custom components, aria attributes ensure",0.121048,"[0.082843, 0.121048, 0.062743, 0.06196, 0.043324, 0.055125, 0.052645, 0.088877, 0.061341, 0.086847, 0.042613, 0.053227]",1,2.413224,"[7, 8]",2,"When creating custom components, aria attributes ensure",0.0,0,160m
pythia-160m-deduped,step120000,screen reader,generation,gen_001,"In web accessibility, a screen reader is",0.874642,"[0.461292, 0.529491, 0.691694, 0.708766, 0.117547, 0.323316, 0.311859, 0.514546, 5e-06, 0.418623, 0.016123, 0.874642]",11,0.635363,"[6, 7]",2,"In web accessibility, a screen reader is",1.0,120000,160m
pythia-160m-deduped,step120000,screen reader,generation,gen_002,"For blind users, a screen reader",0.916653,"[0.456845, 0.563783, 0.6814, 0.70941, 0.102696, 0.32746, 0.321958, 0.483374, 0.916653, 0.864581, 0.035503, 0.913982]",8,0.001598,"[6, 7]",2,"For blind users, a screen reader",1.0,120000,160m
pythia-160m-deduped,step120000,screen reader,generation,gen_003,"To ensure screen reader compatibility, developers should",0.916667,"[0.432445, 0.595179, 0.568247, 0.650836, 0.199849, 0.442464, 0.327851, 0.769336, 0.916667, 0.434072, 0.014044, 0.764552]",8,4e-06,"[3, 4]",2,"To ensure screen reader compatibility, developers should",0.3333333333333333,120000,160m
pythia-160m-deduped,step120000,screen reader,generation,gen_004,"Without proper screen reader support, visually impaired users may",0.916666,"[0.318852, 0.520372, 0.501895, 0.705255, 0.060335, 0.391122, 0.277244, 0.571374, 0.916666, 0.602368, 0.023872, 0.004898]",8,5.5e-05,"[3, 4]",2,"Without proper screen reader support, visually impaired users may",0.3333333333333333,120000,160m
pythia-160m-deduped,step120000,screen reader,generation,gen_005,An accessibility audit found that the site is not screen reader friendly. This means,0.870494,"[0.460104, 0.597749, 0.696142, 0.692928, 0.17377, 0.268614, 0.388631, 0.789057, 1e-06, 0.759168, 0.011013, 0.870494]",11,0.003942,"[10, 11]",2,An accessibility audit found that the site is not screen reader friendly. This means,0.6666666666666666,120000,160m
pythia-160m-deduped,step120000,screen reader,generation,gen_006,"When building accessible sites, screen reader compatibility ensures",0.916664,"[0.447207, 0.613854, 0.599881, 0.636126, 0.191877, 0.264018, 0.341521, 0.771744, 0.916664, 0.552378, 0.065016, 0.841141]",8,0.000362,"[6, 7]",2,"When building accessible sites, screen reader compatibility ensures",0.3333333333333333,120000,160m
pythia-160m-deduped,step120000,skip link,generation,gen_001,"In web accessibility, a skip link is",0.91588,"[0.528178, 0.289473, 0.695698, 0.647165, 0.113166, 0.425914, 0.660322, 0.46567, 0.91588, 0.159304, 0.756562, 0.009438]",8,0.05343,"[6, 7]",2,"In web accessibility, a skip link is",0.3333333333333333,120000,160m
pythia-160m-deduped,step120000,skip link,generation,gen_002,"For keyboard navigation, a skip link",0.878505,"[0.540406, 0.205431, 0.716214, 0.663776, 0.138358, 0.44099, 0.639635, 0.535077, 0.007225, 0.055587, 0.69773, 0.878505]",11,0.001795,"[6, 7]",2,"For keyboard navigation, a skip link",0.6666666666666666,120000,160m
pythia-160m-deduped,step120000,skip link,generation,gen_003,"To implement a skip link, developers should",0.691471,"[0.488487, 0.465701, 0.691471, 0.62151, 0.126903, 0.454967, 0.623585, 0.509923, 7e-06, 0.068316, 0.39309, 0.507849]",2,2.102488,"[4, 5]",2,"To implement a skip link, developers should",0.6666666666666666,120000,160m
pythia-160m-deduped,step120000,skip link,generation,gen_004,"Without a skip link, keyboard users may",0.723872,"[0.494198, 0.307957, 0.723872, 0.629068, 0.107832, 0.286801, 0.434336, 0.482783, 0.0, 0.0404, 0.376905, 0.081992]",2,2.006884,"[3, 4]",2,"Without a skip link, keyboard users may",0.6666666666666666,120000,160m
pythia-160m-deduped,step120000,skip link,generation,gen_005,An accessibility review noted the absence of a skip link. This means,0.916211,"[0.50814, 0.287231, 0.739477, 0.672327, 0.115284, 0.527878, 0.588035, 0.458571, 0.000201, 0.319182, 0.277649, 0.916211]",11,0.033787,"[9, 10]",2,An accessibility review noted the absence of a skip link. This means,0.3333333333333333,120000,160m
pythia-160m-deduped,step120000,skip link,generation,gen_006,"When designing accessible navigation, a skip link ensures",0.916572,"[0.54079, 0.275337, 0.679348, 0.653204, 0.150064, 0.4382, 0.586293, 0.477746, 1e-06, 0.057709, 0.177979, 0.916572]",11,0.001802,"[7, 8]",2,"When designing accessible navigation, a skip link ensures",0.6666666666666666,120000,160m
pythia-160m-deduped,step120000,alt text,generation,gen_001,"In web accessibility, alt text is",0.658285,"[0.380255, 0.540452, 0.589317, 0.602632, 0.296891, 0.626483, 0.503286, 0.658285, 5e-06, 0.054763, 0.618891, 0.000726]",7,1.367741,"[5, 6]",2,"In web accessibility, alt text is",0.3333333333333333,120000,160m
pythia-160m-deduped,step120000,alt text,generation,gen_002,"For blind users, alt text",0.820598,"[0.349801, 0.403649, 0.632014, 0.634099, 0.369615, 0.623054, 0.398346, 0.424497, 9e-06, 0.018248, 0.820598, 0.00684]",10,0.004214,"[5, 6]",2,"For blind users, alt text",0.3333333333333333,120000,160m
pythia-160m-deduped,step120000,alt text,generation,gen_003,"To write effective alt text, content creators should",0.684658,"[0.487221, 0.684658, 0.500284, 0.667819, 0.108251, 0.400687, 0.310628, 0.40649, 1e-06, 0.002112, 0.000157, 0.0]",1,2.020523,"[4, 5]",2,"To write effective alt text, content creators should",0.3333333333333333,120000,160m
pythia-160m-deduped,step120000,alt text,generation,gen_004,"Without alt text, screen reader users may",0.598947,"[0.542542, 0.54397, 0.497229, 0.598947, 0.197311, 0.362084, 0.385216, 0.244805, 0.0, 2.7e-05, 0.028475, 0.0]",3,2.115755,"[2, 3]",2,"Without alt text, screen reader users may",0.3333333333333333,120000,160m
pythia-160m-deduped,step120000,alt text,generation,gen_005,An accessibility scan found images lacking alt text. This means,0.655304,"[0.559875, 0.655304, 0.507634, 0.633828, 0.252652, 0.576831, 0.524009, 0.388795, 0.0, 0.001144, 0.004178, 0.0]",1,1.947132,"[7, 8]",2,An accessibility scan found images lacking alt text. This means,0.3333333333333333,120000,160m
pythia-160m-deduped,step120000,alt text,generation,gen_006,"When publishing web content, alt text ensures",0.765108,"[0.405811, 0.522109, 0.601739, 0.599291, 0.23087, 0.58307, 0.4414, 0.765108, 1e-06, 0.185416, 0.335468, 7.3e-05]",7,1.310886,"[6, 7]",2,"When publishing web content, alt text ensures",0.3333333333333333,120000,160m
pythia-160m-deduped,step120000,color contrast,generation,gen_001,"In web accessibility, color contrast is",0.91652,"[0.341888, 0.468372, 0.446402, 0.689563, 0.326032, 0.518995, 0.459563, 0.787479, 0.91652, 0.642858, 0.820196, 0.837044]",8,0.013554,"[5, 6]",2,"In web accessibility, color contrast is",0.0,120000,160m
pythia-160m-deduped,step120000,color contrast,generation,gen_002,"For users with low vision, color contrast",0.916666,"[0.359758, 0.458288, 0.534011, 0.730035, 0.209344, 0.510343, 0.441555, 0.594455, 0.916666, 0.476489, 0.741799, 0.88551]",8,0.000111,"[7, 8]",2,"For users with low vision, color contrast",0.0,120000,160m
pythia-160m-deduped,step120000,color contrast,generation,gen_003,"To achieve sufficient color contrast, designers should",0.916377,"[0.560997, 0.592304, 0.34431, 0.691404, 0.20201, 0.283351, 0.3369, 0.402989, 0.916377, 0.698758, 0.000603, 0.0]",8,0.02329,"[4, 5]",2,"To achieve sufficient color contrast, designers should",0.0,120000,160m
pythia-160m-deduped,step120000,color contrast,generation,gen_004,"Without adequate color contrast, users with visual impairments may",0.916665,"[0.568593, 0.600133, 0.47237, 0.677722, 0.2152, 0.211158, 0.325905, 0.465524, 0.916665, 0.751159, 0.704177, 3.4e-05]",8,0.000187,"[3, 4]",2,"Without adequate color contrast, users with visual impairments may",0.0,120000,160m
pythia-160m-deduped,step120000,color contrast,generation,gen_005,An accessibility checker flagged poor color contrast. This means,0.916658,"[0.324104, 0.512546, 0.42782, 0.701184, 0.231439, 0.268822, 0.250258, 0.549166, 0.916658, 0.614514, 0.044983, 6.2e-05]",8,0.001019,"[8, 9]",2,An accessibility checker flagged poor color contrast. This means,0.0,120000,160m
pythia-160m-deduped,step120000,color contrast,generation,gen_006,"When selecting color palettes, color contrast ensures",0.916657,"[0.361068, 0.427403, 0.426007, 0.746496, 0.122182, 0.570837, 0.116145, 0.807142, 0.916452, 0.82533, 0.344698, 0.916657]",11,1e-06,"[7, 8]",2,"When selecting color palettes, color contrast ensures",0.0,120000,160m
pythia-160m-deduped,step120000,focus indicator,generation,gen_001,"In web accessibility, a focus indicator is",0.709687,"[0.286761, 0.509596, 0.709687, 0.683551, 0.064878, 0.33915, 0.255265, 0.505039, 1e-06, 0.025622, 0.373902, 0.000107]",2,1.760974,"[6, 7]",2,"In web accessibility, a focus indicator is",0.3333333333333333,120000,160m
pythia-160m-deduped,step120000,focus indicator,generation,gen_002,"For keyboard users, a focus indicator",0.712708,"[0.315217, 0.552031, 0.712708, 0.681838, 0.066997, 0.378596, 0.377239, 0.430307, 0.002815, 0.00477, 0.38158, 8e-05]",2,1.871303,"[6, 7]",2,"For keyboard users, a focus indicator",1.0,120000,160m
pythia-160m-deduped,step120000,focus indicator,generation,gen_003,"To implement visible focus indicators, developers should",0.670031,"[0.309437, 0.530147, 0.341505, 0.670031, 0.08593, 0.133701, 0.20939, 0.335836, 7e-06, 0.358954, 0.15591, 0.274931]",3,2.089077,"[5, 6]",2,"To implement visible focus indicators, developers should",0.3333333333333333,120000,160m
pythia-160m-deduped,step120000,focus indicator,generation,gen_004,"Without a focus indicator, keyboard-only users may",0.783583,"[0.463472, 0.610219, 0.700474, 0.683946, 0.122622, 0.369139, 0.465252, 0.783583, 0.0, 0.031247, 0.408634, 0.007434]",7,1.61897,"[3, 4]",2,"Without a focus indicator, keyboard-only users may",0.3333333333333333,120000,160m
pythia-160m-deduped,step120000,focus indicator,generation,gen_005,A usability test revealed missing focus indicators. This means,0.916656,"[0.092068, 0.054248, 0.013631, 0.008117, 0.014715, 0.016808, 0.014911, 0.021394, 0.916656, 0.203467, 0.908148, 0.525682]",8,0.001243,"[7, 8]",2,A usability test revealed missing focus indicators. This means,0.0,120000,160m
pythia-160m-deduped,step120000,focus indicator,generation,gen_006,"When styling interactive elements, a focus indicator ensures",0.916663,"[0.309853, 0.535045, 0.712748, 0.677451, 0.128341, 0.471738, 0.324907, 0.478008, 2e-06, 0.030647, 0.274866, 0.916663]",11,0.000477,"[7, 8]",2,"When styling interactive elements, a focus indicator ensures",0.6666666666666666,120000,160m
pythia-160m-deduped,step120000,heading structure,generation,gen_001,"In web accessibility, heading structure is",0.897213,"[0.475011, 0.397966, 0.528573, 0.612042, 0.211779, 0.51074, 0.343658, 0.545599, 0.0, 0.381832, 0.121444, 0.897213]",11,0.002001,"[5, 6]",2,"In web accessibility, heading structure is",0.0,120000,160m
pythia-160m-deduped,step120000,heading structure,generation,gen_002,"For screen readers, heading structure",0.750168,"[0.462312, 0.459518, 0.531597, 0.604622, 0.10751, 0.535188, 0.271026, 0.518284, 0.0, 0.58243, 0.607382, 0.750168]",11,1.098614,"[5, 6]",2,"For screen readers, heading structure",0.3333333333333333,120000,160m
pythia-160m-deduped,step120000,heading structure,generation,gen_003,"To create proper heading structure, content authors should",0.916666,"[0.663266, 0.338676, 0.572094, 0.716878, 0.154645, 0.507895, 0.463263, 0.570255, 0.916666, 0.268161, 0.063074, 0.909659]",8,4.5e-05,"[4, 5]",2,"To create proper heading structure, content authors should",0.3333333333333333,120000,160m
pythia-160m-deduped,step120000,heading structure,generation,gen_004,"Without logical heading structure, screen reader users may",0.783642,"[0.565526, 0.357526, 0.486428, 0.696051, 0.111463, 0.323761, 0.349107, 0.558215, 0.0, 0.026683, 0.632555, 0.783642]",11,0.000289,"[3, 4]",2,"Without logical heading structure, screen reader users may",0.0,120000,160m
pythia-160m-deduped,step120000,heading structure,generation,gen_005,An accessibility evaluation found improper heading structure. This means,0.896038,"[0.654827, 0.489907, 0.474496, 0.719739, 0.157784, 0.500879, 0.425964, 0.485269, 0.004172, 0.294484, 0.033471, 0.896038]",11,0.498211,"[6, 7]",2,An accessibility evaluation found improper heading structure. This means,0.3333333333333333,120000,160m
pythia-160m-deduped,step120000,heading structure,generation,gen_006,"When organizing page content, heading structure ensures",0.897022,"[0.507687, 0.393822, 0.50348, 0.655381, 0.055604, 0.577751, 0.544257, 0.743918, 0.897022, 0.71357, 0.80376, 0.239553]",8,7.9e-05,"[6, 7]",2,"When organizing page content, heading structure ensures",0.0,120000,160m
pythia-160m-deduped,step120000,keyboard navigation,generation,gen_001,"In web accessibility, keyboard navigation is",0.915862,"[0.219148, 0.371155, 0.615326, 0.667392, 0.303266, 0.56015, 0.528818, 0.615139, 0.000572, 0.158031, 0.559546, 0.915862]",11,0.047186,"[5, 6]",2,"In web accessibility, keyboard navigation is",0.0,120000,160m
pythia-160m-deduped,step120000,keyboard navigation,generation,gen_002,"For users with motor disabilities, keyboard navigation",0.833615,"[0.21607, 0.293902, 0.633572, 0.676738, 0.230011, 0.511602, 0.489709, 0.334339, 0.249694, 0.088946, 0.708386, 0.833615]",11,0.693146,"[7, 8]",2,"For users with motor disabilities, keyboard navigation",0.0,120000,160m
pythia-160m-deduped,step120000,keyboard navigation,generation,gen_003,"To support keyboard navigation, developers should",0.916661,"[0.253892, 0.574711, 0.572928, 0.667679, 0.175515, 0.61268, 0.346666, 0.245475, 0.916603, 0.881217, 0.050525, 0.916661]",11,0.0,"[3, 4]",2,"To support keyboard navigation, developers should",0.0,120000,160m
pythia-160m-deduped,step120000,keyboard navigation,generation,gen_004,"Without keyboard navigation support, motor-impaired users may",0.916665,"[0.535822, 0.521307, 0.534382, 0.691448, 0.326799, 0.388164, 0.424877, 0.420366, 0.916665, 0.789567, 0.52943, 0.916657]",8,0.000276,"[2, 3]",2,"Without keyboard navigation support, motor-impaired users may",0.0,120000,160m
pythia-160m-deduped,step120000,keyboard navigation,generation,gen_005,A manual test revealed keyboard navigation failures. This means,0.916665,"[0.287841, 0.609282, 0.603747, 0.684676, 0.196616, 0.586975, 0.248091, 0.700231, 0.916665, 0.792776, 0.530729, 0.884698]",8,0.000218,"[5, 6]",2,A manual test revealed keyboard navigation failures. This means,0.0,120000,160m
pythia-160m-deduped,step120000,keyboard navigation,generation,gen_006,"When developing interactive features, keyboard navigation ensures",0.833334,"[0.223792, 0.335684, 0.598313, 0.686367, 0.170101, 0.537615, 0.548657, 0.559172, 0.768769, 0.138356, 0.423733, 0.833334]",11,0.693147,"[6, 7]",2,"When developing interactive features, keyboard navigation ensures",0.0,120000,160m
pythia-160m-deduped,step120000,landmark region,generation,gen_001,"In web accessibility, a landmark region is",0.916666,"[0.252759, 0.231241, 0.672298, 0.585803, 0.108394, 0.367123, 0.369291, 0.735183, 0.0, 0.028976, 0.872806, 0.916666]",11,0.0,"[6, 7]",2,"In web accessibility, a landmark region is",0.0,120000,160m
pythia-160m-deduped,step120000,landmark region,generation,gen_002,"For screen reader users, landmark regions",0.0,"[0.0, 0.0, 0.0, 0.0, 0.0, 0.0, 0.0, 0.0, 0.0, 0.0, 0.0, 0.0]",0,2.484907,[7],3,"For screen reader users, landmark regions",0.0,120000,160m
pythia-160m-deduped,step120000,landmark region,generation,gen_003,"To implement landmark regions, developers should",0.406957,"[0.09883, 0.085028, 0.173652, 0.406957, 0.215933, 0.096514, 0.124328, 0.1641, 4.3e-05, 0.220797, 0.349131, 0.283489]",3,2.23536,"[4, 5, 6]",3,"To implement landmark regions, developers should",0.0,120000,160m
pythia-160m-deduped,step120000,landmark region,generation,gen_004,"Without proper landmark regions, assistive technology users may",0.41737,"[0.103579, 0.095468, 0.143828, 0.366039, 0.116013, 0.066017, 0.170279, 0.204644, 0.002995, 0.41737, 0.378574, 0.28734]",9,1.826325,"[4, 5, 6]",3,"Without proper landmark regions, assistive technology users may",0.0,120000,160m
pythia-160m-deduped,step120000,landmark region,generation,gen_005,An HTML validation found missing landmark regions. This means,0.360657,"[0.178428, 0.058376, 0.079241, 0.115038, 0.082502, 0.099523, 0.103831, 0.205762, 0.126798, 0.360657, 0.343451, 0.308721]",9,2.010456,"[7, 8, 9]",3,An HTML validation found missing landmark regions. This means,0.0,120000,160m
pythia-160m-deduped,step120000,landmark region,generation,gen_006,"When structuring page layout, landmark regions ensure",0.843177,"[0.520184, 0.214332, 0.44704, 0.684891, 0.112123, 0.559945, 0.121571, 0.264558, 0.806503, 0.237465, 0.843177, 0.0]",10,0.321292,"[8, 9]",3,"When structuring page layout, landmark regions ensure",0.0,120000,160m
pythia-160m-deduped,step120000,aria attribute,generation,gen_001,"In web accessibility, an aria attribute is",0.846219,"[0.402403, 0.400169, 0.553953, 0.669897, 0.259645, 0.487652, 0.57901, 0.409848, 0.822247, 0.696242, 0.246213, 0.846219]",11,0.689628,"[6, 7]",2,"In web accessibility, an aria attribute is",0.3333333333333333,120000,160m
pythia-160m-deduped,step120000,aria attribute,generation,gen_002,"For screen reader users, aria attributes",0.0,"[0.0, 0.0, 0.0, 0.0, 0.0, 0.0, 0.0, 0.0, 0.0, 0.0, 0.0, 0.0]",0,2.484907,[7],2,"For screen reader users, aria attributes",0.0,120000,160m
pythia-160m-deduped,step120000,aria attribute,generation,gen_003,"To use aria attributes correctly, developers should",0.916667,"[0.324349, 0.61259, 0.514003, 0.690722, 0.119473, 0.302102, 0.238805, 0.370489, 0.059791, 0.873271, 0.386619, 0.916667]",11,0.0,"[4, 5]",2,"To use aria attributes correctly, developers should",0.3333333333333333,120000,160m
pythia-160m-deduped,step120000,aria attribute,generation,gen_004,"Without appropriate aria attributes, custom widgets may",0.703431,"[0.227357, 0.31104, 0.189859, 0.703431, 0.091142, 0.125901, 0.250656, 0.102164, 3.8e-05, 0.076598, 0.5987, 0.070889]",3,1.948965,"[4, 5]",2,"Without appropriate aria attributes, custom widgets may",0.0,120000,160m
pythia-160m-deduped,step120000,aria attribute,generation,gen_005,An accessibility audit found missing aria attributes. This means,0.895711,"[0.101185, 0.034538, 0.034957, 0.009375, 0.009806, 0.022936, 0.01893, 0.040791, 7.5e-05, 0.196665, 0.895711, 0.491904]",10,0.269531,"[7, 8]",2,An accessibility audit found missing aria attributes. This means,0.0,120000,160m
pythia-160m-deduped,step120000,aria attribute,generation,gen_006,"When creating custom components, aria attributes ensure",0.783456,"[0.371014, 0.256071, 0.378942, 0.693239, 0.11654, 0.587517, 0.117214, 0.759453, 0.462217, 0.783456, 0.062812, 0.0]",9,0.774081,"[7, 8]",2,"When creating custom components, aria attributes ensure",0.0,120000,160m
pythia-160m-deduped,step140000,screen reader,generation,gen_001,"In web accessibility, a screen reader is",0.693644,"[0.405111, 0.513408, 0.66667, 0.693644, 0.174748, 0.221077, 0.220278, 0.467983, 0.054799, 0.17747, 0.008714, 0.001325]",3,1.904036,"[6, 7]",2,"In web accessibility, a screen reader is",0.6666666666666666,140000,160m
pythia-160m-deduped,step140000,screen reader,generation,gen_002,"For blind users, a screen reader",0.70574,"[0.396639, 0.55827, 0.646956, 0.70574, 0.188616, 0.20172, 0.174565, 0.449754, 0.111241, 0.045411, 0.003057, 0.007646]",3,1.89629,"[6, 7]",2,"For blind users, a screen reader",1.0,140000,160m
pythia-160m-deduped,step140000,screen reader,generation,gen_003,"To ensure screen reader compatibility, developers should",0.913986,"[0.376546, 0.586671, 0.523904, 0.623225, 0.166809, 0.295322, 0.263364, 0.518062, 0.913986, 0.001437, 0.008304, 0.84666]",8,0.156413,"[3, 4]",2,"To ensure screen reader compatibility, developers should",0.3333333333333333,140000,160m
pythia-160m-deduped,step140000,screen reader,generation,gen_004,"Without proper screen reader support, visually impaired users may",0.913728,"[0.363406, 0.525939, 0.507766, 0.67724, 0.058185, 0.275593, 0.250757, 0.517537, 0.913728, 0.014433, 0.095232, 0.753699]",8,0.179396,"[3, 4]",2,"Without proper screen reader support, visually impaired users may",1.0,140000,160m
pythia-160m-deduped,step140000,screen reader,generation,gen_005,An accessibility audit found that the site is not screen reader friendly. This means,0.887477,"[0.390825, 0.593598, 0.689965, 0.673819, 0.191153, 0.195532, 0.247924, 0.581454, 0.750346, 0.008721, 0.045822, 0.887477]",11,0.571321,"[10, 11]",2,An accessibility audit found that the site is not screen reader friendly. This means,0.0,140000,160m
pythia-160m-deduped,step140000,screen reader,generation,gen_006,"When building accessible sites, screen reader compatibility ensures",0.632961,"[0.371446, 0.564655, 0.610248, 0.632961, 0.145764, 0.22575, 0.170423, 0.50878, 0.214833, 0.076583, 0.039804, 2.9e-05]",3,2.111455,"[6, 7]",2,"When building accessible sites, screen reader compatibility ensures",0.0,140000,160m
pythia-160m-deduped,step140000,skip link,generation,gen_001,"In web accessibility, a skip link is",0.910407,"[0.487777, 0.212669, 0.693804, 0.665142, 0.099654, 0.410384, 0.488924, 0.375381, 0.910407, 0.71762, 0.769125, 0.739959]",8,0.321279,"[6, 7]",2,"In web accessibility, a skip link is",1.0,140000,160m
pythia-160m-deduped,step140000,skip link,generation,gen_002,"For keyboard navigation, a skip link",0.915084,"[0.506057, 0.151194, 0.710592, 0.673522, 0.095551, 0.42711, 0.499023, 0.470854, 0.915084, 0.338803, 0.788129, 0.881286]",8,0.114774,"[6, 7]",2,"For keyboard navigation, a skip link",0.6666666666666666,140000,160m
pythia-160m-deduped,step140000,skip link,generation,gen_003,"To implement a skip link, developers should",0.915126,"[0.447236, 0.433686, 0.692048, 0.642388, 0.108501, 0.349061, 0.551672, 0.486193, 0.915126, 0.009332, 0.623005, 0.907354]",8,0.109867,"[4, 5]",2,"To implement a skip link, developers should",0.6666666666666666,140000,160m
pythia-160m-deduped,step140000,skip link,generation,gen_004,"Without a skip link, keyboard users may",0.720165,"[0.521899, 0.331656, 0.720165, 0.647902, 0.114589, 0.148667, 0.308378, 0.417136, 0.001561, 0.011639, 0.394654, 0.601602]",2,2.050152,"[3, 4]",2,"Without a skip link, keyboard users may",1.0,140000,160m
pythia-160m-deduped,step140000,skip link,generation,gen_005,An accessibility review noted the absence of a skip link. This means,0.912402,"[0.49802, 0.261605, 0.704112, 0.663971, 0.072905, 0.382808, 0.4892, 0.359933, 0.912402, 0.254383, 0.453812, 0.838493]",8,0.240326,"[9, 10]",2,An accessibility review noted the absence of a skip link. This means,0.6666666666666666,140000,160m
pythia-160m-deduped,step140000,skip link,generation,gen_006,"When designing accessible navigation, a skip link ensures",0.914504,"[0.505427, 0.167825, 0.683624, 0.664526, 0.136967, 0.417298, 0.429028, 0.392894, 0.914504, 0.710284, 0.811961, 0.811379]",8,0.144175,"[7, 8]",2,"When designing accessible navigation, a skip link ensures",0.3333333333333333,140000,160m
pythia-160m-deduped,step140000,alt text,generation,gen_001,"In web accessibility, alt text is",0.895478,"[0.369464, 0.567538, 0.610666, 0.583958, 0.365141, 0.507128, 0.176421, 0.414521, 0.050919, 0.424786, 0.476029, 0.895478]",11,0.561234,"[5, 6]",2,"In web accessibility, alt text is",0.3333333333333333,140000,160m
pythia-160m-deduped,step140000,alt text,generation,gen_002,"For blind users, alt text",0.91352,"[0.337303, 0.40731, 0.640169, 0.608422, 0.374656, 0.469287, 0.21252, 0.391014, 0.91352, 0.799618, 0.793827, 0.724652]",8,0.192101,"[5, 6]",2,"For blind users, alt text",0.3333333333333333,140000,160m
pythia-160m-deduped,step140000,alt text,generation,gen_003,"To write effective alt text, content creators should",0.695773,"[0.567897, 0.695773, 0.507143, 0.641506, 0.116737, 0.198679, 0.1177, 0.445453, 0.068631, 0.005721, 0.043429, 0.033495]",1,2.043738,"[4, 5]",2,"To write effective alt text, content creators should",0.0,140000,160m
pythia-160m-deduped,step140000,alt text,generation,gen_004,"Without alt text, screen reader users may",0.833088,"[0.58143, 0.633242, 0.483009, 0.59187, 0.180725, 0.316336, 0.185541, 0.418613, 0.001166, 0.000221, 0.694427, 0.833088]",11,0.822196,"[2, 3]",2,"Without alt text, screen reader users may",0.3333333333333333,140000,160m
pythia-160m-deduped,step140000,alt text,generation,gen_005,An accessibility scan found images lacking alt text. This means,0.728849,"[0.579105, 0.713847, 0.520176, 0.617052, 0.191924, 0.364466, 0.121637, 0.43209, 0.031969, 0.019943, 0.239969, 0.728849]",11,0.026185,"[7, 8]",2,An accessibility scan found images lacking alt text. This means,0.6666666666666666,140000,160m
pythia-160m-deduped,step140000,alt text,generation,gen_006,"When publishing web content, alt text ensures",0.818598,"[0.38668, 0.506357, 0.61177, 0.569962, 0.235786, 0.474206, 0.156753, 0.45257, 0.02315, 0.802815, 0.457201, 0.818598]",11,0.370201,"[6, 7]",2,"When publishing web content, alt text ensures",0.3333333333333333,140000,160m
pythia-160m-deduped,step140000,color contrast,generation,gen_001,"In web accessibility, color contrast is",0.670201,"[0.38204, 0.45704, 0.560836, 0.658785, 0.256384, 0.385594, 0.234293, 0.518338, 0.313373, 0.338389, 0.346983, 0.670201]",11,1.449648,"[5, 6]",2,"In web accessibility, color contrast is",0.0,140000,160m
pythia-160m-deduped,step140000,color contrast,generation,gen_002,"For users with low vision, color contrast",0.911404,"[0.386022, 0.436504, 0.612868, 0.719039, 0.163912, 0.395659, 0.244531, 0.525016, 0.911404, 0.043986, 0.430299, 0.822091]",8,0.277656,"[7, 8]",2,"For users with low vision, color contrast",0.0,140000,160m
pythia-160m-deduped,step140000,color contrast,generation,gen_003,"To achieve sufficient color contrast, designers should",0.892482,"[0.541178, 0.574145, 0.393103, 0.656905, 0.210751, 0.152034, 0.294022, 0.508472, 0.892482, 0.391536, 0.009533, 0.336851]",8,0.692965,"[4, 5]",2,"To achieve sufficient color contrast, designers should",0.0,140000,160m
pythia-160m-deduped,step140000,color contrast,generation,gen_004,"Without adequate color contrast, users with visual impairments may",0.912459,"[0.538593, 0.586351, 0.425821, 0.641078, 0.244329, 0.112453, 0.148046, 0.459617, 0.912459, 0.15871, 0.293328, 0.722021]",8,0.249121,"[3, 4]",2,"Without adequate color contrast, users with visual impairments may",0.3333333333333333,140000,160m
pythia-160m-deduped,step140000,color contrast,generation,gen_005,An accessibility checker flagged poor color contrast. This means,0.891085,"[0.338108, 0.527022, 0.436294, 0.670387, 0.259251, 0.204476, 0.223241, 0.373411, 0.891085, 0.043424, 0.051842, 0.807164]",8,0.699003,"[8, 9]",2,An accessibility checker flagged poor color contrast. This means,0.0,140000,160m
pythia-160m-deduped,step140000,color contrast,generation,gen_006,"When selecting color palettes, color contrast ensures",0.912316,"[0.392024, 0.407876, 0.578167, 0.714731, 0.141433, 0.433328, 0.102708, 0.549019, 0.912316, 0.189256, 0.145626, 0.851414]",8,0.236567,"[7, 8]",2,"When selecting color palettes, color contrast ensures",0.0,140000,160m
pythia-160m-deduped,step140000,focus indicator,generation,gen_001,"In web accessibility, a focus indicator is",0.763223,"[0.29828, 0.567858, 0.627965, 0.664534, 0.074244, 0.291817, 0.061051, 0.54548, 0.003203, 0.043433, 0.138134, 0.763223]",11,0.783573,"[6, 7]",2,"In web accessibility, a focus indicator is",0.6666666666666666,140000,160m
pythia-160m-deduped,step140000,focus indicator,generation,gen_002,"For keyboard users, a focus indicator",0.664301,"[0.331326, 0.572773, 0.613353, 0.664301, 0.088689, 0.359977, 0.157098, 0.384041, 0.026076, 0.038259, 0.049411, 0.002327]",3,1.934016,"[6, 7]",2,"For keyboard users, a focus indicator",0.6666666666666666,140000,160m
pythia-160m-deduped,step140000,focus indicator,generation,gen_003,"To implement visible focus indicators, developers should",0.916614,"[0.292082, 0.475138, 0.255597, 0.679142, 0.064089, 0.238948, 0.260404, 0.130269, 0.89611, 0.763135, 0.59808, 0.916614]",11,0.0,"[5, 6]",2,"To implement visible focus indicators, developers should",0.0,140000,160m
pythia-160m-deduped,step140000,focus indicator,generation,gen_004,"Without a focus indicator, keyboard-only users may",0.759142,"[0.451395, 0.633916, 0.629891, 0.666162, 0.186916, 0.318661, 0.17055, 0.523263, 0.001517, 0.048381, 0.305545, 0.759142]",11,1.125575,"[3, 4]",2,"Without a focus indicator, keyboard-only users may",0.3333333333333333,140000,160m
pythia-160m-deduped,step140000,focus indicator,generation,gen_005,A usability test revealed missing focus indicators. This means,0.915827,"[0.093103, 0.056665, 0.017038, 0.009062, 0.010014, 0.018358, 0.012278, 0.023748, 0.915827, 0.150038, 0.748178, 0.586317]",8,0.069111,"[7, 8]",2,A usability test revealed missing focus indicators. This means,0.0,140000,160m
pythia-160m-deduped,step140000,focus indicator,generation,gen_006,"When styling interactive elements, a focus indicator ensures",0.916493,"[0.3143, 0.549099, 0.651285, 0.655778, 0.12785, 0.380398, 0.161574, 0.428486, 0.006532, 0.224383, 0.180463, 0.916493]",11,0.016287,"[7, 8]",2,"When styling interactive elements, a focus indicator ensures",0.3333333333333333,140000,160m
pythia-160m-deduped,step140000,heading structure,generation,gen_001,"In web accessibility, heading structure is",0.738293,"[0.416556, 0.389333, 0.563015, 0.642249, 0.307918, 0.452564, 0.198623, 0.654454, 0.000497, 0.738293, 0.368769, 0.334695]",9,0.319615,"[5, 6]",2,"In web accessibility, heading structure is",0.0,140000,160m
pythia-160m-deduped,step140000,heading structure,generation,gen_002,"For screen readers, heading structure",0.887474,"[0.406302, 0.433946, 0.553819, 0.641592, 0.166622, 0.424238, 0.161162, 0.583211, 0.003112, 0.887474, 0.427879, 0.579652]",9,0.130384,"[5, 6]",2,"For screen readers, heading structure",0.0,140000,160m
pythia-160m-deduped,step140000,heading structure,generation,gen_003,"To create proper heading structure, content authors should",0.914806,"[0.683528, 0.361897, 0.602239, 0.712007, 0.201122, 0.383949, 0.338342, 0.604176, 0.914806, 0.019632, 0.412931, 0.754428]",8,0.129682,"[4, 5]",2,"To create proper heading structure, content authors should",0.0,140000,160m
pythia-160m-deduped,step140000,heading structure,generation,gen_004,"Without logical heading structure, screen reader users may",0.805658,"[0.610577, 0.389045, 0.558368, 0.701643, 0.17386, 0.251642, 0.160449, 0.621776, 0.004598, 0.646832, 0.530336, 0.805658]",11,1.067555,"[3, 4]",2,"Without logical heading structure, screen reader users may",0.3333333333333333,140000,160m
pythia-160m-deduped,step140000,heading structure,generation,gen_005,An accessibility evaluation found improper heading structure. This means,0.912933,"[0.674581, 0.518855, 0.537126, 0.719341, 0.1675, 0.427895, 0.213291, 0.494674, 0.912933, 0.177574, 0.115877, 0.910759]",8,0.227491,"[6, 7]",2,An accessibility evaluation found improper heading structure. This means,0.0,140000,160m
pythia-160m-deduped,step140000,heading structure,generation,gen_006,"When organizing page content, heading structure ensures",0.773064,"[0.447022, 0.332774, 0.548915, 0.663807, 0.06852, 0.502281, 0.244685, 0.600137, 0.007136, 0.416135, 0.773064, 0.665337]",10,1.141975,"[6, 7]",2,"When organizing page content, heading structure ensures",0.0,140000,160m
pythia-160m-deduped,step140000,keyboard navigation,generation,gen_001,"In web accessibility, keyboard navigation is",0.819239,"[0.326355, 0.41521, 0.591566, 0.688836, 0.235759, 0.457989, 0.305419, 0.362496, 0.62243, 0.28777, 0.819239, 0.600077]",10,0.846806,"[5, 6]",2,"In web accessibility, keyboard navigation is",0.0,140000,160m
pythia-160m-deduped,step140000,keyboard navigation,generation,gen_002,"For users with motor disabilities, keyboard navigation",0.834654,"[0.240042, 0.360063, 0.608864, 0.689362, 0.134183, 0.394816, 0.261348, 0.505359, 0.834654, 0.064678, 0.562438, 0.738442]",8,0.548072,"[7, 8]",2,"For users with motor disabilities, keyboard navigation",0.0,140000,160m
pythia-160m-deduped,step140000,keyboard navigation,generation,gen_003,"To support keyboard navigation, developers should",0.884029,"[0.278032, 0.541727, 0.570767, 0.674461, 0.143823, 0.499873, 0.303979, 0.555062, 0.884029, 0.038696, 0.017491, 0.557338]",8,0.728692,"[3, 4]",2,"To support keyboard navigation, developers should",0.0,140000,160m
pythia-160m-deduped,step140000,keyboard navigation,generation,gen_004,"Without keyboard navigation support, motor-impaired users may",0.819427,"[0.606514, 0.488217, 0.542085, 0.695721, 0.370013, 0.282546, 0.367438, 0.362415, 0.040936, 0.093611, 0.205366, 0.819427]",11,0.882063,"[2, 3]",2,"Without keyboard navigation support, motor-impaired users may",0.0,140000,160m
pythia-160m-deduped,step140000,keyboard navigation,generation,gen_005,A manual test revealed keyboard navigation failures. This means,0.871801,"[0.442623, 0.588248, 0.557899, 0.691663, 0.188213, 0.552287, 0.191605, 0.466879, 0.871801, 0.041512, 0.384639, 0.630087]",8,0.749503,"[5, 6]",2,A manual test revealed keyboard navigation failures. This means,0.0,140000,160m
pythia-160m-deduped,step140000,keyboard navigation,generation,gen_006,"When developing interactive features, keyboard navigation ensures",0.854136,"[0.350572, 0.351883, 0.614946, 0.696387, 0.182898, 0.425547, 0.287743, 0.335402, 0.533245, 0.064147, 0.401952, 0.854136]",11,0.852077,"[6, 7]",2,"When developing interactive features, keyboard navigation ensures",0.0,140000,160m
pythia-160m-deduped,step140000,landmark region,generation,gen_001,"In web accessibility, a landmark region is",0.754625,"[0.29019, 0.212103, 0.661648, 0.630145, 0.09012, 0.381085, 0.379377, 0.613042, 0.003587, 0.036794, 0.618416, 0.754625]",11,1.098343,"[6, 7]",2,"In web accessibility, a landmark region is",0.0,140000,160m
pythia-160m-deduped,step140000,landmark region,generation,gen_002,"For screen reader users, landmark regions",0.0,"[0.0, 0.0, 0.0, 0.0, 0.0, 0.0, 0.0, 0.0, 0.0, 0.0, 0.0, 0.0]",0,2.484907,[7],3,"For screen reader users, landmark regions",0.0,140000,160m
pythia-160m-deduped,step140000,landmark region,generation,gen_003,"To implement landmark regions, developers should",0.554806,"[0.100391, 0.074429, 0.173832, 0.39103, 0.223212, 0.077284, 0.130169, 0.162708, 0.551338, 0.294407, 0.516461, 0.554806]",11,1.072902,"[4, 5, 6]",3,"To implement landmark regions, developers should",0.0,140000,160m
pythia-160m-deduped,step140000,landmark region,generation,gen_004,"Without proper landmark regions, assistive technology users may",0.568002,"[0.100375, 0.091789, 0.138216, 0.356533, 0.089699, 0.063627, 0.171373, 0.158041, 0.568002, 0.147255, 0.485051, 0.504337]",8,1.11656,"[4, 5, 6]",3,"Without proper landmark regions, assistive technology users may",0.0,140000,160m
pythia-160m-deduped,step140000,landmark region,generation,gen_005,An HTML validation found missing landmark regions. This means,0.462606,"[0.162301, 0.068667, 0.078271, 0.11559, 0.109072, 0.092268, 0.11349, 0.143238, 0.462606, 0.455652, 0.123068, 0.330611]",8,1.973963,"[7, 8, 9]",3,An HTML validation found missing landmark regions. This means,0.0,140000,160m
pythia-160m-deduped,step140000,landmark region,generation,gen_006,"When structuring page layout, landmark regions ensure",0.90393,"[0.515157, 0.218773, 0.443335, 0.650726, 0.116614, 0.554202, 0.172267, 0.334018, 0.834668, 0.90393, 0.750322, 0.0]",9,0.478123,"[8, 9]",3,"When structuring page layout, landmark regions ensure",0.0,140000,160m
pythia-160m-deduped,step140000,aria attribute,generation,gen_001,"In web accessibility, an aria attribute is",0.852529,"[0.412394, 0.426212, 0.668859, 0.669299, 0.273572, 0.499086, 0.424781, 0.272445, 0.852529, 0.113745, 0.224731, 0.839897]",8,0.786916,"[6, 7]",2,"In web accessibility, an aria attribute is",0.3333333333333333,140000,160m
pythia-160m-deduped,step140000,aria attribute,generation,gen_002,"For screen reader users, aria attributes",0.0,"[0.0, 0.0, 0.0, 0.0, 0.0, 0.0, 0.0, 0.0, 0.0, 0.0, 0.0, 0.0]",0,2.484907,[7],2,"For screen reader users, aria attributes",0.3333333333333333,140000,160m
pythia-160m-deduped,step140000,aria attribute,generation,gen_003,"To use aria attributes correctly, developers should",0.819669,"[0.237953, 0.594159, 0.495715, 0.658391, 0.099691, 0.214658, 0.221057, 0.239199, 0.736984, 0.819669, 0.680899, 0.808456]",9,0.388611,"[4, 5]",2,"To use aria attributes correctly, developers should",0.0,140000,160m
pythia-160m-deduped,step140000,aria attribute,generation,gen_004,"Without appropriate aria attributes, custom widgets may",0.694481,"[0.246858, 0.326564, 0.209378, 0.663562, 0.07196, 0.17021, 0.30391, 0.162033, 0.21027, 0.003342, 0.694481, 6e-06]",10,0.002327,"[4, 5]",2,"Without appropriate aria attributes, custom widgets may",0.0,140000,160m
pythia-160m-deduped,step140000,aria attribute,generation,gen_005,An accessibility audit found missing aria attributes. This means,0.730259,"[0.08729, 0.040674, 0.035318, 0.008265, 0.009287, 0.01912, 0.018941, 0.035696, 0.004267, 0.407867, 0.730259, 0.373045]",10,0.019016,"[7, 8]",2,An accessibility audit found missing aria attributes. This means,0.6666666666666666,140000,160m
pythia-160m-deduped,step140000,aria attribute,generation,gen_006,"When creating custom components, aria attributes ensure",0.768383,"[0.310273, 0.270115, 0.368059, 0.671372, 0.112836, 0.527265, 0.193982, 0.579958, 0.699872, 0.768383, 0.559777, 0.0]",9,1.400017,"[7, 8]",2,"When creating custom components, aria attributes ensure",0.0,140000,160m
pythia-160m-deduped,step143000,screen reader,generation,gen_001,"In web accessibility, a screen reader is",0.691774,"[0.380868, 0.564546, 0.630859, 0.691774, 0.096814, 0.204566, 0.223169, 0.501349, 0.136972, 0.02551, 0.03456, 0.001724]",3,1.930468,"[6, 7]",2,"In web accessibility, a screen reader is",1.0,143000,160m
pythia-160m-deduped,step143000,screen reader,generation,gen_002,"For blind users, a screen reader",0.698342,"[0.381007, 0.575037, 0.633814, 0.698342, 0.106359, 0.18679, 0.283626, 0.464056, 0.248007, 0.02691, 0.015521, 0.000709]",3,1.923788,"[6, 7]",2,"For blind users, a screen reader",0.6666666666666666,143000,160m
pythia-160m-deduped,step143000,screen reader,generation,gen_003,"To ensure screen reader compatibility, developers should",0.880526,"[0.358666, 0.566888, 0.500724, 0.621731, 0.16056, 0.329713, 0.359913, 0.555501, 0.880526, 0.007128, 0.002753, 0.719952]",8,0.692994,"[3, 4]",2,"To ensure screen reader compatibility, developers should",0.3333333333333333,143000,160m
pythia-160m-deduped,step143000,screen reader,generation,gen_004,"Without proper screen reader support, visually impaired users may",0.905252,"[0.375526, 0.525219, 0.480334, 0.673711, 0.050794, 0.262967, 0.481, 0.594488, 0.905252, 0.060486, 0.147337, 0.779363]",8,0.474879,"[3, 4]",2,"Without proper screen reader support, visually impaired users may",1.0,143000,160m
pythia-160m-deduped,step143000,screen reader,generation,gen_005,An accessibility audit found that the site is not screen reader friendly. This means,0.689686,"[0.375164, 0.640113, 0.662407, 0.673799, 0.253113, 0.257068, 0.352521, 0.639027, 0.689686, 0.005646, 0.017236, 0.07599]",8,0.584854,"[10, 11]",2,An accessibility audit found that the site is not screen reader friendly. This means,0.0,143000,160m
pythia-160m-deduped,step143000,screen reader,generation,gen_006,"When building accessible sites, screen reader compatibility ensures",0.784902,"[0.354884, 0.608239, 0.571986, 0.627779, 0.182425, 0.19421, 0.22706, 0.525777, 0.405186, 0.041857, 0.161549, 0.784902]",11,0.034663,"[6, 7]",2,"When building accessible sites, screen reader compatibility ensures",0.0,143000,160m
pythia-160m-deduped,step143000,skip link,generation,gen_001,"In web accessibility, a skip link is",0.850026,"[0.456093, 0.281816, 0.622043, 0.638232, 0.098744, 0.373556, 0.469059, 0.40905, 0.850013, 0.794666, 0.850026, 0.779538]",10,0.687015,"[6, 7]",2,"In web accessibility, a skip link is",0.6666666666666666,143000,160m
pythia-160m-deduped,step143000,skip link,generation,gen_002,"For keyboard navigation, a skip link",0.913615,"[0.471138, 0.164844, 0.674844, 0.651074, 0.116013, 0.428951, 0.462754, 0.521335, 0.913615, 0.439167, 0.610697, 0.797367]",8,0.20034,"[6, 7]",2,"For keyboard navigation, a skip link",0.3333333333333333,143000,160m
pythia-160m-deduped,step143000,skip link,generation,gen_003,"To implement a skip link, developers should",0.911768,"[0.414346, 0.468392, 0.641644, 0.618668, 0.125733, 0.3892, 0.483742, 0.587241, 0.911768, 0.016842, 0.723, 0.806022]",8,0.260504,"[4, 5]",2,"To implement a skip link, developers should",0.6666666666666666,143000,160m
pythia-160m-deduped,step143000,skip link,generation,gen_004,"Without a skip link, keyboard users may",0.797022,"[0.495188, 0.370041, 0.678239, 0.625098, 0.101086, 0.174848, 0.213577, 0.490487, 0.020739, 0.010052, 0.797022, 0.704766]",10,0.139062,"[3, 4]",2,"Without a skip link, keyboard users may",0.0,143000,160m
pythia-160m-deduped,step143000,skip link,generation,gen_005,An accessibility review noted the absence of a skip link. This means,0.82685,"[0.457689, 0.32802, 0.657257, 0.653108, 0.07658, 0.332486, 0.434938, 0.413725, 0.012534, 0.518762, 0.48995, 0.82685]",11,1.157956,"[9, 10]",2,An accessibility review noted the absence of a skip link. This means,0.3333333333333333,143000,160m
pythia-160m-deduped,step143000,skip link,generation,gen_006,"When designing accessible navigation, a skip link ensures",0.806183,"[0.47018, 0.235681, 0.615626, 0.648009, 0.129243, 0.415263, 0.422081, 0.470902, 0.014665, 0.641248, 0.725859, 0.806183]",11,1.051712,"[7, 8]",2,"When designing accessible navigation, a skip link ensures",0.3333333333333333,143000,160m
pythia-160m-deduped,step143000,alt text,generation,gen_001,"In web accessibility, alt text is",0.852215,"[0.366735, 0.58514, 0.557447, 0.553217, 0.360605, 0.44153, 0.241268, 0.366657, 0.029684, 0.421167, 0.462417, 0.852215]",11,0.701617,"[5, 6]",2,"In web accessibility, alt text is",0.0,143000,160m
pythia-160m-deduped,step143000,alt text,generation,gen_002,"For blind users, alt text",0.851152,"[0.332838, 0.406384, 0.593402, 0.577575, 0.484213, 0.412734, 0.275879, 0.318283, 0.034389, 0.689669, 0.851152, 0.710893]",10,0.015442,"[5, 6]",2,"For blind users, alt text",0.0,143000,160m
pythia-160m-deduped,step143000,alt text,generation,gen_003,"To write effective alt text, content creators should",0.8435,"[0.515018, 0.691475, 0.488823, 0.616373, 0.100245, 0.235624, 0.229439, 0.345286, 0.644662, 0.02262, 0.707994, 0.8435]",11,0.017936,"[4, 5]",2,"To write effective alt text, content creators should",0.6666666666666666,143000,160m
pythia-160m-deduped,step143000,alt text,generation,gen_004,"Without alt text, screen reader users may",0.883518,"[0.512416, 0.60998, 0.456697, 0.550648, 0.176364, 0.341863, 0.121955, 0.3003, 0.102077, 0.883518, 0.401085, 0.833207]",9,0.00674,"[2, 3]",2,"Without alt text, screen reader users may",0.3333333333333333,143000,160m
pythia-160m-deduped,step143000,alt text,generation,gen_005,An accessibility scan found images lacking alt text. This means,0.693228,"[0.513029, 0.693228, 0.529859, 0.58974, 0.163449, 0.414713, 0.199444, 0.376751, 0.037054, 0.01994, 0.388734, 0.000888]",1,1.912578,"[7, 8]",2,An accessibility scan found images lacking alt text. This means,0.6666666666666666,143000,160m
pythia-160m-deduped,step143000,alt text,generation,gen_006,"When publishing web content, alt text ensures",0.829946,"[0.385688, 0.500324, 0.564465, 0.548308, 0.255845, 0.459334, 0.296095, 0.454483, 0.011747, 0.759324, 0.406136, 0.829946]",11,0.792638,"[6, 7]",2,"When publishing web content, alt text ensures",0.3333333333333333,143000,160m
pythia-160m-deduped,step143000,color contrast,generation,gen_001,"In web accessibility, color contrast is",0.861248,"[0.392896, 0.446265, 0.511654, 0.633693, 0.294984, 0.305384, 0.281563, 0.496489, 0.861248, 0.453154, 0.788364, 0.800656]",8,1.036091,"[5, 6]",2,"In web accessibility, color contrast is",0.6666666666666666,143000,160m
pythia-160m-deduped,step143000,color contrast,generation,gen_002,"For users with low vision, color contrast",0.881649,"[0.38716, 0.39016, 0.578352, 0.703617, 0.214491, 0.301687, 0.2274, 0.4507, 0.881649, 0.818111, 0.581165, 0.136718]",8,0.862067,"[7, 8]",2,"For users with low vision, color contrast",0.0,143000,160m
pythia-160m-deduped,step143000,color contrast,generation,gen_003,"To achieve sufficient color contrast, designers should",0.916603,"[0.53361, 0.560776, 0.402631, 0.637727, 0.131864, 0.086561, 0.381782, 0.451159, 0.857374, 0.503164, 0.366892, 0.916603]",11,7.1e-05,"[4, 5]",2,"To achieve sufficient color contrast, designers should",0.0,143000,160m
pythia-160m-deduped,step143000,color contrast,generation,gen_004,"Without adequate color contrast, users with visual impairments may",0.8955,"[0.54005, 0.575283, 0.441265, 0.626238, 0.180003, 0.05659, 0.211562, 0.382196, 0.8955, 0.267597, 0.870873, 0.775307]",8,0.711888,"[3, 4]",2,"Without adequate color contrast, users with visual impairments may",0.3333333333333333,143000,160m
pythia-160m-deduped,step143000,color contrast,generation,gen_005,An accessibility checker flagged poor color contrast. This means,0.912609,"[0.349184, 0.477439, 0.424894, 0.669359, 0.189403, 0.205475, 0.280366, 0.428096, 0.852401, 0.822446, 0.141572, 0.912609]",11,0.179054,"[8, 9]",2,An accessibility checker flagged poor color contrast. This means,0.0,143000,160m
pythia-160m-deduped,step143000,color contrast,generation,gen_006,"When selecting color palettes, color contrast ensures",0.910254,"[0.400004, 0.352295, 0.540938, 0.701958, 0.113513, 0.414636, 0.135942, 0.526684, 0.910254, 0.548101, 0.117201, 0.791]",8,0.327145,"[7, 8]",2,"When selecting color palettes, color contrast ensures",0.0,143000,160m
pythia-160m-deduped,step143000,focus indicator,generation,gen_001,"In web accessibility, a focus indicator is",0.654718,"[0.279823, 0.580469, 0.644641, 0.654718, 0.09023, 0.25761, 0.087545, 0.616735, 0.000551, 0.006903, 0.166446, 0.349481]",3,2.051005,"[6, 7]",2,"In web accessibility, a focus indicator is",0.6666666666666666,143000,160m
pythia-160m-deduped,step143000,focus indicator,generation,gen_002,"For keyboard users, a focus indicator",0.656559,"[0.314797, 0.580608, 0.646633, 0.656559, 0.105418, 0.343902, 0.197915, 0.463487, 0.005194, 0.007792, 0.100685, 0.001843]",3,1.981438,"[6, 7]",2,"For keyboard users, a focus indicator",0.6666666666666666,143000,160m
pythia-160m-deduped,step143000,focus indicator,generation,gen_003,"To implement visible focus indicators, developers should",0.903472,"[0.286778, 0.465448, 0.333852, 0.675975, 0.074294, 0.160366, 0.227808, 0.162018, 0.786311, 0.586652, 0.868731, 0.903472]",11,0.0,"[5, 6]",2,"To implement visible focus indicators, developers should",0.3333333333333333,143000,160m
pythia-160m-deduped,step143000,focus indicator,generation,gen_004,"Without a focus indicator, keyboard-only users may",0.778477,"[0.370735, 0.644644, 0.648899, 0.649069, 0.177759, 0.306104, 0.188416, 0.600596, 0.013687, 0.020869, 0.639172, 0.778477]",11,0.823282,"[3, 4]",2,"Without a focus indicator, keyboard-only users may",0.3333333333333333,143000,160m
pythia-160m-deduped,step143000,focus indicator,generation,gen_005,A usability test revealed missing focus indicators. This means,0.915436,"[0.076053, 0.056427, 0.016767, 0.008891, 0.0089, 0.020533, 0.014135, 0.027618, 0.915436, 0.13081, 0.824063, 0.556142]",8,0.093329,"[7, 8]",2,A usability test revealed missing focus indicators. This means,0.0,143000,160m
pythia-160m-deduped,step143000,focus indicator,generation,gen_006,"When styling interactive elements, a focus indicator ensures",0.846675,"[0.302608, 0.56163, 0.648758, 0.649305, 0.154899, 0.373252, 0.191708, 0.54414, 0.003584, 0.037489, 0.380859, 0.846675]",11,0.003683,"[7, 8]",2,"When styling interactive elements, a focus indicator ensures",1.0,143000,160m
pythia-160m-deduped,step143000,heading structure,generation,gen_001,"In web accessibility, heading structure is",0.620368,"[0.37936, 0.405311, 0.534757, 0.620368, 0.312349, 0.404399, 0.238931, 0.592863, 0.004688, 0.331277, 0.123613, 0.143215]",3,2.114305,"[5, 6]",2,"In web accessibility, heading structure is",0.0,143000,160m
pythia-160m-deduped,step143000,heading structure,generation,gen_002,"For screen readers, heading structure",0.84418,"[0.366894, 0.455403, 0.527466, 0.620048, 0.20129, 0.427918, 0.158965, 0.510509, 0.012086, 0.674138, 0.496946, 0.84418]",11,0.928191,"[5, 6]",2,"For screen readers, heading structure",0.0,143000,160m
pythia-160m-deduped,step143000,heading structure,generation,gen_003,"To create proper heading structure, content authors should",0.907917,"[0.68513, 0.364261, 0.590739, 0.70044, 0.13481, 0.405217, 0.480436, 0.563693, 0.907917, 0.043064, 0.890327, 0.718266]",8,0.410422,"[4, 5]",2,"To create proper heading structure, content authors should",0.3333333333333333,143000,160m
pythia-160m-deduped,step143000,heading structure,generation,gen_004,"Without logical heading structure, screen reader users may",0.780963,"[0.609119, 0.401477, 0.543988, 0.680084, 0.146138, 0.273309, 0.210312, 0.637582, 0.007176, 0.022516, 0.416691, 0.780963]",11,1.015014,"[3, 4]",2,"Without logical heading structure, screen reader users may",0.3333333333333333,143000,160m
pythia-160m-deduped,step143000,heading structure,generation,gen_005,An accessibility evaluation found improper heading structure. This means,0.911827,"[0.688085, 0.502055, 0.524399, 0.711542, 0.114902, 0.483595, 0.322824, 0.511996, 0.911827, 0.129452, 0.081004, 0.813142]",8,0.268572,"[6, 7]",2,An accessibility evaluation found improper heading structure. This means,0.3333333333333333,143000,160m
pythia-160m-deduped,step143000,heading structure,generation,gen_006,"When organizing page content, heading structure ensures",0.819164,"[0.404385, 0.366119, 0.513071, 0.64741, 0.080825, 0.496114, 0.318747, 0.600765, 0.015212, 0.24316, 0.819164, 0.601818]",10,1.037389,"[6, 7]",2,"When organizing page content, heading structure ensures",0.0,143000,160m
pythia-160m-deduped,step143000,keyboard navigation,generation,gen_001,"In web accessibility, keyboard navigation is",0.81705,"[0.448193, 0.42776, 0.59161, 0.667944, 0.221595, 0.418814, 0.395402, 0.465153, 0.595182, 0.191988, 0.552469, 0.81705]",11,1.034087,"[5, 6]",2,"In web accessibility, keyboard navigation is",0.0,143000,160m
pythia-160m-deduped,step143000,keyboard navigation,generation,gen_002,"For users with motor disabilities, keyboard navigation",0.887133,"[0.317454, 0.35095, 0.623887, 0.675113, 0.142984, 0.380156, 0.313569, 0.413374, 0.887133, 0.071151, 0.761399, 0.784334]",8,0.71987,"[7, 8]",2,"For users with motor disabilities, keyboard navigation",0.0,143000,160m
pythia-160m-deduped,step143000,keyboard navigation,generation,gen_003,"To support keyboard navigation, developers should",0.857498,"[0.311207, 0.529909, 0.596347, 0.65641, 0.095181, 0.532562, 0.276203, 0.424997, 0.857498, 0.262321, 0.381373, 0.757503]",8,1.059176,"[3, 4]",2,"To support keyboard navigation, developers should",0.0,143000,160m
pythia-160m-deduped,step143000,keyboard navigation,generation,gen_004,"Without keyboard navigation support, motor-impaired users may",0.886079,"[0.612592, 0.477444, 0.532084, 0.676864, 0.297564, 0.287505, 0.34312, 0.518782, 0.886079, 0.511565, 0.339281, 0.822277]",8,0.874632,"[2, 3]",2,"Without keyboard navigation support, motor-impaired users may",0.0,143000,160m
pythia-160m-deduped,step143000,keyboard navigation,generation,gen_005,A manual test revealed keyboard navigation failures. This means,0.846701,"[0.515492, 0.58546, 0.563582, 0.681893, 0.138583, 0.54758, 0.196424, 0.446186, 0.846701, 0.598662, 0.243711, 0.674751]",8,0.927883,"[5, 6]",2,A manual test revealed keyboard navigation failures. This means,0.0,143000,160m
pythia-160m-deduped,step143000,keyboard navigation,generation,gen_006,"When developing interactive features, keyboard navigation ensures",0.836624,"[0.426466, 0.373481, 0.617842, 0.687575, 0.107195, 0.445649, 0.342463, 0.404919, 0.349711, 0.054561, 0.670013, 0.836624]",11,0.741491,"[6, 7]",2,"When developing interactive features, keyboard navigation ensures",0.0,143000,160m
pythia-160m-deduped,step143000,landmark region,generation,gen_001,"In web accessibility, a landmark region is",0.788628,"[0.262105, 0.18855, 0.655408, 0.613229, 0.144781, 0.352022, 0.510095, 0.449465, 0.00594, 0.316259, 0.788628, 0.768583]",10,0.015486,"[6, 7]",2,"In web accessibility, a landmark region is",0.0,143000,160m
pythia-160m-deduped,step143000,landmark region,generation,gen_002,"For screen reader users, landmark regions",0.0,"[0.0, 0.0, 0.0, 0.0, 0.0, 0.0, 0.0, 0.0, 0.0, 0.0, 0.0, 0.0]",0,2.484907,[7],3,"For screen reader users, landmark regions",0.0,143000,160m
pythia-160m-deduped,step143000,landmark region,generation,gen_003,"To implement landmark regions, developers should",0.534198,"[0.101472, 0.076963, 0.166572, 0.377743, 0.209835, 0.089591, 0.125396, 0.163477, 0.534198, 0.272116, 0.509507, 0.266714]",8,1.452554,"[4, 5, 6]",3,"To implement landmark regions, developers should",0.0,143000,160m
pythia-160m-deduped,step143000,landmark region,generation,gen_004,"Without proper landmark regions, assistive technology users may",0.567653,"[0.087324, 0.092943, 0.131592, 0.348825, 0.097623, 0.062415, 0.17694, 0.211819, 0.567653, 0.476989, 0.488045, 0.164862]",8,1.221728,"[4, 5, 6]",3,"Without proper landmark regions, assistive technology users may",0.0,143000,160m
pythia-160m-deduped,step143000,landmark region,generation,gen_005,An HTML validation found missing landmark regions. This means,0.474677,"[0.168694, 0.061251, 0.066921, 0.120537, 0.110579, 0.103124, 0.110534, 0.135596, 0.474677, 0.221361, 0.183512, 0.314259]",8,1.896584,"[7, 8, 9]",3,An HTML validation found missing landmark regions. This means,0.0,143000,160m
pythia-160m-deduped,step143000,landmark region,generation,gen_006,"When structuring page layout, landmark regions ensure",0.910829,"[0.510337, 0.207298, 0.428161, 0.644477, 0.102745, 0.527771, 0.282289, 0.271399, 0.814858, 0.910829, 0.219964, 5.2e-05]",9,0.255424,"[8, 9]",3,"When structuring page layout, landmark regions ensure",0.0,143000,160m
pythia-160m-deduped,step143000,aria attribute,generation,gen_001,"In web accessibility, an aria attribute is",0.844863,"[0.437166, 0.449518, 0.641181, 0.635503, 0.220832, 0.479731, 0.430215, 0.378262, 0.774216, 0.534666, 0.844863, 0.84114]",10,0.015496,"[6, 7]",2,"In web accessibility, an aria attribute is",0.3333333333333333,143000,160m
pythia-160m-deduped,step143000,aria attribute,generation,gen_002,"For screen reader users, aria attributes",0.0,"[0.0, 0.0, 0.0, 0.0, 0.0, 0.0, 0.0, 0.0, 0.0, 0.0, 0.0, 0.0]",0,2.484907,[7],2,"For screen reader users, aria attributes",0.0,143000,160m
pythia-160m-deduped,step143000,aria attribute,generation,gen_003,"To use aria attributes correctly, developers should",0.90497,"[0.258196, 0.527665, 0.462607, 0.624009, 0.126433, 0.269043, 0.135234, 0.348326, 0.575384, 0.90497, 0.832891, 0.825195]",9,0.450288,"[4, 5]",2,"To use aria attributes correctly, developers should",0.3333333333333333,143000,160m
pythia-160m-deduped,step143000,aria attribute,generation,gen_004,"Without appropriate aria attributes, custom widgets may",0.893694,"[0.242291, 0.348469, 0.24528, 0.64851, 0.089127, 0.205036, 0.389415, 0.174806, 0.10295, 0.042923, 0.893694, 0.490569]",10,0.003105,"[4, 5]",2,"Without appropriate aria attributes, custom widgets may",0.0,143000,160m
pythia-160m-deduped,step143000,aria attribute,generation,gen_005,An accessibility audit found missing aria attributes. This means,0.741972,"[0.095548, 0.03587, 0.038802, 0.007806, 0.007056, 0.023741, 0.017855, 0.0478, 0.005948, 0.355938, 0.741972, 0.357448]",10,0.020988,"[7, 8]",2,An accessibility audit found missing aria attributes. This means,1.0,143000,160m
pythia-160m-deduped,step143000,aria attribute,generation,gen_006,"When creating custom components, aria attributes ensure",0.794281,"[0.30693, 0.251788, 0.384471, 0.66321, 0.130239, 0.500088, 0.138147, 0.453775, 0.794281, 0.081117, 0.020046, 0.0]",8,0.415143,"[7, 8]",2,"When creating custom components, aria attributes ensure",0.0,143000,160m
pythia-160m-deduped,step15000,screen reader,generation,gen_001,"In web accessibility, a screen reader is",0.678513,"[0.303286, 0.604062, 0.589724, 0.678513, 0.204919, 0.269081, 0.096297, 0.190036, 0.076941, 0.101013, 0.119413, 0.214294]",3,2.020883,"[6, 7]",2,"In web accessibility, a screen reader is",1.0,15000,160m
pythia-160m-deduped,step15000,screen reader,generation,gen_002,"For blind users, a screen reader",0.659127,"[0.17544, 0.561546, 0.579969, 0.659127, 0.244561, 0.217202, 0.149881, 0.253699, 0.034759, 0.09617, 0.147349, 0.210196]",3,2.074504,"[6, 7]",2,"For blind users, a screen reader",0.0,15000,160m
pythia-160m-deduped,step15000,screen reader,generation,gen_003,"To ensure screen reader compatibility, developers should",0.612513,"[0.301745, 0.454119, 0.407694, 0.612513, 0.522273, 0.553516, 0.118066, 0.295088, 0.091722, 0.184669, 0.226927, 0.290851]",3,2.216822,"[3, 4]",2,"To ensure screen reader compatibility, developers should",0.3333333333333333,15000,160m
pythia-160m-deduped,step15000,screen reader,generation,gen_004,"Without proper screen reader support, visually impaired users may",0.613103,"[0.255903, 0.451592, 0.470195, 0.613103, 0.241515, 0.263997, 0.052688, 0.305034, 0.168559, 0.123885, 0.228701, 0.103612]",3,2.158098,"[3, 4]",2,"Without proper screen reader support, visually impaired users may",1.0,15000,160m
pythia-160m-deduped,step15000,screen reader,generation,gen_005,An accessibility audit found that the site is not screen reader friendly. This means,0.677902,"[0.286847, 0.529457, 0.601847, 0.677902, 0.385429, 0.259852, 0.097219, 0.354654, 0.075552, 0.094678, 0.279788, 0.1614]",3,2.023691,"[10, 11]",2,An accessibility audit found that the site is not screen reader friendly. This means,0.3333333333333333,15000,160m
pythia-160m-deduped,step15000,screen reader,generation,gen_006,"When building accessible sites, screen reader compatibility ensures",0.580094,"[0.152796, 0.531212, 0.462412, 0.580094, 0.17528, 0.240617, 0.099972, 0.226049, 0.095826, 0.208465, 0.283275, 0.240017]",3,2.21945,"[6, 7]",2,"When building accessible sites, screen reader compatibility ensures",0.3333333333333333,15000,160m
pythia-160m-deduped,step15000,skip link,generation,gen_001,"In web accessibility, a skip link is",0.672222,"[0.317448, 0.520407, 0.672222, 0.653695, 0.187957, 0.44414, 0.138945, 0.289573, 0.082295, 0.214936, 0.234531, 0.312413]",2,2.16476,"[6, 7]",2,"In web accessibility, a skip link is",0.3333333333333333,15000,160m
pythia-160m-deduped,step15000,skip link,generation,gen_002,"For keyboard navigation, a skip link",0.702284,"[0.323156, 0.566645, 0.702284, 0.688607, 0.150458, 0.412572, 0.137451, 0.319716, 0.08144, 0.139275, 0.193172, 0.346451]",2,2.135752,"[6, 7]",2,"For keyboard navigation, a skip link",0.6666666666666666,15000,160m
pythia-160m-deduped,step15000,skip link,generation,gen_003,"To implement a skip link, developers should",0.656836,"[0.267064, 0.599221, 0.640016, 0.656836, 0.135591, 0.34445, 0.122243, 0.343012, 0.066195, 0.162414, 0.289517, 0.381024]",3,2.079194,"[4, 5]",2,"To implement a skip link, developers should",0.3333333333333333,15000,160m
pythia-160m-deduped,step15000,skip link,generation,gen_004,"Without a skip link, keyboard users may",0.650025,"[0.315814, 0.527869, 0.618426, 0.650025, 0.281533, 0.23977, 0.055276, 0.300579, 0.045866, 0.070159, 0.312861, 0.284112]",3,2.116734,"[3, 4]",2,"Without a skip link, keyboard users may",0.3333333333333333,15000,160m
pythia-160m-deduped,step15000,skip link,generation,gen_005,An accessibility review noted the absence of a skip link. This means,0.721766,"[0.309187, 0.524536, 0.721766, 0.687378, 0.272549, 0.47686, 0.111822, 0.278623, 0.045958, 0.195918, 0.374251, 0.400508]",2,2.076137,"[9, 10]",2,An accessibility review noted the absence of a skip link. This means,0.6666666666666666,15000,160m
pythia-160m-deduped,step15000,skip link,generation,gen_006,"When designing accessible navigation, a skip link ensures",0.683087,"[0.277058, 0.547574, 0.665255, 0.683087, 0.218721, 0.431043, 0.114561, 0.310876, 0.062013, 0.173031, 0.201249, 0.313975]",3,1.949651,"[7, 8]",2,"When designing accessible navigation, a skip link ensures",0.3333333333333333,15000,160m
pythia-160m-deduped,step15000,alt text,generation,gen_001,"In web accessibility, alt text is",0.662075,"[0.299566, 0.478441, 0.442951, 0.549144, 0.199433, 0.662075, 0.148222, 0.366128, 0.090777, 0.251551, 0.143088, 0.221435]",5,1.301914,"[5, 6]",2,"In web accessibility, alt text is",0.0,15000,160m
pythia-160m-deduped,step15000,alt text,generation,gen_002,"For blind users, alt text",0.624452,"[0.298729, 0.39239, 0.500222, 0.590953, 0.31546, 0.624452, 0.153639, 0.361226, 0.06145, 0.309702, 0.120014, 0.417317]",5,1.20852,"[5, 6]",2,"For blind users, alt text",0.3333333333333333,15000,160m
pythia-160m-deduped,step15000,alt text,generation,gen_003,"To write effective alt text, content creators should",0.709546,"[0.306002, 0.324043, 0.468027, 0.709546, 0.090627, 0.370101, 0.066282, 0.230364, 0.065092, 0.061872, 0.118294, 0.193165]",3,1.888799,"[4, 5]",2,"To write effective alt text, content creators should",0.6666666666666666,15000,160m
pythia-160m-deduped,step15000,alt text,generation,gen_004,"Without alt text, screen reader users may",0.654813,"[0.327195, 0.370344, 0.441271, 0.654813, 0.294043, 0.419224, 0.146284, 0.454937, 0.264529, 0.126011, 0.250374, 0.336563]",3,1.959339,"[2, 3]",2,"Without alt text, screen reader users may",0.3333333333333333,15000,160m
pythia-160m-deduped,step15000,alt text,generation,gen_005,An accessibility scan found images lacking alt text. This means,0.610841,"[0.297448, 0.320773, 0.438773, 0.610841, 0.299501, 0.420883, 0.073688, 0.357324, 0.063982, 0.202528, 0.114358, 0.535015]",3,2.056383,"[7, 8]",2,An accessibility scan found images lacking alt text. This means,0.3333333333333333,15000,160m
pythia-160m-deduped,step15000,alt text,generation,gen_006,"When publishing web content, alt text ensures",0.639012,"[0.328459, 0.465378, 0.410923, 0.549438, 0.298719, 0.639012, 0.187122, 0.331075, 0.084305, 0.231226, 0.122816, 0.206784]",5,1.364807,"[6, 7]",2,"When publishing web content, alt text ensures",0.3333333333333333,15000,160m
pythia-160m-deduped,step15000,color contrast,generation,gen_001,"In web accessibility, color contrast is",0.643559,"[0.595197, 0.643559, 0.530381, 0.589172, 0.188374, 0.530135, 0.33545, 0.271336, 0.133539, 0.186509, 0.178113, 0.302846]",1,2.016484,"[5, 6]",2,"In web accessibility, color contrast is",0.0,15000,160m
pythia-160m-deduped,step15000,color contrast,generation,gen_002,"For users with low vision, color contrast",0.583573,"[0.405351, 0.492311, 0.547399, 0.583573, 0.278948, 0.430975, 0.209186, 0.272927, 0.189079, 0.165183, 0.134957, 0.303963]",3,2.143712,"[7, 8]",2,"For users with low vision, color contrast",0.0,15000,160m
pythia-160m-deduped,step15000,color contrast,generation,gen_003,"To achieve sufficient color contrast, designers should",0.679907,"[0.659232, 0.679907, 0.517261, 0.624734, 0.212736, 0.22854, 0.098782, 0.418056, 0.161671, 0.198521, 0.236582, 0.218756]",1,2.031699,"[4, 5]",2,"To achieve sufficient color contrast, designers should",0.0,15000,160m
pythia-160m-deduped,step15000,color contrast,generation,gen_004,"Without adequate color contrast, users with visual impairments may",0.596979,"[0.596979, 0.571655, 0.380672, 0.593553, 0.308087, 0.312066, 0.076052, 0.383525, 0.153184, 0.200211, 0.38627, 0.381835]",0,1.979129,"[3, 4]",2,"Without adequate color contrast, users with visual impairments may",0.0,15000,160m
pythia-160m-deduped,step15000,color contrast,generation,gen_005,An accessibility checker flagged poor color contrast. This means,0.667461,"[0.567002, 0.511511, 0.588399, 0.667461, 0.24024, 0.262857, 0.09827, 0.261391, 0.100915, 0.099804, 0.179035, 0.311611]",3,2.021438,"[8, 9]",2,An accessibility checker flagged poor color contrast. This means,0.0,15000,160m
pythia-160m-deduped,step15000,color contrast,generation,gen_006,"When selecting color palettes, color contrast ensures",0.647604,"[0.351774, 0.392631, 0.633227, 0.647604, 0.20731, 0.510973, 0.292175, 0.607865, 0.09824, 0.103352, 0.15891, 0.353295]",3,1.998925,"[7, 8]",2,"When selecting color palettes, color contrast ensures",0.0,15000,160m
pythia-160m-deduped,step15000,focus indicator,generation,gen_001,"In web accessibility, a focus indicator is",0.732401,"[0.423657, 0.516881, 0.732401, 0.659382, 0.132059, 0.327706, 0.074969, 0.212511, 0.057095, 0.077288, 0.074678, 0.267045]",2,1.810296,"[6, 7]",2,"In web accessibility, a focus indicator is",1.0,15000,160m
pythia-160m-deduped,step15000,focus indicator,generation,gen_002,"For keyboard users, a focus indicator",0.725214,"[0.154974, 0.589181, 0.725214, 0.656562, 0.230999, 0.324037, 0.093184, 0.181811, 0.033599, 0.035684, 0.084189, 0.241275]",2,1.887998,"[6, 7]",2,"For keyboard users, a focus indicator",0.6666666666666666,15000,160m
pythia-160m-deduped,step15000,focus indicator,generation,gen_003,"To implement visible focus indicators, developers should",0.725329,"[0.341466, 0.492087, 0.103205, 0.725329, 0.044097, 0.278974, 0.162079, 0.086978, 0.295987, 0.112289, 0.070458, 0.309103]",3,1.884125,"[5, 6]",2,"To implement visible focus indicators, developers should",0.6666666666666666,15000,160m
pythia-160m-deduped,step15000,focus indicator,generation,gen_004,"Without a focus indicator, keyboard-only users may",0.678473,"[0.437236, 0.555237, 0.673973, 0.678473, 0.471565, 0.273239, 0.043506, 0.146384, 0.121517, 0.159538, 0.14199, 0.323908]",3,2.034451,"[3, 4]",2,"Without a focus indicator, keyboard-only users may",0.3333333333333333,15000,160m
pythia-160m-deduped,step15000,focus indicator,generation,gen_005,A usability test revealed missing focus indicators. This means,0.34389,"[0.309347, 0.30408, 0.020512, 0.013157, 0.014879, 0.012856, 0.029876, 0.02662, 0.172393, 0.063606, 0.33841, 0.34389]",11,2.291137,"[7, 8]",2,A usability test revealed missing focus indicators. This means,0.3333333333333333,15000,160m
pythia-160m-deduped,step15000,focus indicator,generation,gen_006,"When styling interactive elements, a focus indicator ensures",0.709669,"[0.234025, 0.586122, 0.709669, 0.637545, 0.262471, 0.298941, 0.072982, 0.162357, 0.090819, 0.105565, 0.11602, 0.213955]",2,1.917042,"[7, 8]",2,"When styling interactive elements, a focus indicator ensures",0.6666666666666666,15000,160m
pythia-160m-deduped,step15000,heading structure,generation,gen_001,"In web accessibility, heading structure is",0.723829,"[0.326915, 0.315811, 0.723829, 0.672688, 0.114143, 0.564104, 0.079086, 0.340403, 0.134121, 0.191271, 0.136742, 0.282486]",2,1.989056,"[5, 6]",2,"In web accessibility, heading structure is",0.0,15000,160m
pythia-160m-deduped,step15000,heading structure,generation,gen_002,"For screen readers, heading structure",0.710066,"[0.333404, 0.298866, 0.710066, 0.659956, 0.084479, 0.336697, 0.065323, 0.238133, 0.050459, 0.127429, 0.110663, 0.262403]",2,2.029635,"[5, 6]",2,"For screen readers, heading structure",0.0,15000,160m
pythia-160m-deduped,step15000,heading structure,generation,gen_003,"To create proper heading structure, content authors should",0.747843,"[0.324767, 0.342339, 0.711761, 0.747843, 0.12239, 0.416318, 0.087016, 0.314333, 0.077709, 0.354256, 0.153129, 0.2172]",3,1.760865,"[4, 5]",2,"To create proper heading structure, content authors should",0.0,15000,160m
pythia-160m-deduped,step15000,heading structure,generation,gen_004,"Without logical heading structure, screen reader users may",0.689458,"[0.361451, 0.320236, 0.632521, 0.689458, 0.391245, 0.273155, 0.058621, 0.269843, 0.110008, 0.202063, 0.184605, 0.166369]",3,2.008878,"[3, 4]",2,"Without logical heading structure, screen reader users may",0.3333333333333333,15000,160m
pythia-160m-deduped,step15000,heading structure,generation,gen_005,An accessibility evaluation found improper heading structure. This means,0.727439,"[0.277357, 0.248409, 0.692533, 0.727439, 0.16488, 0.550722, 0.131648, 0.288555, 0.116305, 0.270893, 0.145819, 0.192028]",3,1.868986,"[6, 7]",2,An accessibility evaluation found improper heading structure. This means,0.0,15000,160m
pythia-160m-deduped,step15000,heading structure,generation,gen_006,"When organizing page content, heading structure ensures",0.673584,"[0.198992, 0.321265, 0.654458, 0.673584, 0.124066, 0.496708, 0.077999, 0.38032, 0.046115, 0.2657, 0.261136, 0.300674]",3,2.047827,"[6, 7]",2,"When organizing page content, heading structure ensures",0.0,15000,160m
pythia-160m-deduped,step15000,keyboard navigation,generation,gen_001,"In web accessibility, keyboard navigation is",0.640456,"[0.479894, 0.478218, 0.596908, 0.640456, 0.296296, 0.549996, 0.299046, 0.44755, 0.161911, 0.245093, 0.16978, 0.275866]",3,2.164516,"[5, 6]",2,"In web accessibility, keyboard navigation is",0.0,15000,160m
pythia-160m-deduped,step15000,keyboard navigation,generation,gen_002,"For users with motor disabilities, keyboard navigation",0.681867,"[0.453212, 0.259081, 0.681867, 0.662984, 0.200165, 0.502648, 0.16574, 0.231939, 0.08597, 0.252984, 0.10281, 0.243414]",2,2.085222,"[7, 8]",2,"For users with motor disabilities, keyboard navigation",0.0,15000,160m
pythia-160m-deduped,step15000,keyboard navigation,generation,gen_003,"To support keyboard navigation, developers should",0.637973,"[0.490545, 0.350642, 0.621282, 0.637973, 0.330851, 0.391368, 0.350036, 0.328543, 0.200333, 0.214637, 0.166852, 0.152619]",3,2.103116,"[3, 4]",2,"To support keyboard navigation, developers should",0.0,15000,160m
pythia-160m-deduped,step15000,keyboard navigation,generation,gen_004,"Without keyboard navigation support, motor-impaired users may",0.636003,"[0.542475, 0.597369, 0.528513, 0.636003, 0.40887, 0.27265, 0.149866, 0.496924, 0.137503, 0.299556, 0.343692, 0.314854]",3,2.136808,"[2, 3]",2,"Without keyboard navigation support, motor-impaired users may",0.0,15000,160m
pythia-160m-deduped,step15000,keyboard navigation,generation,gen_005,A manual test revealed keyboard navigation failures. This means,0.666743,"[0.611266, 0.487041, 0.600043, 0.666743, 0.224993, 0.415615, 0.194227, 0.319501, 0.188151, 0.21433, 0.209255, 0.270721]",3,2.066441,"[5, 6]",2,A manual test revealed keyboard navigation failures. This means,0.0,15000,160m
pythia-160m-deduped,step15000,keyboard navigation,generation,gen_006,"When developing interactive features, keyboard navigation ensures",0.655941,"[0.521251, 0.326177, 0.588186, 0.655941, 0.392693, 0.465984, 0.161824, 0.396989, 0.129484, 0.186771, 0.17481, 0.275322]",3,2.096381,"[6, 7]",2,"When developing interactive features, keyboard navigation ensures",0.0,15000,160m
pythia-160m-deduped,step15000,landmark region,generation,gen_001,"In web accessibility, a landmark region is",0.653515,"[0.299062, 0.207326, 0.653515, 0.637835, 0.218652, 0.1257, 0.121702, 0.572085, 0.126147, 0.259738, 0.265042, 0.495147]",2,2.051066,"[6, 7]",2,"In web accessibility, a landmark region is",0.0,15000,160m
pythia-160m-deduped,step15000,landmark region,generation,gen_002,"For screen reader users, landmark regions",0.0,"[0.0, 0.0, 0.0, 0.0, 0.0, 0.0, 0.0, 0.0, 0.0, 0.0, 0.0, 0.0]",0,2.484907,[7],3,"For screen reader users, landmark regions",0.0,15000,160m
pythia-160m-deduped,step15000,landmark region,generation,gen_003,"To implement landmark regions, developers should",0.377828,"[0.145041, 0.123632, 0.189935, 0.377828, 0.204479, 0.055159, 0.118163, 0.163179, 0.180405, 0.068859, 0.241943, 0.171131]",3,2.28315,"[4, 5, 6]",3,"To implement landmark regions, developers should",0.0,15000,160m
pythia-160m-deduped,step15000,landmark region,generation,gen_004,"Without proper landmark regions, assistive technology users may",0.387739,"[0.145889, 0.112741, 0.183062, 0.387739, 0.12267, 0.096414, 0.086794, 0.159536, 0.312571, 0.072708, 0.207911, 0.175981]",3,2.280082,"[4, 5, 6]",3,"Without proper landmark regions, assistive technology users may",0.0,15000,160m
pythia-160m-deduped,step15000,landmark region,generation,gen_005,An HTML validation found missing landmark regions. This means,0.170322,"[0.170322, 0.087817, 0.096569, 0.124931, 0.109496, 0.082387, 0.113347, 0.095331, 0.049997, 0.148154, 0.145925, 0.147672]",0,2.21719,"[7, 8, 9]",3,An HTML validation found missing landmark regions. This means,0.0,15000,160m
pythia-160m-deduped,step15000,landmark region,generation,gen_006,"When structuring page layout, landmark regions ensure",0.694264,"[0.219582, 0.17187, 0.405921, 0.694264, 0.145943, 0.500999, 0.15471, 0.154713, 0.150206, 0.122337, 0.224198, 0.370815]",3,1.948075,"[8, 9]",3,"When structuring page layout, landmark regions ensure",0.0,15000,160m
pythia-160m-deduped,step15000,aria attribute,generation,gen_001,"In web accessibility, an aria attribute is",0.718289,"[0.401655, 0.333465, 0.651198, 0.718289, 0.19982, 0.413159, 0.164339, 0.230444, 0.11681, 0.213586, 0.236893, 0.358271]",3,1.862199,"[6, 7]",2,"In web accessibility, an aria attribute is",0.0,15000,160m
pythia-160m-deduped,step15000,aria attribute,generation,gen_002,"For screen reader users, aria attributes",0.0,"[0.0, 0.0, 0.0, 0.0, 0.0, 0.0, 0.0, 0.0, 0.0, 0.0, 0.0, 0.0]",0,2.484907,[7],2,"For screen reader users, aria attributes",0.3333333333333333,15000,160m
pythia-160m-deduped,step15000,aria attribute,generation,gen_003,"To use aria attributes correctly, developers should",0.685145,"[0.17265, 0.318929, 0.288789, 0.685145, 0.103822, 0.251554, 0.130738, 0.15237, 0.274029, 0.074977, 0.141065, 0.382168]",3,1.92495,"[4, 5]",2,"To use aria attributes correctly, developers should",0.0,15000,160m
pythia-160m-deduped,step15000,aria attribute,generation,gen_004,"Without appropriate aria attributes, custom widgets may",0.705698,"[0.23067, 0.325993, 0.094672, 0.705698, 0.072956, 0.190478, 0.21433, 0.090526, 0.399858, 0.080762, 0.157094, 0.283926]",3,1.868761,"[4, 5]",2,"Without appropriate aria attributes, custom widgets may",0.0,15000,160m
pythia-160m-deduped,step15000,aria attribute,generation,gen_005,An accessibility audit found missing aria attributes. This means,0.378612,"[0.19918, 0.341798, 0.095243, 0.015183, 0.034719, 0.019194, 0.034797, 0.050291, 0.188845, 0.120657, 0.378612, 0.274166]",10,1.755982,"[7, 8]",2,An accessibility audit found missing aria attributes. This means,0.3333333333333333,15000,160m
pythia-160m-deduped,step15000,aria attribute,generation,gen_006,"When creating custom components, aria attributes ensure",0.715784,"[0.176806, 0.194519, 0.319351, 0.642504, 0.084462, 0.715784, 0.168093, 0.136536, 0.128438, 0.295224, 0.125796, 0.395393]",5,1.505877,"[7, 8]",2,"When creating custom components, aria attributes ensure",0.0,15000,160m
pythia-160m-deduped,step30000,screen reader,generation,gen_001,"In web accessibility, a screen reader is",0.690446,"[0.366312, 0.623732, 0.690446, 0.678853, 0.252152, 0.300093, 0.123657, 0.389859, 0.081188, 0.171535, 0.069705, 0.059013]",2,2.084842,"[6, 7]",2,"In web accessibility, a screen reader is",0.6666666666666666,30000,160m
pythia-160m-deduped,step30000,screen reader,generation,gen_002,"For blind users, a screen reader",0.679203,"[0.379323, 0.582584, 0.679203, 0.660359, 0.290025, 0.330988, 0.072107, 0.380684, 0.105796, 0.18805, 0.085557, 0.158998]",2,2.025311,"[6, 7]",2,"For blind users, a screen reader",0.6666666666666666,30000,160m
pythia-160m-deduped,step30000,screen reader,generation,gen_003,"To ensure screen reader compatibility, developers should",0.605191,"[0.472211, 0.416248, 0.442764, 0.600162, 0.605191, 0.54854, 0.18358, 0.295116, 0.084411, 0.190805, 0.205702, 0.192314]",4,1.111585,"[3, 4]",2,"To ensure screen reader compatibility, developers should",0.6666666666666666,30000,160m
pythia-160m-deduped,step30000,screen reader,generation,gen_004,"Without proper screen reader support, visually impaired users may",0.62979,"[0.392485, 0.56146, 0.474355, 0.62979, 0.244007, 0.43681, 0.088527, 0.267297, 0.139043, 0.173651, 0.12605, 0.235984]",3,2.21085,"[3, 4]",2,"Without proper screen reader support, visually impaired users may",1.0,30000,160m
pythia-160m-deduped,step30000,screen reader,generation,gen_005,An accessibility audit found that the site is not screen reader friendly. This means,0.654764,"[0.295163, 0.607699, 0.641989, 0.654764, 0.356519, 0.268667, 0.057187, 0.639507, 0.048245, 0.049352, 0.131188, 0.31564]",3,2.020183,"[10, 11]",2,An accessibility audit found that the site is not screen reader friendly. This means,0.3333333333333333,30000,160m
pythia-160m-deduped,step30000,screen reader,generation,gen_006,"When building accessible sites, screen reader compatibility ensures",0.613656,"[0.32112, 0.543905, 0.595184, 0.613656, 0.216224, 0.247367, 0.119464, 0.434491, 0.119943, 0.190167, 0.174425, 0.360953]",3,2.236246,"[6, 7]",2,"When building accessible sites, screen reader compatibility ensures",1.0,30000,160m
pythia-160m-deduped,step30000,skip link,generation,gen_001,"In web accessibility, a skip link is",0.685867,"[0.315732, 0.364063, 0.685867, 0.650934, 0.166065, 0.391799, 0.096835, 0.332949, 0.074426, 0.32624, 0.189588, 0.563817]",2,2.172789,"[6, 7]",2,"In web accessibility, a skip link is",1.0,30000,160m
pythia-160m-deduped,step30000,skip link,generation,gen_002,"For keyboard navigation, a skip link",0.681699,"[0.327532, 0.438426, 0.681699, 0.656502, 0.178765, 0.386892, 0.082606, 0.385718, 0.054834, 0.203374, 0.205137, 0.423612]",2,2.197606,"[6, 7]",2,"For keyboard navigation, a skip link",0.6666666666666666,30000,160m
pythia-160m-deduped,step30000,skip link,generation,gen_003,"To implement a skip link, developers should",0.637366,"[0.352215, 0.4648, 0.637366, 0.599711, 0.168143, 0.299739, 0.069153, 0.327902, 0.0572, 0.120923, 0.266458, 0.342602]",2,2.266267,"[4, 5]",2,"To implement a skip link, developers should",0.6666666666666666,30000,160m
pythia-160m-deduped,step30000,skip link,generation,gen_004,"Without a skip link, keyboard users may",0.665172,"[0.4257, 0.401168, 0.665172, 0.617467, 0.343253, 0.162564, 0.04264, 0.230563, 0.04351, 0.074358, 0.140715, 0.259038]",2,2.254075,"[3, 4]",2,"Without a skip link, keyboard users may",0.3333333333333333,30000,160m
pythia-160m-deduped,step30000,skip link,generation,gen_005,An accessibility review noted the absence of a skip link. This means,0.679652,"[0.330302, 0.397672, 0.679652, 0.661903, 0.191591, 0.411127, 0.05509, 0.338889, 0.037654, 0.142687, 0.254666, 0.560792]",2,2.13338,"[9, 10]",2,An accessibility review noted the absence of a skip link. This means,0.3333333333333333,30000,160m
pythia-160m-deduped,step30000,skip link,generation,gen_006,"When designing accessible navigation, a skip link ensures",0.688084,"[0.302673, 0.41539, 0.688084, 0.655442, 0.164301, 0.325592, 0.125512, 0.32336, 0.061063, 0.226583, 0.234744, 0.541892]",2,2.208336,"[7, 8]",2,"When designing accessible navigation, a skip link ensures",0.3333333333333333,30000,160m
pythia-160m-deduped,step30000,alt text,generation,gen_001,"In web accessibility, alt text is",0.636371,"[0.326875, 0.636371, 0.44594, 0.564985, 0.213329, 0.603809, 0.151297, 0.329424, 0.064631, 0.136157, 0.125911, 0.483993]",1,2.075568,"[5, 6]",2,"In web accessibility, alt text is",0.0,30000,160m
pythia-160m-deduped,step30000,alt text,generation,gen_002,"For blind users, alt text",0.62076,"[0.327659, 0.62076, 0.462917, 0.566986, 0.16694, 0.598145, 0.11107, 0.3032, 0.042034, 0.155174, 0.113881, 0.308868]",1,1.99771,"[5, 6]",2,"For blind users, alt text",0.3333333333333333,30000,160m
pythia-160m-deduped,step30000,alt text,generation,gen_003,"To write effective alt text, content creators should",0.69869,"[0.528917, 0.658086, 0.382686, 0.69869, 0.156269, 0.295847, 0.088754, 0.320932, 0.089811, 0.059922, 0.111799, 0.43841]",3,1.929031,"[4, 5]",2,"To write effective alt text, content creators should",0.6666666666666666,30000,160m
pythia-160m-deduped,step30000,alt text,generation,gen_004,"Without alt text, screen reader users may",0.597234,"[0.514025, 0.597234, 0.416467, 0.585415, 0.421913, 0.412716, 0.136678, 0.23834, 0.219926, 0.026176, 0.080022, 0.178006]",1,2.068335,"[2, 3]",2,"Without alt text, screen reader users may",0.3333333333333333,30000,160m
pythia-160m-deduped,step30000,alt text,generation,gen_005,An accessibility scan found images lacking alt text. This means,0.699011,"[0.46682, 0.699011, 0.364953, 0.653049, 0.430521, 0.46735, 0.068617, 0.355372, 0.10141, 0.077974, 0.0942, 0.400327]",1,1.695533,"[7, 8]",2,An accessibility scan found images lacking alt text. This means,0.3333333333333333,30000,160m
pythia-160m-deduped,step30000,alt text,generation,gen_006,"When publishing web content, alt text ensures",0.649881,"[0.359425, 0.620093, 0.419387, 0.540716, 0.247306, 0.649881, 0.169222, 0.3241, 0.081704, 0.163249, 0.078316, 0.434791]",5,1.313188,"[6, 7]",2,"When publishing web content, alt text ensures",0.3333333333333333,30000,160m
pythia-160m-deduped,step30000,color contrast,generation,gen_001,"In web accessibility, color contrast is",0.57565,"[0.293483, 0.460678, 0.544528, 0.57565, 0.245596, 0.378409, 0.164641, 0.358136, 0.096014, 0.168383, 0.21773, 0.320195]",3,2.279322,"[5, 6]",2,"In web accessibility, color contrast is",0.0,30000,160m
pythia-160m-deduped,step30000,color contrast,generation,gen_002,"For users with low vision, color contrast",0.622645,"[0.287877, 0.374743, 0.607118, 0.622645, 0.226616, 0.430825, 0.204604, 0.36444, 0.109703, 0.144201, 0.235963, 0.32032]",3,2.136336,"[7, 8]",2,"For users with low vision, color contrast",0.0,30000,160m
pythia-160m-deduped,step30000,color contrast,generation,gen_003,"To achieve sufficient color contrast, designers should",0.643263,"[0.542447, 0.516958, 0.428112, 0.643263, 0.384268, 0.230005, 0.076787, 0.437199, 0.113695, 0.122647, 0.254413, 0.345575]",3,2.155481,"[4, 5]",2,"To achieve sufficient color contrast, designers should",0.0,30000,160m
pythia-160m-deduped,step30000,color contrast,generation,gen_004,"Without adequate color contrast, users with visual impairments may",0.6124,"[0.531724, 0.520326, 0.414991, 0.6124, 0.388118, 0.136346, 0.075664, 0.284955, 0.143224, 0.093403, 0.252736, 0.358893]",3,2.206129,"[3, 4]",2,"Without adequate color contrast, users with visual impairments may",0.3333333333333333,30000,160m
pythia-160m-deduped,step30000,color contrast,generation,gen_005,An accessibility checker flagged poor color contrast. This means,0.647117,"[0.428667, 0.450537, 0.483773, 0.647117, 0.294123, 0.276, 0.100074, 0.406491, 0.126209, 0.127604, 0.216779, 0.33634]",3,2.13206,"[8, 9]",2,An accessibility checker flagged poor color contrast. This means,0.3333333333333333,30000,160m
pythia-160m-deduped,step30000,color contrast,generation,gen_006,"When selecting color palettes, color contrast ensures",0.665447,"[0.288477, 0.312565, 0.643066, 0.665447, 0.237069, 0.33998, 0.232734, 0.436117, 0.058024, 0.089555, 0.166161, 0.228137]",3,2.029272,"[7, 8]",2,"When selecting color palettes, color contrast ensures",0.0,30000,160m
pythia-160m-deduped,step30000,focus indicator,generation,gen_001,"In web accessibility, a focus indicator is",0.750528,"[0.454041, 0.523653, 0.750528, 0.635138, 0.185653, 0.232926, 0.04533, 0.391131, 0.056946, 0.078034, 0.081948, 0.321572]",2,1.726396,"[6, 7]",2,"In web accessibility, a focus indicator is",1.0,30000,160m
pythia-160m-deduped,step30000,focus indicator,generation,gen_002,"For keyboard users, a focus indicator",0.748799,"[0.152989, 0.553263, 0.748799, 0.632283, 0.184796, 0.248602, 0.054144, 0.319581, 0.029702, 0.075038, 0.105613, 0.28001]",2,1.79212,"[6, 7]",2,"For keyboard users, a focus indicator",0.3333333333333333,30000,160m
pythia-160m-deduped,step30000,focus indicator,generation,gen_003,"To implement visible focus indicators, developers should",0.726038,"[0.32138, 0.532157, 0.24409, 0.726038, 0.085084, 0.340872, 0.143101, 0.125877, 0.43372, 0.102404, 0.103683, 0.420386]",3,1.84362,"[5, 6]",2,"To implement visible focus indicators, developers should",0.6666666666666666,30000,160m
pythia-160m-deduped,step30000,focus indicator,generation,gen_004,"Without a focus indicator, keyboard-only users may",0.674963,"[0.545305, 0.546969, 0.674963, 0.620661, 0.49267, 0.296101, 0.045366, 0.172846, 0.046534, 0.090116, 0.127695, 0.264]",2,2.12629,"[3, 4]",2,"Without a focus indicator, keyboard-only users may",0.3333333333333333,30000,160m
pythia-160m-deduped,step30000,focus indicator,generation,gen_005,A usability test revealed missing focus indicators. This means,0.341284,"[0.2017, 0.191624, 0.017155, 0.024433, 0.014529, 0.010576, 0.013323, 0.023872, 0.109501, 0.073923, 0.271919, 0.341284]",11,2.319863,"[7, 8]",2,A usability test revealed missing focus indicators. This means,0.3333333333333333,30000,160m
pythia-160m-deduped,step30000,focus indicator,generation,gen_006,"When styling interactive elements, a focus indicator ensures",0.723461,"[0.303583, 0.511184, 0.723461, 0.627034, 0.19802, 0.344894, 0.065721, 0.245172, 0.063509, 0.097264, 0.112773, 0.243316]",2,1.825007,"[7, 8]",2,"When styling interactive elements, a focus indicator ensures",1.0,30000,160m
pythia-160m-deduped,step30000,heading structure,generation,gen_001,"In web accessibility, heading structure is",0.676877,"[0.413321, 0.382146, 0.676877, 0.634129, 0.125027, 0.358092, 0.092076, 0.460028, 0.07016, 0.107912, 0.225471, 0.216745]",2,2.035163,"[5, 6]",2,"In web accessibility, heading structure is",0.0,30000,160m
pythia-160m-deduped,step30000,heading structure,generation,gen_002,"For screen readers, heading structure",0.763606,"[0.407102, 0.353462, 0.651319, 0.613454, 0.201837, 0.142494, 0.105083, 0.399582, 0.06595, 0.179837, 0.321183, 0.763606]",11,1.785372,"[5, 6]",2,"For screen readers, heading structure",0.0,30000,160m
pythia-160m-deduped,step30000,heading structure,generation,gen_003,"To create proper heading structure, content authors should",0.725089,"[0.624909, 0.420931, 0.603871, 0.725089, 0.257593, 0.422035, 0.108681, 0.368103, 0.170528, 0.245799, 0.30282, 0.379941]",3,1.816095,"[4, 5]",2,"To create proper heading structure, content authors should",0.0,30000,160m
pythia-160m-deduped,step30000,heading structure,generation,gen_004,"Without logical heading structure, screen reader users may",0.695175,"[0.539637, 0.427401, 0.586215, 0.695175, 0.161803, 0.261071, 0.06629, 0.391036, 0.126398, 0.118889, 0.129101, 0.129064]",3,1.947713,"[3, 4]",2,"Without logical heading structure, screen reader users may",0.3333333333333333,30000,160m
pythia-160m-deduped,step30000,heading structure,generation,gen_005,An accessibility evaluation found improper heading structure. This means,0.712288,"[0.607287, 0.337231, 0.602792, 0.712288, 0.2765, 0.406391, 0.082111, 0.441665, 0.123239, 0.139177, 0.161667, 0.127285]",3,1.872101,"[6, 7]",2,An accessibility evaluation found improper heading structure. This means,0.3333333333333333,30000,160m
pythia-160m-deduped,step30000,heading structure,generation,gen_006,"When organizing page content, heading structure ensures",0.646151,"[0.406425, 0.294283, 0.616298, 0.646151, 0.109229, 0.444321, 0.128984, 0.510647, 0.056362, 0.345326, 0.247507, 0.439264]",3,1.981746,"[6, 7]",2,"When organizing page content, heading structure ensures",0.0,30000,160m
pythia-160m-deduped,step30000,keyboard navigation,generation,gen_001,"In web accessibility, keyboard navigation is",0.63774,"[0.444093, 0.457382, 0.569905, 0.63774, 0.23683, 0.55471, 0.206298, 0.26371, 0.059816, 0.161379, 0.209746, 0.172268]",3,2.116042,"[5, 6]",2,"In web accessibility, keyboard navigation is",0.0,30000,160m
pythia-160m-deduped,step30000,keyboard navigation,generation,gen_002,"For users with motor disabilities, keyboard navigation",0.681022,"[0.416191, 0.464975, 0.655203, 0.681022, 0.283837, 0.595244, 0.071721, 0.349358, 0.053092, 0.175904, 0.126618, 0.173302]",3,1.9771,"[7, 8]",2,"For users with motor disabilities, keyboard navigation",0.0,30000,160m
pythia-160m-deduped,step30000,keyboard navigation,generation,gen_003,"To support keyboard navigation, developers should",0.672437,"[0.569385, 0.459515, 0.553969, 0.672437, 0.418298, 0.47435, 0.134549, 0.241155, 0.099128, 0.1904, 0.150701, 0.299596]",3,2.071192,"[3, 4]",2,"To support keyboard navigation, developers should",0.0,30000,160m
pythia-160m-deduped,step30000,keyboard navigation,generation,gen_004,"Without keyboard navigation support, motor-impaired users may",0.696505,"[0.550757, 0.53282, 0.503201, 0.696505, 0.536697, 0.380531, 0.200586, 0.233233, 0.063434, 0.114954, 0.157006, 0.110918]",3,1.969605,"[2, 3]",2,"Without keyboard navigation support, motor-impaired users may",0.0,30000,160m
pythia-160m-deduped,step30000,keyboard navigation,generation,gen_005,A manual test revealed keyboard navigation failures. This means,0.705355,"[0.551766, 0.450725, 0.503269, 0.705355, 0.287749, 0.558805, 0.154915, 0.214648, 0.132502, 0.134341, 0.212084, 0.17254]",3,1.91182,"[5, 6]",2,A manual test revealed keyboard navigation failures. This means,0.0,30000,160m
pythia-160m-deduped,step30000,keyboard navigation,generation,gen_006,"When developing interactive features, keyboard navigation ensures",0.653594,"[0.443838, 0.378652, 0.571499, 0.653594, 0.412848, 0.49647, 0.133701, 0.278638, 0.077383, 0.116532, 0.196523, 0.234934]",3,2.043991,"[6, 7]",2,"When developing interactive features, keyboard navigation ensures",0.0,30000,160m
pythia-160m-deduped,step30000,landmark region,generation,gen_001,"In web accessibility, a landmark region is",0.653548,"[0.238764, 0.323907, 0.653548, 0.629883, 0.094861, 0.169444, 0.098701, 0.62228, 0.096304, 0.297684, 0.280799, 0.26878]",2,2.047143,"[6, 7]",2,"In web accessibility, a landmark region is",0.0,30000,160m
pythia-160m-deduped,step30000,landmark region,generation,gen_002,"For screen reader users, landmark regions",0.0,"[0.0, 0.0, 0.0, 0.0, 0.0, 0.0, 0.0, 0.0, 0.0, 0.0, 0.0, 0.0]",0,2.484907,[7],3,"For screen reader users, landmark regions",0.0,30000,160m
pythia-160m-deduped,step30000,landmark region,generation,gen_003,"To implement landmark regions, developers should",0.386011,"[0.13826, 0.128734, 0.184702, 0.386011, 0.208782, 0.115148, 0.093058, 0.081381, 0.138358, 0.058252, 0.231317, 0.258077]",3,2.268627,"[4, 5, 6]",3,"To implement landmark regions, developers should",0.0,30000,160m
pythia-160m-deduped,step30000,landmark region,generation,gen_004,"Without proper landmark regions, assistive technology users may",0.382954,"[0.152967, 0.116103, 0.170521, 0.382954, 0.133806, 0.055606, 0.126359, 0.108818, 0.279154, 0.06039, 0.204016, 0.227413]",3,2.268331,"[4, 5, 6]",3,"Without proper landmark regions, assistive technology users may",0.0,30000,160m
pythia-160m-deduped,step30000,landmark region,generation,gen_005,An HTML validation found missing landmark regions. This means,0.205829,"[0.205829, 0.069333, 0.093374, 0.120656, 0.107245, 0.063511, 0.088294, 0.100833, 0.050751, 0.180145, 0.111518, 0.171875]",0,2.281989,"[7, 8, 9]",3,An HTML validation found missing landmark regions. This means,0.0,30000,160m
pythia-160m-deduped,step30000,landmark region,generation,gen_006,"When structuring page layout, landmark regions ensure",0.701149,"[0.458266, 0.30215, 0.369054, 0.701149, 0.184459, 0.679405, 0.086182, 0.092573, 0.19287, 0.133625, 0.148839, 0.472658]",3,1.839562,"[8, 9]",3,"When structuring page layout, landmark regions ensure",0.0,30000,160m
pythia-160m-deduped,step30000,aria attribute,generation,gen_001,"In web accessibility, an aria attribute is",0.783516,"[0.34639, 0.297808, 0.72259, 0.700699, 0.316435, 0.441818, 0.137461, 0.167861, 0.118039, 0.16925, 0.233923, 0.783516]",11,1.693999,"[6, 7]",2,"In web accessibility, an aria attribute is",0.6666666666666666,30000,160m
pythia-160m-deduped,step30000,aria attribute,generation,gen_002,"For screen reader users, aria attributes",0.0,"[0.0, 0.0, 0.0, 0.0, 0.0, 0.0, 0.0, 0.0, 0.0, 0.0, 0.0, 0.0]",0,2.484907,[7],2,"For screen reader users, aria attributes",0.0,30000,160m
pythia-160m-deduped,step30000,aria attribute,generation,gen_003,"To use aria attributes correctly, developers should",0.681861,"[0.343869, 0.365518, 0.37889, 0.681861, 0.091382, 0.353017, 0.129107, 0.141541, 0.283466, 0.048491, 0.237256, 0.254924]",3,1.987762,"[4, 5]",2,"To use aria attributes correctly, developers should",0.0,30000,160m
pythia-160m-deduped,step30000,aria attribute,generation,gen_004,"Without appropriate aria attributes, custom widgets may",0.722344,"[0.199777, 0.457043, 0.179109, 0.722344, 0.056411, 0.541356, 0.132264, 0.065855, 0.293906, 0.030161, 0.12816, 0.305648]",3,1.834416,"[4, 5]",2,"Without appropriate aria attributes, custom widgets may",0.0,30000,160m
pythia-160m-deduped,step30000,aria attribute,generation,gen_005,An accessibility audit found missing aria attributes. This means,0.340161,"[0.105571, 0.225383, 0.071532, 0.031247, 0.018369, 0.015602, 0.030387, 0.036152, 0.093075, 0.113516, 0.273853, 0.340161]",11,2.385609,"[7, 8]",2,An accessibility audit found missing aria attributes. This means,0.6666666666666666,30000,160m
pythia-160m-deduped,step30000,aria attribute,generation,gen_006,"When creating custom components, aria attributes ensure",0.708106,"[0.269617, 0.150247, 0.319189, 0.677568, 0.114199, 0.708106, 0.179492, 0.226892, 0.078859, 0.219814, 0.112036, 0.397252]",5,1.08169,"[7, 8]",2,"When creating custom components, aria attributes ensure",0.3333333333333333,30000,160m
pythia-160m-deduped,step60000,screen reader,generation,gen_001,"In web accessibility, a screen reader is",0.740821,"[0.310407, 0.740821, 0.678163, 0.695784, 0.235857, 0.154651, 0.206741, 0.376164, 0.0983, 0.175392, 0.099403, 0.078296]",1,1.667948,"[6, 7]",2,"In web accessibility, a screen reader is",1.0,60000,160m
pythia-160m-deduped,step60000,screen reader,generation,gen_002,"For blind users, a screen reader",0.706392,"[0.32278, 0.706392, 0.705174, 0.697861, 0.205597, 0.194403, 0.160674, 0.365156, 0.113903, 0.128992, 0.117284, 0.170507]",1,1.57641,"[6, 7]",2,"For blind users, a screen reader",0.6666666666666666,60000,160m
pythia-160m-deduped,step60000,screen reader,generation,gen_003,"To ensure screen reader compatibility, developers should",0.689867,"[0.348852, 0.689867, 0.588912, 0.681386, 0.284674, 0.329785, 0.148455, 0.447302, 0.086885, 0.144171, 0.255522, 0.423099]",1,1.935004,"[3, 4]",2,"To ensure screen reader compatibility, developers should",0.3333333333333333,60000,160m
pythia-160m-deduped,step60000,screen reader,generation,gen_004,"Without proper screen reader support, visually impaired users may",0.68549,"[0.342862, 0.571239, 0.485159, 0.68549, 0.110532, 0.27124, 0.099056, 0.376411, 0.129262, 0.121372, 0.328996, 0.196722]",3,2.105489,"[3, 4]",2,"Without proper screen reader support, visually impaired users may",1.0,60000,160m
pythia-160m-deduped,step60000,screen reader,generation,gen_005,An accessibility audit found that the site is not screen reader friendly. This means,0.708507,"[0.296269, 0.708507, 0.656537, 0.630956, 0.218147, 0.308939, 0.160601, 0.535347, 0.066272, 0.038441, 0.10617, 0.432846]",1,1.545243,"[10, 11]",2,An accessibility audit found that the site is not screen reader friendly. This means,0.3333333333333333,60000,160m
pythia-160m-deduped,step60000,screen reader,generation,gen_006,"When building accessible sites, screen reader compatibility ensures",0.686283,"[0.344563, 0.686283, 0.622285, 0.622699, 0.167352, 0.210417, 0.125174, 0.459653, 0.081334, 0.142377, 0.107917, 0.109921]",1,1.760588,"[6, 7]",2,"When building accessible sites, screen reader compatibility ensures",0.6666666666666666,60000,160m
pythia-160m-deduped,step60000,skip link,generation,gen_001,"In web accessibility, a skip link is",0.855999,"[0.505755, 0.180478, 0.705956, 0.699615, 0.168507, 0.368807, 0.178154, 0.326979, 0.037916, 0.220795, 0.609562, 0.855999]",11,1.170357,"[6, 7]",2,"In web accessibility, a skip link is",0.6666666666666666,60000,160m
pythia-160m-deduped,step60000,skip link,generation,gen_002,"For keyboard navigation, a skip link",0.7567,"[0.405261, 0.234432, 0.743288, 0.698224, 0.19525, 0.4226, 0.177853, 0.300852, 0.038251, 0.26384, 0.556241, 0.7567]",11,1.438725,"[6, 7]",2,"For keyboard navigation, a skip link",0.3333333333333333,60000,160m
pythia-160m-deduped,step60000,skip link,generation,gen_003,"To implement a skip link, developers should",0.692799,"[0.440051, 0.380254, 0.692799, 0.649461, 0.146347, 0.400229, 0.211536, 0.269653, 0.035709, 0.077631, 0.33245, 0.584972]",2,2.172765,"[4, 5]",2,"To implement a skip link, developers should",1.0,60000,160m
pythia-160m-deduped,step60000,skip link,generation,gen_004,"Without a skip link, keyboard users may",0.730929,"[0.496307, 0.24674, 0.730929, 0.683634, 0.096712, 0.184655, 0.137039, 0.297657, 0.112787, 0.085509, 0.257774, 0.342015]",2,2.084691,"[3, 4]",2,"Without a skip link, keyboard users may",0.6666666666666666,60000,160m
pythia-160m-deduped,step60000,skip link,generation,gen_005,An accessibility review noted the absence of a skip link. This means,0.706398,"[0.500051, 0.22136, 0.706398, 0.690601, 0.144167, 0.437475, 0.121912, 0.255643, 0.04266, 0.172033, 0.654005, 0.636396]",2,2.030657,"[9, 10]",2,An accessibility review noted the absence of a skip link. This means,0.3333333333333333,60000,160m
pythia-160m-deduped,step60000,skip link,generation,gen_006,"When designing accessible navigation, a skip link ensures",0.833824,"[0.396852, 0.251797, 0.722, 0.688865, 0.192155, 0.390593, 0.182537, 0.299517, 0.023607, 0.239483, 0.2141, 0.833824]",11,1.156274,"[7, 8]",2,"When designing accessible navigation, a skip link ensures",0.6666666666666666,60000,160m
pythia-160m-deduped,step60000,alt text,generation,gen_001,"In web accessibility, alt text is",0.657312,"[0.406931, 0.55621, 0.534496, 0.543428, 0.384463, 0.657312, 0.259102, 0.458766, 0.033152, 0.117653, 0.277663, 0.440483]",5,1.154217,"[5, 6]",2,"In web accessibility, alt text is",0.0,60000,160m
pythia-160m-deduped,step60000,alt text,generation,gen_002,"For blind users, alt text",0.588579,"[0.417078, 0.539419, 0.588579, 0.573779, 0.300436, 0.496279, 0.330218, 0.396286, 0.040031, 0.154279, 0.310548, 0.215419]",2,2.230812,"[5, 6]",2,"For blind users, alt text",0.0,60000,160m
pythia-160m-deduped,step60000,alt text,generation,gen_003,"To write effective alt text, content creators should",0.694084,"[0.694084, 0.683167, 0.504684, 0.637474, 0.107019, 0.50051, 0.115518, 0.375319, 0.035159, 0.053205, 0.249512, 0.177525]",0,2.052357,"[4, 5]",2,"To write effective alt text, content creators should",0.3333333333333333,60000,160m
pythia-160m-deduped,step60000,alt text,generation,gen_004,"Without alt text, screen reader users may",0.665777,"[0.665777, 0.570853, 0.485871, 0.592043, 0.159636, 0.292747, 0.114809, 0.449948, 0.074573, 0.070377, 0.25091, 0.0757]",0,2.176876,"[2, 3]",2,"Without alt text, screen reader users may",0.3333333333333333,60000,160m
pythia-160m-deduped,step60000,alt text,generation,gen_005,An accessibility scan found images lacking alt text. This means,0.696595,"[0.662683, 0.696595, 0.422163, 0.582999, 0.318659, 0.451172, 0.098655, 0.40464, 0.020485, 0.151891, 0.21385, 0.304359]",1,1.904144,"[7, 8]",2,An accessibility scan found images lacking alt text. This means,0.6666666666666666,60000,160m
pythia-160m-deduped,step60000,alt text,generation,gen_006,"When publishing web content, alt text ensures",0.655302,"[0.452595, 0.553976, 0.572587, 0.573502, 0.280604, 0.655302, 0.254628, 0.430251, 0.044173, 0.185275, 0.235564, 0.538832]",5,1.194589,"[6, 7]",2,"When publishing web content, alt text ensures",0.3333333333333333,60000,160m
pythia-160m-deduped,step60000,color contrast,generation,gen_001,"In web accessibility, color contrast is",0.777753,"[0.396288, 0.551256, 0.594147, 0.66003, 0.253081, 0.24767, 0.222081, 0.314277, 0.08335, 0.149881, 0.150429, 0.777753]",11,1.502261,"[5, 6]",2,"In web accessibility, color contrast is",0.3333333333333333,60000,160m
pythia-160m-deduped,step60000,color contrast,generation,gen_002,"For users with low vision, color contrast",0.687826,"[0.405664, 0.50644, 0.629057, 0.687826, 0.174669, 0.292275, 0.265662, 0.362239, 0.085059, 0.192868, 0.125776, 0.485427]",3,2.027734,"[7, 8]",2,"For users with low vision, color contrast",0.0,60000,160m
pythia-160m-deduped,step60000,color contrast,generation,gen_003,"To achieve sufficient color contrast, designers should",0.681049,"[0.673815, 0.586577, 0.432496, 0.681049, 0.21227, 0.09562, 0.096128, 0.346245, 0.108813, 0.042001, 0.231841, 0.622495]",3,2.051349,"[4, 5]",2,"To achieve sufficient color contrast, designers should",0.0,60000,160m
pythia-160m-deduped,step60000,color contrast,generation,gen_004,"Without adequate color contrast, users with visual impairments may",0.671452,"[0.661574, 0.593981, 0.521303, 0.671452, 0.239632, 0.104331, 0.103806, 0.267358, 0.117649, 0.076596, 0.462924, 0.573831]",3,2.075578,"[3, 4]",2,"Without adequate color contrast, users with visual impairments may",0.6666666666666666,60000,160m
pythia-160m-deduped,step60000,color contrast,generation,gen_005,An accessibility checker flagged poor color contrast. This means,0.722228,"[0.520017, 0.574409, 0.460207, 0.722228, 0.176934, 0.192403, 0.134103, 0.36639, 0.126078, 0.096826, 0.191177, 0.599451]",3,1.959433,"[8, 9]",2,An accessibility checker flagged poor color contrast. This means,0.0,60000,160m
pythia-160m-deduped,step60000,color contrast,generation,gen_006,"When selecting color palettes, color contrast ensures",0.717483,"[0.401937, 0.483637, 0.641919, 0.717483, 0.237362, 0.447532, 0.33183, 0.494081, 0.0448, 0.083278, 0.126542, 0.376048]",3,1.904367,"[7, 8]",2,"When selecting color palettes, color contrast ensures",0.0,60000,160m
pythia-160m-deduped,step60000,focus indicator,generation,gen_001,"In web accessibility, a focus indicator is",0.743974,"[0.180791, 0.635577, 0.743974, 0.637239, 0.108055, 0.198183, 0.07769, 0.402098, 0.060984, 0.178295, 0.262014, 0.504003]",2,1.746782,"[6, 7]",2,"In web accessibility, a focus indicator is",0.0,60000,160m
pythia-160m-deduped,step60000,focus indicator,generation,gen_002,"For keyboard users, a focus indicator",0.743741,"[0.187187, 0.656992, 0.743741, 0.667077, 0.100581, 0.245483, 0.098267, 0.299923, 0.04312, 0.070247, 0.183666, 0.072158]",2,1.752375,"[6, 7]",2,"For keyboard users, a focus indicator",1.0,60000,160m
pythia-160m-deduped,step60000,focus indicator,generation,gen_003,"To implement visible focus indicators, developers should",0.894714,"[0.327349, 0.642118, 0.431675, 0.718622, 0.083088, 0.219275, 0.138321, 0.155302, 0.440262, 0.160459, 0.176652, 0.894714]",11,0.080895,"[5, 6]",2,"To implement visible focus indicators, developers should",0.0,60000,160m
pythia-160m-deduped,step60000,focus indicator,generation,gen_004,"Without a focus indicator, keyboard-only users may",0.690392,"[0.305079, 0.668113, 0.690392, 0.651197, 0.295981, 0.287482, 0.096824, 0.320272, 0.09303, 0.120771, 0.297787, 0.245711]",2,2.065027,"[3, 4]",2,"Without a focus indicator, keyboard-only users may",0.3333333333333333,60000,160m
pythia-160m-deduped,step60000,focus indicator,generation,gen_005,A usability test revealed missing focus indicators. This means,0.578332,"[0.111286, 0.159042, 0.012389, 0.009592, 0.007205, 0.00965, 0.014902, 0.025168, 0.161438, 0.128896, 0.578332, 0.349431]",10,1.674036,"[7, 8]",2,A usability test revealed missing focus indicators. This means,0.3333333333333333,60000,160m
pythia-160m-deduped,step60000,focus indicator,generation,gen_006,"When styling interactive elements, a focus indicator ensures",0.743013,"[0.166863, 0.611932, 0.743013, 0.648749, 0.162434, 0.365144, 0.16503, 0.335077, 0.031231, 0.150542, 0.613928, 0.152726]",2,1.808517,"[7, 8]",2,"When styling interactive elements, a focus indicator ensures",0.6666666666666666,60000,160m
pythia-160m-deduped,step60000,heading structure,generation,gen_001,"In web accessibility, heading structure is",0.651398,"[0.302359, 0.411994, 0.625543, 0.651398, 0.310732, 0.164341, 0.494666, 0.357479, 0.10621, 0.149124, 0.247626, 0.254745]",3,2.065593,"[5, 6]",2,"In web accessibility, heading structure is",0.0,60000,160m
pythia-160m-deduped,step60000,heading structure,generation,gen_002,"For screen readers, heading structure",0.637169,"[0.29399, 0.435985, 0.630689, 0.637169, 0.208887, 0.161442, 0.26641, 0.344666, 0.053046, 0.144864, 0.296272, 0.395636]",3,2.073837,"[5, 6]",2,"For screen readers, heading structure",0.3333333333333333,60000,160m
pythia-160m-deduped,step60000,heading structure,generation,gen_003,"To create proper heading structure, content authors should",0.816287,"[0.619659, 0.378828, 0.602421, 0.735532, 0.174783, 0.338962, 0.195624, 0.398204, 0.085213, 0.125391, 0.304498, 0.816287]",11,1.286549,"[4, 5]",2,"To create proper heading structure, content authors should",0.3333333333333333,60000,160m
pythia-160m-deduped,step60000,heading structure,generation,gen_004,"Without logical heading structure, screen reader users may",0.686292,"[0.503389, 0.417522, 0.540348, 0.686292, 0.146944, 0.159297, 0.142835, 0.4432, 0.094875, 0.05451, 0.270823, 0.22591]",3,2.05439,"[3, 4]",2,"Without logical heading structure, screen reader users may",0.3333333333333333,60000,160m
pythia-160m-deduped,step60000,heading structure,generation,gen_005,An accessibility evaluation found improper heading structure. This means,0.833713,"[0.590276, 0.470511, 0.539626, 0.719141, 0.148377, 0.431107, 0.124944, 0.416682, 0.123409, 0.118841, 0.234484, 0.833713]",11,1.160895,"[6, 7]",2,An accessibility evaluation found improper heading structure. This means,0.0,60000,160m
pythia-160m-deduped,step60000,heading structure,generation,gen_006,"When organizing page content, heading structure ensures",0.674957,"[0.377373, 0.401683, 0.601325, 0.674957, 0.109059, 0.497034, 0.269, 0.351462, 0.074535, 0.13956, 0.293799, 0.102763]",3,1.937909,"[6, 7]",2,"When organizing page content, heading structure ensures",0.0,60000,160m
pythia-160m-deduped,step60000,keyboard navigation,generation,gen_001,"In web accessibility, keyboard navigation is",0.641008,"[0.459322, 0.529477, 0.639005, 0.641008, 0.20676, 0.459768, 0.190738, 0.373838, 0.084411, 0.101932, 0.365713, 0.180211]",3,2.144622,"[5, 6]",2,"In web accessibility, keyboard navigation is",0.0,60000,160m
pythia-160m-deduped,step60000,keyboard navigation,generation,gen_002,"For users with motor disabilities, keyboard navigation",0.678672,"[0.382361, 0.419094, 0.678672, 0.661812, 0.187723, 0.464368, 0.134559, 0.251026, 0.113387, 0.085501, 0.298332, 0.161026]",2,2.176569,"[7, 8]",2,"For users with motor disabilities, keyboard navigation",0.0,60000,160m
pythia-160m-deduped,step60000,keyboard navigation,generation,gen_003,"To support keyboard navigation, developers should",0.70854,"[0.34876, 0.59929, 0.61485, 0.70854, 0.255546, 0.509603, 0.21831, 0.288808, 0.134008, 0.06961, 0.150711, 0.156728]",3,1.976276,"[3, 4]",2,"To support keyboard navigation, developers should",0.0,60000,160m
pythia-160m-deduped,step60000,keyboard navigation,generation,gen_004,"Without keyboard navigation support, motor-impaired users may",0.72737,"[0.531363, 0.4611, 0.595763, 0.72737, 0.326509, 0.351412, 0.095172, 0.326404, 0.146795, 0.125293, 0.328453, 0.363616]",3,1.966873,"[2, 3]",2,"Without keyboard navigation support, motor-impaired users may",0.0,60000,160m
pythia-160m-deduped,step60000,keyboard navigation,generation,gen_005,A manual test revealed keyboard navigation failures. This means,0.691673,"[0.456983, 0.532815, 0.520969, 0.691673, 0.304911, 0.434008, 0.108915, 0.309464, 0.155386, 0.102402, 0.214329, 0.341907]",3,2.032093,"[5, 6]",2,A manual test revealed keyboard navigation failures. This means,0.0,60000,160m
pythia-160m-deduped,step60000,keyboard navigation,generation,gen_006,"When developing interactive features, keyboard navigation ensures",0.683733,"[0.386803, 0.381005, 0.653983, 0.683733, 0.250401, 0.414848, 0.144838, 0.294181, 0.171212, 0.077204, 0.306824, 0.234795]",3,2.043926,"[6, 7]",2,"When developing interactive features, keyboard navigation ensures",0.0,60000,160m
pythia-160m-deduped,step60000,landmark region,generation,gen_001,"In web accessibility, a landmark region is",0.689016,"[0.410231, 0.245653, 0.689016, 0.653981, 0.191982, 0.123166, 0.154013, 0.4942, 0.081893, 0.370572, 0.499793, 0.602807]",2,1.935968,"[6, 7]",2,"In web accessibility, a landmark region is",0.0,60000,160m
pythia-160m-deduped,step60000,landmark region,generation,gen_002,"For screen reader users, landmark regions",0.0,"[0.0, 0.0, 0.0, 0.0, 0.0, 0.0, 0.0, 0.0, 0.0, 0.0, 0.0, 0.0]",0,2.484907,[7],3,"For screen reader users, landmark regions",0.0,60000,160m
pythia-160m-deduped,step60000,landmark region,generation,gen_003,"To implement landmark regions, developers should",0.424169,"[0.115148, 0.087591, 0.161857, 0.388383, 0.222804, 0.10299, 0.107051, 0.080581, 0.213429, 0.083281, 0.220315, 0.424169]",11,1.366502,"[4, 5, 6]",3,"To implement landmark regions, developers should",0.0,60000,160m
pythia-160m-deduped,step60000,landmark region,generation,gen_004,"Without proper landmark regions, assistive technology users may",0.402149,"[0.153526, 0.09381, 0.162656, 0.367165, 0.131747, 0.077789, 0.180222, 0.140374, 0.341548, 0.11563, 0.267087, 0.402149]",11,1.761452,"[4, 5, 6]",3,"Without proper landmark regions, assistive technology users may",0.0,60000,160m
pythia-160m-deduped,step60000,landmark region,generation,gen_005,An HTML validation found missing landmark regions. This means,0.177699,"[0.169421, 0.061382, 0.102703, 0.116565, 0.100151, 0.05475, 0.081153, 0.102784, 0.062774, 0.129045, 0.161301, 0.177699]",11,2.459258,"[7, 8, 9]",3,An HTML validation found missing landmark regions. This means,0.0,60000,160m
pythia-160m-deduped,step60000,landmark region,generation,gen_006,"When structuring page layout, landmark regions ensure",0.682748,"[0.498823, 0.144007, 0.415243, 0.682748, 0.176659, 0.513344, 0.07364, 0.208246, 0.148212, 0.073175, 0.097187, 0.299713]",3,1.961688,"[8, 9]",3,"When structuring page layout, landmark regions ensure",0.0,60000,160m
pythia-160m-deduped,step60000,aria attribute,generation,gen_001,"In web accessibility, an aria attribute is",0.765198,"[0.395524, 0.345461, 0.691523, 0.671151, 0.299749, 0.301302, 0.229893, 0.298449, 0.224143, 0.209172, 0.309944, 0.765198]",11,1.60047,"[6, 7]",2,"In web accessibility, an aria attribute is",0.0,60000,160m
pythia-160m-deduped,step60000,aria attribute,generation,gen_002,"For screen reader users, aria attributes",0.0,"[0.0, 0.0, 0.0, 0.0, 0.0, 0.0, 0.0, 0.0, 0.0, 0.0, 0.0, 0.0]",0,2.484907,[7],2,"For screen reader users, aria attributes",0.0,60000,160m
pythia-160m-deduped,step60000,aria attribute,generation,gen_003,"To use aria attributes correctly, developers should",0.706121,"[0.346421, 0.556711, 0.39108, 0.706121, 0.127249, 0.235687, 0.234409, 0.177282, 0.373706, 0.068526, 0.420687, 0.513713]",3,1.958876,"[4, 5]",2,"To use aria attributes correctly, developers should",1.0,60000,160m
pythia-160m-deduped,step60000,aria attribute,generation,gen_004,"Without appropriate aria attributes, custom widgets may",0.812277,"[0.301239, 0.391508, 0.156586, 0.687139, 0.10013, 0.31138, 0.401155, 0.240217, 0.561478, 0.074379, 0.189518, 0.812277]",11,0.042247,"[4, 5]",2,"Without appropriate aria attributes, custom widgets may",0.0,60000,160m
pythia-160m-deduped,step60000,aria attribute,generation,gen_005,An accessibility audit found missing aria attributes. This means,0.510667,"[0.123588, 0.089007, 0.041548, 0.012626, 0.011037, 0.011945, 0.031849, 0.025469, 0.162652, 0.11021, 0.510667, 0.322562]",10,1.625597,"[7, 8]",2,An accessibility audit found missing aria attributes. This means,0.0,60000,160m
pythia-160m-deduped,step60000,aria attribute,generation,gen_006,"When creating custom components, aria attributes ensure",0.67597,"[0.408496, 0.344537, 0.256945, 0.67597, 0.191306, 0.553137, 0.166099, 0.143613, 0.122836, 0.171997, 0.093873, 0.654513]",3,1.949283,"[7, 8]",2,"When creating custom components, aria attributes ensure",0.0,60000,160m
pythia-160m-deduped,step90000,screen reader,generation,gen_001,"In web accessibility, a screen reader is",0.731862,"[0.365243, 0.573279, 0.731862, 0.715969, 0.152232, 0.168675, 0.136063, 0.315679, 0.112632, 0.156234, 0.153928, 0.551535]",2,2.001104,"[6, 7]",2,"In web accessibility, a screen reader is",1.0,90000,160m
pythia-160m-deduped,step90000,screen reader,generation,gen_002,"For blind users, a screen reader",0.906441,"[0.385095, 0.63199, 0.717079, 0.707309, 0.141464, 0.175822, 0.127758, 0.297217, 0.141356, 0.125104, 0.155723, 0.906441]",11,0.373953,"[6, 7]",2,"For blind users, a screen reader",1.0,90000,160m
pythia-160m-deduped,step90000,screen reader,generation,gen_003,"To ensure screen reader compatibility, developers should",0.776862,"[0.30305, 0.646012, 0.566027, 0.683917, 0.28151, 0.472147, 0.142997, 0.326119, 0.041788, 0.107114, 0.17487, 0.776862]",11,1.580893,"[3, 4]",2,"To ensure screen reader compatibility, developers should",0.3333333333333333,90000,160m
pythia-160m-deduped,step90000,screen reader,generation,gen_004,"Without proper screen reader support, visually impaired users may",0.825423,"[0.256489, 0.523707, 0.471713, 0.681865, 0.082797, 0.312444, 0.121722, 0.356677, 0.030682, 0.115488, 0.045531, 0.825423]",11,1.142146,"[3, 4]",2,"Without proper screen reader support, visually impaired users may",1.0,90000,160m
pythia-160m-deduped,step90000,screen reader,generation,gen_005,An accessibility audit found that the site is not screen reader friendly. This means,0.844242,"[0.365156, 0.653587, 0.725172, 0.668581, 0.362186, 0.142468, 0.157185, 0.393309, 0.11065, 0.06513, 0.193627, 0.844242]",11,0.940367,"[10, 11]",2,An accessibility audit found that the site is not screen reader friendly. This means,0.3333333333333333,90000,160m
pythia-160m-deduped,step90000,screen reader,generation,gen_006,"When building accessible sites, screen reader compatibility ensures",0.756579,"[0.348845, 0.611898, 0.640133, 0.662281, 0.089788, 0.206416, 0.103758, 0.376638, 0.148545, 0.102794, 0.126107, 0.756579]",11,0.245612,"[6, 7]",2,"When building accessible sites, screen reader compatibility ensures",0.3333333333333333,90000,160m
pythia-160m-deduped,step90000,skip link,generation,gen_001,"In web accessibility, a skip link is",0.874747,"[0.510716, 0.4239, 0.637652, 0.684178, 0.104521, 0.323378, 0.284306, 0.283687, 0.04572, 0.308441, 0.397659, 0.874747]",11,0.654661,"[6, 7]",2,"In web accessibility, a skip link is",0.6666666666666666,90000,160m
pythia-160m-deduped,step90000,skip link,generation,gen_002,"For keyboard navigation, a skip link",0.859424,"[0.471511, 0.363049, 0.672924, 0.673892, 0.139436, 0.328665, 0.303332, 0.326465, 0.033494, 0.301907, 0.212656, 0.859424]",11,0.731532,"[6, 7]",2,"For keyboard navigation, a skip link",0.3333333333333333,90000,160m
pythia-160m-deduped,step90000,skip link,generation,gen_003,"To implement a skip link, developers should",0.691476,"[0.411605, 0.541672, 0.609451, 0.637677, 0.133292, 0.36978, 0.332707, 0.323236, 0.043478, 0.155749, 0.380874, 0.691476]",11,1.474664,"[4, 5]",2,"To implement a skip link, developers should",0.6666666666666666,90000,160m
pythia-160m-deduped,step90000,skip link,generation,gen_004,"Without a skip link, keyboard users may",0.751263,"[0.515515, 0.309601, 0.645234, 0.651864, 0.159971, 0.18779, 0.152768, 0.288161, 0.077538, 0.126751, 0.410032, 0.751263]",11,1.448486,"[3, 4]",2,"Without a skip link, keyboard users may",0.6666666666666666,90000,160m
pythia-160m-deduped,step90000,skip link,generation,gen_005,An accessibility review noted the absence of a skip link. This means,0.76475,"[0.510593, 0.414161, 0.652944, 0.669179, 0.098612, 0.353851, 0.18349, 0.245943, 0.041539, 0.216779, 0.491306, 0.76475]",11,1.229631,"[9, 10]",2,An accessibility review noted the absence of a skip link. This means,0.0,90000,160m
pythia-160m-deduped,step90000,skip link,generation,gen_006,"When designing accessible navigation, a skip link ensures",0.8833,"[0.473891, 0.37503, 0.637913, 0.671141, 0.132192, 0.328098, 0.282426, 0.302424, 0.039637, 0.237888, 0.142468, 0.8833]",11,0.716954,"[7, 8]",2,"When designing accessible navigation, a skip link ensures",0.3333333333333333,90000,160m
pythia-160m-deduped,step90000,alt text,generation,gen_001,"In web accessibility, alt text is",0.636716,"[0.359387, 0.625405, 0.636716, 0.575277, 0.375842, 0.617546, 0.365398, 0.362443, 0.041116, 0.14066, 0.404531, 0.590806]",2,2.175667,"[5, 6]",2,"In web accessibility, alt text is",0.0,90000,160m
pythia-160m-deduped,step90000,alt text,generation,gen_002,"For blind users, alt text",0.609473,"[0.305627, 0.603714, 0.609473, 0.591054, 0.375921, 0.506591, 0.318991, 0.292066, 0.01855, 0.166852, 0.396937, 0.409564]",2,2.214119,"[5, 6]",2,"For blind users, alt text",0.0,90000,160m
pythia-160m-deduped,step90000,alt text,generation,gen_003,"To write effective alt text, content creators should",0.666992,"[0.551184, 0.666992, 0.533571, 0.625729, 0.105811, 0.388167, 0.122159, 0.33402, 0.063643, 0.101649, 0.06257, 0.016989]",1,2.032441,"[4, 5]",2,"To write effective alt text, content creators should",0.3333333333333333,90000,160m
pythia-160m-deduped,step90000,alt text,generation,gen_004,"Without alt text, screen reader users may",0.570076,"[0.56218, 0.566532, 0.495797, 0.570076, 0.197762, 0.468346, 0.153035, 0.391065, 0.024134, 0.037985, 0.291111, 0.004607]",3,2.149671,"[2, 3]",2,"Without alt text, screen reader users may",0.3333333333333333,90000,160m
pythia-160m-deduped,step90000,alt text,generation,gen_005,An accessibility scan found images lacking alt text. This means,0.660942,"[0.523702, 0.660942, 0.556103, 0.605015, 0.250266, 0.430599, 0.158364, 0.364685, 0.044153, 0.118948, 0.238453, 0.132588]",1,2.005323,"[7, 8]",2,An accessibility scan found images lacking alt text. This means,0.3333333333333333,90000,160m
pythia-160m-deduped,step90000,alt text,generation,gen_006,"When publishing web content, alt text ensures",0.850239,"[0.380056, 0.547153, 0.615481, 0.593055, 0.330715, 0.588081, 0.298245, 0.410296, 0.047908, 0.16208, 0.226637, 0.850239]",11,0.714644,"[6, 7]",2,"When publishing web content, alt text ensures",0.3333333333333333,90000,160m
pythia-160m-deduped,step90000,color contrast,generation,gen_001,"In web accessibility, color contrast is",0.743531,"[0.305236, 0.474803, 0.569279, 0.668693, 0.247644, 0.42753, 0.180419, 0.347937, 0.081023, 0.15205, 0.429958, 0.743531]",11,0.864667,"[5, 6]",2,"In web accessibility, color contrast is",0.3333333333333333,90000,160m
pythia-160m-deduped,step90000,color contrast,generation,gen_002,"For users with low vision, color contrast",0.706811,"[0.309526, 0.448336, 0.64609, 0.699893, 0.223441, 0.273605, 0.137971, 0.343822, 0.141773, 0.176614, 0.387646, 0.706811]",11,0.029451,"[7, 8]",2,"For users with low vision, color contrast",0.0,90000,160m
pythia-160m-deduped,step90000,color contrast,generation,gen_003,"To achieve sufficient color contrast, designers should",0.799099,"[0.621151, 0.570308, 0.323171, 0.686128, 0.209156, 0.159649, 0.101707, 0.359077, 0.082117, 0.07849, 0.399199, 0.799099]",11,0.35362,"[4, 5]",2,"To achieve sufficient color contrast, designers should",1.0,90000,160m
pythia-160m-deduped,step90000,color contrast,generation,gen_004,"Without adequate color contrast, users with visual impairments may",0.671398,"[0.599257, 0.569453, 0.475798, 0.671398, 0.234308, 0.152857, 0.105219, 0.27505, 0.067702, 0.080531, 0.416372, 0.22748]",3,2.089296,"[3, 4]",2,"Without adequate color contrast, users with visual impairments may",1.0,90000,160m
pythia-160m-deduped,step90000,color contrast,generation,gen_005,An accessibility checker flagged poor color contrast. This means,0.699669,"[0.334897, 0.485697, 0.475928, 0.699669, 0.287634, 0.286289, 0.137946, 0.328147, 0.049153, 0.104013, 0.249343, 0.454294]",3,1.984926,"[8, 9]",2,An accessibility checker flagged poor color contrast. This means,0.0,90000,160m
pythia-160m-deduped,step90000,color contrast,generation,gen_006,"When selecting color palettes, color contrast ensures",0.713158,"[0.321102, 0.396865, 0.605833, 0.713158, 0.144565, 0.548173, 0.100723, 0.385466, 0.038599, 0.103527, 0.280965, 0.682032]",3,1.882218,"[7, 8]",2,"When selecting color palettes, color contrast ensures",0.0,90000,160m
pythia-160m-deduped,step90000,focus indicator,generation,gen_001,"In web accessibility, a focus indicator is",0.71808,"[0.309212, 0.557168, 0.71808, 0.669777, 0.099871, 0.26876, 0.108362, 0.391283, 0.049289, 0.099527, 0.20327, 0.282621]",2,1.748496,"[6, 7]",2,"In web accessibility, a focus indicator is",0.6666666666666666,90000,160m
pythia-160m-deduped,step90000,focus indicator,generation,gen_002,"For keyboard users, a focus indicator",0.715148,"[0.335542, 0.601278, 0.715148, 0.686441, 0.106018, 0.296103, 0.21729, 0.276338, 0.070252, 0.07653, 0.204743, 0.002809]",2,1.882401,"[6, 7]",2,"For keyboard users, a focus indicator",0.6666666666666666,90000,160m
pythia-160m-deduped,step90000,focus indicator,generation,gen_003,"To implement visible focus indicators, developers should",0.913879,"[0.322225, 0.525183, 0.329466, 0.706567, 0.066999, 0.216538, 0.056673, 0.129972, 0.68563, 0.184068, 0.057162, 0.913879]",11,3e-05,"[5, 6]",2,"To implement visible focus indicators, developers should",0.3333333333333333,90000,160m
pythia-160m-deduped,step90000,focus indicator,generation,gen_004,"Without a focus indicator, keyboard-only users may",0.691444,"[0.450356, 0.667465, 0.691444, 0.671281, 0.277381, 0.295588, 0.147726, 0.300773, 0.051873, 0.124178, 0.123434, 0.072017]",2,1.958121,"[3, 4]",2,"Without a focus indicator, keyboard-only users may",0.3333333333333333,90000,160m
pythia-160m-deduped,step90000,focus indicator,generation,gen_005,A usability test revealed missing focus indicators. This means,0.763682,"[0.087461, 0.082755, 0.016497, 0.010951, 0.012036, 0.013839, 0.015389, 0.021573, 0.20732, 0.206827, 0.763682, 0.401808]",10,1.297715,"[7, 8]",2,A usability test revealed missing focus indicators. This means,0.3333333333333333,90000,160m
pythia-160m-deduped,step90000,focus indicator,generation,gen_006,"When styling interactive elements, a focus indicator ensures",0.710804,"[0.32483, 0.555724, 0.710804, 0.692846, 0.141826, 0.395738, 0.209626, 0.316504, 0.03611, 0.159041, 0.241401, 0.293465]",2,1.853299,"[7, 8]",2,"When styling interactive elements, a focus indicator ensures",0.6666666666666666,90000,160m
pythia-160m-deduped,step90000,heading structure,generation,gen_001,"In web accessibility, heading structure is",0.640043,"[0.359567, 0.405741, 0.572019, 0.640043, 0.189779, 0.463538, 0.218722, 0.481543, 0.045747, 0.106203, 0.319019, 0.28997]",3,2.074466,"[5, 6]",2,"In web accessibility, heading structure is",0.3333333333333333,90000,160m
pythia-160m-deduped,step90000,heading structure,generation,gen_002,"For screen readers, heading structure",0.615648,"[0.346483, 0.460344, 0.572799, 0.615648, 0.134673, 0.368097, 0.114416, 0.426568, 0.071474, 0.160486, 0.406951, 0.106176]",3,2.099615,"[5, 6]",2,"For screen readers, heading structure",0.0,90000,160m
pythia-160m-deduped,step90000,heading structure,generation,gen_003,"To create proper heading structure, content authors should",0.826104,"[0.626699, 0.417487, 0.616211, 0.71141, 0.185772, 0.416871, 0.229899, 0.371386, 0.066558, 0.172093, 0.47273, 0.826104]",11,0.900999,"[4, 5]",2,"To create proper heading structure, content authors should",0.3333333333333333,90000,160m
pythia-160m-deduped,step90000,heading structure,generation,gen_004,"Without logical heading structure, screen reader users may",0.675783,"[0.583646, 0.414892, 0.541979, 0.675783, 0.126388, 0.178675, 0.206896, 0.420128, 0.05453, 0.086762, 0.17087, 0.331876]",3,2.070049,"[3, 4]",2,"Without logical heading structure, screen reader users may",0.0,90000,160m
pythia-160m-deduped,step90000,heading structure,generation,gen_005,An accessibility evaluation found improper heading structure. This means,0.861913,"[0.633192, 0.47663, 0.510523, 0.713951, 0.198566, 0.37877, 0.171286, 0.390273, 0.111829, 0.15533, 0.102246, 0.861913]",11,0.626915,"[6, 7]",2,An accessibility evaluation found improper heading structure. This means,0.3333333333333333,90000,160m
pythia-160m-deduped,step90000,heading structure,generation,gen_006,"When organizing page content, heading structure ensures",0.856282,"[0.395587, 0.387385, 0.552558, 0.662852, 0.079622, 0.546993, 0.350415, 0.423312, 0.058619, 0.112158, 0.437458, 0.856282]",11,0.689144,"[6, 7]",2,"When organizing page content, heading structure ensures",0.0,90000,160m
pythia-160m-deduped,step90000,keyboard navigation,generation,gen_001,"In web accessibility, keyboard navigation is",0.782065,"[0.404327, 0.424061, 0.646098, 0.676199, 0.158926, 0.527567, 0.17229, 0.194055, 0.085858, 0.093357, 0.303378, 0.782065]",11,1.271708,"[5, 6]",2,"In web accessibility, keyboard navigation is",0.0,90000,160m
pythia-160m-deduped,step90000,keyboard navigation,generation,gen_002,"For users with motor disabilities, keyboard navigation",0.811724,"[0.31513, 0.254821, 0.651387, 0.650805, 0.142394, 0.394808, 0.134065, 0.188046, 0.086315, 0.302973, 0.349037, 0.811724]",11,1.080389,"[7, 8]",2,"For users with motor disabilities, keyboard navigation",0.0,90000,160m
pythia-160m-deduped,step90000,keyboard navigation,generation,gen_003,"To support keyboard navigation, developers should",0.884036,"[0.209042, 0.553963, 0.604975, 0.684881, 0.153073, 0.557088, 0.143578, 0.217315, 0.056574, 0.569802, 0.144278, 0.884036]",11,0.586704,"[3, 4]",2,"To support keyboard navigation, developers should",0.0,90000,160m
pythia-160m-deduped,step90000,keyboard navigation,generation,gen_004,"Without keyboard navigation support, motor-impaired users may",0.710897,"[0.536621, 0.441628, 0.608805, 0.710897, 0.301772, 0.295136, 0.092876, 0.2507, 0.200043, 0.49048, 0.558997, 0.564176]",3,1.99207,"[2, 3]",2,"Without keyboard navigation support, motor-impaired users may",0.0,90000,160m
pythia-160m-deduped,step90000,keyboard navigation,generation,gen_005,A manual test revealed keyboard navigation failures. This means,0.748957,"[0.334913, 0.513336, 0.574979, 0.693067, 0.235291, 0.564946, 0.088527, 0.216776, 0.084259, 0.118238, 0.23425, 0.748957]",11,1.228331,"[5, 6]",2,A manual test revealed keyboard navigation failures. This means,0.0,90000,160m
pythia-160m-deduped,step90000,keyboard navigation,generation,gen_006,"When developing interactive features, keyboard navigation ensures",0.758719,"[0.409208, 0.267006, 0.65518, 0.704317, 0.118414, 0.434146, 0.171151, 0.186118, 0.054057, 0.441765, 0.27011, 0.758719]",11,1.343032,"[6, 7]",2,"When developing interactive features, keyboard navigation ensures",0.0,90000,160m
pythia-160m-deduped,step90000,landmark region,generation,gen_001,"In web accessibility, a landmark region is",0.746971,"[0.277578, 0.150837, 0.675305, 0.657602, 0.144168, 0.346948, 0.276015, 0.26439, 0.066198, 0.145374, 0.653645, 0.746971]",11,1.120168,"[6, 7]",2,"In web accessibility, a landmark region is",0.0,90000,160m
pythia-160m-deduped,step90000,landmark region,generation,gen_002,"For screen reader users, landmark regions",0.0,"[0.0, 0.0, 0.0, 0.0, 0.0, 0.0, 0.0, 0.0, 0.0, 0.0, 0.0, 0.0]",0,2.484907,[7],3,"For screen reader users, landmark regions",0.0,90000,160m
pythia-160m-deduped,step90000,landmark region,generation,gen_003,"To implement landmark regions, developers should",0.554031,"[0.117847, 0.088702, 0.180219, 0.396087, 0.229015, 0.095149, 0.116659, 0.114131, 0.242859, 0.110831, 0.251767, 0.554031]",11,1.05716,"[4, 5, 6]",3,"To implement landmark regions, developers should",0.0,90000,160m
pythia-160m-deduped,step90000,landmark region,generation,gen_004,"Without proper landmark regions, assistive technology users may",0.565953,"[0.133886, 0.10208, 0.174089, 0.363993, 0.122114, 0.061073, 0.210164, 0.135262, 0.477819, 0.060023, 0.239992, 0.565953]",11,1.026472,"[4, 5, 6]",3,"Without proper landmark regions, assistive technology users may",0.0,90000,160m
pythia-160m-deduped,step90000,landmark region,generation,gen_005,An HTML validation found missing landmark regions. This means,0.248004,"[0.172046, 0.061116, 0.090242, 0.11345, 0.101241, 0.075533, 0.090642, 0.108212, 0.220521, 0.164335, 0.248004, 0.213469]",10,2.287556,"[7, 8, 9]",3,An HTML validation found missing landmark regions. This means,0.0,90000,160m
pythia-160m-deduped,step90000,landmark region,generation,gen_006,"When structuring page layout, landmark regions ensure",0.645302,"[0.558554, 0.209011, 0.496447, 0.644123, 0.112065, 0.645302, 0.057754, 0.156722, 0.199966, 0.080553, 0.064785, 0.512126]",5,0.991456,"[8, 9]",3,"When structuring page layout, landmark regions ensure",0.0,90000,160m
pythia-160m-deduped,step90000,aria attribute,generation,gen_001,"In web accessibility, an aria attribute is",0.832664,"[0.465815, 0.305678, 0.699289, 0.706751, 0.238054, 0.456044, 0.234865, 0.270138, 0.142848, 0.325901, 0.143291, 0.832664]",11,0.731283,"[6, 7]",2,"In web accessibility, an aria attribute is",0.6666666666666666,90000,160m
pythia-160m-deduped,step90000,aria attribute,generation,gen_002,"For screen reader users, aria attributes",0.0,"[0.0, 0.0, 0.0, 0.0, 0.0, 0.0, 0.0, 0.0, 0.0, 0.0, 0.0, 0.0]",0,2.484907,[7],2,"For screen reader users, aria attributes",0.0,90000,160m
pythia-160m-deduped,step90000,aria attribute,generation,gen_003,"To use aria attributes correctly, developers should",0.834994,"[0.312732, 0.556124, 0.388127, 0.728344, 0.147709, 0.317924, 0.196927, 0.187177, 0.462143, 0.12459, 0.834994, 0.723514]",10,1.190196,"[4, 5]",2,"To use aria attributes correctly, developers should",0.3333333333333333,90000,160m
pythia-160m-deduped,step90000,aria attribute,generation,gen_004,"Without appropriate aria attributes, custom widgets may",0.912217,"[0.231837, 0.300275, 0.184273, 0.667544, 0.06584, 0.2414, 0.304383, 0.188312, 0.809613, 0.028513, 0.107465, 0.912217]",11,3.2e-05,"[4, 5]",2,"Without appropriate aria attributes, custom widgets may",0.0,90000,160m
pythia-160m-deduped,step90000,aria attribute,generation,gen_005,An accessibility audit found missing aria attributes. This means,0.715179,"[0.110756, 0.057411, 0.043189, 0.011138, 0.00392, 0.011835, 0.018338, 0.013534, 0.366429, 0.144256, 0.715179, 0.306159]",10,1.28458,"[7, 8]",2,An accessibility audit found missing aria attributes. This means,0.0,90000,160m
pythia-160m-deduped,step90000,aria attribute,generation,gen_006,"When creating custom components, aria attributes ensure",0.672338,"[0.391689, 0.25774, 0.383542, 0.672338, 0.161447, 0.654494, 0.120642, 0.113669, 0.189716, 0.136382, 0.119529, 0.010572]",3,1.870681,"[7, 8]",2,"When creating custom components, aria attributes ensure",0.3333333333333333,90000,160m
pythia-1b-deduped,step0,screen reader,generation,gen_001,"In web accessibility, a screen reader is",0.12899,"[0.042946, 0.055549, 0.075299, 0.053139, 0.076914, 0.12899, 0.064961, 0.066233, 0.062323, 0.067242, 0.036465, 0.044601, 0.02128, 0.029556, 0.050662, 0.061799]",5,2.019813,"[6, 7]",2,"In web accessibility, a screen reader is",0.0,0,1b
pythia-1b-deduped,step0,screen reader,generation,gen_002,"For blind users, a screen reader",0.097579,"[0.042358, 0.086343, 0.093049, 0.051076, 0.045361, 0.086854, 0.067564, 0.041484, 0.057533, 0.062338, 0.0536, 0.051267, 0.038715, 0.097579, 0.068127, 0.08798]",13,2.036423,"[6, 7]",2,"For blind users, a screen reader",0.0,0,1b
pythia-1b-deduped,step0,screen reader,generation,gen_003,"To ensure screen reader compatibility, developers should",0.128325,"[0.109563, 0.052684, 0.106353, 0.065586, 0.125607, 0.128325, 0.080487, 0.079944, 0.045138, 0.03741, 0.075266, 0.043578, 0.075372, 0.079501, 0.047718, 0.103053]",5,2.043961,"[3, 4]",2,"To ensure screen reader compatibility, developers should",0.0,0,1b
pythia-1b-deduped,step0,screen reader,generation,gen_004,"Without proper screen reader support, visually impaired users may",0.138784,"[0.08661, 0.069214, 0.120498, 0.066619, 0.123255, 0.138784, 0.054253, 0.07769, 0.049204, 0.080441, 0.104185, 0.063512, 0.040245, 0.050423, 0.055109, 0.093361]",5,2.036633,"[3, 4]",2,"Without proper screen reader support, visually impaired users may",0.0,0,1b
pythia-1b-deduped,step0,screen reader,generation,gen_005,An accessibility audit found that the site is not screen reader friendly. This means,0.093469,"[0.031378, 0.037943, 0.054741, 0.052986, 0.093469, 0.052931, 0.017801, 0.044, 0.044365, 0.043986, 0.035631, 0.056993, 0.028794, 0.021474, 0.037122, 0.037803]",4,1.983684,"[10, 11]",2,An accessibility audit found that the site is not screen reader friendly. This means,0.0,0,1b
pythia-1b-deduped,step0,screen reader,generation,gen_006,"When building accessible sites, screen reader compatibility ensures",0.098756,"[0.061168, 0.049466, 0.095055, 0.068473, 0.056845, 0.098756, 0.047004, 0.037496, 0.029898, 0.058135, 0.045039, 0.035522, 0.019627, 0.018957, 0.06651, 0.029088]",5,2.025929,"[6, 7]",2,"When building accessible sites, screen reader compatibility ensures",0.0,0,1b
pythia-1b-deduped,step0,skip link,generation,gen_001,"In web accessibility, a skip link is",0.115728,"[0.067647, 0.06453, 0.115728, 0.057198, 0.03771, 0.074034, 0.03239, 0.057682, 0.09361, 0.062033, 0.074816, 0.038676, 0.04729, 0.074398, 0.056488, 0.05309]",2,2.015233,"[6, 7]",2,"In web accessibility, a skip link is",0.0,0,1b
pythia-1b-deduped,step0,skip link,generation,gen_002,"For keyboard navigation, a skip link",0.089449,"[0.074973, 0.054102, 0.07152, 0.080407, 0.047731, 0.045011, 0.014041, 0.058813, 0.089449, 0.068898, 0.060725, 0.062703, 0.037447, 0.046061, 0.036153, 0.026856]",8,2.027792,"[6, 7]",2,"For keyboard navigation, a skip link",0.0,0,1b
pythia-1b-deduped,step0,skip link,generation,gen_003,"To implement a skip link, developers should",0.129284,"[0.058216, 0.063067, 0.124672, 0.129284, 0.049488, 0.067917, 0.074139, 0.021926, 0.074457, 0.084782, 0.043482, 0.064505, 0.04599, 0.125002, 0.033107, 0.044541]",3,2.0125,"[4, 5]",2,"To implement a skip link, developers should",0.0,0,1b
pythia-1b-deduped,step0,skip link,generation,gen_004,"Without a skip link, keyboard users may",0.110039,"[0.100521, 0.095621, 0.098324, 0.098855, 0.068827, 0.07442, 0.110039, 0.050064, 0.076106, 0.088081, 0.076389, 0.042347, 0.102896, 0.09027, 0.074625, 0.055157]",6,2.054102,"[3, 4]",2,"Without a skip link, keyboard users may",0.0,0,1b
pythia-1b-deduped,step0,skip link,generation,gen_005,An accessibility review noted the absence of a skip link. This means,0.096886,"[0.072165, 0.052785, 0.063744, 0.048074, 0.018203, 0.034037, 0.024764, 0.023352, 0.032472, 0.060657, 0.096886, 0.04875, 0.043337, 0.074843, 0.024279, 0.020593]",10,1.984208,"[9, 10]",2,An accessibility review noted the absence of a skip link. This means,0.0,0,1b
pythia-1b-deduped,step0,skip link,generation,gen_006,"When designing accessible navigation, a skip link ensures",0.071258,"[0.055302, 0.062195, 0.043974, 0.05532, 0.041052, 0.047484, 0.028383, 0.029454, 0.049238, 0.071258, 0.061242, 0.034351, 0.034489, 0.035343, 0.056931, 0.029764]",9,2.040094,"[7, 8]",2,"When designing accessible navigation, a skip link ensures",0.0,0,1b
pythia-1b-deduped,step0,alt text,generation,gen_001,"In web accessibility, alt text is",0.12517,"[0.028533, 0.086888, 0.100837, 0.12517, 0.049924, 0.055937, 0.102567, 0.074271, 0.062595, 0.075896, 0.032543, 0.062205, 0.064586, 0.026055, 0.045063, 0.052927]",3,2.00841,"[5, 6]",2,"In web accessibility, alt text is",0.0,0,1b
pythia-1b-deduped,step0,alt text,generation,gen_002,"For blind users, alt text",0.132135,"[0.068778, 0.057461, 0.079564, 0.130373, 0.057206, 0.07427, 0.076645, 0.064573, 0.043917, 0.101612, 0.058935, 0.050001, 0.132135, 0.071932, 0.046274, 0.01944]",12,2.018177,"[5, 6]",2,"For blind users, alt text",0.0,0,1b
pythia-1b-deduped,step0,alt text,generation,gen_003,"To write effective alt text, content creators should",0.122953,"[0.059314, 0.057248, 0.085834, 0.080849, 0.038008, 0.113991, 0.047727, 0.054813, 0.084844, 0.078933, 0.032841, 0.036203, 0.122953, 0.079914, 0.061324, 0.058611]",12,2.042576,"[4, 5]",2,"To write effective alt text, content creators should",0.0,0,1b
pythia-1b-deduped,step0,alt text,generation,gen_004,"Without alt text, screen reader users may",0.142643,"[0.067412, 0.054593, 0.115986, 0.093272, 0.071591, 0.087465, 0.101785, 0.079596, 0.113833, 0.080466, 0.085792, 0.055028, 0.090097, 0.07891, 0.070863, 0.142643]",15,2.05183,"[2, 3]",2,"Without alt text, screen reader users may",0.0,0,1b
pythia-1b-deduped,step0,alt text,generation,gen_005,An accessibility scan found images lacking alt text. This means,0.071429,"[0.04002, 0.04719, 0.071429, 0.041066, 0.048356, 0.047338, 0.05458, 0.050437, 0.056284, 0.036844, 0.036591, 0.027151, 0.038226, 0.039804, 0.042602, 0.030448]",2,2.037749,"[7, 8]",2,An accessibility scan found images lacking alt text. This means,0.0,0,1b
pythia-1b-deduped,step0,alt text,generation,gen_006,"When publishing web content, alt text ensures",0.120805,"[0.034694, 0.052504, 0.069386, 0.120805, 0.052934, 0.057458, 0.081817, 0.072163, 0.036466, 0.071262, 0.016918, 0.045942, 0.059862, 0.054662, 0.037055, 0.069175]",3,1.98098,"[6, 7]",2,"When publishing web content, alt text ensures",0.0,0,1b
pythia-1b-deduped,step0,color contrast,generation,gen_001,"In web accessibility, color contrast is",0.119511,"[0.098128, 0.044585, 0.063874, 0.067378, 0.050736, 0.023289, 0.03339, 0.062491, 0.036198, 0.049143, 0.119511, 0.018343, 0.069308, 0.039872, 0.077148, 0.058322]",10,2.027577,"[5, 6]",2,"In web accessibility, color contrast is",0.0,0,1b
pythia-1b-deduped,step0,color contrast,generation,gen_002,"For users with low vision, color contrast",0.072609,"[0.043185, 0.059763, 0.070283, 0.038776, 0.038992, 0.029292, 0.021056, 0.052834, 0.018268, 0.052742, 0.067186, 0.040512, 0.072609, 0.059035, 0.048858, 0.033116]",12,2.028578,"[7, 8]",2,"For users with low vision, color contrast",0.0,0,1b
pythia-1b-deduped,step0,color contrast,generation,gen_003,"To achieve sufficient color contrast, designers should",0.132631,"[0.108399, 0.088127, 0.053804, 0.132631, 0.013063, 0.104065, 0.041838, 0.051926, 0.019143, 0.059294, 0.074083, 0.056316, 0.070513, 0.062865, 0.08144, 0.068818]",3,1.995734,"[4, 5]",2,"To achieve sufficient color contrast, designers should",0.0,0,1b
pythia-1b-deduped,step0,color contrast,generation,gen_004,"Without adequate color contrast, users with visual impairments may",0.100721,"[0.095809, 0.074981, 0.06668, 0.066176, 0.033237, 0.077253, 0.062409, 0.068347, 0.030851, 0.075861, 0.100721, 0.081459, 0.0805, 0.071815, 0.098079, 0.074096]",10,2.0332,"[3, 4]",2,"Without adequate color contrast, users with visual impairments may",0.0,0,1b
pythia-1b-deduped,step0,color contrast,generation,gen_005,An accessibility checker flagged poor color contrast. This means,0.075134,"[0.052172, 0.052021, 0.036318, 0.058663, 0.045566, 0.047756, 0.024013, 0.075134, 0.01879, 0.029391, 0.045291, 0.020935, 0.053505, 0.039107, 0.049392, 0.048437]",7,2.035077,"[8, 9]",2,An accessibility checker flagged poor color contrast. This means,0.0,0,1b
pythia-1b-deduped,step0,color contrast,generation,gen_006,"When selecting color palettes, color contrast ensures",0.075367,"[0.061909, 0.050628, 0.062601, 0.057826, 0.045424, 0.0392, 0.017448, 0.075367, 0.017668, 0.066086, 0.051395, 0.041325, 0.038611, 0.031421, 0.04649, 0.048451]",7,2.035262,"[7, 8]",2,"When selecting color palettes, color contrast ensures",0.0,0,1b
pythia-1b-deduped,step0,focus indicator,generation,gen_001,"In web accessibility, a focus indicator is",0.069441,"[0.061682, 0.047146, 0.037375, 0.069441, 0.037996, 0.042999, 0.054254, 0.058126, 0.063133, 0.046352, 0.050766, 0.040787, 0.05225, 0.061183, 0.051503, 0.028686]",3,2.033791,"[6, 7]",2,"In web accessibility, a focus indicator is",0.0,0,1b
pythia-1b-deduped,step0,focus indicator,generation,gen_002,"For keyboard users, a focus indicator",0.073097,"[0.053044, 0.073097, 0.030447, 0.049044, 0.033578, 0.066853, 0.061026, 0.037252, 0.070273, 0.058491, 0.038708, 0.025656, 0.05245, 0.066264, 0.040593, 0.036832]",1,2.038748,"[6, 7]",2,"For keyboard users, a focus indicator",0.0,0,1b
pythia-1b-deduped,step0,focus indicator,generation,gen_003,"To implement visible focus indicators, developers should",0.077201,"[0.030378, 0.038176, 0.040758, 0.039151, 0.035273, 0.076018, 0.048292, 0.040592, 0.038299, 0.054304, 0.040347, 0.02786, 0.077201, 0.042755, 0.025425, 0.015013]",12,2.041662,"[5, 6]",2,"To implement visible focus indicators, developers should",0.0,0,1b
pythia-1b-deduped,step0,focus indicator,generation,gen_004,"Without a focus indicator, keyboard-only users may",0.105351,"[0.062511, 0.067526, 0.040263, 0.078797, 0.021525, 0.096156, 0.076196, 0.07747, 0.073334, 0.082191, 0.069841, 0.105351, 0.059512, 0.056601, 0.071569, 0.051187]",11,2.050125,"[3, 4]",2,"Without a focus indicator, keyboard-only users may",0.0,0,1b
pythia-1b-deduped,step0,focus indicator,generation,gen_005,A usability test revealed missing focus indicators. This means,0.085403,"[0.085403, 0.046277, 0.041598, 0.024687, 0.054239, 0.02368, 0.053604, 0.032302, 0.046784, 0.035714, 0.036298, 0.035898, 0.05949, 0.078158, 0.04773, 0.038154]",0,2.003981,"[7, 8]",2,A usability test revealed missing focus indicators. This means,0.0,0,1b
pythia-1b-deduped,step0,focus indicator,generation,gen_006,"When styling interactive elements, a focus indicator ensures",0.071916,"[0.036501, 0.071916, 0.025866, 0.034906, 0.028183, 0.057067, 0.065365, 0.048295, 0.038019, 0.046976, 0.032025, 0.033338, 0.032455, 0.044397, 0.043486, 0.03548]",1,2.048905,"[7, 8]",2,"When styling interactive elements, a focus indicator ensures",0.0,0,1b
pythia-1b-deduped,step0,heading structure,generation,gen_001,"In web accessibility, heading structure is",0.15042,"[0.076563, 0.051924, 0.15042, 0.065632, 0.082866, 0.070922, 0.066498, 0.059463, 0.041064, 0.046567, 0.038043, 0.087011, 0.038183, 0.020096, 0.053569, 0.036451]",2,1.966182,"[5, 6]",2,"In web accessibility, heading structure is",0.0,0,1b
pythia-1b-deduped,step0,heading structure,generation,gen_002,"For screen readers, heading structure",0.114349,"[0.09487, 0.114349, 0.111033, 0.043987, 0.078033, 0.053405, 0.036822, 0.087359, 0.032479, 0.048007, 0.089307, 0.108572, 0.078832, 0.036507, 0.027304, 0.055729]",1,1.999137,"[5, 6]",2,"For screen readers, heading structure",0.0,0,1b
pythia-1b-deduped,step0,heading structure,generation,gen_003,"To create proper heading structure, content authors should",0.130895,"[0.089558, 0.079852, 0.130895, 0.067262, 0.072661, 0.073628, 0.030943, 0.042703, 0.034624, 0.041904, 0.052695, 0.041427, 0.090954, 0.03779, 0.062823, 0.047051]",2,2.003373,"[4, 5]",2,"To create proper heading structure, content authors should",0.0,0,1b
pythia-1b-deduped,step0,heading structure,generation,gen_004,"Without logical heading structure, screen reader users may",0.142031,"[0.142031, 0.109284, 0.135445, 0.053891, 0.040672, 0.056326, 0.065287, 0.056196, 0.023375, 0.027521, 0.087101, 0.059895, 0.037969, 0.051995, 0.038141, 0.040732]",0,1.985577,"[3, 4]",2,"Without logical heading structure, screen reader users may",0.0,0,1b
pythia-1b-deduped,step0,heading structure,generation,gen_005,An accessibility evaluation found improper heading structure. This means,0.08591,"[0.08591, 0.066687, 0.061696, 0.063255, 0.026658, 0.043986, 0.066946, 0.070477, 0.041078, 0.031926, 0.035691, 0.054449, 0.038078, 0.032583, 0.038393, 0.047769]",0,1.977517,"[6, 7]",2,An accessibility evaluation found improper heading structure. This means,0.0,0,1b
pythia-1b-deduped,step0,heading structure,generation,gen_006,"When organizing page content, heading structure ensures",0.100593,"[0.088029, 0.085014, 0.100593, 0.096111, 0.022661, 0.057414, 0.04887, 0.080581, 0.015151, 0.038178, 0.037354, 0.079286, 0.042714, 0.049528, 0.024054, 0.046941]",2,1.989819,"[6, 7]",2,"When organizing page content, heading structure ensures",0.0,0,1b
pythia-1b-deduped,step0,keyboard navigation,generation,gen_001,"In web accessibility, keyboard navigation is",0.11176,"[0.103231, 0.103297, 0.076527, 0.11176, 0.101918, 0.032473, 0.104479, 0.063554, 0.057274, 0.047158, 0.033284, 0.064708, 0.021419, 0.055257, 0.053529, 0.071913]",3,1.972403,"[5, 6]",2,"In web accessibility, keyboard navigation is",0.0,0,1b
pythia-1b-deduped,step0,keyboard navigation,generation,gen_002,"For users with motor disabilities, keyboard navigation",0.117947,"[0.077202, 0.048433, 0.063223, 0.117947, 0.065846, 0.044255, 0.060667, 0.043349, 0.037467, 0.010965, 0.032046, 0.074564, 0.04271, 0.037009, 0.031723, 0.038625]",3,1.984304,"[7, 8]",2,"For users with motor disabilities, keyboard navigation",0.0,0,1b
pythia-1b-deduped,step0,keyboard navigation,generation,gen_003,"To support keyboard navigation, developers should",0.139961,"[0.139961, 0.097014, 0.072787, 0.099655, 0.100934, 0.091506, 0.070498, 0.129849, 0.068364, 0.062183, 0.05901, 0.072192, 0.052644, 0.07275, 0.071342, 0.048322]",0,2.009051,"[3, 4]",2,"To support keyboard navigation, developers should",0.0,0,1b
pythia-1b-deduped,step0,keyboard navigation,generation,gen_004,"Without keyboard navigation support, motor-impaired users may",0.16845,"[0.16845, 0.145819, 0.097567, 0.139524, 0.118402, 0.093904, 0.096537, 0.078034, 0.111669, 0.093695, 0.06722, 0.058433, 0.090191, 0.059598, 0.078838, 0.061507]",0,1.965344,"[2, 3]",2,"Without keyboard navigation support, motor-impaired users may",0.0,0,1b
pythia-1b-deduped,step0,keyboard navigation,generation,gen_005,A manual test revealed keyboard navigation failures. This means,0.123049,"[0.123049, 0.095615, 0.073083, 0.082285, 0.067967, 0.045459, 0.052279, 0.087582, 0.055073, 0.046595, 0.051585, 0.059202, 0.05925, 0.045922, 0.062237, 0.048533]",0,1.973264,"[5, 6]",2,A manual test revealed keyboard navigation failures. This means,0.0,0,1b
pythia-1b-deduped,step0,keyboard navigation,generation,gen_006,"When developing interactive features, keyboard navigation ensures",0.098946,"[0.091786, 0.07125, 0.054011, 0.095013, 0.098946, 0.054703, 0.073983, 0.048219, 0.055032, 0.043039, 0.028155, 0.050804, 0.02995, 0.048411, 0.044689, 0.039539]",4,2.00638,"[6, 7]",2,"When developing interactive features, keyboard navigation ensures",0.0,0,1b
pythia-1b-deduped,step0,landmark region,generation,gen_001,"In web accessibility, a landmark region is",0.104455,"[0.033798, 0.061853, 0.048715, 0.033066, 0.055332, 0.070069, 0.079369, 0.073442, 0.034138, 0.032581, 0.032761, 0.059052, 0.054418, 0.042703, 0.046276, 0.104455]",15,2.012713,"[6, 7]",2,"In web accessibility, a landmark region is",0.0,0,1b
pythia-1b-deduped,step0,landmark region,generation,gen_002,"For screen reader users, landmark regions",0.0,"[0.0, 0.0, 0.0, 0.0, 0.0, 0.0, 0.0, 0.0, 0.0, 0.0, 0.0, 0.0, 0.0, 0.0, 0.0, 0.0]",0,2.079441,[7],3,"For screen reader users, landmark regions",0.0,0,1b
pythia-1b-deduped,step0,landmark region,generation,gen_003,"To implement landmark regions, developers should",0.068227,"[0.03152, 0.054925, 0.025979, 0.017857, 0.038478, 0.026044, 0.024386, 0.049834, 0.066683, 0.022633, 0.052092, 0.068227, 0.037333, 0.019227, 0.042821, 0.029859]",11,2.056533,"[4, 5, 6]",3,"To implement landmark regions, developers should",0.0,0,1b
pythia-1b-deduped,step0,landmark region,generation,gen_004,"Without proper landmark regions, assistive technology users may",0.059761,"[0.023248, 0.059761, 0.056144, 0.022602, 0.031409, 0.045477, 0.022938, 0.030358, 0.032806, 0.039834, 0.019853, 0.043913, 0.047821, 0.042501, 0.023621, 0.022928]",1,2.067708,"[4, 5, 6]",3,"Without proper landmark regions, assistive technology users may",0.0,0,1b
pythia-1b-deduped,step0,landmark region,generation,gen_005,An HTML validation found missing landmark regions. This means,0.056717,"[0.017289, 0.056717, 0.02522, 0.026843, 0.043365, 0.018174, 0.030296, 0.037315, 0.026454, 0.037432, 0.043906, 0.02492, 0.019057, 0.040639, 0.025386, 0.046049]",1,2.056632,"[7, 8, 9]",3,An HTML validation found missing landmark regions. This means,0.0,0,1b
pythia-1b-deduped,step0,landmark region,generation,gen_006,"When structuring page layout, landmark regions ensure",0.070295,"[0.056919, 0.036115, 0.070295, 0.038415, 0.049049, 0.021578, 0.041092, 0.059158, 0.029767, 0.021728, 0.029459, 0.033073, 0.043483, 0.042285, 0.017255, 0.041634]",2,2.024744,"[8, 9]",3,"When structuring page layout, landmark regions ensure",0.0,0,1b
pythia-1b-deduped,step0,aria attribute,generation,gen_001,"In web accessibility, an aria attribute is",0.109727,"[0.09143, 0.057185, 0.052997, 0.056192, 0.032153, 0.103193, 0.070239, 0.075121, 0.109727, 0.047511, 0.02912, 0.06397, 0.032347, 0.033413, 0.031013, 0.043743]",8,2.021537,"[6, 7]",2,"In web accessibility, an aria attribute is",0.0,0,1b
pythia-1b-deduped,step0,aria attribute,generation,gen_002,"For screen reader users, aria attributes",0.0,"[0.0, 0.0, 0.0, 0.0, 0.0, 0.0, 0.0, 0.0, 0.0, 0.0, 0.0, 0.0, 0.0, 0.0, 0.0, 0.0]",0,2.079441,[7],2,"For screen reader users, aria attributes",0.0,0,1b
pythia-1b-deduped,step0,aria attribute,generation,gen_003,"To use aria attributes correctly, developers should",0.100518,"[0.044898, 0.051453, 0.090891, 0.0527, 0.100518, 0.080716, 0.08283, 0.028292, 0.078545, 0.061284, 0.025898, 0.072232, 0.054989, 0.075068, 0.036393, 0.088871]",4,2.027182,"[4, 5]",2,"To use aria attributes correctly, developers should",0.0,0,1b
pythia-1b-deduped,step0,aria attribute,generation,gen_004,"Without appropriate aria attributes, custom widgets may",0.12438,"[0.054862, 0.12438, 0.056251, 0.040919, 0.050788, 0.118157, 0.048607, 0.057135, 0.096858, 0.052349, 0.0667, 0.071879, 0.061086, 0.034066, 0.056653, 0.058181]",1,1.991389,"[4, 5]",2,"Without appropriate aria attributes, custom widgets may",0.0,0,1b
pythia-1b-deduped,step0,aria attribute,generation,gen_005,An accessibility audit found missing aria attributes. This means,0.132192,"[0.071824, 0.050215, 0.042901, 0.0478, 0.029679, 0.132192, 0.062944, 0.027541, 0.072181, 0.09291, 0.041694, 0.070268, 0.042119, 0.127838, 0.030667, 0.05396]",5,2.011485,"[7, 8]",2,An accessibility audit found missing aria attributes. This means,0.0,0,1b
pythia-1b-deduped,step0,aria attribute,generation,gen_006,"When creating custom components, aria attributes ensure",0.077886,"[0.034699, 0.041971, 0.028013, 0.027666, 0.037916, 0.077886, 0.02911, 0.037992, 0.0345, 0.036305, 0.059712, 0.040561, 0.017056, 0.022414, 0.02271, 0.015031]",5,2.038531,"[7, 8]",2,"When creating custom components, aria attributes ensure",0.0,0,1b
pythia-1b-deduped,step120000,screen reader,generation,gen_001,"In web accessibility, a screen reader is",0.524855,"[0.524855, 0.471752, 0.174199, 0.478858, 0.074064, 0.208486, 0.175633, 0.03667, 0.147074, 0.020357, 0.099294, 0.024757, 0.034518, 0.03776, 0.054616, 0.3148]",0,1.626962,"[6, 7]",2,"In web accessibility, a screen reader is",1.0,120000,1b
pythia-1b-deduped,step120000,screen reader,generation,gen_002,"For blind users, a screen reader",0.504206,"[0.504206, 0.463158, 0.234244, 0.458425, 0.122398, 0.128958, 0.151318, 0.033033, 0.117859, 0.020382, 0.159908, 0.023528, 0.059197, 0.080283, 0.066696, 0.087214]",0,1.669692,"[6, 7]",2,"For blind users, a screen reader",1.0,120000,1b
pythia-1b-deduped,step120000,screen reader,generation,gen_003,"To ensure screen reader compatibility, developers should",0.491047,"[0.471691, 0.366718, 0.31489, 0.491047, 0.091776, 0.098475, 0.094792, 0.077562, 0.34714, 0.06949, 0.105399, 0.020791, 0.068586, 0.079877, 0.192046, 0.398571]",3,1.860528,"[3, 4]",2,"To ensure screen reader compatibility, developers should",0.3333333333333333,120000,1b
pythia-1b-deduped,step120000,screen reader,generation,gen_004,"Without proper screen reader support, visually impaired users may",0.567834,"[0.493627, 0.424262, 0.288789, 0.567834, 0.132881, 0.070716, 0.139866, 0.042819, 0.15052, 0.090381, 0.186327, 0.012494, 0.087234, 0.090666, 0.075498, 0.223079]",3,1.690344,"[3, 4]",2,"Without proper screen reader support, visually impaired users may",1.0,120000,1b
pythia-1b-deduped,step120000,screen reader,generation,gen_005,An accessibility audit found that the site is not screen reader friendly. This means,0.552371,"[0.529367, 0.552371, 0.189161, 0.536818, 0.102228, 0.107259, 0.113931, 0.037454, 0.086424, 0.010751, 0.181466, 0.026972, 0.083238, 0.045754, 0.062335, 0.159602]",1,1.65192,"[10, 11]",2,An accessibility audit found that the site is not screen reader friendly. This means,0.0,120000,1b
pythia-1b-deduped,step120000,screen reader,generation,gen_006,"When building accessible sites, screen reader compatibility ensures",0.515544,"[0.492035, 0.436173, 0.161574, 0.515544, 0.040391, 0.23939, 0.136968, 0.043124, 0.143453, 0.045715, 0.110718, 0.044009, 0.119099, 0.075476, 0.16137, 0.041806]",3,1.624945,"[6, 7]",2,"When building accessible sites, screen reader compatibility ensures",0.3333333333333333,120000,1b
pythia-1b-deduped,step120000,skip link,generation,gen_001,"In web accessibility, a skip link is",0.580091,"[0.417051, 0.533259, 0.267938, 0.580091, 0.217904, 0.408082, 0.322714, 0.209361, 0.339629, 0.309951, 0.247287, 0.137944, 0.140766, 0.192425, 0.445888, 0.068612]",3,1.500437,"[6, 7]",2,"In web accessibility, a skip link is",0.3333333333333333,120000,1b
pythia-1b-deduped,step120000,skip link,generation,gen_002,"For keyboard navigation, a skip link",0.593651,"[0.385995, 0.478554, 0.337406, 0.593651, 0.073258, 0.335693, 0.299074, 0.217972, 0.219781, 0.273989, 0.265505, 0.095887, 0.110229, 0.202822, 0.431922, 0.037776]",3,1.36774,"[6, 7]",2,"For keyboard navigation, a skip link",0.6666666666666666,120000,1b
pythia-1b-deduped,step120000,skip link,generation,gen_003,"To implement a skip link, developers should",0.68642,"[0.359576, 0.47953, 0.282012, 0.623997, 0.137932, 0.29646, 0.276775, 0.218176, 0.258428, 0.217056, 0.181763, 0.059683, 0.045939, 0.244135, 0.566937, 0.68642]",15,1.017304,"[4, 5]",2,"To implement a skip link, developers should",0.3333333333333333,120000,1b
pythia-1b-deduped,step120000,skip link,generation,gen_004,"Without a skip link, keyboard users may",0.588075,"[0.352941, 0.456876, 0.25171, 0.588075, 0.152571, 0.264877, 0.236842, 0.114074, 0.265522, 0.097439, 0.181498, 0.040812, 0.058717, 0.374896, 0.517521, 0.476303]",3,1.518203,"[3, 4]",2,"Without a skip link, keyboard users may",0.6666666666666666,120000,1b
pythia-1b-deduped,step120000,skip link,generation,gen_005,An accessibility review noted the absence of a skip link. This means,0.575656,"[0.432886, 0.528735, 0.25471, 0.575656, 0.239865, 0.223034, 0.326839, 0.186638, 0.278903, 0.244569, 0.200306, 0.055971, 0.031185, 0.194083, 0.543437, 0.558091]",3,1.615712,"[9, 10]",2,An accessibility review noted the absence of a skip link. This means,0.6666666666666666,120000,1b
pythia-1b-deduped,step120000,skip link,generation,gen_006,"When designing accessible navigation, a skip link ensures",0.631931,"[0.409565, 0.493882, 0.300166, 0.631931, 0.095667, 0.30862, 0.376024, 0.165307, 0.195848, 0.293613, 0.2787, 0.073199, 0.083224, 0.246337, 0.410206, 0.2269]",3,1.320509,"[7, 8]",2,"When designing accessible navigation, a skip link ensures",0.6666666666666666,120000,1b
pythia-1b-deduped,step120000,alt text,generation,gen_001,"In web accessibility, alt text is",0.568897,"[0.568897, 0.458187, 0.067779, 0.561971, 0.517189, 0.171317, 0.214242, 0.123777, 0.40628, 0.164106, 0.164495, 0.034117, 0.036199, 0.065927, 0.439597, 0.052895]",0,1.713065,"[5, 6]",2,"In web accessibility, alt text is",0.6666666666666666,120000,1b
pythia-1b-deduped,step120000,alt text,generation,gen_002,"For blind users, alt text",0.615075,"[0.496329, 0.376831, 0.069709, 0.615075, 0.171989, 0.151523, 0.197107, 0.167562, 0.304528, 0.144626, 0.14686, 0.050452, 0.028384, 0.044665, 0.232052, 0.019132]",3,1.607238,"[5, 6]",2,"For blind users, alt text",0.6666666666666666,120000,1b
pythia-1b-deduped,step120000,alt text,generation,gen_003,"To write effective alt text, content creators should",0.693008,"[0.50814, 0.45162, 0.462236, 0.693008, 0.624946, 0.418804, 0.23988, 0.145564, 0.211368, 0.188693, 0.160077, 0.10132, 0.045609, 0.056972, 0.026528, 0.061136]",3,1.688525,"[4, 5]",2,"To write effective alt text, content creators should",0.3333333333333333,120000,1b
pythia-1b-deduped,step120000,alt text,generation,gen_004,"Without alt text, screen reader users may",0.672391,"[0.474346, 0.350636, 0.193593, 0.672391, 0.171885, 0.141708, 0.285821, 0.066389, 0.21283, 0.073499, 0.15164, 0.027704, 0.031846, 0.066038, 0.101251, 0.077241]",3,1.613534,"[2, 3]",2,"Without alt text, screen reader users may",0.6666666666666666,120000,1b
pythia-1b-deduped,step120000,alt text,generation,gen_005,An accessibility scan found images lacking alt text. This means,0.594127,"[0.594127, 0.437999, 0.210102, 0.547802, 0.578054, 0.287478, 0.2378, 0.039566, 0.266702, 0.050096, 0.079125, 0.094816, 0.008023, 0.05948, 0.482514, 0.110474]",0,1.653913,"[7, 8]",2,An accessibility scan found images lacking alt text. This means,1.0,120000,1b
pythia-1b-deduped,step120000,alt text,generation,gen_006,"When publishing web content, alt text ensures",0.596134,"[0.540452, 0.420758, 0.100158, 0.596134, 0.590336, 0.176271, 0.195632, 0.169844, 0.427795, 0.158613, 0.188216, 0.040191, 0.029341, 0.0324, 0.138139, 0.068143]",3,1.66209,"[6, 7]",2,"When publishing web content, alt text ensures",0.6666666666666666,120000,1b
pythia-1b-deduped,step120000,color contrast,generation,gen_001,"In web accessibility, color contrast is",0.677114,"[0.44659, 0.375925, 0.677114, 0.595532, 0.10229, 0.29806, 0.429614, 0.071429, 0.240142, 0.306043, 0.113716, 0.038173, 0.018617, 0.092191, 0.603621, 0.255652]",2,1.341577,"[5, 6]",2,"In web accessibility, color contrast is",0.0,120000,1b
pythia-1b-deduped,step120000,color contrast,generation,gen_002,"For users with low vision, color contrast",0.634673,"[0.459971, 0.440929, 0.596195, 0.634673, 0.155129, 0.180308, 0.305756, 0.23368, 0.278149, 0.197589, 0.106215, 0.033009, 0.051684, 0.077502, 0.537509, 0.089021]",3,1.427804,"[7, 8]",2,"For users with low vision, color contrast",0.3333333333333333,120000,1b
pythia-1b-deduped,step120000,color contrast,generation,gen_003,"To achieve sufficient color contrast, designers should",0.850516,"[0.395465, 0.554633, 0.625954, 0.701593, 0.146069, 0.206963, 0.303905, 0.082389, 0.196443, 0.233552, 0.198988, 0.05925, 0.029277, 0.194036, 0.634603, 0.850516]",15,0.317537,"[4, 5]",2,"To achieve sufficient color contrast, designers should",0.6666666666666666,120000,1b
pythia-1b-deduped,step120000,color contrast,generation,gen_004,"Without adequate color contrast, users with visual impairments may",0.784195,"[0.326842, 0.312264, 0.704648, 0.699574, 0.194186, 0.236007, 0.252149, 0.125851, 0.13026, 0.187645, 0.175986, 0.066805, 0.069807, 0.209955, 0.499447, 0.784195]",15,1.115541,"[3, 4]",2,"Without adequate color contrast, users with visual impairments may",0.3333333333333333,120000,1b
pythia-1b-deduped,step120000,color contrast,generation,gen_005,An accessibility checker flagged poor color contrast. This means,0.675063,"[0.401782, 0.369035, 0.675063, 0.656216, 0.186941, 0.206061, 0.315896, 0.100582, 0.167719, 0.251968, 0.08537, 0.037515, 0.021268, 0.060165, 0.413587, 0.32881]",2,1.451321,"[8, 9]",2,An accessibility checker flagged poor color contrast. This means,0.3333333333333333,120000,1b
pythia-1b-deduped,step120000,color contrast,generation,gen_006,"When selecting color palettes, color contrast ensures",0.69169,"[0.341616, 0.408046, 0.69169, 0.615503, 0.204343, 0.29379, 0.360741, 0.04604, 0.07877, 0.252785, 0.162535, 0.020407, 0.037186, 0.057274, 0.459911, 0.059049]",2,1.00301,"[7, 8]",2,"When selecting color palettes, color contrast ensures",0.3333333333333333,120000,1b
pythia-1b-deduped,step120000,focus indicator,generation,gen_001,"In web accessibility, a focus indicator is",0.636699,"[0.161037, 0.509659, 0.309378, 0.636699, 0.574782, 0.27778, 0.379812, 0.186296, 0.171263, 0.124235, 0.060868, 0.02613, 0.050556, 0.097761, 0.157439, 0.032981]",3,1.352468,"[6, 7]",2,"In web accessibility, a focus indicator is",0.6666666666666666,120000,1b
pythia-1b-deduped,step120000,focus indicator,generation,gen_002,"For keyboard users, a focus indicator",0.700993,"[0.194062, 0.537314, 0.290227, 0.643061, 0.700993, 0.125925, 0.259616, 0.212137, 0.207275, 0.197433, 0.076762, 0.050284, 0.053098, 0.049616, 0.083433, 0.067011]",4,0.542258,"[6, 7]",2,"For keyboard users, a focus indicator",0.6666666666666666,120000,1b
pythia-1b-deduped,step120000,focus indicator,generation,gen_003,"To implement visible focus indicators, developers should",0.550887,"[0.188427, 0.262433, 0.103841, 0.550887, 0.14249, 0.083678, 0.180553, 0.100968, 0.153217, 0.187546, 0.07409, 0.115729, 0.00906, 0.217624, 0.123965, 0.033277]",3,1.488235,"[5, 6]",2,"To implement visible focus indicators, developers should",0.0,120000,1b
pythia-1b-deduped,step120000,focus indicator,generation,gen_004,"Without a focus indicator, keyboard-only users may",0.617785,"[0.182053, 0.460667, 0.351962, 0.617785, 0.51413, 0.105933, 0.414398, 0.043751, 0.200431, 0.230549, 0.102788, 0.039316, 0.029348, 0.13572, 0.125065, 0.046261]",3,1.476623,"[3, 4]",2,"Without a focus indicator, keyboard-only users may",0.3333333333333333,120000,1b
pythia-1b-deduped,step120000,focus indicator,generation,gen_005,A usability test revealed missing focus indicators. This means,0.490228,"[0.073889, 0.155717, 0.078727, 0.490228, 0.142992, 0.042006, 0.232322, 0.060948, 0.14109, 0.104191, 0.19608, 0.088559, 0.014415, 0.113923, 0.050338, 0.039104]",3,1.450431,"[7, 8]",2,A usability test revealed missing focus indicators. This means,0.0,120000,1b
pythia-1b-deduped,step120000,focus indicator,generation,gen_006,"When styling interactive elements, a focus indicator ensures",0.65814,"[0.198261, 0.54382, 0.264433, 0.65814, 0.648143, 0.192098, 0.295074, 0.25119, 0.204312, 0.259187, 0.092235, 0.034727, 0.019208, 0.085542, 0.317116, 0.167913]",3,1.310911,"[7, 8]",2,"When styling interactive elements, a focus indicator ensures",0.6666666666666666,120000,1b
pythia-1b-deduped,step120000,heading structure,generation,gen_001,"In web accessibility, heading structure is",0.779845,"[0.278667, 0.415884, 0.247884, 0.605401, 0.779845, 0.226872, 0.332002, 0.065678, 0.254497, 0.389201, 0.075042, 0.025897, 0.034752, 0.077771, 0.364795, 0.48704]",4,0.771,"[5, 6]",2,"In web accessibility, heading structure is",0.0,120000,1b
pythia-1b-deduped,step120000,heading structure,generation,gen_002,"For screen readers, heading structure",0.80013,"[0.28387, 0.434066, 0.179921, 0.574986, 0.80013, 0.29652, 0.177681, 0.067158, 0.247891, 0.312647, 0.091352, 0.017059, 0.028477, 0.118892, 0.176306, 0.184764]",4,0.724661,"[5, 6]",2,"For screen readers, heading structure",0.3333333333333333,120000,1b
pythia-1b-deduped,step120000,heading structure,generation,gen_003,"To create proper heading structure, content authors should",0.825008,"[0.261141, 0.47594, 0.205705, 0.707967, 0.16387, 0.130123, 0.383448, 0.082876, 0.23154, 0.120115, 0.130116, 0.081601, 0.049171, 0.218885, 0.483653, 0.825008]",15,0.890034,"[4, 5]",2,"To create proper heading structure, content authors should",0.3333333333333333,120000,1b
pythia-1b-deduped,step120000,heading structure,generation,gen_004,"Without logical heading structure, screen reader users may",0.731051,"[0.297111, 0.446626, 0.277469, 0.731051, 0.049195, 0.17235, 0.305049, 0.144795, 0.173592, 0.143629, 0.085164, 0.046483, 0.023266, 0.151772, 0.411087, 0.076763]",3,1.339977,"[3, 4]",2,"Without logical heading structure, screen reader users may",0.3333333333333333,120000,1b
pythia-1b-deduped,step120000,heading structure,generation,gen_005,An accessibility evaluation found improper heading structure. This means,0.667145,"[0.323663, 0.486951, 0.344509, 0.667145, 0.266188, 0.091414, 0.345388, 0.048385, 0.14186, 0.189027, 0.171447, 0.034933, 0.019939, 0.186998, 0.409455, 0.144527]",3,1.455353,"[6, 7]",2,An accessibility evaluation found improper heading structure. This means,0.3333333333333333,120000,1b
pythia-1b-deduped,step120000,heading structure,generation,gen_006,"When organizing page content, heading structure ensures",0.650666,"[0.258459, 0.406209, 0.217546, 0.590447, 0.650666, 0.241387, 0.354538, 0.078409, 0.162899, 0.385354, 0.08336, 0.015074, 0.02911, 0.107582, 0.199274, 0.237078]",4,0.853551,"[6, 7]",2,"When organizing page content, heading structure ensures",0.3333333333333333,120000,1b
pythia-1b-deduped,step120000,keyboard navigation,generation,gen_001,"In web accessibility, keyboard navigation is",0.707288,"[0.367664, 0.444219, 0.435237, 0.592131, 0.108948, 0.303049, 0.402103, 0.229014, 0.15539, 0.349214, 0.119544, 0.040493, 0.018757, 0.173041, 0.707288, 0.18092]",14,1.19733,"[5, 6]",2,"In web accessibility, keyboard navigation is",0.0,120000,1b
pythia-1b-deduped,step120000,keyboard navigation,generation,gen_002,"For users with motor disabilities, keyboard navigation",0.726127,"[0.391032, 0.426447, 0.466781, 0.596372, 0.093076, 0.266663, 0.360087, 0.256971, 0.120165, 0.407309, 0.149702, 0.060137, 0.055454, 0.130146, 0.726127, 0.268263]",14,1.375206,"[7, 8]",2,"For users with motor disabilities, keyboard navigation",0.0,120000,1b
pythia-1b-deduped,step120000,keyboard navigation,generation,gen_003,"To support keyboard navigation, developers should",0.73962,"[0.432037, 0.316724, 0.402993, 0.612391, 0.069188, 0.119738, 0.232166, 0.063485, 0.114702, 0.411346, 0.149147, 0.062063, 0.05009, 0.139455, 0.566509, 0.73962]",15,1.068102,"[3, 4]",2,"To support keyboard navigation, developers should",0.0,120000,1b
pythia-1b-deduped,step120000,keyboard navigation,generation,gen_004,"Without keyboard navigation support, motor-impaired users may",0.771414,"[0.422007, 0.385781, 0.377355, 0.669029, 0.266975, 0.286518, 0.228367, 0.07341, 0.117261, 0.094595, 0.081619, 0.030717, 0.076163, 0.25443, 0.571578, 0.771414]",15,1.19496,"[2, 3]",2,"Without keyboard navigation support, motor-impaired users may",0.0,120000,1b
pythia-1b-deduped,step120000,keyboard navigation,generation,gen_005,A manual test revealed keyboard navigation failures. This means,0.582006,"[0.483382, 0.408107, 0.582006, 0.564738, 0.159386, 0.158971, 0.177198, 0.213646, 0.074081, 0.290674, 0.165189, 0.037917, 0.052634, 0.289414, 0.530948, 0.205373]",2,1.44407,"[5, 6]",2,A manual test revealed keyboard navigation failures. This means,0.0,120000,1b
pythia-1b-deduped,step120000,keyboard navigation,generation,gen_006,"When developing interactive features, keyboard navigation ensures",0.706797,"[0.419429, 0.493499, 0.409429, 0.566655, 0.127285, 0.325602, 0.369219, 0.238837, 0.128674, 0.382328, 0.144626, 0.035519, 0.008761, 0.156119, 0.706797, 0.08641]",14,1.10759,"[6, 7]",2,"When developing interactive features, keyboard navigation ensures",0.0,120000,1b
pythia-1b-deduped,step120000,landmark region,generation,gen_001,"In web accessibility, a landmark region is",0.761568,"[0.267188, 0.567791, 0.196009, 0.521373, 0.078843, 0.1713, 0.304015, 0.449432, 0.170575, 0.17761, 0.117503, 0.060137, 0.019379, 0.347582, 0.761568, 0.408446]",14,1.247817,"[6, 7]",2,"In web accessibility, a landmark region is",0.0,120000,1b
pythia-1b-deduped,step120000,landmark region,generation,gen_002,"For screen reader users, landmark regions",0.0,"[0.0, 0.0, 0.0, 0.0, 0.0, 0.0, 0.0, 0.0, 0.0, 0.0, 0.0, 0.0, 0.0, 0.0, 0.0, 0.0]",0,2.079441,[7],3,"For screen reader users, landmark regions",0.0,120000,1b
pythia-1b-deduped,step120000,landmark region,generation,gen_003,"To implement landmark regions, developers should",0.269549,"[0.159709, 0.13282, 0.051465, 0.269549, 0.037369, 0.153057, 0.09883, 0.068298, 0.074836, 0.157286, 0.069824, 0.139615, 0.01364, 0.203898, 0.207105, 0.247656]",3,1.953719,"[4, 5, 6]",3,"To implement landmark regions, developers should",0.0,120000,1b
pythia-1b-deduped,step120000,landmark region,generation,gen_004,"Without proper landmark regions, assistive technology users may",0.265228,"[0.202984, 0.154467, 0.049527, 0.265228, 0.082161, 0.087328, 0.119514, 0.063847, 0.124889, 0.113161, 0.106943, 0.039302, 0.025779, 0.171122, 0.122008, 0.164619]",3,1.99049,"[4, 5, 6]",3,"Without proper landmark regions, assistive technology users may",0.0,120000,1b
pythia-1b-deduped,step120000,landmark region,generation,gen_005,An HTML validation found missing landmark regions. This means,0.284096,"[0.195269, 0.10115, 0.083124, 0.284096, 0.089012, 0.100831, 0.122384, 0.082071, 0.108543, 0.068271, 0.201658, 0.076692, 0.043699, 0.142028, 0.07165, 0.223513]",3,1.894484,"[7, 8, 9]",3,An HTML validation found missing landmark regions. This means,0.0,120000,1b
pythia-1b-deduped,step120000,landmark region,generation,gen_006,"When structuring page layout, landmark regions ensure",0.586283,"[0.125082, 0.579248, 0.100496, 0.586283, 0.116648, 0.083478, 0.28951, 0.058377, 0.194451, 0.388368, 0.135347, 0.131478, 0.023518, 0.28903, 0.053991, 0.164294]",3,1.340464,"[8, 9]",3,"When structuring page layout, landmark regions ensure",0.0,120000,1b
pythia-1b-deduped,step120000,aria attribute,generation,gen_001,"In web accessibility, an aria attribute is",0.633867,"[0.409522, 0.521073, 0.27269, 0.633867, 0.610212, 0.090917, 0.363693, 0.202661, 0.244339, 0.194898, 0.150043, 0.216535, 0.067506, 0.237638, 0.463849, 0.295658]",3,1.29369,"[6, 7]",2,"In web accessibility, an aria attribute is",0.6666666666666666,120000,1b
pythia-1b-deduped,step120000,aria attribute,generation,gen_002,"For screen reader users, aria attributes",0.0,"[0.0, 0.0, 0.0, 0.0, 0.0, 0.0, 0.0, 0.0, 0.0, 0.0, 0.0, 0.0, 0.0, 0.0, 0.0, 0.0]",0,2.079441,[7],2,"For screen reader users, aria attributes",0.6666666666666666,120000,1b
pythia-1b-deduped,step120000,aria attribute,generation,gen_003,"To use aria attributes correctly, developers should",0.725962,"[0.178497, 0.362762, 0.356303, 0.725962, 0.03041, 0.065042, 0.24186, 0.121923, 0.054199, 0.244838, 0.196497, 0.097941, 0.012054, 0.253638, 0.524564, 0.041089]",3,0.911396,"[4, 5]",2,"To use aria attributes correctly, developers should",1.0,120000,1b
pythia-1b-deduped,step120000,aria attribute,generation,gen_004,"Without appropriate aria attributes, custom widgets may",0.531856,"[0.16952, 0.309608, 0.100369, 0.531856, 0.136569, 0.071602, 0.232581, 0.102343, 0.197775, 0.217892, 0.075899, 0.061196, 0.029416, 0.227195, 0.087154, 0.023221]",3,1.486903,"[4, 5]",2,"Without appropriate aria attributes, custom widgets may",0.6666666666666666,120000,1b
pythia-1b-deduped,step120000,aria attribute,generation,gen_005,An accessibility audit found missing aria attributes. This means,0.484664,"[0.084577, 0.138082, 0.130247, 0.484664, 0.055346, 0.086194, 0.138985, 0.072664, 0.084389, 0.135274, 0.068069, 0.063894, 0.029348, 0.134779, 0.090759, 0.065983]",3,1.432182,"[7, 8]",2,An accessibility audit found missing aria attributes. This means,1.0,120000,1b
pythia-1b-deduped,step120000,aria attribute,generation,gen_006,"When creating custom components, aria attributes ensure",0.631036,"[0.289546, 0.631036, 0.191151, 0.584778, 0.16047, 0.142771, 0.207476, 0.049542, 0.138597, 0.29149, 0.091109, 0.120571, 0.037964, 0.186776, 0.04525, 0.218305]",1,1.39668,"[7, 8]",2,"When creating custom components, aria attributes ensure",0.3333333333333333,120000,1b
pythia-1b-deduped,step140000,screen reader,generation,gen_001,"In web accessibility, a screen reader is",0.493486,"[0.493486, 0.44696, 0.195841, 0.478173, 0.048226, 0.206943, 0.161607, 0.051054, 0.135152, 0.018818, 0.093148, 0.020714, 0.022999, 0.033515, 0.048357, 0.055278]",0,1.686418,"[6, 7]",2,"In web accessibility, a screen reader is",1.0,140000,1b
pythia-1b-deduped,step140000,screen reader,generation,gen_002,"For blind users, a screen reader",0.482344,"[0.468173, 0.447295, 0.234297, 0.482344, 0.101224, 0.119824, 0.13186, 0.019031, 0.1367, 0.015645, 0.101476, 0.023046, 0.019568, 0.056539, 0.048115, 0.013232]",3,1.506221,"[6, 7]",2,"For blind users, a screen reader",1.0,140000,1b
pythia-1b-deduped,step140000,screen reader,generation,gen_003,"To ensure screen reader compatibility, developers should",0.51521,"[0.438906, 0.345275, 0.295543, 0.51521, 0.087049, 0.097613, 0.091795, 0.056857, 0.31702, 0.067831, 0.095386, 0.022836, 0.041809, 0.090603, 0.148697, 0.200619]",3,1.815511,"[3, 4]",2,"To ensure screen reader compatibility, developers should",0.0,140000,1b
pythia-1b-deduped,step140000,screen reader,generation,gen_004,"Without proper screen reader support, visually impaired users may",0.552188,"[0.455681, 0.419952, 0.336019, 0.552188, 0.131048, 0.076191, 0.132168, 0.047573, 0.202639, 0.074255, 0.150901, 0.019834, 0.069316, 0.091692, 0.032503, 0.106387]",3,1.682948,"[3, 4]",2,"Without proper screen reader support, visually impaired users may",1.0,140000,1b
pythia-1b-deduped,step140000,screen reader,generation,gen_005,An accessibility audit found that the site is not screen reader friendly. This means,0.532683,"[0.512292, 0.518256, 0.20008, 0.532683, 0.080116, 0.11124, 0.087324, 0.024737, 0.10514, 0.010584, 0.175495, 0.028833, 0.045714, 0.052336, 0.050787, 0.028325]",3,1.589318,"[10, 11]",2,An accessibility audit found that the site is not screen reader friendly. This means,0.0,140000,1b
pythia-1b-deduped,step140000,screen reader,generation,gen_006,"When building accessible sites, screen reader compatibility ensures",0.504345,"[0.459281, 0.432272, 0.168372, 0.504345, 0.035284, 0.183805, 0.134147, 0.028334, 0.224213, 0.043033, 0.106459, 0.035146, 0.072824, 0.079949, 0.148473, 0.047626]",3,1.560497,"[6, 7]",2,"When building accessible sites, screen reader compatibility ensures",0.3333333333333333,140000,1b
pythia-1b-deduped,step140000,skip link,generation,gen_001,"In web accessibility, a skip link is",0.572033,"[0.428007, 0.548558, 0.296392, 0.572033, 0.244597, 0.402871, 0.311798, 0.223345, 0.31191, 0.322787, 0.216676, 0.126915, 0.168234, 0.173556, 0.464114, 0.063123]",3,1.498607,"[6, 7]",2,"In web accessibility, a skip link is",0.3333333333333333,140000,1b
pythia-1b-deduped,step140000,skip link,generation,gen_002,"For keyboard navigation, a skip link",0.574691,"[0.401078, 0.503557, 0.349133, 0.574691, 0.096264, 0.361044, 0.303349, 0.214438, 0.234942, 0.301893, 0.24861, 0.09469, 0.100217, 0.208138, 0.514186, 0.07112]",3,1.434601,"[6, 7]",2,"For keyboard navigation, a skip link",0.6666666666666666,140000,1b
pythia-1b-deduped,step140000,skip link,generation,gen_003,"To implement a skip link, developers should",0.686961,"[0.383151, 0.521909, 0.27878, 0.602112, 0.187742, 0.317953, 0.262408, 0.192849, 0.20533, 0.237127, 0.153116, 0.061458, 0.056479, 0.235915, 0.527196, 0.686961]",15,0.882302,"[4, 5]",2,"To implement a skip link, developers should",0.3333333333333333,140000,1b
pythia-1b-deduped,step140000,skip link,generation,gen_004,"Without a skip link, keyboard users may",0.641557,"[0.376404, 0.461176, 0.255348, 0.573299, 0.205567, 0.302073, 0.261337, 0.092212, 0.203627, 0.094017, 0.153244, 0.042333, 0.061471, 0.371463, 0.641557, 0.513305]",14,1.397992,"[3, 4]",2,"Without a skip link, keyboard users may",1.0,140000,1b
pythia-1b-deduped,step140000,skip link,generation,gen_005,An accessibility review noted the absence of a skip link. This means,0.769761,"[0.440162, 0.55324, 0.275114, 0.537785, 0.297599, 0.264298, 0.338491, 0.21899, 0.269483, 0.286561, 0.186585, 0.06573, 0.026229, 0.227331, 0.49429, 0.769761]",15,0.567683,"[9, 10]",2,An accessibility review noted the absence of a skip link. This means,1.0,140000,1b
pythia-1b-deduped,step140000,skip link,generation,gen_006,"When designing accessible navigation, a skip link ensures",0.606635,"[0.429497, 0.51871, 0.298374, 0.606635, 0.14064, 0.280633, 0.37488, 0.158129, 0.182629, 0.324881, 0.267461, 0.081687, 0.084951, 0.23578, 0.427675, 0.231923]",3,1.368362,"[7, 8]",2,"When designing accessible navigation, a skip link ensures",1.0,140000,1b
pythia-1b-deduped,step140000,alt text,generation,gen_001,"In web accessibility, alt text is",0.563527,"[0.563527, 0.474851, 0.054771, 0.553204, 0.436302, 0.139766, 0.216988, 0.108331, 0.450214, 0.156355, 0.118751, 0.040304, 0.05576, 0.06711, 0.501574, 0.012017]",0,1.738211,"[5, 6]",2,"In web accessibility, alt text is",0.6666666666666666,140000,1b
pythia-1b-deduped,step140000,alt text,generation,gen_002,"For blind users, alt text",0.597598,"[0.509245, 0.436005, 0.076752, 0.597598, 0.13143, 0.097524, 0.180145, 0.138648, 0.302268, 0.10584, 0.098669, 0.036885, 0.042796, 0.038876, 0.375017, 0.012597]",3,1.618481,"[5, 6]",2,"For blind users, alt text",1.0,140000,1b
pythia-1b-deduped,step140000,alt text,generation,gen_003,"To write effective alt text, content creators should",0.674763,"[0.520953, 0.465309, 0.370301, 0.655137, 0.674763, 0.519005, 0.20023, 0.1568, 0.17716, 0.216691, 0.11009, 0.122713, 0.067207, 0.030802, 0.0294, 0.036727]",4,0.599657,"[4, 5]",2,"To write effective alt text, content creators should",0.3333333333333333,140000,1b
pythia-1b-deduped,step140000,alt text,generation,gen_004,"Without alt text, screen reader users may",0.632902,"[0.497261, 0.38692, 0.177063, 0.632902, 0.239142, 0.149564, 0.275196, 0.058623, 0.183861, 0.064287, 0.105886, 0.025309, 0.035137, 0.058218, 0.12776, 0.037744]",3,1.738253,"[2, 3]",2,"Without alt text, screen reader users may",0.6666666666666666,140000,1b
pythia-1b-deduped,step140000,alt text,generation,gen_005,An accessibility scan found images lacking alt text. This means,0.613972,"[0.596773, 0.455692, 0.254779, 0.521008, 0.613972, 0.29258, 0.246649, 0.056824, 0.306084, 0.109714, 0.115456, 0.143059, 0.035178, 0.065702, 0.466176, 0.395931]",4,0.810011,"[7, 8]",2,An accessibility scan found images lacking alt text. This means,0.6666666666666666,140000,1b
pythia-1b-deduped,step140000,alt text,generation,gen_006,"When publishing web content, alt text ensures",0.586462,"[0.545524, 0.454885, 0.097223, 0.586462, 0.457961, 0.136862, 0.205005, 0.178309, 0.406695, 0.153374, 0.140851, 0.046478, 0.034187, 0.024609, 0.231233, 0.043792]",3,1.698223,"[6, 7]",2,"When publishing web content, alt text ensures",0.6666666666666666,140000,1b
pythia-1b-deduped,step140000,color contrast,generation,gen_001,"In web accessibility, color contrast is",0.686401,"[0.435877, 0.32863, 0.651603, 0.577818, 0.110258, 0.308518, 0.36464, 0.058111, 0.209652, 0.275936, 0.119831, 0.026963, 0.023136, 0.077322, 0.686401, 0.03608]",14,1.141452,"[5, 6]",2,"In web accessibility, color contrast is",0.0,140000,1b
pythia-1b-deduped,step140000,color contrast,generation,gen_002,"For users with low vision, color contrast",0.617742,"[0.445849, 0.434354, 0.548053, 0.617742, 0.117817, 0.186001, 0.256567, 0.16828, 0.278263, 0.198381, 0.10958, 0.036648, 0.0485, 0.099246, 0.572461, 0.046227]",3,1.406591,"[7, 8]",2,"For users with low vision, color contrast",0.0,140000,1b
pythia-1b-deduped,step140000,color contrast,generation,gen_003,"To achieve sufficient color contrast, designers should",0.772024,"[0.384913, 0.558495, 0.589085, 0.691821, 0.159845, 0.166886, 0.230481, 0.064463, 0.17351, 0.165924, 0.153027, 0.050426, 0.026274, 0.210382, 0.772024, 0.687327]",14,0.890156,"[4, 5]",2,"To achieve sufficient color contrast, designers should",0.3333333333333333,140000,1b
pythia-1b-deduped,step140000,color contrast,generation,gen_004,"Without adequate color contrast, users with visual impairments may",0.687976,"[0.317009, 0.296623, 0.679389, 0.687976, 0.191187, 0.283748, 0.193844, 0.093529, 0.106548, 0.14534, 0.129529, 0.05425, 0.062932, 0.124955, 0.580334, 0.377125]",3,1.375966,"[3, 4]",2,"Without adequate color contrast, users with visual impairments may",0.3333333333333333,140000,1b
pythia-1b-deduped,step140000,color contrast,generation,gen_005,An accessibility checker flagged poor color contrast. This means,0.656968,"[0.387635, 0.345651, 0.651245, 0.656968, 0.222701, 0.204764, 0.265381, 0.097704, 0.15869, 0.155735, 0.079724, 0.04457, 0.022788, 0.056438, 0.442979, 0.115687]",3,1.350523,"[8, 9]",2,An accessibility checker flagged poor color contrast. This means,0.3333333333333333,140000,1b
pythia-1b-deduped,step140000,color contrast,generation,gen_006,"When selecting color palettes, color contrast ensures",0.657435,"[0.315277, 0.417975, 0.657435, 0.610906, 0.246501, 0.304595, 0.321545, 0.033231, 0.087995, 0.242651, 0.143844, 0.019766, 0.038518, 0.066506, 0.548198, 0.090385]",2,1.037059,"[7, 8]",2,"When selecting color palettes, color contrast ensures",0.3333333333333333,140000,1b
pythia-1b-deduped,step140000,focus indicator,generation,gen_001,"In web accessibility, a focus indicator is",0.640574,"[0.139378, 0.532649, 0.285486, 0.640574, 0.606732, 0.268797, 0.399782, 0.182337, 0.205454, 0.098257, 0.051921, 0.028748, 0.063383, 0.099383, 0.212167, 0.00826]",3,1.338735,"[6, 7]",2,"In web accessibility, a focus indicator is",1.0,140000,1b
pythia-1b-deduped,step140000,focus indicator,generation,gen_002,"For keyboard users, a focus indicator",0.689382,"[0.173064, 0.556937, 0.225142, 0.631102, 0.689382, 0.103718, 0.296262, 0.190793, 0.189273, 0.146352, 0.079299, 0.047905, 0.060507, 0.052096, 0.116085, 0.05875]",4,0.595992,"[6, 7]",2,"For keyboard users, a focus indicator",0.3333333333333333,140000,1b
pythia-1b-deduped,step140000,focus indicator,generation,gen_003,"To implement visible focus indicators, developers should",0.540817,"[0.179868, 0.271994, 0.091454, 0.540817, 0.093217, 0.075324, 0.197283, 0.091064, 0.162321, 0.218603, 0.060602, 0.099557, 0.016277, 0.200466, 0.114073, 0.036211]",3,1.492,"[5, 6]",2,"To implement visible focus indicators, developers should",0.0,140000,1b
pythia-1b-deduped,step140000,focus indicator,generation,gen_004,"Without a focus indicator, keyboard-only users may",0.641058,"[0.190087, 0.47434, 0.330457, 0.619089, 0.641058, 0.126865, 0.395214, 0.038659, 0.193055, 0.180111, 0.070625, 0.035519, 0.037029, 0.12162, 0.113691, 0.125807]",4,0.678619,"[3, 4]",2,"Without a focus indicator, keyboard-only users may",0.3333333333333333,140000,1b
pythia-1b-deduped,step140000,focus indicator,generation,gen_005,A usability test revealed missing focus indicators. This means,0.484682,"[0.070562, 0.150972, 0.074839, 0.484682, 0.093475, 0.038811, 0.254878, 0.057968, 0.15004, 0.108186, 0.155173, 0.067201, 0.013846, 0.091548, 0.041697, 0.033291]",3,1.435943,"[7, 8]",2,A usability test revealed missing focus indicators. This means,0.0,140000,1b
pythia-1b-deduped,step140000,focus indicator,generation,gen_006,"When styling interactive elements, a focus indicator ensures",0.654058,"[0.178257, 0.565539, 0.221388, 0.653008, 0.654058, 0.199585, 0.303209, 0.191917, 0.221048, 0.192928, 0.106663, 0.046846, 0.029724, 0.082245, 0.298144, 0.044535]",4,0.658297,"[7, 8]",2,"When styling interactive elements, a focus indicator ensures",0.6666666666666666,140000,1b
pythia-1b-deduped,step140000,heading structure,generation,gen_001,"In web accessibility, heading structure is",0.742855,"[0.297779, 0.428904, 0.240998, 0.607856, 0.742855, 0.222829, 0.308235, 0.049643, 0.242348, 0.357572, 0.091659, 0.032146, 0.037893, 0.070814, 0.506735, 0.401399]",4,0.827395,"[5, 6]",2,"In web accessibility, heading structure is",0.0,140000,1b
pythia-1b-deduped,step140000,heading structure,generation,gen_002,"For screen readers, heading structure",0.806771,"[0.295939, 0.447527, 0.222843, 0.583945, 0.806771, 0.255927, 0.151413, 0.043694, 0.211254, 0.296233, 0.078557, 0.018916, 0.024809, 0.117571, 0.252191, 0.308424]",4,0.685634,"[5, 6]",2,"For screen readers, heading structure",0.0,140000,1b
pythia-1b-deduped,step140000,heading structure,generation,gen_003,"To create proper heading structure, content authors should",0.698235,"[0.31172, 0.490449, 0.185033, 0.698235, 0.132394, 0.121384, 0.354141, 0.102506, 0.197456, 0.107671, 0.12241, 0.061433, 0.055789, 0.182135, 0.546786, 0.639455]",3,1.195961,"[4, 5]",2,"To create proper heading structure, content authors should",0.3333333333333333,140000,1b
pythia-1b-deduped,step140000,heading structure,generation,gen_004,"Without logical heading structure, screen reader users may",0.719471,"[0.334908, 0.467506, 0.247008, 0.719471, 0.057506, 0.147029, 0.286681, 0.094644, 0.158138, 0.179292, 0.090471, 0.045846, 0.031538, 0.117939, 0.392501, 0.08835]",3,1.321476,"[3, 4]",2,"Without logical heading structure, screen reader users may",0.0,140000,1b
pythia-1b-deduped,step140000,heading structure,generation,gen_005,An accessibility evaluation found improper heading structure. This means,0.661748,"[0.336778, 0.501636, 0.22302, 0.661748, 0.258777, 0.080187, 0.344479, 0.060533, 0.142498, 0.192822, 0.192976, 0.044672, 0.013172, 0.141624, 0.501706, 0.121723]",3,1.436688,"[6, 7]",2,An accessibility evaluation found improper heading structure. This means,0.3333333333333333,140000,1b
pythia-1b-deduped,step140000,heading structure,generation,gen_006,"When organizing page content, heading structure ensures",0.600995,"[0.265452, 0.405564, 0.273647, 0.600995, 0.58672, 0.241334, 0.337857, 0.095374, 0.208334, 0.375811, 0.090247, 0.024466, 0.026155, 0.113565, 0.389175, 0.124662]",3,1.493155,"[6, 7]",2,"When organizing page content, heading structure ensures",0.3333333333333333,140000,1b
pythia-1b-deduped,step140000,keyboard navigation,generation,gen_001,"In web accessibility, keyboard navigation is",0.683059,"[0.398437, 0.456196, 0.470451, 0.593442, 0.087283, 0.236437, 0.409429, 0.186759, 0.138883, 0.36063, 0.105063, 0.040505, 0.021366, 0.133968, 0.683059, 0.066414]",14,1.190401,"[5, 6]",2,"In web accessibility, keyboard navigation is",0.0,140000,1b
pythia-1b-deduped,step140000,keyboard navigation,generation,gen_002,"For users with motor disabilities, keyboard navigation",0.692802,"[0.351554, 0.386773, 0.504555, 0.610662, 0.056414, 0.166292, 0.333903, 0.243925, 0.100438, 0.361242, 0.134443, 0.068424, 0.060943, 0.165818, 0.692802, 0.069247]",14,1.38727,"[7, 8]",2,"For users with motor disabilities, keyboard navigation",0.0,140000,1b
pythia-1b-deduped,step140000,keyboard navigation,generation,gen_003,"To support keyboard navigation, developers should",0.671286,"[0.376497, 0.314951, 0.377488, 0.608896, 0.107202, 0.107892, 0.24937, 0.071654, 0.090195, 0.413465, 0.151671, 0.076751, 0.044245, 0.14612, 0.617719, 0.671286]",15,1.100027,"[3, 4]",2,"To support keyboard navigation, developers should",0.0,140000,1b
pythia-1b-deduped,step140000,keyboard navigation,generation,gen_004,"Without keyboard navigation support, motor-impaired users may",0.665177,"[0.369207, 0.38707, 0.303775, 0.665177, 0.352872, 0.204162, 0.235957, 0.067327, 0.107454, 0.132582, 0.103636, 0.032716, 0.068818, 0.217254, 0.565379, 0.627818]",3,1.477224,"[2, 3]",2,"Without keyboard navigation support, motor-impaired users may",0.0,140000,1b
pythia-1b-deduped,step140000,keyboard navigation,generation,gen_005,A manual test revealed keyboard navigation failures. This means,0.566481,"[0.43355, 0.390911, 0.558761, 0.562647, 0.172426, 0.117128, 0.216121, 0.185156, 0.066535, 0.291185, 0.194614, 0.044786, 0.034146, 0.289184, 0.566481, 0.125255]",14,1.552228,"[5, 6]",2,A manual test revealed keyboard navigation failures. This means,0.0,140000,1b
pythia-1b-deduped,step140000,keyboard navigation,generation,gen_006,"When developing interactive features, keyboard navigation ensures",0.735888,"[0.403925, 0.489486, 0.433274, 0.576136, 0.110621, 0.232495, 0.360747, 0.195284, 0.131091, 0.370796, 0.111716, 0.042319, 0.009901, 0.155786, 0.735888, 0.015574]",14,1.034368,"[6, 7]",2,"When developing interactive features, keyboard navigation ensures",0.0,140000,1b
pythia-1b-deduped,step140000,landmark region,generation,gen_001,"In web accessibility, a landmark region is",0.781968,"[0.239386, 0.608162, 0.199515, 0.507386, 0.092667, 0.175382, 0.275416, 0.47918, 0.234084, 0.18266, 0.126141, 0.050628, 0.020187, 0.367665, 0.781968, 0.412821]",14,1.258289,"[6, 7]",2,"In web accessibility, a landmark region is",0.0,140000,1b
pythia-1b-deduped,step140000,landmark region,generation,gen_002,"For screen reader users, landmark regions",0.0,"[0.0, 0.0, 0.0, 0.0, 0.0, 0.0, 0.0, 0.0, 0.0, 0.0, 0.0, 0.0, 0.0, 0.0, 0.0, 0.0]",0,2.079441,[7],3,"For screen reader users, landmark regions",0.0,140000,1b
pythia-1b-deduped,step140000,landmark region,generation,gen_003,"To implement landmark regions, developers should",0.276479,"[0.148411, 0.135086, 0.044575, 0.276479, 0.029815, 0.154445, 0.095868, 0.06518, 0.071493, 0.156182, 0.068098, 0.147482, 0.013451, 0.188042, 0.193638, 0.219493]",3,1.943812,"[4, 5, 6]",3,"To implement landmark regions, developers should",0.0,140000,1b
pythia-1b-deduped,step140000,landmark region,generation,gen_004,"Without proper landmark regions, assistive technology users may",0.26692,"[0.198537, 0.159614, 0.048847, 0.26692, 0.081362, 0.072114, 0.137187, 0.041483, 0.122735, 0.114193, 0.092714, 0.047692, 0.023772, 0.167288, 0.164905, 0.0967]",3,1.992905,"[4, 5, 6]",3,"Without proper landmark regions, assistive technology users may",0.0,140000,1b
pythia-1b-deduped,step140000,landmark region,generation,gen_005,An HTML validation found missing landmark regions. This means,0.282113,"[0.197522, 0.093687, 0.079842, 0.282113, 0.092017, 0.091145, 0.122684, 0.074169, 0.090161, 0.067444, 0.186561, 0.071899, 0.031917, 0.145596, 0.056568, 0.217285]",3,1.90631,"[7, 8, 9]",3,An HTML validation found missing landmark regions. This means,0.0,140000,1b
pythia-1b-deduped,step140000,landmark region,generation,gen_006,"When structuring page layout, landmark regions ensure",0.585482,"[0.128988, 0.573516, 0.082603, 0.585482, 0.100216, 0.064047, 0.224611, 0.059032, 0.187665, 0.355606, 0.128725, 0.117357, 0.014343, 0.290954, 0.070717, 0.218456]",3,1.329743,"[8, 9]",3,"When structuring page layout, landmark regions ensure",0.0,140000,1b
pythia-1b-deduped,step140000,aria attribute,generation,gen_001,"In web accessibility, an aria attribute is",0.644149,"[0.427064, 0.567929, 0.248032, 0.628609, 0.644149, 0.105869, 0.341666, 0.15906, 0.272292, 0.184735, 0.125217, 0.203404, 0.067228, 0.192923, 0.43585, 0.137305]",4,1.003234,"[6, 7]",2,"In web accessibility, an aria attribute is",0.6666666666666666,140000,1b
pythia-1b-deduped,step140000,aria attribute,generation,gen_002,"For screen reader users, aria attributes",0.0,"[0.0, 0.0, 0.0, 0.0, 0.0, 0.0, 0.0, 0.0, 0.0, 0.0, 0.0, 0.0, 0.0, 0.0, 0.0, 0.0]",0,2.079441,[7],2,"For screen reader users, aria attributes",0.3333333333333333,140000,1b
pythia-1b-deduped,step140000,aria attribute,generation,gen_003,"To use aria attributes correctly, developers should",0.727673,"[0.184217, 0.408313, 0.21361, 0.727673, 0.03404, 0.059566, 0.259783, 0.112768, 0.051081, 0.232617, 0.159271, 0.099442, 0.017616, 0.221616, 0.531126, 0.046768]",3,0.98129,"[4, 5]",2,"To use aria attributes correctly, developers should",0.6666666666666666,140000,1b
pythia-1b-deduped,step140000,aria attribute,generation,gen_004,"Without appropriate aria attributes, custom widgets may",0.522859,"[0.167002, 0.316884, 0.09879, 0.522859, 0.09142, 0.072472, 0.241542, 0.109755, 0.203752, 0.225676, 0.086886, 0.093691, 0.027493, 0.200117, 0.077495, 0.083751]",3,1.460403,"[4, 5]",2,"Without appropriate aria attributes, custom widgets may",0.0,140000,1b
pythia-1b-deduped,step140000,aria attribute,generation,gen_005,An accessibility audit found missing aria attributes. This means,0.485182,"[0.101725, 0.160339, 0.115073, 0.485182, 0.053613, 0.091551, 0.115631, 0.090155, 0.080941, 0.109137, 0.053794, 0.039, 0.015433, 0.144663, 0.083955, 0.105738]",3,1.411492,"[7, 8]",2,An accessibility audit found missing aria attributes. This means,0.0,140000,1b
pythia-1b-deduped,step140000,aria attribute,generation,gen_006,"When creating custom components, aria attributes ensure",0.660209,"[0.292744, 0.660209, 0.198964, 0.592997, 0.15088, 0.147741, 0.176559, 0.05522, 0.150734, 0.260962, 0.083078, 0.072336, 0.041721, 0.195977, 0.048879, 0.472607]",1,1.284785,"[7, 8]",2,"When creating custom components, aria attributes ensure",0.0,140000,1b
pythia-1b-deduped,step143000,screen reader,generation,gen_001,"In web accessibility, a screen reader is",0.520115,"[0.520115, 0.473288, 0.205677, 0.454249, 0.050271, 0.222708, 0.154433, 0.040556, 0.144501, 0.019163, 0.088339, 0.01707, 0.033734, 0.041228, 0.064775, 0.034085]",0,1.657014,"[6, 7]",2,"In web accessibility, a screen reader is",1.0,143000,1b
pythia-1b-deduped,step143000,screen reader,generation,gen_002,"For blind users, a screen reader",0.485132,"[0.485132, 0.46719, 0.246408, 0.451464, 0.098471, 0.131776, 0.127489, 0.022505, 0.1289, 0.017343, 0.090156, 0.029021, 0.020717, 0.053276, 0.059395, 0.008921]",0,1.69287,"[6, 7]",2,"For blind users, a screen reader",1.0,143000,1b
pythia-1b-deduped,step143000,screen reader,generation,gen_003,"To ensure screen reader compatibility, developers should",0.502709,"[0.464194, 0.373241, 0.299082, 0.502709, 0.072334, 0.110776, 0.093319, 0.046555, 0.327639, 0.058341, 0.097257, 0.016066, 0.037223, 0.086111, 0.151615, 0.264813]",3,1.831477,"[3, 4]",2,"To ensure screen reader compatibility, developers should",0.3333333333333333,143000,1b
pythia-1b-deduped,step143000,screen reader,generation,gen_004,"Without proper screen reader support, visually impaired users may",0.545833,"[0.478623, 0.430489, 0.320122, 0.545833, 0.122639, 0.0808, 0.128199, 0.044464, 0.203705, 0.073027, 0.182581, 0.016269, 0.082461, 0.091621, 0.059481, 0.151014]",3,1.704164,"[3, 4]",2,"Without proper screen reader support, visually impaired users may",0.3333333333333333,143000,1b
pythia-1b-deduped,step143000,screen reader,generation,gen_005,An accessibility audit found that the site is not screen reader friendly. This means,0.539786,"[0.535742, 0.539786, 0.217485, 0.537294, 0.07438, 0.113349, 0.08964, 0.026322, 0.099851, 0.012315, 0.180008, 0.023878, 0.073929, 0.054512, 0.059921, 0.036737]",1,1.666783,"[10, 11]",2,An accessibility audit found that the site is not screen reader friendly. This means,0.0,143000,1b
pythia-1b-deduped,step143000,screen reader,generation,gen_006,"When building accessible sites, screen reader compatibility ensures",0.49899,"[0.486873, 0.449098, 0.176273, 0.49899, 0.032893, 0.177404, 0.129685, 0.045041, 0.219583, 0.026199, 0.073043, 0.028798, 0.055861, 0.078612, 0.241993, 0.050866]",3,1.612939,"[6, 7]",2,"When building accessible sites, screen reader compatibility ensures",0.3333333333333333,143000,1b
pythia-1b-deduped,step143000,skip link,generation,gen_001,"In web accessibility, a skip link is",0.576094,"[0.430635, 0.576094, 0.251668, 0.575429, 0.240674, 0.415981, 0.353723, 0.221638, 0.342695, 0.32217, 0.228593, 0.146143, 0.16639, 0.152045, 0.364845, 0.017806]",1,1.737614,"[6, 7]",2,"In web accessibility, a skip link is",1.0,143000,1b
pythia-1b-deduped,step143000,skip link,generation,gen_002,"For keyboard navigation, a skip link",0.589808,"[0.399383, 0.528614, 0.307509, 0.589808, 0.070442, 0.334877, 0.324067, 0.239298, 0.259713, 0.324371, 0.235805, 0.095074, 0.116345, 0.16454, 0.449311, 0.103714]",3,1.427216,"[6, 7]",2,"For keyboard navigation, a skip link",0.6666666666666666,143000,1b
pythia-1b-deduped,step143000,skip link,generation,gen_003,"To implement a skip link, developers should",0.608839,"[0.378239, 0.534265, 0.235715, 0.608839, 0.122723, 0.311101, 0.28624, 0.211521, 0.211525, 0.248822, 0.173593, 0.065515, 0.052361, 0.189019, 0.457423, 0.481647]",3,1.529422,"[4, 5]",2,"To implement a skip link, developers should",0.0,143000,1b
pythia-1b-deduped,step143000,skip link,generation,gen_004,"Without a skip link, keyboard users may",0.569432,"[0.377391, 0.476153, 0.20289, 0.569432, 0.138181, 0.335051, 0.262536, 0.092566, 0.230744, 0.096039, 0.165347, 0.042292, 0.07232, 0.339341, 0.547302, 0.369234]",3,1.551628,"[3, 4]",2,"Without a skip link, keyboard users may",0.6666666666666666,143000,1b
pythia-1b-deduped,step143000,skip link,generation,gen_005,An accessibility review noted the absence of a skip link. This means,0.573406,"[0.443187, 0.573406, 0.244452, 0.546027, 0.226388, 0.259363, 0.362065, 0.218787, 0.264479, 0.282757, 0.20193, 0.084557, 0.034146, 0.166492, 0.436585, 0.4926]",1,1.637179,"[9, 10]",2,An accessibility review noted the absence of a skip link. This means,0.6666666666666666,143000,1b
pythia-1b-deduped,step143000,skip link,generation,gen_006,"When designing accessible navigation, a skip link ensures",0.617769,"[0.432589, 0.545534, 0.269684, 0.617769, 0.12001, 0.272879, 0.398789, 0.181215, 0.199793, 0.318578, 0.263502, 0.090413, 0.095929, 0.189984, 0.353761, 0.378207]",3,1.376297,"[7, 8]",2,"When designing accessible navigation, a skip link ensures",1.0,143000,1b
pythia-1b-deduped,step143000,alt text,generation,gen_001,"In web accessibility, alt text is",0.567099,"[0.567099, 0.459983, 0.057411, 0.550203, 0.422059, 0.146408, 0.199366, 0.097271, 0.435919, 0.162063, 0.120317, 0.02828, 0.031581, 0.060941, 0.2045, 0.037847]",0,1.734868,"[5, 6]",2,"In web accessibility, alt text is",1.0,143000,1b
pythia-1b-deduped,step143000,alt text,generation,gen_002,"For blind users, alt text",0.583672,"[0.507529, 0.41547, 0.078526, 0.583672, 0.114793, 0.09907, 0.159812, 0.117808, 0.23829, 0.126755, 0.100185, 0.039108, 0.029955, 0.045363, 0.176179, 0.014918]",3,1.621594,"[5, 6]",2,"For blind users, alt text",1.0,143000,1b
pythia-1b-deduped,step143000,alt text,generation,gen_003,"To write effective alt text, content creators should",0.650767,"[0.521498, 0.467001, 0.402214, 0.650767, 0.573698, 0.487636, 0.196643, 0.149809, 0.210843, 0.163933, 0.117557, 0.154686, 0.068775, 0.04047, 0.029273, 0.023161]",3,1.789495,"[4, 5]",2,"To write effective alt text, content creators should",0.3333333333333333,143000,1b
pythia-1b-deduped,step143000,alt text,generation,gen_004,"Without alt text, screen reader users may",0.62554,"[0.498595, 0.3726, 0.209836, 0.62554, 0.25176, 0.156784, 0.246583, 0.059805, 0.200968, 0.065053, 0.119946, 0.023292, 0.024611, 0.052496, 0.126764, 0.028459]",3,1.741807,"[2, 3]",2,"Without alt text, screen reader users may",0.3333333333333333,143000,1b
pythia-1b-deduped,step143000,alt text,generation,gen_005,An accessibility scan found images lacking alt text. This means,0.60075,"[0.60075, 0.445949, 0.284381, 0.52594, 0.574114, 0.271224, 0.240698, 0.040143, 0.33645, 0.083755, 0.103774, 0.160821, 0.025011, 0.078314, 0.470642, 0.150359]",0,1.680686,"[7, 8]",2,An accessibility scan found images lacking alt text. This means,0.6666666666666666,143000,1b
pythia-1b-deduped,step143000,alt text,generation,gen_006,"When publishing web content, alt text ensures",0.583392,"[0.544851, 0.441607, 0.10219, 0.583392, 0.434986, 0.14787, 0.18576, 0.136226, 0.389034, 0.158673, 0.157191, 0.041578, 0.023936, 0.027427, 0.110283, 0.045955]",3,1.688095,"[6, 7]",2,"When publishing web content, alt text ensures",0.6666666666666666,143000,1b
pythia-1b-deduped,step143000,color contrast,generation,gen_001,"In web accessibility, color contrast is",0.633742,"[0.418801, 0.295491, 0.633742, 0.591622, 0.153034, 0.34358, 0.377626, 0.056577, 0.265945, 0.228058, 0.100945, 0.040626, 0.030803, 0.076054, 0.567079, 0.025587]",2,1.372927,"[5, 6]",2,"In web accessibility, color contrast is",0.0,143000,1b
pythia-1b-deduped,step143000,color contrast,generation,gen_002,"For users with low vision, color contrast",0.637054,"[0.418587, 0.42685, 0.537422, 0.637054, 0.1415, 0.174474, 0.252782, 0.177297, 0.240817, 0.196776, 0.102105, 0.035761, 0.061217, 0.103311, 0.484254, 0.025289]",3,1.411106,"[7, 8]",2,"For users with low vision, color contrast",0.0,143000,1b
pythia-1b-deduped,step143000,color contrast,generation,gen_003,"To achieve sufficient color contrast, designers should",0.701026,"[0.371431, 0.551112, 0.568007, 0.701026, 0.163664, 0.211426, 0.225555, 0.064408, 0.184468, 0.14578, 0.175378, 0.066167, 0.025335, 0.224869, 0.697469, 0.049773]",3,1.24449,"[4, 5]",2,"To achieve sufficient color contrast, designers should",0.3333333333333333,143000,1b
pythia-1b-deduped,step143000,color contrast,generation,gen_004,"Without adequate color contrast, users with visual impairments may",0.704136,"[0.291647, 0.334153, 0.664977, 0.704136, 0.193621, 0.325679, 0.195189, 0.122464, 0.090398, 0.154098, 0.174957, 0.06777, 0.055576, 0.141841, 0.413934, 0.058872]",3,1.347542,"[3, 4]",2,"Without adequate color contrast, users with visual impairments may",0.3333333333333333,143000,1b
pythia-1b-deduped,step143000,color contrast,generation,gen_005,An accessibility checker flagged poor color contrast. This means,0.671971,"[0.365911, 0.382136, 0.671971, 0.657055, 0.1768, 0.210331, 0.254395, 0.094189, 0.172793, 0.135914, 0.10005, 0.046975, 0.035087, 0.071944, 0.468379, 0.106721]",2,1.476444,"[8, 9]",2,An accessibility checker flagged poor color contrast. This means,0.6666666666666666,143000,1b
pythia-1b-deduped,step143000,color contrast,generation,gen_006,"When selecting color palettes, color contrast ensures",0.653297,"[0.309022, 0.387215, 0.653297, 0.627744, 0.221879, 0.326741, 0.323447, 0.040191, 0.095293, 0.22278, 0.151719, 0.024388, 0.043497, 0.064059, 0.37518, 0.062207]",2,1.041213,"[7, 8]",2,"When selecting color palettes, color contrast ensures",0.6666666666666666,143000,1b
pythia-1b-deduped,step143000,focus indicator,generation,gen_001,"In web accessibility, a focus indicator is",0.641508,"[0.143652, 0.53401, 0.256381, 0.628405, 0.641508, 0.248381, 0.382232, 0.152502, 0.200497, 0.096726, 0.052304, 0.02599, 0.061031, 0.11074, 0.376955, 0.24249]",4,0.487075,"[6, 7]",2,"In web accessibility, a focus indicator is",0.6666666666666666,143000,1b
pythia-1b-deduped,step143000,focus indicator,generation,gen_002,"For keyboard users, a focus indicator",0.723852,"[0.198628, 0.564422, 0.21367, 0.614715, 0.723852, 0.137653, 0.281763, 0.163344, 0.179229, 0.135184, 0.076204, 0.04022, 0.066727, 0.055723, 0.160168, 0.07373]",4,0.569586,"[6, 7]",2,"For keyboard users, a focus indicator",0.0,143000,1b
pythia-1b-deduped,step143000,focus indicator,generation,gen_003,"To implement visible focus indicators, developers should",0.543705,"[0.185217, 0.26674, 0.090878, 0.543705, 0.094354, 0.070748, 0.189732, 0.105058, 0.157258, 0.190521, 0.069021, 0.091794, 0.014537, 0.184828, 0.121369, 0.064347]",3,1.465986,"[5, 6]",2,"To implement visible focus indicators, developers should",0.0,143000,1b
pythia-1b-deduped,step143000,focus indicator,generation,gen_004,"Without a focus indicator, keyboard-only users may",0.604812,"[0.193973, 0.484285, 0.335569, 0.604812, 0.596374, 0.125881, 0.387101, 0.037768, 0.208292, 0.186964, 0.069398, 0.031477, 0.039031, 0.118065, 0.143385, 0.138622]",3,1.456952,"[3, 4]",2,"Without a focus indicator, keyboard-only users may",0.3333333333333333,143000,1b
pythia-1b-deduped,step143000,focus indicator,generation,gen_005,A usability test revealed missing focus indicators. This means,0.484905,"[0.077356, 0.154197, 0.083134, 0.484905, 0.108016, 0.045526, 0.249873, 0.054949, 0.181302, 0.100459, 0.209569, 0.071751, 0.011464, 0.074043, 0.04088, 0.063772]",3,1.461077,"[7, 8]",2,A usability test revealed missing focus indicators. This means,0.0,143000,1b
pythia-1b-deduped,step143000,focus indicator,generation,gen_006,"When styling interactive elements, a focus indicator ensures",0.687156,"[0.180058, 0.571701, 0.228195, 0.638416, 0.687156, 0.194408, 0.286598, 0.16805, 0.215421, 0.145564, 0.089951, 0.031496, 0.031797, 0.069257, 0.435767, 0.078478]",4,0.602351,"[7, 8]",2,"When styling interactive elements, a focus indicator ensures",0.6666666666666666,143000,1b
pythia-1b-deduped,step143000,heading structure,generation,gen_001,"In web accessibility, heading structure is",0.761554,"[0.31397, 0.451043, 0.269876, 0.604198, 0.761554, 0.277382, 0.326502, 0.07279, 0.299404, 0.377002, 0.082745, 0.031788, 0.041471, 0.064905, 0.131198, 0.075929]",4,0.828549,"[5, 6]",2,"In web accessibility, heading structure is",0.0,143000,1b
pythia-1b-deduped,step143000,heading structure,generation,gen_002,"For screen readers, heading structure",0.821832,"[0.275635, 0.487202, 0.230493, 0.584453, 0.821832, 0.2764, 0.175334, 0.040509, 0.2284, 0.293485, 0.09175, 0.016935, 0.023363, 0.121445, 0.084355, 0.139389]",4,0.677542,"[5, 6]",2,"For screen readers, heading structure",0.0,143000,1b
pythia-1b-deduped,step143000,heading structure,generation,gen_003,"To create proper heading structure, content authors should",0.850043,"[0.338819, 0.506276, 0.179774, 0.707965, 0.154671, 0.114593, 0.331423, 0.128745, 0.198841, 0.097418, 0.162787, 0.065897, 0.049046, 0.180634, 0.388507, 0.850043]",15,0.682653,"[4, 5]",2,"To create proper heading structure, content authors should",0.3333333333333333,143000,1b
pythia-1b-deduped,step143000,heading structure,generation,gen_004,"Without logical heading structure, screen reader users may",0.718748,"[0.352786, 0.461319, 0.266373, 0.718748, 0.069144, 0.160089, 0.282831, 0.08163, 0.167889, 0.188123, 0.091598, 0.036457, 0.035475, 0.114698, 0.390699, 0.091822]",3,1.343428,"[3, 4]",2,"Without logical heading structure, screen reader users may",0.0,143000,1b
pythia-1b-deduped,step143000,heading structure,generation,gen_005,An accessibility evaluation found improper heading structure. This means,0.657972,"[0.353571, 0.501465, 0.227077, 0.657972, 0.321665, 0.067289, 0.30758, 0.060797, 0.130587, 0.177461, 0.189955, 0.049114, 0.013789, 0.165718, 0.288648, 0.290738]",3,1.45352,"[6, 7]",2,An accessibility evaluation found improper heading structure. This means,0.3333333333333333,143000,1b
pythia-1b-deduped,step143000,heading structure,generation,gen_006,"When organizing page content, heading structure ensures",0.605117,"[0.250926, 0.428852, 0.288086, 0.594171, 0.605117, 0.239736, 0.334811, 0.123446, 0.234836, 0.39991, 0.095479, 0.026893, 0.025416, 0.12808, 0.172078, 0.497312]",4,0.92622,"[6, 7]",2,"When organizing page content, heading structure ensures",0.3333333333333333,143000,1b
pythia-1b-deduped,step143000,keyboard navigation,generation,gen_001,"In web accessibility, keyboard navigation is",0.659955,"[0.403289, 0.440713, 0.424299, 0.585063, 0.108005, 0.313176, 0.403134, 0.202621, 0.124796, 0.332931, 0.114071, 0.023765, 0.024468, 0.117924, 0.659955, 0.005463]",14,1.199979,"[5, 6]",2,"In web accessibility, keyboard navigation is",0.0,143000,1b
pythia-1b-deduped,step143000,keyboard navigation,generation,gen_002,"For users with motor disabilities, keyboard navigation",0.739652,"[0.351868, 0.412501, 0.478059, 0.605407, 0.072872, 0.193005, 0.343028, 0.260108, 0.112755, 0.354423, 0.11737, 0.061797, 0.057348, 0.15062, 0.739652, 0.033498]",14,1.345607,"[7, 8]",2,"For users with motor disabilities, keyboard navigation",0.0,143000,1b
pythia-1b-deduped,step143000,keyboard navigation,generation,gen_003,"To support keyboard navigation, developers should",0.610748,"[0.36929, 0.296031, 0.404585, 0.605131, 0.105885, 0.123393, 0.229176, 0.095867, 0.094424, 0.428284, 0.148188, 0.059454, 0.037688, 0.113555, 0.610748, 0.485778]",14,1.424673,"[3, 4]",2,"To support keyboard navigation, developers should",0.0,143000,1b
pythia-1b-deduped,step143000,keyboard navigation,generation,gen_004,"Without keyboard navigation support, motor-impaired users may",0.646706,"[0.365158, 0.379939, 0.264549, 0.646706, 0.415189, 0.227876, 0.224745, 0.082554, 0.134673, 0.119848, 0.095337, 0.025658, 0.055556, 0.191144, 0.567159, 0.51152]",3,1.528551,"[2, 3]",2,"Without keyboard navigation support, motor-impaired users may",0.0,143000,1b
pythia-1b-deduped,step143000,keyboard navigation,generation,gen_005,A manual test revealed keyboard navigation failures. This means,0.566763,"[0.428313, 0.389372, 0.561762, 0.52291, 0.21255, 0.118965, 0.201528, 0.200528, 0.06912, 0.23026, 0.175689, 0.033505, 0.035546, 0.231108, 0.566763, 0.133183]",14,1.510927,"[5, 6]",2,A manual test revealed keyboard navigation failures. This means,0.0,143000,1b
pythia-1b-deduped,step143000,keyboard navigation,generation,gen_006,"When developing interactive features, keyboard navigation ensures",0.702225,"[0.405662, 0.473484, 0.361531, 0.566187, 0.085537, 0.276198, 0.333367, 0.215905, 0.121915, 0.326466, 0.111902, 0.024099, 0.011062, 0.157793, 0.702225, 0.034672]",14,1.015809,"[6, 7]",2,"When developing interactive features, keyboard navigation ensures",0.0,143000,1b
pythia-1b-deduped,step143000,landmark region,generation,gen_001,"In web accessibility, a landmark region is",0.783547,"[0.2169, 0.61037, 0.158185, 0.502734, 0.100897, 0.160371, 0.324439, 0.488847, 0.224368, 0.203532, 0.151959, 0.058117, 0.036531, 0.389663, 0.783547, 0.637952]",14,1.2115,"[6, 7]",2,"In web accessibility, a landmark region is",0.0,143000,1b
pythia-1b-deduped,step143000,landmark region,generation,gen_002,"For screen reader users, landmark regions",0.0,"[0.0, 0.0, 0.0, 0.0, 0.0, 0.0, 0.0, 0.0, 0.0, 0.0, 0.0, 0.0, 0.0, 0.0, 0.0, 0.0]",0,2.079441,[7],3,"For screen reader users, landmark regions",0.0,143000,1b
pythia-1b-deduped,step143000,landmark region,generation,gen_003,"To implement landmark regions, developers should",0.272049,"[0.148538, 0.134645, 0.044172, 0.272049, 0.0309, 0.140622, 0.109325, 0.06326, 0.068432, 0.151109, 0.068584, 0.155635, 0.013414, 0.195753, 0.207094, 0.236759]",3,1.944902,"[4, 5, 6]",3,"To implement landmark regions, developers should",0.0,143000,1b
pythia-1b-deduped,step143000,landmark region,generation,gen_004,"Without proper landmark regions, assistive technology users may",0.27054,"[0.205707, 0.152554, 0.050994, 0.27054, 0.080637, 0.074913, 0.14175, 0.053382, 0.14535, 0.099493, 0.09668, 0.049372, 0.022028, 0.175643, 0.1519, 0.149669]",3,1.982504,"[4, 5, 6]",3,"Without proper landmark regions, assistive technology users may",0.0,143000,1b
pythia-1b-deduped,step143000,landmark region,generation,gen_005,An HTML validation found missing landmark regions. This means,0.27803,"[0.193605, 0.100114, 0.079712, 0.27803, 0.089277, 0.09037, 0.131854, 0.062521, 0.102229, 0.062734, 0.20359, 0.084031, 0.033425, 0.139667, 0.046887, 0.230944]",3,1.914493,"[7, 8, 9]",3,An HTML validation found missing landmark regions. This means,0.0,143000,1b
pythia-1b-deduped,step143000,landmark region,generation,gen_006,"When structuring page layout, landmark regions ensure",0.577775,"[0.136371, 0.565004, 0.086267, 0.577775, 0.1268, 0.086232, 0.276248, 0.059104, 0.191598, 0.381352, 0.129865, 0.119544, 0.019367, 0.281291, 0.06182, 0.147408]",3,1.352038,"[8, 9]",3,"When structuring page layout, landmark regions ensure",0.0,143000,1b
pythia-1b-deduped,step143000,aria attribute,generation,gen_001,"In web accessibility, an aria attribute is",0.648677,"[0.397382, 0.552226, 0.213371, 0.648677, 0.609048, 0.102475, 0.344711, 0.154963, 0.313482, 0.166953, 0.128555, 0.214385, 0.063, 0.213072, 0.419756, 0.04512]",3,1.35873,"[6, 7]",2,"In web accessibility, an aria attribute is",1.0,143000,1b
pythia-1b-deduped,step143000,aria attribute,generation,gen_002,"For screen reader users, aria attributes",0.0,"[0.0, 0.0, 0.0, 0.0, 0.0, 0.0, 0.0, 0.0, 0.0, 0.0, 0.0, 0.0, 0.0, 0.0, 0.0, 0.0]",0,2.079441,[7],2,"For screen reader users, aria attributes",0.0,143000,1b
pythia-1b-deduped,step143000,aria attribute,generation,gen_003,"To use aria attributes correctly, developers should",0.737876,"[0.195898, 0.404804, 0.235304, 0.737876, 0.032811, 0.059466, 0.26638, 0.106918, 0.0688, 0.194899, 0.132496, 0.075626, 0.014279, 0.246368, 0.593403, 0.030814]",3,0.9708,"[4, 5]",2,"To use aria attributes correctly, developers should",0.6666666666666666,143000,1b
pythia-1b-deduped,step143000,aria attribute,generation,gen_004,"Without appropriate aria attributes, custom widgets may",0.516335,"[0.167741, 0.3113, 0.095595, 0.516335, 0.102136, 0.077859, 0.22357, 0.103533, 0.201292, 0.231413, 0.071518, 0.084271, 0.038804, 0.210104, 0.106719, 0.018105]",3,1.486403,"[4, 5]",2,"Without appropriate aria attributes, custom widgets may",0.6666666666666666,143000,1b
pythia-1b-deduped,step143000,aria attribute,generation,gen_005,An accessibility audit found missing aria attributes. This means,0.486772,"[0.091235, 0.145521, 0.116119, 0.486772, 0.040555, 0.087858, 0.132128, 0.082033, 0.108704, 0.112488, 0.097498, 0.068766, 0.025349, 0.139484, 0.077417, 0.053846]",3,1.456526,"[7, 8]",2,An accessibility audit found missing aria attributes. This means,0.3333333333333333,143000,1b
pythia-1b-deduped,step143000,aria attribute,generation,gen_006,"When creating custom components, aria attributes ensure",0.665326,"[0.284247, 0.665326, 0.186574, 0.565147, 0.14765, 0.155167, 0.175718, 0.052182, 0.154646, 0.242435, 0.080084, 0.096955, 0.034294, 0.210543, 0.056403, 0.288019]",1,1.316217,"[7, 8]",2,"When creating custom components, aria attributes ensure",0.3333333333333333,143000,1b
pythia-1b-deduped,step15000,screen reader,generation,gen_001,"In web accessibility, a screen reader is",0.632382,"[0.632382, 0.413839, 0.294296, 0.561659, 0.033301, 0.323849, 0.143491, 0.041673, 0.143576, 0.111418, 0.044095, 0.100712, 0.075672, 0.072488, 0.096021, 0.095012]",0,1.642218,"[6, 7]",2,"In web accessibility, a screen reader is",1.0,15000,1b
pythia-1b-deduped,step15000,screen reader,generation,gen_002,"For blind users, a screen reader",0.612705,"[0.612705, 0.412107, 0.509336, 0.576407, 0.081451, 0.265372, 0.172669, 0.038568, 0.195539, 0.074035, 0.052389, 0.065487, 0.09019, 0.084184, 0.122455, 0.04531]",0,1.642926,"[6, 7]",2,"For blind users, a screen reader",1.0,15000,1b
pythia-1b-deduped,step15000,screen reader,generation,gen_003,"To ensure screen reader compatibility, developers should",0.627343,"[0.513612, 0.402872, 0.492305, 0.627343, 0.045692, 0.072361, 0.280431, 0.08205, 0.066881, 0.043464, 0.018677, 0.201041, 0.278593, 0.12253, 0.045618, 0.060698]",3,1.729242,"[3, 4]",2,"To ensure screen reader compatibility, developers should",0.3333333333333333,15000,1b
pythia-1b-deduped,step15000,screen reader,generation,gen_004,"Without proper screen reader support, visually impaired users may",0.682168,"[0.500289, 0.409497, 0.626581, 0.682168, 0.054255, 0.492203, 0.344858, 0.035304, 0.052793, 0.131019, 0.039885, 0.185075, 0.197134, 0.087309, 0.254691, 0.111767]",3,1.612943,"[3, 4]",2,"Without proper screen reader support, visually impaired users may",1.0,15000,1b
pythia-1b-deduped,step15000,screen reader,generation,gen_005,An accessibility audit found that the site is not screen reader friendly. This means,0.62617,"[0.62617, 0.507281, 0.335171, 0.620743, 0.068356, 0.261091, 0.239776, 0.104682, 0.067499, 0.024712, 0.045679, 0.062055, 0.091923, 0.056758, 0.05327, 0.395856]",0,1.550829,"[10, 11]",2,An accessibility audit found that the site is not screen reader friendly. This means,0.0,15000,1b
pythia-1b-deduped,step15000,screen reader,generation,gen_006,"When building accessible sites, screen reader compatibility ensures",0.621222,"[0.621222, 0.508469, 0.342046, 0.423166, 0.053806, 0.293717, 0.126117, 0.042925, 0.112733, 0.026102, 0.034688, 0.160635, 0.119518, 0.055891, 0.112602, 0.127464]",0,1.695978,"[6, 7]",2,"When building accessible sites, screen reader compatibility ensures",1.0,15000,1b
pythia-1b-deduped,step15000,skip link,generation,gen_001,"In web accessibility, a skip link is",0.696737,"[0.406308, 0.543502, 0.186116, 0.696737, 0.192137, 0.376567, 0.38664, 0.166814, 0.384389, 0.289353, 0.07868, 0.09044, 0.056136, 0.387836, 0.375198, 0.075841]",3,1.371464,"[6, 7]",2,"In web accessibility, a skip link is",0.3333333333333333,15000,1b
pythia-1b-deduped,step15000,skip link,generation,gen_002,"For keyboard navigation, a skip link",0.701777,"[0.405978, 0.559212, 0.182288, 0.701777, 0.233548, 0.22531, 0.462453, 0.158615, 0.254523, 0.223368, 0.052914, 0.104306, 0.026883, 0.45182, 0.235404, 0.071439]",3,1.361692,"[6, 7]",2,"For keyboard navigation, a skip link",0.3333333333333333,15000,1b
pythia-1b-deduped,step15000,skip link,generation,gen_003,"To implement a skip link, developers should",0.726462,"[0.24616, 0.459253, 0.410773, 0.726462, 0.262032, 0.306937, 0.47486, 0.144197, 0.197443, 0.141814, 0.069673, 0.04585, 0.047205, 0.240083, 0.28443, 0.117931]",3,1.341225,"[4, 5]",2,"To implement a skip link, developers should",0.3333333333333333,15000,1b
pythia-1b-deduped,step15000,skip link,generation,gen_004,"Without a skip link, keyboard users may",0.698119,"[0.322688, 0.347407, 0.353978, 0.698119, 0.227852, 0.298492, 0.490759, 0.128584, 0.122693, 0.028944, 0.167211, 0.021905, 0.037893, 0.184619, 0.334419, 0.122254]",3,1.51771,"[3, 4]",2,"Without a skip link, keyboard users may",0.3333333333333333,15000,1b
pythia-1b-deduped,step15000,skip link,generation,gen_005,An accessibility review noted the absence of a skip link. This means,0.674049,"[0.354459, 0.537969, 0.197278, 0.674049, 0.277138, 0.176126, 0.584064, 0.106685, 0.338004, 0.165907, 0.109695, 0.036983, 0.074035, 0.245858, 0.244189, 0.053204]",3,1.558061,"[9, 10]",2,An accessibility review noted the absence of a skip link. This means,0.6666666666666666,15000,1b
pythia-1b-deduped,step15000,skip link,generation,gen_006,"When designing accessible navigation, a skip link ensures",0.694963,"[0.423115, 0.545953, 0.135922, 0.694963, 0.169829, 0.32926, 0.529519, 0.142255, 0.126141, 0.351601, 0.088344, 0.084697, 0.102718, 0.279993, 0.277243, 0.100865]",3,1.365405,"[7, 8]",2,"When designing accessible navigation, a skip link ensures",1.0,15000,1b
pythia-1b-deduped,step15000,alt text,generation,gen_001,"In web accessibility, alt text is",0.608966,"[0.372055, 0.443657, 0.164849, 0.608966, 0.175295, 0.54424, 0.401187, 0.189746, 0.554411, 0.390535, 0.048657, 0.158022, 0.068554, 0.2193, 0.310439, 0.32723]",3,1.730551,"[5, 6]",2,"In web accessibility, alt text is",0.6666666666666666,15000,1b
pythia-1b-deduped,step15000,alt text,generation,gen_002,"For blind users, alt text",0.644339,"[0.311565, 0.528537, 0.111412, 0.619642, 0.366452, 0.483224, 0.256079, 0.233178, 0.547529, 0.140114, 0.202073, 0.159735, 0.07806, 0.220516, 0.644339, 0.251107]",14,1.295278,"[5, 6]",2,"For blind users, alt text",0.3333333333333333,15000,1b
pythia-1b-deduped,step15000,alt text,generation,gen_003,"To write effective alt text, content creators should",0.678458,"[0.345291, 0.446951, 0.146829, 0.678458, 0.053594, 0.15547, 0.383593, 0.06401, 0.187784, 0.151061, 0.030607, 0.026706, 0.032017, 0.135911, 0.079218, 0.077146]",3,1.630771,"[4, 5]",2,"To write effective alt text, content creators should",1.0,15000,1b
pythia-1b-deduped,step15000,alt text,generation,gen_004,"Without alt text, screen reader users may",0.713281,"[0.437206, 0.429597, 0.040962, 0.713281, 0.125588, 0.499123, 0.397786, 0.134545, 0.359779, 0.07772, 0.235641, 0.038527, 0.038852, 0.038174, 0.459168, 0.088629]",3,1.613808,"[2, 3]",2,"Without alt text, screen reader users may",0.0,15000,1b
pythia-1b-deduped,step15000,alt text,generation,gen_005,An accessibility scan found images lacking alt text. This means,0.615953,"[0.402993, 0.462143, 0.128006, 0.615953, 0.087715, 0.575847, 0.5562, 0.173416, 0.503152, 0.193749, 0.037845, 0.050045, 0.05749, 0.082291, 0.134343, 0.120939]",3,1.747382,"[7, 8]",2,An accessibility scan found images lacking alt text. This means,0.3333333333333333,15000,1b
pythia-1b-deduped,step15000,alt text,generation,gen_006,"When publishing web content, alt text ensures",0.657795,"[0.380281, 0.458061, 0.091345, 0.587708, 0.187377, 0.407688, 0.40434, 0.132324, 0.657795, 0.467682, 0.125932, 0.066666, 0.060042, 0.107771, 0.346217, 0.487851]",8,0.6478,"[6, 7]",2,"When publishing web content, alt text ensures",0.3333333333333333,15000,1b
pythia-1b-deduped,step15000,color contrast,generation,gen_001,"In web accessibility, color contrast is",0.679952,"[0.479451, 0.613386, 0.362057, 0.679952, 0.326848, 0.12206, 0.295869, 0.117062, 0.435493, 0.277151, 0.192264, 0.071283, 0.006687, 0.151267, 0.279324, 0.198747]",3,1.650396,"[5, 6]",2,"In web accessibility, color contrast is",0.0,15000,1b
pythia-1b-deduped,step15000,color contrast,generation,gen_002,"For users with low vision, color contrast",0.689292,"[0.419706, 0.634583, 0.450917, 0.689292, 0.280956, 0.110569, 0.271648, 0.125437, 0.212045, 0.162397, 0.088963, 0.066311, 0.012322, 0.193582, 0.273581, 0.366468]",3,1.492916,"[7, 8]",2,"For users with low vision, color contrast",0.0,15000,1b
pythia-1b-deduped,step15000,color contrast,generation,gen_003,"To achieve sufficient color contrast, designers should",0.729658,"[0.318169, 0.536571, 0.521599, 0.729658, 0.186523, 0.17961, 0.343962, 0.062903, 0.266813, 0.070109, 0.197395, 0.061056, 0.009661, 0.117977, 0.119207, 0.070997]",3,1.475431,"[4, 5]",2,"To achieve sufficient color contrast, designers should",0.0,15000,1b
pythia-1b-deduped,step15000,color contrast,generation,gen_004,"Without adequate color contrast, users with visual impairments may",0.7104,"[0.440011, 0.403513, 0.397623, 0.7104, 0.113744, 0.344537, 0.505574, 0.053433, 0.124727, 0.066645, 0.195833, 0.045802, 0.018271, 0.093206, 0.138317, 0.176]",3,1.52701,"[3, 4]",2,"Without adequate color contrast, users with visual impairments may",0.0,15000,1b
pythia-1b-deduped,step15000,color contrast,generation,gen_005,An accessibility checker flagged poor color contrast. This means,0.696024,"[0.444362, 0.538657, 0.542649, 0.696024, 0.044653, 0.265689, 0.273565, 0.037139, 0.177971, 0.096142, 0.126948, 0.129594, 0.051498, 0.133103, 0.236965, 0.169988]",3,1.690389,"[8, 9]",2,An accessibility checker flagged poor color contrast. This means,0.0,15000,1b
pythia-1b-deduped,step15000,color contrast,generation,gen_006,"When selecting color palettes, color contrast ensures",0.75512,"[0.413645, 0.46065, 0.514038, 0.75512, 0.035166, 0.112926, 0.391243, 0.175041, 0.194751, 0.308609, 0.237617, 0.020851, 0.025461, 0.14051, 0.221244, 0.098409]",3,1.138646,"[7, 8]",2,"When selecting color palettes, color contrast ensures",0.0,15000,1b
pythia-1b-deduped,step15000,focus indicator,generation,gen_001,"In web accessibility, a focus indicator is",0.642538,"[0.202622, 0.531867, 0.301715, 0.642538, 0.071387, 0.180611, 0.324367, 0.142556, 0.149456, 0.070235, 0.088172, 0.020603, 0.006017, 0.04812, 0.224866, 0.141271]",3,1.356208,"[6, 7]",2,"In web accessibility, a focus indicator is",0.3333333333333333,15000,1b
pythia-1b-deduped,step15000,focus indicator,generation,gen_002,"For keyboard users, a focus indicator",0.678447,"[0.20677, 0.469658, 0.351753, 0.678447, 0.087612, 0.205011, 0.544095, 0.06056, 0.211897, 0.127799, 0.099444, 0.057416, 0.027274, 0.048008, 0.234592, 0.080696]",3,1.272137,"[6, 7]",2,"For keyboard users, a focus indicator",0.3333333333333333,15000,1b
pythia-1b-deduped,step15000,focus indicator,generation,gen_003,"To implement visible focus indicators, developers should",0.665782,"[0.198912, 0.347976, 0.15904, 0.665782, 0.021335, 0.097506, 0.157004, 0.124067, 0.206173, 0.273027, 0.075743, 0.520081, 0.028455, 0.212532, 0.425586, 0.301278]",3,1.181988,"[5, 6]",2,"To implement visible focus indicators, developers should",0.0,15000,1b
pythia-1b-deduped,step15000,focus indicator,generation,gen_004,"Without a focus indicator, keyboard-only users may",0.648115,"[0.26983, 0.508934, 0.360269, 0.648115, 0.075513, 0.365913, 0.484998, 0.068988, 0.124056, 0.100364, 0.076488, 0.071379, 0.044685, 0.085355, 0.248803, 0.035399]",3,1.37629,"[3, 4]",2,"Without a focus indicator, keyboard-only users may",0.3333333333333333,15000,1b
pythia-1b-deduped,step15000,focus indicator,generation,gen_005,A usability test revealed missing focus indicators. This means,0.502989,"[0.085735, 0.235719, 0.178123, 0.076132, 0.008948, 0.010457, 0.044773, 0.078525, 0.035517, 0.211867, 0.203346, 0.082875, 0.007817, 0.424379, 0.368998, 0.502989]",15,1.521451,"[7, 8]",2,A usability test revealed missing focus indicators. This means,0.3333333333333333,15000,1b
pythia-1b-deduped,step15000,focus indicator,generation,gen_006,"When styling interactive elements, a focus indicator ensures",0.653396,"[0.224141, 0.473634, 0.261372, 0.653396, 0.088196, 0.241191, 0.527653, 0.031115, 0.168358, 0.219416, 0.086515, 0.15528, 0.030756, 0.043536, 0.311337, 0.125866]",3,1.323666,"[7, 8]",2,"When styling interactive elements, a focus indicator ensures",0.6666666666666666,15000,1b
pythia-1b-deduped,step15000,heading structure,generation,gen_001,"In web accessibility, heading structure is",0.774037,"[0.427568, 0.537354, 0.527261, 0.661032, 0.774037, 0.392084, 0.397353, 0.070372, 0.313662, 0.348981, 0.143197, 0.056979, 0.029727, 0.047703, 0.304874, 0.247415]",4,0.476005,"[5, 6]",2,"In web accessibility, heading structure is",0.3333333333333333,15000,1b
pythia-1b-deduped,step15000,heading structure,generation,gen_002,"For screen readers, heading structure",0.723292,"[0.378757, 0.494567, 0.436943, 0.638797, 0.723292, 0.257442, 0.427518, 0.166137, 0.42683, 0.252109, 0.132651, 0.084519, 0.012697, 0.126708, 0.230686, 0.174621]",4,0.70012,"[5, 6]",2,"For screen readers, heading structure",0.3333333333333333,15000,1b
pythia-1b-deduped,step15000,heading structure,generation,gen_003,"To create proper heading structure, content authors should",0.701399,"[0.223624, 0.526633, 0.667756, 0.701399, 0.637438, 0.095549, 0.577207, 0.037584, 0.115341, 0.152948, 0.137801, 0.130011, 0.056617, 0.132211, 0.338121, 0.095337]",3,1.363642,"[4, 5]",2,"To create proper heading structure, content authors should",0.0,15000,1b
pythia-1b-deduped,step15000,heading structure,generation,gen_004,"Without logical heading structure, screen reader users may",0.741645,"[0.208761, 0.362013, 0.579589, 0.741645, 0.183249, 0.147176, 0.526649, 0.072964, 0.219449, 0.133672, 0.041877, 0.066435, 0.062255, 0.180454, 0.27865, 0.101993]",3,1.258202,"[3, 4]",2,"Without logical heading structure, screen reader users may",0.3333333333333333,15000,1b
pythia-1b-deduped,step15000,heading structure,generation,gen_005,An accessibility evaluation found improper heading structure. This means,0.716682,"[0.259212, 0.42426, 0.338574, 0.716682, 0.651153, 0.194868, 0.485926, 0.066873, 0.293787, 0.232887, 0.107054, 0.229264, 0.060581, 0.10287, 0.262204, 0.078866]",3,1.368207,"[6, 7]",2,An accessibility evaluation found improper heading structure. This means,0.6666666666666666,15000,1b
pythia-1b-deduped,step15000,heading structure,generation,gen_006,"When organizing page content, heading structure ensures",0.692534,"[0.331893, 0.448121, 0.692534, 0.680108, 0.416782, 0.381833, 0.505964, 0.128524, 0.197969, 0.415122, 0.065724, 0.031312, 0.023233, 0.118394, 0.368528, 0.122268]",2,0.979232,"[6, 7]",2,"When organizing page content, heading structure ensures",0.0,15000,1b
pythia-1b-deduped,step15000,keyboard navigation,generation,gen_001,"In web accessibility, keyboard navigation is",0.651135,"[0.37892, 0.39605, 0.488967, 0.651135, 0.081733, 0.613604, 0.443485, 0.245199, 0.154693, 0.349075, 0.349487, 0.04244, 0.111876, 0.197725, 0.576987, 0.148629]",3,1.687739,"[5, 6]",2,"In web accessibility, keyboard navigation is",0.0,15000,1b
pythia-1b-deduped,step15000,keyboard navigation,generation,gen_002,"For users with motor disabilities, keyboard navigation",0.645132,"[0.411986, 0.403263, 0.430779, 0.645132, 0.075356, 0.613368, 0.445434, 0.248669, 0.132507, 0.223133, 0.247741, 0.068446, 0.051488, 0.150577, 0.483314, 0.213606]",3,1.678493,"[7, 8]",2,"For users with motor disabilities, keyboard navigation",0.0,15000,1b
pythia-1b-deduped,step15000,keyboard navigation,generation,gen_003,"To support keyboard navigation, developers should",0.623415,"[0.348923, 0.341878, 0.610792, 0.623415, 0.066514, 0.425681, 0.485691, 0.062811, 0.103079, 0.290676, 0.258056, 0.044581, 0.083825, 0.239465, 0.358721, 0.138999]",3,1.699877,"[3, 4]",2,"To support keyboard navigation, developers should",0.0,15000,1b
pythia-1b-deduped,step15000,keyboard navigation,generation,gen_004,"Without keyboard navigation support, motor-impaired users may",0.742016,"[0.325657, 0.256559, 0.660252, 0.729212, 0.041, 0.742016, 0.572394, 0.080521, 0.167344, 0.093403, 0.379188, 0.101145, 0.1011, 0.128967, 0.254813, 0.320324]",5,0.962786,"[2, 3]",2,"Without keyboard navigation support, motor-impaired users may",0.0,15000,1b
pythia-1b-deduped,step15000,keyboard navigation,generation,gen_005,A manual test revealed keyboard navigation failures. This means,0.655279,"[0.347812, 0.225824, 0.515616, 0.655279, 0.222856, 0.617188, 0.471648, 0.232624, 0.084858, 0.218981, 0.194892, 0.151936, 0.15144, 0.109413, 0.42797, 0.224782]",3,1.666179,"[5, 6]",2,A manual test revealed keyboard navigation failures. This means,0.0,15000,1b
pythia-1b-deduped,step15000,keyboard navigation,generation,gen_006,"When developing interactive features, keyboard navigation ensures",0.659888,"[0.357151, 0.405177, 0.354488, 0.659888, 0.137546, 0.657944, 0.483877, 0.362991, 0.140611, 0.357495, 0.288504, 0.075488, 0.081205, 0.107736, 0.37194, 0.178814]",3,1.617847,"[6, 7]",2,"When developing interactive features, keyboard navigation ensures",0.0,15000,1b
pythia-1b-deduped,step15000,landmark region,generation,gen_001,"In web accessibility, a landmark region is",0.669456,"[0.503227, 0.538634, 0.322373, 0.605469, 0.050769, 0.20184, 0.306525, 0.647218, 0.07173, 0.169945, 0.19448, 0.04267, 0.064531, 0.485987, 0.669456, 0.308751]",14,1.416177,"[6, 7]",2,"In web accessibility, a landmark region is",0.0,15000,1b
pythia-1b-deduped,step15000,landmark region,generation,gen_002,"For screen reader users, landmark regions",0.0,"[0.0, 0.0, 0.0, 0.0, 0.0, 0.0, 0.0, 0.0, 0.0, 0.0, 0.0, 0.0, 0.0, 0.0, 0.0, 0.0]",0,2.079441,[7],3,"For screen reader users, landmark regions",0.0,15000,1b
pythia-1b-deduped,step15000,landmark region,generation,gen_003,"To implement landmark regions, developers should",0.363896,"[0.110458, 0.130712, 0.101601, 0.363896, 0.03665, 0.055188, 0.101768, 0.047908, 0.072228, 0.206978, 0.09026, 0.192801, 0.104628, 0.107206, 0.151809, 0.192511]",3,1.843515,"[4, 5, 6]",3,"To implement landmark regions, developers should",0.0,15000,1b
pythia-1b-deduped,step15000,landmark region,generation,gen_004,"Without proper landmark regions, assistive technology users may",0.313346,"[0.14592, 0.144521, 0.085359, 0.313346, 0.051174, 0.06168, 0.158863, 0.038106, 0.168113, 0.119756, 0.173083, 0.142322, 0.035278, 0.165355, 0.264765, 0.166759]",3,1.920721,"[4, 5, 6]",3,"Without proper landmark regions, assistive technology users may",0.0,15000,1b
pythia-1b-deduped,step15000,landmark region,generation,gen_005,An HTML validation found missing landmark regions. This means,0.247556,"[0.166148, 0.129975, 0.113661, 0.183362, 0.048965, 0.070661, 0.058787, 0.04897, 0.033371, 0.08631, 0.090061, 0.063204, 0.086835, 0.158607, 0.085806, 0.247556]",15,1.896281,"[7, 8, 9]",3,An HTML validation found missing landmark regions. This means,0.0,15000,1b
pythia-1b-deduped,step15000,landmark region,generation,gen_006,"When structuring page layout, landmark regions ensure",0.666292,"[0.105772, 0.613351, 0.075936, 0.666292, 0.186954, 0.038871, 0.426148, 0.087495, 0.130125, 0.334249, 0.357955, 0.421589, 0.074229, 0.226536, 0.175732, 0.49454]",3,1.234263,"[8, 9]",3,"When structuring page layout, landmark regions ensure",0.0,15000,1b
pythia-1b-deduped,step15000,aria attribute,generation,gen_001,"In web accessibility, an aria attribute is",0.711512,"[0.351732, 0.566583, 0.294225, 0.711512, 0.071783, 0.296701, 0.56747, 0.190202, 0.129939, 0.24082, 0.105188, 0.144634, 0.033407, 0.221651, 0.298622, 0.449061]",3,1.432912,"[6, 7]",2,"In web accessibility, an aria attribute is",0.3333333333333333,15000,1b
pythia-1b-deduped,step15000,aria attribute,generation,gen_002,"For screen reader users, aria attributes",0.0,"[0.0, 0.0, 0.0, 0.0, 0.0, 0.0, 0.0, 0.0, 0.0, 0.0, 0.0, 0.0, 0.0, 0.0, 0.0, 0.0]",0,2.079441,[7],2,"For screen reader users, aria attributes",0.3333333333333333,15000,1b
pythia-1b-deduped,step15000,aria attribute,generation,gen_003,"To use aria attributes correctly, developers should",0.738992,"[0.303896, 0.295572, 0.182346, 0.738992, 0.19234, 0.082303, 0.360228, 0.103545, 0.077666, 0.234925, 0.062357, 0.08056, 0.016873, 0.064241, 0.251028, 0.062624]",3,0.9954,"[4, 5]",2,"To use aria attributes correctly, developers should",0.6666666666666666,15000,1b
pythia-1b-deduped,step15000,aria attribute,generation,gen_004,"Without appropriate aria attributes, custom widgets may",0.61331,"[0.276814, 0.185009, 0.152489, 0.61331, 0.202455, 0.164248, 0.152789, 0.037589, 0.382681, 0.333521, 0.159688, 0.353886, 0.058369, 0.086429, 0.265526, 0.402385]",3,1.449595,"[4, 5]",2,"Without appropriate aria attributes, custom widgets may",1.0,15000,1b
pythia-1b-deduped,step15000,aria attribute,generation,gen_005,An accessibility audit found missing aria attributes. This means,0.548412,"[0.156437, 0.078212, 0.05947, 0.126554, 0.019058, 0.013884, 0.048272, 0.098577, 0.030363, 0.202584, 0.131975, 0.094939, 0.01388, 0.334187, 0.548412, 0.207683]",14,1.733909,"[7, 8]",2,An accessibility audit found missing aria attributes. This means,0.0,15000,1b
pythia-1b-deduped,step15000,aria attribute,generation,gen_006,"When creating custom components, aria attributes ensure",0.695726,"[0.155218, 0.522014, 0.08414, 0.695726, 0.404289, 0.040315, 0.199028, 0.162633, 0.136502, 0.372308, 0.293872, 0.157005, 0.071818, 0.293012, 0.135429, 0.556343]",3,1.290729,"[7, 8]",2,"When creating custom components, aria attributes ensure",0.6666666666666666,15000,1b
pythia-1b-deduped,step30000,screen reader,generation,gen_001,"In web accessibility, a screen reader is",0.579326,"[0.579326, 0.4563, 0.276772, 0.522806, 0.193177, 0.13973, 0.311788, 0.025651, 0.431799, 0.106476, 0.100591, 0.099522, 0.028677, 0.08416, 0.137993, 0.104892]",0,1.609293,"[6, 7]",2,"In web accessibility, a screen reader is",1.0,30000,1b
pythia-1b-deduped,step30000,screen reader,generation,gen_002,"For blind users, a screen reader",0.546783,"[0.546783, 0.464368, 0.509291, 0.524, 0.090188, 0.115199, 0.287584, 0.014625, 0.20739, 0.069909, 0.201203, 0.091993, 0.034337, 0.170058, 0.131674, 0.075958]",0,1.610954,"[6, 7]",2,"For blind users, a screen reader",0.6666666666666666,30000,1b
pythia-1b-deduped,step30000,screen reader,generation,gen_003,"To ensure screen reader compatibility, developers should",0.583632,"[0.511726, 0.396568, 0.583632, 0.471247, 0.140315, 0.190222, 0.433256, 0.099913, 0.397483, 0.066786, 0.146054, 0.161958, 0.06476, 0.184092, 0.394818, 0.313225]",2,1.420417,"[3, 4]",2,"To ensure screen reader compatibility, developers should",0.3333333333333333,30000,1b
pythia-1b-deduped,step30000,screen reader,generation,gen_004,"Without proper screen reader support, visually impaired users may",0.647407,"[0.503099, 0.456426, 0.647407, 0.529912, 0.186991, 0.240496, 0.38574, 0.032282, 0.124444, 0.040518, 0.08904, 0.10146, 0.121015, 0.108903, 0.488539, 0.175239]",2,1.242143,"[3, 4]",2,"Without proper screen reader support, visually impaired users may",1.0,30000,1b
pythia-1b-deduped,step30000,screen reader,generation,gen_005,An accessibility audit found that the site is not screen reader friendly. This means,0.560456,"[0.549436, 0.539985, 0.227032, 0.560456, 0.190845, 0.196628, 0.508581, 0.065217, 0.10404, 0.046795, 0.265456, 0.163324, 0.031267, 0.075098, 0.197598, 0.362798]",3,1.641589,"[10, 11]",2,An accessibility audit found that the site is not screen reader friendly. This means,0.0,30000,1b
pythia-1b-deduped,step30000,screen reader,generation,gen_006,"When building accessible sites, screen reader compatibility ensures",0.527271,"[0.527271, 0.47828, 0.352517, 0.440198, 0.150095, 0.161742, 0.336761, 0.032569, 0.317564, 0.036676, 0.102565, 0.0772, 0.073192, 0.063457, 0.195889, 0.340709]",0,1.68383,"[6, 7]",2,"When building accessible sites, screen reader compatibility ensures",0.0,30000,1b
pythia-1b-deduped,step30000,skip link,generation,gen_001,"In web accessibility, a skip link is",0.667008,"[0.428902, 0.555326, 0.280076, 0.667008, 0.101488, 0.442641, 0.307226, 0.225935, 0.228408, 0.106867, 0.434713, 0.158459, 0.260796, 0.49837, 0.450161, 0.180894]",3,1.417414,"[6, 7]",2,"In web accessibility, a skip link is",1.0,30000,1b
pythia-1b-deduped,step30000,skip link,generation,gen_002,"For keyboard navigation, a skip link",0.683835,"[0.376536, 0.562682, 0.364342, 0.683835, 0.052146, 0.33258, 0.270539, 0.102274, 0.251832, 0.080806, 0.262594, 0.244394, 0.179412, 0.411889, 0.290742, 0.249634]",3,1.308266,"[6, 7]",2,"For keyboard navigation, a skip link",0.3333333333333333,30000,1b
pythia-1b-deduped,step30000,skip link,generation,gen_003,"To implement a skip link, developers should",0.67277,"[0.267127, 0.552045, 0.333239, 0.67277, 0.075232, 0.435942, 0.40841, 0.053666, 0.376188, 0.124346, 0.376028, 0.084057, 0.174804, 0.467203, 0.297161, 0.46911]",3,1.562136,"[4, 5]",2,"To implement a skip link, developers should",0.6666666666666666,30000,1b
pythia-1b-deduped,step30000,skip link,generation,gen_004,"Without a skip link, keyboard users may",0.661907,"[0.320927, 0.419327, 0.385478, 0.661907, 0.092675, 0.385979, 0.238573, 0.089097, 0.081856, 0.112846, 0.079698, 0.08981, 0.145098, 0.183107, 0.186612, 0.066258]",3,1.603521,"[3, 4]",2,"Without a skip link, keyboard users may",0.3333333333333333,30000,1b
pythia-1b-deduped,step30000,skip link,generation,gen_005,An accessibility review noted the absence of a skip link. This means,0.676714,"[0.419178, 0.573864, 0.295656, 0.676714, 0.057091, 0.29695, 0.350279, 0.086012, 0.341265, 0.129262, 0.37948, 0.079551, 0.20116, 0.482527, 0.55736, 0.272058]",3,1.456466,"[9, 10]",2,An accessibility review noted the absence of a skip link. This means,0.6666666666666666,30000,1b
pythia-1b-deduped,step30000,skip link,generation,gen_006,"When designing accessible navigation, a skip link ensures",0.688115,"[0.372119, 0.551305, 0.288191, 0.688115, 0.036216, 0.406052, 0.326936, 0.099709, 0.306896, 0.153949, 0.340661, 0.110659, 0.307699, 0.505027, 0.383638, 0.446199]",3,1.370248,"[7, 8]",2,"When designing accessible navigation, a skip link ensures",0.3333333333333333,30000,1b
pythia-1b-deduped,step30000,alt text,generation,gen_001,"In web accessibility, alt text is",0.584899,"[0.551658, 0.40468, 0.06252, 0.547071, 0.1953, 0.409215, 0.584899, 0.180809, 0.534103, 0.308239, 0.206462, 0.167134, 0.077309, 0.16571, 0.494034, 0.310487]",6,0.788787,"[5, 6]",2,"In web accessibility, alt text is",0.6666666666666666,30000,1b
pythia-1b-deduped,step30000,alt text,generation,gen_002,"For blind users, alt text",0.613917,"[0.526157, 0.421058, 0.055162, 0.613917, 0.225032, 0.385913, 0.464589, 0.237762, 0.319809, 0.106339, 0.175119, 0.092845, 0.020725, 0.278858, 0.349424, 0.224118]",3,1.584992,"[5, 6]",2,"For blind users, alt text",0.0,30000,1b
pythia-1b-deduped,step30000,alt text,generation,gen_003,"To write effective alt text, content creators should",0.711955,"[0.528869, 0.428072, 0.316986, 0.711955, 0.459517, 0.301623, 0.563591, 0.128892, 0.110507, 0.173185, 0.154836, 0.080207, 0.096741, 0.139788, 0.144986, 0.129837]",3,1.496869,"[4, 5]",2,"To write effective alt text, content creators should",0.6666666666666666,30000,1b
pythia-1b-deduped,step30000,alt text,generation,gen_004,"Without alt text, screen reader users may",0.61876,"[0.442983, 0.381773, 0.113557, 0.61876, 0.115176, 0.398165, 0.476388, 0.152646, 0.240082, 0.101444, 0.06729, 0.062591, 0.038336, 0.184781, 0.18251, 0.164317]",3,1.683405,"[2, 3]",2,"Without alt text, screen reader users may",0.3333333333333333,30000,1b
pythia-1b-deduped,step30000,alt text,generation,gen_005,An accessibility scan found images lacking alt text. This means,0.564427,"[0.564427, 0.432549, 0.207454, 0.535018, 0.207811, 0.387185, 0.53649, 0.105532, 0.347326, 0.057401, 0.071835, 0.044874, 0.017327, 0.033806, 0.111474, 0.030708]",0,1.597672,"[7, 8]",2,An accessibility scan found images lacking alt text. This means,0.3333333333333333,30000,1b
pythia-1b-deduped,step30000,alt text,generation,gen_006,"When publishing web content, alt text ensures",0.545403,"[0.53146, 0.401731, 0.091868, 0.544607, 0.315138, 0.377644, 0.545403, 0.120599, 0.436058, 0.308627, 0.133156, 0.104022, 0.022374, 0.207559, 0.479876, 0.299824]",6,0.713557,"[6, 7]",2,"When publishing web content, alt text ensures",0.3333333333333333,30000,1b
pythia-1b-deduped,step30000,color contrast,generation,gen_001,"In web accessibility, color contrast is",0.636753,"[0.350628, 0.564373, 0.561033, 0.636753, 0.119547, 0.242171, 0.4804, 0.107382, 0.162023, 0.320491, 0.167578, 0.138512, 0.052693, 0.154528, 0.471033, 0.285677]",3,1.646236,"[5, 6]",2,"In web accessibility, color contrast is",0.3333333333333333,30000,1b
pythia-1b-deduped,step30000,color contrast,generation,gen_002,"For users with low vision, color contrast",0.658434,"[0.37838, 0.484657, 0.562399, 0.658434, 0.097276, 0.214664, 0.402123, 0.188088, 0.206473, 0.188035, 0.22731, 0.117593, 0.012963, 0.118131, 0.472039, 0.118291]",3,1.546756,"[7, 8]",2,"For users with low vision, color contrast",0.3333333333333333,30000,1b
pythia-1b-deduped,step30000,color contrast,generation,gen_003,"To achieve sufficient color contrast, designers should",0.659899,"[0.37373, 0.572131, 0.530209, 0.659899, 0.170152, 0.369268, 0.604058, 0.067408, 0.34968, 0.118757, 0.200348, 0.201972, 0.027266, 0.15311, 0.211235, 0.064172]",3,1.561344,"[4, 5]",2,"To achieve sufficient color contrast, designers should",0.0,30000,1b
pythia-1b-deduped,step30000,color contrast,generation,gen_004,"Without adequate color contrast, users with visual impairments may",0.686506,"[0.300874, 0.408572, 0.434172, 0.686506, 0.113029, 0.167617, 0.460419, 0.099988, 0.368944, 0.061678, 0.183458, 0.111399, 0.037103, 0.137201, 0.228303, 0.172866]",3,1.510326,"[3, 4]",2,"Without adequate color contrast, users with visual impairments may",0.3333333333333333,30000,1b
pythia-1b-deduped,step30000,color contrast,generation,gen_005,An accessibility checker flagged poor color contrast. This means,0.691138,"[0.292217, 0.414317, 0.568848, 0.691138, 0.297724, 0.372629, 0.447327, 0.055186, 0.212874, 0.23852, 0.211709, 0.127702, 0.149619, 0.19113, 0.269087, 0.32647]",3,1.621536,"[8, 9]",2,An accessibility checker flagged poor color contrast. This means,0.6666666666666666,30000,1b
pythia-1b-deduped,step30000,color contrast,generation,gen_006,"When selecting color palettes, color contrast ensures",0.689573,"[0.282099, 0.363561, 0.603792, 0.689573, 0.126677, 0.159157, 0.512143, 0.116483, 0.146845, 0.241887, 0.189049, 0.079303, 0.087945, 0.141684, 0.322981, 0.27115]",3,1.208926,"[7, 8]",2,"When selecting color palettes, color contrast ensures",0.3333333333333333,30000,1b
pythia-1b-deduped,step30000,focus indicator,generation,gen_001,"In web accessibility, a focus indicator is",0.678219,"[0.194571, 0.515141, 0.260338, 0.678219, 0.11167, 0.283334, 0.52698, 0.080061, 0.359054, 0.083927, 0.059177, 0.099308, 0.017056, 0.108583, 0.222119, 0.166996]",3,1.260472,"[6, 7]",2,"In web accessibility, a focus indicator is",1.0,30000,1b
pythia-1b-deduped,step30000,focus indicator,generation,gen_002,"For keyboard users, a focus indicator",0.679821,"[0.205996, 0.493432, 0.394605, 0.679821, 0.512558, 0.16759, 0.428185, 0.068774, 0.164138, 0.055926, 0.087837, 0.072954, 0.019502, 0.114962, 0.123808, 0.237501]",3,1.225108,"[6, 7]",2,"For keyboard users, a focus indicator",0.6666666666666666,30000,1b
pythia-1b-deduped,step30000,focus indicator,generation,gen_003,"To implement visible focus indicators, developers should",0.631238,"[0.210934, 0.371094, 0.186984, 0.631238, 0.219479, 0.146135, 0.176054, 0.076859, 0.180514, 0.309375, 0.285917, 0.446247, 0.080273, 0.21496, 0.419952, 0.154296]",3,1.323671,"[5, 6]",2,"To implement visible focus indicators, developers should",1.0,30000,1b
pythia-1b-deduped,step30000,focus indicator,generation,gen_004,"Without a focus indicator, keyboard-only users may",0.651132,"[0.18186, 0.395616, 0.246897, 0.651132, 0.216895, 0.31162, 0.455472, 0.080323, 0.17546, 0.121077, 0.049764, 0.12309, 0.052691, 0.143713, 0.217888, 0.048575]",3,1.437301,"[3, 4]",2,"Without a focus indicator, keyboard-only users may",0.3333333333333333,30000,1b
pythia-1b-deduped,step30000,focus indicator,generation,gen_005,A usability test revealed missing focus indicators. This means,0.574876,"[0.08894, 0.210083, 0.230244, 0.048953, 0.009957, 0.018142, 0.022908, 0.080806, 0.023702, 0.119936, 0.104238, 0.070993, 0.037801, 0.574876, 0.294328, 0.473345]",13,1.545395,"[7, 8]",2,A usability test revealed missing focus indicators. This means,0.3333333333333333,30000,1b
pythia-1b-deduped,step30000,focus indicator,generation,gen_006,"When styling interactive elements, a focus indicator ensures",0.677862,"[0.213968, 0.497938, 0.264503, 0.677862, 0.480886, 0.261769, 0.447189, 0.051683, 0.371195, 0.117363, 0.07408, 0.100568, 0.036025, 0.105572, 0.278927, 0.367078]",3,1.3311,"[7, 8]",2,"When styling interactive elements, a focus indicator ensures",1.0,30000,1b
pythia-1b-deduped,step30000,heading structure,generation,gen_001,"In web accessibility, heading structure is",0.771461,"[0.471077, 0.581075, 0.236265, 0.617934, 0.771461, 0.233107, 0.547814, 0.205443, 0.476917, 0.335518, 0.233027, 0.033211, 0.116418, 0.067213, 0.359045, 0.444095]",4,0.683465,"[5, 6]",2,"In web accessibility, heading structure is",0.3333333333333333,30000,1b
pythia-1b-deduped,step30000,heading structure,generation,gen_002,"For screen readers, heading structure",0.656152,"[0.446436, 0.58312, 0.137117, 0.596394, 0.656152, 0.31885, 0.431422, 0.093848, 0.445699, 0.136236, 0.222249, 0.067597, 0.059876, 0.117157, 0.412423, 0.193825]",4,0.592134,"[5, 6]",2,"For screen readers, heading structure",0.0,30000,1b
pythia-1b-deduped,step30000,heading structure,generation,gen_003,"To create proper heading structure, content authors should",0.679556,"[0.392131, 0.401589, 0.338156, 0.679556, 0.48307, 0.163303, 0.590656, 0.098454, 0.120672, 0.458092, 0.18704, 0.13106, 0.084441, 0.29804, 0.413112, 0.163138]",3,1.413218,"[4, 5]",2,"To create proper heading structure, content authors should",0.3333333333333333,30000,1b
pythia-1b-deduped,step30000,heading structure,generation,gen_004,"Without logical heading structure, screen reader users may",0.702612,"[0.466439, 0.35746, 0.482686, 0.702612, 0.122803, 0.190693, 0.52228, 0.256941, 0.111842, 0.264801, 0.575788, 0.24476, 0.049435, 0.311217, 0.359714, 0.049393]",3,1.511178,"[3, 4]",2,"Without logical heading structure, screen reader users may",0.0,30000,1b
pythia-1b-deduped,step30000,heading structure,generation,gen_005,An accessibility evaluation found improper heading structure. This means,0.687572,"[0.361132, 0.396144, 0.236398, 0.687572, 0.268239, 0.243976, 0.611947, 0.179282, 0.147247, 0.22801, 0.171747, 0.039828, 0.084466, 0.176373, 0.298021, 0.228089]",3,1.379924,"[6, 7]",2,An accessibility evaluation found improper heading structure. This means,0.0,30000,1b
pythia-1b-deduped,step30000,heading structure,generation,gen_006,"When organizing page content, heading structure ensures",0.686063,"[0.409012, 0.569511, 0.161932, 0.612631, 0.686063, 0.319187, 0.502718, 0.192515, 0.334869, 0.200248, 0.129165, 0.095628, 0.151305, 0.338867, 0.414727, 0.388726]",4,0.740307,"[6, 7]",2,"When organizing page content, heading structure ensures",0.0,30000,1b
pythia-1b-deduped,step30000,keyboard navigation,generation,gen_001,"In web accessibility, keyboard navigation is",0.672448,"[0.451049, 0.3262, 0.326697, 0.630199, 0.070716, 0.672448, 0.422927, 0.150383, 0.348149, 0.232551, 0.325005, 0.048332, 0.086416, 0.09688, 0.491339, 0.276799]",5,0.957177,"[5, 6]",2,"In web accessibility, keyboard navigation is",0.0,30000,1b
pythia-1b-deduped,step30000,keyboard navigation,generation,gen_002,"For users with motor disabilities, keyboard navigation",0.648161,"[0.416518, 0.417813, 0.295046, 0.648161, 0.036926, 0.452673, 0.251051, 0.257571, 0.191315, 0.09876, 0.154122, 0.049662, 0.026941, 0.117501, 0.517554, 0.323155]",3,1.60249,"[7, 8]",2,"For users with motor disabilities, keyboard navigation",0.0,30000,1b
pythia-1b-deduped,step30000,keyboard navigation,generation,gen_003,"To support keyboard navigation, developers should",0.617455,"[0.367484, 0.278618, 0.397799, 0.617455, 0.035177, 0.541214, 0.32655, 0.047582, 0.137995, 0.154977, 0.273824, 0.099137, 0.07491, 0.19387, 0.221914, 0.24939]",3,1.711743,"[3, 4]",2,"To support keyboard navigation, developers should",0.0,30000,1b
pythia-1b-deduped,step30000,keyboard navigation,generation,gen_004,"Without keyboard navigation support, motor-impaired users may",0.691361,"[0.345824, 0.320136, 0.418619, 0.691361, 0.107251, 0.444731, 0.45602, 0.071684, 0.159309, 0.118072, 0.396393, 0.115879, 0.067023, 0.133386, 0.335768, 0.177554]",3,1.561444,"[2, 3]",2,"Without keyboard navigation support, motor-impaired users may",0.0,30000,1b
pythia-1b-deduped,step30000,keyboard navigation,generation,gen_005,A manual test revealed keyboard navigation failures. This means,0.671077,"[0.46641, 0.395263, 0.311083, 0.612515, 0.128155, 0.671077, 0.304718, 0.151036, 0.211726, 0.223994, 0.27249, 0.080255, 0.072457, 0.11909, 0.342134, 0.303731]",5,1.06266,"[5, 6]",2,A manual test revealed keyboard navigation failures. This means,0.0,30000,1b
pythia-1b-deduped,step30000,keyboard navigation,generation,gen_006,"When developing interactive features, keyboard navigation ensures",0.705734,"[0.418115, 0.352949, 0.243196, 0.62273, 0.18882, 0.705734, 0.315813, 0.201361, 0.341832, 0.317736, 0.239991, 0.055412, 0.052853, 0.121136, 0.470861, 0.316304]",5,0.942207,"[6, 7]",2,"When developing interactive features, keyboard navigation ensures",0.0,30000,1b
pythia-1b-deduped,step30000,landmark region,generation,gen_001,"In web accessibility, a landmark region is",0.62703,"[0.427107, 0.62703, 0.339069, 0.605096, 0.102198, 0.347533, 0.428119, 0.597937, 0.188613, 0.131987, 0.271623, 0.032319, 0.034746, 0.558505, 0.607869, 0.519657]",1,1.595311,"[6, 7]",2,"In web accessibility, a landmark region is",0.0,30000,1b
pythia-1b-deduped,step30000,landmark region,generation,gen_002,"For screen reader users, landmark regions",0.0,"[0.0, 0.0, 0.0, 0.0, 0.0, 0.0, 0.0, 0.0, 0.0, 0.0, 0.0, 0.0, 0.0, 0.0, 0.0, 0.0]",0,2.079441,[7],3,"For screen reader users, landmark regions",0.0,30000,1b
pythia-1b-deduped,step30000,landmark region,generation,gen_003,"To implement landmark regions, developers should",0.318301,"[0.144708, 0.157075, 0.063418, 0.318301, 0.082692, 0.074386, 0.146295, 0.079657, 0.092821, 0.198659, 0.102768, 0.190675, 0.052446, 0.21856, 0.195769, 0.174993]",3,1.926119,"[4, 5, 6]",3,"To implement landmark regions, developers should",0.0,30000,1b
pythia-1b-deduped,step30000,landmark region,generation,gen_004,"Without proper landmark regions, assistive technology users may",0.290884,"[0.191592, 0.175846, 0.07875, 0.290884, 0.057644, 0.110815, 0.172711, 0.117089, 0.228938, 0.131464, 0.146738, 0.178552, 0.15028, 0.25474, 0.259236, 0.102207]",3,1.984041,"[4, 5, 6]",3,"Without proper landmark regions, assistive technology users may",0.0,30000,1b
pythia-1b-deduped,step30000,landmark region,generation,gen_005,An HTML validation found missing landmark regions. This means,0.221134,"[0.20071, 0.133511, 0.134731, 0.182799, 0.096679, 0.136561, 0.110441, 0.097543, 0.098393, 0.087781, 0.098722, 0.088048, 0.119614, 0.174262, 0.151884, 0.221134]",15,1.892909,"[7, 8, 9]",3,An HTML validation found missing landmark regions. This means,0.0,30000,1b
pythia-1b-deduped,step30000,landmark region,generation,gen_006,"When structuring page layout, landmark regions ensure",0.611207,"[0.169343, 0.586683, 0.100243, 0.611207, 0.349531, 0.087905, 0.224801, 0.100374, 0.177475, 0.273191, 0.11195, 0.286556, 0.053209, 0.322434, 0.354581, 0.375923]",3,1.373917,"[8, 9]",3,"When structuring page layout, landmark regions ensure",0.0,30000,1b
pythia-1b-deduped,step30000,aria attribute,generation,gen_001,"In web accessibility, an aria attribute is",0.653778,"[0.445576, 0.573266, 0.159083, 0.653778, 0.362969, 0.228776, 0.388605, 0.252176, 0.259957, 0.285809, 0.350888, 0.140149, 0.046936, 0.066062, 0.496143, 0.48109]",3,1.347395,"[6, 7]",2,"In web accessibility, an aria attribute is",1.0,30000,1b
pythia-1b-deduped,step30000,aria attribute,generation,gen_002,"For screen reader users, aria attributes",0.0,"[0.0, 0.0, 0.0, 0.0, 0.0, 0.0, 0.0, 0.0, 0.0, 0.0, 0.0, 0.0, 0.0, 0.0, 0.0, 0.0]",0,2.079441,[7],2,"For screen reader users, aria attributes",0.3333333333333333,30000,1b
pythia-1b-deduped,step30000,aria attribute,generation,gen_003,"To use aria attributes correctly, developers should",0.756338,"[0.136006, 0.334315, 0.172319, 0.756338, 0.13643, 0.136075, 0.347073, 0.14727, 0.065362, 0.173656, 0.159865, 0.11816, 0.119424, 0.18935, 0.297275, 0.042025]",3,0.938387,"[4, 5]",2,"To use aria attributes correctly, developers should",0.6666666666666666,30000,1b
pythia-1b-deduped,step30000,aria attribute,generation,gen_004,"Without appropriate aria attributes, custom widgets may",0.522764,"[0.268541, 0.211996, 0.098564, 0.522764, 0.273262, 0.098324, 0.221492, 0.133793, 0.256587, 0.222528, 0.069123, 0.476623, 0.123776, 0.264284, 0.36067, 0.206324]",3,1.51237,"[4, 5]",2,"Without appropriate aria attributes, custom widgets may",0.0,30000,1b
pythia-1b-deduped,step30000,aria attribute,generation,gen_005,An accessibility audit found missing aria attributes. This means,0.457686,"[0.150311, 0.109393, 0.217121, 0.457686, 0.013643, 0.021212, 0.082413, 0.077236, 0.050696, 0.088198, 0.073819, 0.113217, 0.051349, 0.280535, 0.340533, 0.059256]",3,1.327468,"[7, 8]",2,An accessibility audit found missing aria attributes. This means,1.0,30000,1b
pythia-1b-deduped,step30000,aria attribute,generation,gen_006,"When creating custom components, aria attributes ensure",0.579114,"[0.238552, 0.52632, 0.128101, 0.578687, 0.579114, 0.062806, 0.23503, 0.060761, 0.139294, 0.262455, 0.158936, 0.149733, 0.076896, 0.301426, 0.347825, 0.309132]",4,1.112162,"[7, 8]",2,"When creating custom components, aria attributes ensure",0.0,30000,1b
pythia-1b-deduped,step60000,screen reader,generation,gen_001,"In web accessibility, a screen reader is",0.569398,"[0.532733, 0.505028, 0.202173, 0.569398, 0.054933, 0.144273, 0.199368, 0.036707, 0.419715, 0.020302, 0.117567, 0.008031, 0.032096, 0.034027, 0.046393, 0.166815]",3,1.538137,"[6, 7]",2,"In web accessibility, a screen reader is",1.0,60000,1b
pythia-1b-deduped,step60000,screen reader,generation,gen_002,"For blind users, a screen reader",0.537964,"[0.533356, 0.490203, 0.304921, 0.537964, 0.055533, 0.113802, 0.155373, 0.04838, 0.342496, 0.031682, 0.244683, 0.004971, 0.042313, 0.088069, 0.080584, 0.133844]",3,1.515502,"[6, 7]",2,"For blind users, a screen reader",1.0,60000,1b
pythia-1b-deduped,step60000,screen reader,generation,gen_003,"To ensure screen reader compatibility, developers should",0.475853,"[0.469863, 0.454459, 0.282093, 0.475853, 0.042788, 0.212921, 0.203324, 0.080464, 0.256414, 0.044355, 0.101425, 0.011627, 0.037741, 0.139001, 0.069269, 0.147467]",3,1.771463,"[3, 4]",2,"To ensure screen reader compatibility, developers should",0.6666666666666666,60000,1b
pythia-1b-deduped,step60000,screen reader,generation,gen_004,"Without proper screen reader support, visually impaired users may",0.480506,"[0.471131, 0.469094, 0.402691, 0.480506, 0.126398, 0.125848, 0.185016, 0.057996, 0.228244, 0.045902, 0.181261, 0.037952, 0.10645, 0.143403, 0.088227, 0.211497]",3,1.692647,"[3, 4]",2,"Without proper screen reader support, visually impaired users may",1.0,60000,1b
pythia-1b-deduped,step60000,screen reader,generation,gen_005,An accessibility audit found that the site is not screen reader friendly. This means,0.603101,"[0.549321, 0.591377, 0.171749, 0.603101, 0.081587, 0.096572, 0.21156, 0.071336, 0.199681, 0.016818, 0.201455, 0.025437, 0.050594, 0.047075, 0.131629, 0.234137]",3,1.564937,"[10, 11]",2,An accessibility audit found that the site is not screen reader friendly. This means,0.0,60000,1b
pythia-1b-deduped,step60000,screen reader,generation,gen_006,"When building accessible sites, screen reader compatibility ensures",0.53603,"[0.501972, 0.507136, 0.233185, 0.53603, 0.018367, 0.157801, 0.228309, 0.07809, 0.334973, 0.076675, 0.136127, 0.023596, 0.048888, 0.074808, 0.083644, 0.185211]",3,1.667556,"[6, 7]",2,"When building accessible sites, screen reader compatibility ensures",0.0,60000,1b
pythia-1b-deduped,step60000,skip link,generation,gen_001,"In web accessibility, a skip link is",0.673731,"[0.530903, 0.525438, 0.355657, 0.673731, 0.430595, 0.242601, 0.385627, 0.24006, 0.432693, 0.291092, 0.165316, 0.167223, 0.158889, 0.20316, 0.399476, 0.145774]",3,1.37014,"[6, 7]",2,"In web accessibility, a skip link is",0.6666666666666666,60000,1b
pythia-1b-deduped,step60000,skip link,generation,gen_002,"For keyboard navigation, a skip link",0.688241,"[0.518054, 0.460362, 0.424672, 0.688241, 0.323328, 0.13226, 0.348336, 0.174164, 0.293447, 0.075654, 0.180481, 0.086832, 0.116473, 0.13873, 0.186872, 0.175643]",3,1.268249,"[6, 7]",2,"For keyboard navigation, a skip link",0.6666666666666666,60000,1b
pythia-1b-deduped,step60000,skip link,generation,gen_003,"To implement a skip link, developers should",0.671921,"[0.356479, 0.464476, 0.460852, 0.671921, 0.327673, 0.385426, 0.326898, 0.280451, 0.307873, 0.127473, 0.170539, 0.053449, 0.031264, 0.124728, 0.504896, 0.612141]",3,1.460228,"[4, 5]",2,"To implement a skip link, developers should",1.0,60000,1b
pythia-1b-deduped,step60000,skip link,generation,gen_004,"Without a skip link, keyboard users may",0.622631,"[0.402834, 0.400475, 0.42288, 0.622631, 0.261127, 0.259847, 0.304654, 0.142016, 0.259192, 0.107046, 0.139261, 0.043865, 0.048477, 0.433033, 0.317061, 0.315798]",3,1.633253,"[3, 4]",2,"Without a skip link, keyboard users may",0.6666666666666666,60000,1b
pythia-1b-deduped,step60000,skip link,generation,gen_005,An accessibility review noted the absence of a skip link. This means,0.639013,"[0.525046, 0.542011, 0.300933, 0.639013, 0.444407, 0.19089, 0.386525, 0.13772, 0.22167, 0.183757, 0.225073, 0.062805, 0.09819, 0.21218, 0.345289, 0.606859]",3,1.510003,"[9, 10]",2,An accessibility review noted the absence of a skip link. This means,0.3333333333333333,60000,1b
pythia-1b-deduped,step60000,skip link,generation,gen_006,"When designing accessible navigation, a skip link ensures",0.6809,"[0.511897, 0.500062, 0.391638, 0.6809, 0.293335, 0.224264, 0.427286, 0.208016, 0.17916, 0.171925, 0.311868, 0.057812, 0.101888, 0.182039, 0.319612, 0.241967]",3,1.346048,"[7, 8]",2,"When designing accessible navigation, a skip link ensures",1.0,60000,1b
pythia-1b-deduped,step60000,alt text,generation,gen_001,"In web accessibility, alt text is",0.682892,"[0.5715, 0.492192, 0.047307, 0.561027, 0.682892, 0.492673, 0.271102, 0.169588, 0.425861, 0.340378, 0.130267, 0.030292, 0.059073, 0.056304, 0.13091, 0.113416]",4,0.677647,"[5, 6]",2,"In web accessibility, alt text is",1.0,60000,1b
pythia-1b-deduped,step60000,alt text,generation,gen_002,"For blind users, alt text",0.576752,"[0.512136, 0.473294, 0.052888, 0.576752, 0.25409, 0.266018, 0.277592, 0.131069, 0.399764, 0.179008, 0.159329, 0.036359, 0.034136, 0.063608, 0.133054, 0.022254]",3,1.636809,"[5, 6]",2,"For blind users, alt text",0.0,60000,1b
pythia-1b-deduped,step60000,alt text,generation,gen_003,"To write effective alt text, content creators should",0.674575,"[0.519905, 0.449562, 0.416635, 0.645659, 0.674575, 0.371768, 0.356036, 0.200189, 0.37465, 0.351456, 0.172689, 0.080483, 0.01858, 0.063881, 0.033268, 0.05086]",4,0.393095,"[4, 5]",2,"To write effective alt text, content creators should",0.3333333333333333,60000,1b
pythia-1b-deduped,step60000,alt text,generation,gen_004,"Without alt text, screen reader users may",0.643418,"[0.455065, 0.404641, 0.112502, 0.643418, 0.158768, 0.298985, 0.440264, 0.069769, 0.329954, 0.139043, 0.186495, 0.055399, 0.01609, 0.069746, 0.075958, 0.051886]",3,1.764544,"[2, 3]",2,"Without alt text, screen reader users may",0.3333333333333333,60000,1b
pythia-1b-deduped,step60000,alt text,generation,gen_005,An accessibility scan found images lacking alt text. This means,0.565866,"[0.565866, 0.464298, 0.389607, 0.527894, 0.22127, 0.282789, 0.286658, 0.102836, 0.24987, 0.180749, 0.113478, 0.036461, 0.014969, 0.112421, 0.075061, 0.031162]",0,1.703447,"[7, 8]",2,An accessibility scan found images lacking alt text. This means,0.6666666666666666,60000,1b
pythia-1b-deduped,step60000,alt text,generation,gen_006,"When publishing web content, alt text ensures",0.645568,"[0.533732, 0.494321, 0.092807, 0.559423, 0.645568, 0.30483, 0.265108, 0.229409, 0.535627, 0.295667, 0.205045, 0.057664, 0.048787, 0.053063, 0.102562, 0.10229]",4,0.677899,"[6, 7]",2,"When publishing web content, alt text ensures",0.3333333333333333,60000,1b
pythia-1b-deduped,step60000,color contrast,generation,gen_001,"In web accessibility, color contrast is",0.736229,"[0.497542, 0.376893, 0.736229, 0.61818, 0.116246, 0.158616, 0.425012, 0.15284, 0.29043, 0.404902, 0.230655, 0.053551, 0.02371, 0.107926, 0.368809, 0.208933]",2,1.099588,"[5, 6]",2,"In web accessibility, color contrast is",0.0,60000,1b
pythia-1b-deduped,step60000,color contrast,generation,gen_002,"For users with low vision, color contrast",0.681328,"[0.516714, 0.45479, 0.681328, 0.674438, 0.04298, 0.246674, 0.345872, 0.288293, 0.237089, 0.155618, 0.148601, 0.030054, 0.018482, 0.065633, 0.352738, 0.084581]",2,1.213074,"[7, 8]",2,"For users with low vision, color contrast",0.0,60000,1b
pythia-1b-deduped,step60000,color contrast,generation,gen_003,"To achieve sufficient color contrast, designers should",0.701257,"[0.463299, 0.570412, 0.69624, 0.701257, 0.145873, 0.183199, 0.377814, 0.09488, 0.23936, 0.205176, 0.196701, 0.124635, 0.046062, 0.148085, 0.30003, 0.196229]",3,1.290511,"[4, 5]",2,"To achieve sufficient color contrast, designers should",0.3333333333333333,60000,1b
pythia-1b-deduped,step60000,color contrast,generation,gen_004,"Without adequate color contrast, users with visual impairments may",0.736926,"[0.438679, 0.430259, 0.736926, 0.693802, 0.214381, 0.287132, 0.305521, 0.096157, 0.132436, 0.147963, 0.261799, 0.045883, 0.032957, 0.119967, 0.180267, 0.523]",2,1.206412,"[3, 4]",2,"Without adequate color contrast, users with visual impairments may",0.3333333333333333,60000,1b
pythia-1b-deduped,step60000,color contrast,generation,gen_005,An accessibility checker flagged poor color contrast. This means,0.718997,"[0.463954, 0.403484, 0.718997, 0.699807, 0.196159, 0.227758, 0.382133, 0.043558, 0.209547, 0.371363, 0.08276, 0.140099, 0.02757, 0.046439, 0.270839, 0.420656]",2,1.099354,"[8, 9]",2,An accessibility checker flagged poor color contrast. This means,0.0,60000,1b
pythia-1b-deduped,step60000,color contrast,generation,gen_006,"When selecting color palettes, color contrast ensures",0.736683,"[0.366106, 0.424539, 0.736683, 0.651569, 0.108679, 0.135552, 0.340742, 0.048519, 0.23954, 0.274484, 0.158333, 0.027188, 0.020933, 0.074072, 0.259202, 0.026601]",2,0.85951,"[7, 8]",2,"When selecting color palettes, color contrast ensures",0.0,60000,1b
pythia-1b-deduped,step60000,focus indicator,generation,gen_001,"In web accessibility, a focus indicator is",0.651964,"[0.161478, 0.585538, 0.330657, 0.651964, 0.628522, 0.40895, 0.520346, 0.107138, 0.40124, 0.128103, 0.057081, 0.024661, 0.045672, 0.048371, 0.121563, 0.14908]",3,1.340646,"[6, 7]",2,"In web accessibility, a focus indicator is",0.6666666666666666,60000,1b
pythia-1b-deduped,step60000,focus indicator,generation,gen_002,"For keyboard users, a focus indicator",0.676795,"[0.203813, 0.600905, 0.359299, 0.649755, 0.676795, 0.26088, 0.342975, 0.097915, 0.185645, 0.150965, 0.07857, 0.060302, 0.043611, 0.065433, 0.182528, 0.403872]",4,0.631293,"[6, 7]",2,"For keyboard users, a focus indicator",0.0,60000,1b
pythia-1b-deduped,step60000,focus indicator,generation,gen_003,"To implement visible focus indicators, developers should",0.571287,"[0.240652, 0.340026, 0.112012, 0.571287, 0.279891, 0.087236, 0.189458, 0.146018, 0.151117, 0.358008, 0.09804, 0.185973, 0.039168, 0.3005, 0.3011, 0.110955]",3,1.422438,"[5, 6]",2,"To implement visible focus indicators, developers should",0.6666666666666666,60000,1b
pythia-1b-deduped,step60000,focus indicator,generation,gen_004,"Without a focus indicator, keyboard-only users may",0.631337,"[0.162641, 0.483543, 0.306868, 0.631337, 0.451577, 0.119724, 0.540317, 0.066677, 0.362079, 0.223425, 0.091439, 0.050766, 0.032804, 0.200427, 0.118073, 0.062518]",3,1.419712,"[3, 4]",2,"Without a focus indicator, keyboard-only users may",0.0,60000,1b
pythia-1b-deduped,step60000,focus indicator,generation,gen_005,A usability test revealed missing focus indicators. This means,0.50709,"[0.122432, 0.230419, 0.097135, 0.50709, 0.175708, 0.054045, 0.378987, 0.14832, 0.10298, 0.171268, 0.061832, 0.068991, 0.010425, 0.076436, 0.050315, 0.409266]",3,1.420786,"[7, 8]",2,A usability test revealed missing focus indicators. This means,0.3333333333333333,60000,1b
pythia-1b-deduped,step60000,focus indicator,generation,gen_006,"When styling interactive elements, a focus indicator ensures",0.649293,"[0.181292, 0.6059, 0.285317, 0.649293, 0.501152, 0.329698, 0.496398, 0.205382, 0.275631, 0.223017, 0.105364, 0.062707, 0.034281, 0.093491, 0.356554, 0.269924]",3,1.370525,"[7, 8]",2,"When styling interactive elements, a focus indicator ensures",0.6666666666666666,60000,1b
pythia-1b-deduped,step60000,heading structure,generation,gen_001,"In web accessibility, heading structure is",0.790655,"[0.374141, 0.485879, 0.152982, 0.641765, 0.790655, 0.209776, 0.50301, 0.157878, 0.349822, 0.442881, 0.160625, 0.013314, 0.03039, 0.033691, 0.214475, 0.525519]",4,0.569523,"[5, 6]",2,"In web accessibility, heading structure is",0.0,60000,1b
pythia-1b-deduped,step60000,heading structure,generation,gen_002,"For screen readers, heading structure",0.809432,"[0.378902, 0.460327, 0.152186, 0.610644, 0.809432, 0.374809, 0.438827, 0.093985, 0.34972, 0.352598, 0.10133, 0.025774, 0.03567, 0.072714, 0.200355, 0.158098]",4,0.723243,"[5, 6]",2,"For screen readers, heading structure",0.3333333333333333,60000,1b
pythia-1b-deduped,step60000,heading structure,generation,gen_003,"To create proper heading structure, content authors should",0.679286,"[0.291973, 0.454157, 0.232394, 0.679286, 0.085807, 0.077121, 0.445795, 0.162908, 0.231156, 0.195206, 0.163777, 0.040574, 0.030716, 0.1888, 0.36662, 0.340084]",3,1.257799,"[4, 5]",2,"To create proper heading structure, content authors should",0.0,60000,1b
pythia-1b-deduped,step60000,heading structure,generation,gen_004,"Without logical heading structure, screen reader users may",0.72532,"[0.221505, 0.415698, 0.366057, 0.72532, 0.066008, 0.194058, 0.448503, 0.099393, 0.209597, 0.229461, 0.131129, 0.055454, 0.038453, 0.28691, 0.299211, 0.092886]",3,1.401082,"[3, 4]",2,"Without logical heading structure, screen reader users may",0.3333333333333333,60000,1b
pythia-1b-deduped,step60000,heading structure,generation,gen_005,An accessibility evaluation found improper heading structure. This means,0.647968,"[0.355817, 0.496601, 0.339403, 0.647968, 0.454415, 0.103121, 0.383432, 0.047096, 0.204638, 0.206799, 0.104352, 0.054015, 0.035416, 0.169081, 0.314638, 0.437093]",3,1.442827,"[6, 7]",2,An accessibility evaluation found improper heading structure. This means,0.0,60000,1b
pythia-1b-deduped,step60000,heading structure,generation,gen_006,"When organizing page content, heading structure ensures",0.704504,"[0.324455, 0.50135, 0.150355, 0.603438, 0.704504, 0.449927, 0.477195, 0.18422, 0.219648, 0.496716, 0.122975, 0.011521, 0.018305, 0.083708, 0.28424, 0.371297]",4,0.725307,"[6, 7]",2,"When organizing page content, heading structure ensures",0.0,60000,1b
pythia-1b-deduped,step60000,keyboard navigation,generation,gen_001,"In web accessibility, keyboard navigation is",0.653024,"[0.4058, 0.383212, 0.330825, 0.653024, 0.062321, 0.470344, 0.341819, 0.256701, 0.17547, 0.482662, 0.263987, 0.024497, 0.05685, 0.193599, 0.526266, 0.176476]",3,1.613182,"[5, 6]",2,"In web accessibility, keyboard navigation is",0.0,60000,1b
pythia-1b-deduped,step60000,keyboard navigation,generation,gen_002,"For users with motor disabilities, keyboard navigation",0.681732,"[0.272532, 0.493048, 0.289639, 0.681732, 0.105505, 0.333005, 0.345251, 0.368036, 0.218843, 0.440629, 0.232359, 0.030449, 0.033536, 0.135293, 0.628582, 0.108891]",3,1.493806,"[7, 8]",2,"For users with motor disabilities, keyboard navigation",0.0,60000,1b
pythia-1b-deduped,step60000,keyboard navigation,generation,gen_003,"To support keyboard navigation, developers should",0.651425,"[0.443231, 0.249867, 0.367273, 0.651425, 0.081439, 0.323085, 0.260209, 0.161107, 0.180939, 0.420869, 0.240882, 0.054759, 0.03429, 0.167678, 0.240599, 0.224319]",3,1.644441,"[3, 4]",2,"To support keyboard navigation, developers should",0.0,60000,1b
pythia-1b-deduped,step60000,keyboard navigation,generation,gen_004,"Without keyboard navigation support, motor-impaired users may",0.690862,"[0.43522, 0.295676, 0.399367, 0.690862, 0.149806, 0.332738, 0.319819, 0.069267, 0.330723, 0.107725, 0.137069, 0.039366, 0.140491, 0.185051, 0.206962, 0.242156]",3,1.50493,"[2, 3]",2,"Without keyboard navigation support, motor-impaired users may",0.0,60000,1b
pythia-1b-deduped,step60000,keyboard navigation,generation,gen_005,A manual test revealed keyboard navigation failures. This means,0.632265,"[0.336345, 0.380059, 0.583935, 0.632265, 0.184681, 0.320128, 0.217987, 0.227507, 0.138058, 0.34311, 0.285559, 0.033762, 0.027444, 0.16835, 0.269921, 0.122737]",3,1.722828,"[5, 6]",2,A manual test revealed keyboard navigation failures. This means,0.0,60000,1b
pythia-1b-deduped,step60000,keyboard navigation,generation,gen_006,"When developing interactive features, keyboard navigation ensures",0.635642,"[0.409118, 0.402263, 0.259569, 0.635642, 0.19075, 0.430596, 0.35505, 0.22704, 0.2235, 0.489823, 0.209633, 0.034619, 0.039146, 0.103987, 0.445277, 0.052589]",3,1.650661,"[6, 7]",2,"When developing interactive features, keyboard navigation ensures",0.0,60000,1b
pythia-1b-deduped,step60000,landmark region,generation,gen_001,"In web accessibility, a landmark region is",0.6708,"[0.434087, 0.583869, 0.107538, 0.621708, 0.039417, 0.121321, 0.450858, 0.588133, 0.300421, 0.177782, 0.213516, 0.04438, 0.008777, 0.48515, 0.6708, 0.406519]",14,1.442282,"[6, 7]",2,"In web accessibility, a landmark region is",0.0,60000,1b
pythia-1b-deduped,step60000,landmark region,generation,gen_002,"For screen reader users, landmark regions",0.0,"[0.0, 0.0, 0.0, 0.0, 0.0, 0.0, 0.0, 0.0, 0.0, 0.0, 0.0, 0.0, 0.0, 0.0, 0.0, 0.0]",0,2.079441,[7],3,"For screen reader users, landmark regions",0.0,60000,1b
pythia-1b-deduped,step60000,landmark region,generation,gen_003,"To implement landmark regions, developers should",0.294453,"[0.182674, 0.146588, 0.067094, 0.294453, 0.048306, 0.094808, 0.163923, 0.150673, 0.111956, 0.149764, 0.085663, 0.21745, 0.029635, 0.265829, 0.190208, 0.191884]",3,1.910389,"[4, 5, 6]",3,"To implement landmark regions, developers should",0.0,60000,1b
pythia-1b-deduped,step60000,landmark region,generation,gen_004,"Without proper landmark regions, assistive technology users may",0.289245,"[0.221718, 0.164357, 0.051131, 0.289245, 0.102726, 0.102574, 0.13771, 0.158492, 0.204938, 0.112532, 0.154963, 0.041006, 0.030697, 0.25934, 0.225999, 0.089548]",3,1.964924,"[4, 5, 6]",3,"Without proper landmark regions, assistive technology users may",0.0,60000,1b
pythia-1b-deduped,step60000,landmark region,generation,gen_005,An HTML validation found missing landmark regions. This means,0.299075,"[0.226083, 0.108049, 0.10255, 0.299075, 0.133438, 0.061368, 0.112633, 0.093925, 0.214716, 0.115003, 0.247806, 0.117964, 0.035189, 0.212675, 0.066155, 0.174805]",3,1.859324,"[7, 8, 9]",3,An HTML validation found missing landmark regions. This means,0.0,60000,1b
pythia-1b-deduped,step60000,landmark region,generation,gen_006,"When structuring page layout, landmark regions ensure",0.572143,"[0.174202, 0.572143, 0.079507, 0.552979, 0.21363, 0.073428, 0.297062, 0.094723, 0.207521, 0.496195, 0.246924, 0.132349, 0.043937, 0.33117, 0.113925, 0.470625]",1,1.198628,"[8, 9]",3,"When structuring page layout, landmark regions ensure",0.0,60000,1b
pythia-1b-deduped,step60000,aria attribute,generation,gen_001,"In web accessibility, an aria attribute is",0.661554,"[0.315522, 0.472797, 0.12333, 0.598017, 0.61702, 0.24303, 0.440561, 0.240467, 0.18308, 0.160448, 0.255252, 0.226962, 0.055763, 0.202975, 0.661554, 0.371446]",14,1.424814,"[6, 7]",2,"In web accessibility, an aria attribute is",1.0,60000,1b
pythia-1b-deduped,step60000,aria attribute,generation,gen_002,"For screen reader users, aria attributes",0.0,"[0.0, 0.0, 0.0, 0.0, 0.0, 0.0, 0.0, 0.0, 0.0, 0.0, 0.0, 0.0, 0.0, 0.0, 0.0, 0.0]",0,2.079441,[7],2,"For screen reader users, aria attributes",0.3333333333333333,60000,1b
pythia-1b-deduped,step60000,aria attribute,generation,gen_003,"To use aria attributes correctly, developers should",0.733905,"[0.222103, 0.407234, 0.276973, 0.733905, 0.028015, 0.071074, 0.342749, 0.15608, 0.068837, 0.29927, 0.140456, 0.127513, 0.031949, 0.11945, 0.368782, 0.318712]",3,1.018085,"[4, 5]",2,"To use aria attributes correctly, developers should",0.6666666666666666,60000,1b
pythia-1b-deduped,step60000,aria attribute,generation,gen_004,"Without appropriate aria attributes, custom widgets may",0.560444,"[0.214997, 0.304705, 0.098372, 0.560444, 0.105005, 0.129462, 0.260489, 0.203591, 0.327254, 0.406002, 0.068955, 0.13871, 0.058362, 0.331344, 0.168713, 0.167439]",3,1.425571,"[4, 5]",2,"Without appropriate aria attributes, custom widgets may",0.0,60000,1b
pythia-1b-deduped,step60000,aria attribute,generation,gen_005,An accessibility audit found missing aria attributes. This means,0.543762,"[0.105596, 0.113294, 0.062642, 0.512929, 0.028604, 0.097169, 0.182839, 0.126011, 0.113296, 0.173142, 0.070154, 0.130369, 0.014463, 0.116574, 0.053454, 0.543762]",15,0.80804,"[7, 8]",2,An accessibility audit found missing aria attributes. This means,0.0,60000,1b
pythia-1b-deduped,step60000,aria attribute,generation,gen_006,"When creating custom components, aria attributes ensure",0.722202,"[0.37541, 0.632101, 0.173307, 0.567518, 0.463084, 0.038322, 0.21986, 0.098511, 0.165341, 0.514759, 0.142309, 0.239911, 0.082336, 0.212226, 0.166639, 0.722202]",15,1.020534,"[7, 8]",2,"When creating custom components, aria attributes ensure",1.0,60000,1b
pythia-1b-deduped,step90000,screen reader,generation,gen_001,"In web accessibility, a screen reader is",0.563116,"[0.540364, 0.481493, 0.323133, 0.563116, 0.105458, 0.21318, 0.183812, 0.034162, 0.211417, 0.018333, 0.066644, 0.014907, 0.022643, 0.037221, 0.055436, 0.049954]",3,1.458545,"[6, 7]",2,"In web accessibility, a screen reader is",1.0,90000,1b
pythia-1b-deduped,step90000,screen reader,generation,gen_002,"For blind users, a screen reader",0.498998,"[0.498998, 0.480815, 0.357836, 0.496158, 0.117916, 0.164482, 0.135008, 0.020158, 0.182002, 0.01297, 0.108896, 0.015776, 0.033642, 0.075892, 0.037617, 0.017963]",0,1.691948,"[6, 7]",2,"For blind users, a screen reader",1.0,90000,1b
pythia-1b-deduped,step90000,screen reader,generation,gen_003,"To ensure screen reader compatibility, developers should",0.538263,"[0.486483, 0.382376, 0.45301, 0.538263, 0.066203, 0.257797, 0.095721, 0.033148, 0.321001, 0.045594, 0.087156, 0.023716, 0.037141, 0.116373, 0.150475, 0.37788]",3,1.808821,"[3, 4]",2,"To ensure screen reader compatibility, developers should",0.0,90000,1b
pythia-1b-deduped,step90000,screen reader,generation,gen_004,"Without proper screen reader support, visually impaired users may",0.589214,"[0.497198, 0.447645, 0.499375, 0.589214, 0.09254, 0.095986, 0.145448, 0.039363, 0.177521, 0.063081, 0.159389, 0.007919, 0.110756, 0.076005, 0.066074, 0.042739]",3,1.610792,"[3, 4]",2,"Without proper screen reader support, visually impaired users may",1.0,90000,1b
pythia-1b-deduped,step90000,screen reader,generation,gen_005,An accessibility audit found that the site is not screen reader friendly. This means,0.55641,"[0.541746, 0.537064, 0.317568, 0.55641, 0.084882, 0.111456, 0.129553, 0.051834, 0.132774, 0.011181, 0.174563, 0.016098, 0.059483, 0.056587, 0.049387, 0.028886]",3,1.643149,"[10, 11]",2,An accessibility audit found that the site is not screen reader friendly. This means,0.0,90000,1b
pythia-1b-deduped,step90000,screen reader,generation,gen_006,"When building accessible sites, screen reader compatibility ensures",0.558426,"[0.504244, 0.465628, 0.338325, 0.558426, 0.037253, 0.171432, 0.205317, 0.027178, 0.274544, 0.045206, 0.112516, 0.016847, 0.044985, 0.059313, 0.140027, 0.178006]",3,1.533866,"[6, 7]",2,"When building accessible sites, screen reader compatibility ensures",0.6666666666666666,90000,1b
pythia-1b-deduped,step90000,skip link,generation,gen_001,"In web accessibility, a skip link is",0.598783,"[0.496778, 0.539529, 0.273445, 0.598783, 0.241612, 0.348514, 0.453914, 0.286565, 0.394017, 0.331745, 0.301371, 0.097542, 0.199513, 0.146855, 0.570596, 0.185181]",3,1.48845,"[6, 7]",2,"In web accessibility, a skip link is",0.3333333333333333,90000,1b
pythia-1b-deduped,step90000,skip link,generation,gen_002,"For keyboard navigation, a skip link",0.606362,"[0.476403, 0.465134, 0.362835, 0.606362, 0.101666, 0.195128, 0.430333, 0.170828, 0.275028, 0.291537, 0.265845, 0.062033, 0.159924, 0.26892, 0.453687, 0.247541]",3,1.330843,"[6, 7]",2,"For keyboard navigation, a skip link",0.6666666666666666,90000,1b
pythia-1b-deduped,step90000,skip link,generation,gen_003,"To implement a skip link, developers should",0.640004,"[0.356561, 0.475129, 0.372649, 0.640004, 0.173869, 0.28946, 0.339672, 0.236268, 0.311401, 0.187425, 0.191281, 0.051829, 0.076594, 0.132062, 0.615903, 0.491689]",3,1.460232,"[4, 5]",2,"To implement a skip link, developers should",0.3333333333333333,90000,1b
pythia-1b-deduped,step90000,skip link,generation,gen_004,"Without a skip link, keyboard users may",0.606547,"[0.435805, 0.429339, 0.335837, 0.606547, 0.141593, 0.241167, 0.325629, 0.087997, 0.259749, 0.097585, 0.196851, 0.022212, 0.085818, 0.351444, 0.313728, 0.505547]",3,1.501284,"[3, 4]",2,"Without a skip link, keyboard users may",0.0,90000,1b
pythia-1b-deduped,step90000,skip link,generation,gen_005,An accessibility review noted the absence of a skip link. This means,0.634258,"[0.515354, 0.535989, 0.292169, 0.597609, 0.246532, 0.147195, 0.4718, 0.213107, 0.291805, 0.243217, 0.255241, 0.050894, 0.045177, 0.199921, 0.570077, 0.634258]",15,0.909799,"[9, 10]",2,An accessibility review noted the absence of a skip link. This means,0.6666666666666666,90000,1b
pythia-1b-deduped,step90000,skip link,generation,gen_006,"When designing accessible navigation, a skip link ensures",0.640056,"[0.495085, 0.484092, 0.372332, 0.640056, 0.10685, 0.16001, 0.513707, 0.246882, 0.168034, 0.270712, 0.320414, 0.047418, 0.151434, 0.223764, 0.378991, 0.246184]",3,1.31991,"[7, 8]",2,"When designing accessible navigation, a skip link ensures",1.0,90000,1b
pythia-1b-deduped,step90000,alt text,generation,gen_001,"In web accessibility, alt text is",0.557523,"[0.557523, 0.458508, 0.058219, 0.556501, 0.52678, 0.266891, 0.252325, 0.225862, 0.536708, 0.290388, 0.108142, 0.036146, 0.041123, 0.08226, 0.214025, 0.088548]",0,1.700588,"[5, 6]",2,"In web accessibility, alt text is",1.0,90000,1b
pythia-1b-deduped,step90000,alt text,generation,gen_002,"For blind users, alt text",0.603844,"[0.487358, 0.42354, 0.100996, 0.603844, 0.158647, 0.265938, 0.182672, 0.237478, 0.371294, 0.259506, 0.082976, 0.04434, 0.02863, 0.039887, 0.20808, 0.065513]",3,1.651064,"[5, 6]",2,"For blind users, alt text",0.6666666666666666,90000,1b
pythia-1b-deduped,step90000,alt text,generation,gen_003,"To write effective alt text, content creators should",0.653407,"[0.497569, 0.455679, 0.472163, 0.653407, 0.562489, 0.448028, 0.286255, 0.180451, 0.254804, 0.289768, 0.127183, 0.104109, 0.057224, 0.053195, 0.02419, 0.069647]",3,1.712083,"[4, 5]",2,"To write effective alt text, content creators should",0.3333333333333333,90000,1b
pythia-1b-deduped,step90000,alt text,generation,gen_004,"Without alt text, screen reader users may",0.666547,"[0.483146, 0.376574, 0.265606, 0.666547, 0.284005, 0.223522, 0.332112, 0.069817, 0.282781, 0.096835, 0.131437, 0.023381, 0.019147, 0.114137, 0.18948, 0.071089]",3,1.648899,"[2, 3]",2,"Without alt text, screen reader users may",0.6666666666666666,90000,1b
pythia-1b-deduped,step90000,alt text,generation,gen_005,An accessibility scan found images lacking alt text. This means,0.602216,"[0.593069, 0.470535, 0.340037, 0.549041, 0.602216, 0.387254, 0.22042, 0.097056, 0.393738, 0.111661, 0.057434, 0.056329, 0.013527, 0.049751, 0.088021, 0.188598]",4,0.892236,"[7, 8]",2,An accessibility scan found images lacking alt text. This means,0.0,90000,1b
pythia-1b-deduped,step90000,alt text,generation,gen_006,"When publishing web content, alt text ensures",0.608167,"[0.531626, 0.438212, 0.107205, 0.583365, 0.608167, 0.299775, 0.258268, 0.277854, 0.559898, 0.187909, 0.121373, 0.047229, 0.083884, 0.038044, 0.085952, 0.077974]",4,0.751261,"[6, 7]",2,"When publishing web content, alt text ensures",0.6666666666666666,90000,1b
pythia-1b-deduped,step90000,color contrast,generation,gen_001,"In web accessibility, color contrast is",0.703222,"[0.39413, 0.318718, 0.703222, 0.594911, 0.159822, 0.321758, 0.39587, 0.066283, 0.260321, 0.318575, 0.091683, 0.052159, 0.040496, 0.106825, 0.38281, 0.121905]",2,1.2362,"[5, 6]",2,"In web accessibility, color contrast is",0.0,90000,1b
pythia-1b-deduped,step90000,color contrast,generation,gen_002,"For users with low vision, color contrast",0.634012,"[0.391671, 0.434919, 0.576154, 0.634012, 0.108821, 0.260926, 0.31666, 0.204423, 0.267083, 0.241516, 0.122127, 0.047821, 0.032513, 0.084806, 0.308596, 0.042481]",3,1.409026,"[7, 8]",2,"For users with low vision, color contrast",0.3333333333333333,90000,1b
pythia-1b-deduped,step90000,color contrast,generation,gen_003,"To achieve sufficient color contrast, designers should",0.717302,"[0.343066, 0.483869, 0.672316, 0.717302, 0.203857, 0.266832, 0.2548, 0.144146, 0.193995, 0.214866, 0.137097, 0.12111, 0.045061, 0.175442, 0.388382, 0.094887]",3,1.230018,"[4, 5]",2,"To achieve sufficient color contrast, designers should",0.3333333333333333,90000,1b
pythia-1b-deduped,step90000,color contrast,generation,gen_004,"Without adequate color contrast, users with visual impairments may",0.739764,"[0.344561, 0.395854, 0.739764, 0.721452, 0.145477, 0.324322, 0.273031, 0.079817, 0.093114, 0.213577, 0.169329, 0.058025, 0.101003, 0.148168, 0.377283, 0.440625]",2,1.337323,"[3, 4]",2,"Without adequate color contrast, users with visual impairments may",0.6666666666666666,90000,1b
pythia-1b-deduped,step90000,color contrast,generation,gen_005,An accessibility checker flagged poor color contrast. This means,0.732895,"[0.372242, 0.442003, 0.732895, 0.67686, 0.136066, 0.21668, 0.329955, 0.092279, 0.247623, 0.273202, 0.071837, 0.05414, 0.022771, 0.062478, 0.172162, 0.226385]",2,1.15262,"[8, 9]",2,An accessibility checker flagged poor color contrast. This means,0.0,90000,1b
pythia-1b-deduped,step90000,color contrast,generation,gen_006,"When selecting color palettes, color contrast ensures",0.718535,"[0.316312, 0.384631, 0.718535, 0.625772, 0.163395, 0.324135, 0.33873, 0.046384, 0.073303, 0.29525, 0.192501, 0.026871, 0.027662, 0.058151, 0.3624, 0.02491]",2,0.973362,"[7, 8]",2,"When selecting color palettes, color contrast ensures",0.3333333333333333,90000,1b
pythia-1b-deduped,step90000,focus indicator,generation,gen_001,"In web accessibility, a focus indicator is",0.716221,"[0.258062, 0.492565, 0.352919, 0.644705, 0.716221, 0.272864, 0.40928, 0.131601, 0.190173, 0.057279, 0.062764, 0.019542, 0.026372, 0.112728, 0.289987, 0.017803]",4,0.449209,"[6, 7]",2,"In web accessibility, a focus indicator is",1.0,90000,1b
pythia-1b-deduped,step90000,focus indicator,generation,gen_002,"For keyboard users, a focus indicator",0.751066,"[0.301082, 0.533171, 0.310253, 0.621894, 0.751066, 0.16392, 0.231309, 0.174948, 0.208572, 0.129645, 0.07642, 0.04344, 0.061631, 0.050932, 0.102373, 0.040073]",4,0.517323,"[6, 7]",2,"For keyboard users, a focus indicator",0.3333333333333333,90000,1b
pythia-1b-deduped,step90000,focus indicator,generation,gen_003,"To implement visible focus indicators, developers should",0.520497,"[0.205083, 0.302087, 0.109909, 0.520497, 0.125915, 0.098249, 0.246571, 0.096148, 0.171224, 0.272101, 0.116663, 0.176686, 0.026069, 0.256319, 0.122073, 0.079056]",3,1.478621,"[5, 6]",2,"To implement visible focus indicators, developers should",0.0,90000,1b
pythia-1b-deduped,step90000,focus indicator,generation,gen_004,"Without a focus indicator, keyboard-only users may",0.663832,"[0.280693, 0.420838, 0.244192, 0.610603, 0.663832, 0.087148, 0.456167, 0.058232, 0.2103, 0.150238, 0.065545, 0.033085, 0.054157, 0.219698, 0.108059, 0.127772]",4,0.522158,"[3, 4]",2,"Without a focus indicator, keyboard-only users may",0.3333333333333333,90000,1b
pythia-1b-deduped,step90000,focus indicator,generation,gen_005,A usability test revealed missing focus indicators. This means,0.500665,"[0.083764, 0.195397, 0.100335, 0.500665, 0.127843, 0.04573, 0.257154, 0.066269, 0.157744, 0.121493, 0.270803, 0.130913, 0.022364, 0.110394, 0.040529, 0.037844]",3,1.422393,"[7, 8]",2,A usability test revealed missing focus indicators. This means,0.0,90000,1b
pythia-1b-deduped,step90000,focus indicator,generation,gen_006,"When styling interactive elements, a focus indicator ensures",0.690452,"[0.296441, 0.525325, 0.325543, 0.659264, 0.690452, 0.226299, 0.278892, 0.223755, 0.248635, 0.144249, 0.080982, 0.025851, 0.045455, 0.102372, 0.369845, 0.044409]",4,0.598718,"[7, 8]",2,"When styling interactive elements, a focus indicator ensures",1.0,90000,1b
pythia-1b-deduped,step90000,heading structure,generation,gen_001,"In web accessibility, heading structure is",0.782405,"[0.374828, 0.464584, 0.195407, 0.644364, 0.782405, 0.221455, 0.339002, 0.10334, 0.261465, 0.466225, 0.14486, 0.01912, 0.039838, 0.068984, 0.505706, 0.274422]",4,0.576596,"[5, 6]",2,"In web accessibility, heading structure is",0.3333333333333333,90000,1b
pythia-1b-deduped,step90000,heading structure,generation,gen_002,"For screen readers, heading structure",0.817779,"[0.388079, 0.48858, 0.172917, 0.591325, 0.817779, 0.246947, 0.173697, 0.063399, 0.265713, 0.368865, 0.096563, 0.023337, 0.037923, 0.09949, 0.430923, 0.365069]",4,0.596953,"[5, 6]",2,"For screen readers, heading structure",0.3333333333333333,90000,1b
pythia-1b-deduped,step90000,heading structure,generation,gen_003,"To create proper heading structure, content authors should",0.789012,"[0.308577, 0.493234, 0.17346, 0.694668, 0.18581, 0.106662, 0.380119, 0.07421, 0.230946, 0.135399, 0.153228, 0.073648, 0.042279, 0.176336, 0.383423, 0.789012]",15,0.620305,"[4, 5]",2,"To create proper heading structure, content authors should",0.0,90000,1b
pythia-1b-deduped,step90000,heading structure,generation,gen_004,"Without logical heading structure, screen reader users may",0.737448,"[0.280394, 0.417532, 0.245446, 0.737448, 0.04251, 0.243944, 0.383401, 0.224595, 0.163896, 0.208376, 0.092735, 0.044747, 0.03001, 0.111068, 0.259901, 0.108612]",3,1.287954,"[3, 4]",2,"Without logical heading structure, screen reader users may",0.3333333333333333,90000,1b
pythia-1b-deduped,step90000,heading structure,generation,gen_005,An accessibility evaluation found improper heading structure. This means,0.676526,"[0.394418, 0.474718, 0.310744, 0.676526, 0.357406, 0.109287, 0.33533, 0.203905, 0.120538, 0.212952, 0.146373, 0.034338, 0.025805, 0.178672, 0.280016, 0.105774]",3,1.408771,"[6, 7]",2,An accessibility evaluation found improper heading structure. This means,0.3333333333333333,90000,1b
pythia-1b-deduped,step90000,heading structure,generation,gen_006,"When organizing page content, heading structure ensures",0.650623,"[0.358505, 0.445584, 0.185303, 0.608154, 0.650623, 0.269754, 0.368555, 0.106333, 0.162446, 0.447826, 0.092674, 0.013871, 0.025039, 0.135426, 0.242331, 0.317808]",4,0.756592,"[6, 7]",2,"When organizing page content, heading structure ensures",0.3333333333333333,90000,1b
pythia-1b-deduped,step90000,keyboard navigation,generation,gen_001,"In web accessibility, keyboard navigation is",0.609916,"[0.37609, 0.417579, 0.471873, 0.609916, 0.095097, 0.313438, 0.395011, 0.255334, 0.126385, 0.487183, 0.194359, 0.031205, 0.029642, 0.132729, 0.512449, 0.06169]",3,1.605741,"[5, 6]",2,"In web accessibility, keyboard navigation is",0.0,90000,1b
pythia-1b-deduped,step90000,keyboard navigation,generation,gen_002,"For users with motor disabilities, keyboard navigation",0.69091,"[0.326591, 0.421382, 0.466901, 0.596488, 0.244788, 0.301236, 0.406499, 0.238882, 0.104062, 0.443009, 0.250132, 0.058477, 0.043649, 0.096021, 0.69091, 0.033905]",14,1.330105,"[7, 8]",2,"For users with motor disabilities, keyboard navigation",0.0,90000,1b
pythia-1b-deduped,step90000,keyboard navigation,generation,gen_003,"To support keyboard navigation, developers should",0.641797,"[0.350164, 0.235567, 0.459249, 0.641797, 0.079362, 0.142352, 0.230876, 0.104473, 0.092287, 0.48044, 0.216004, 0.057876, 0.048375, 0.144728, 0.357244, 0.295471]",3,1.581514,"[3, 4]",2,"To support keyboard navigation, developers should",0.0,90000,1b
pythia-1b-deduped,step90000,keyboard navigation,generation,gen_004,"Without keyboard navigation support, motor-impaired users may",0.701231,"[0.33724, 0.379507, 0.406159, 0.701231, 0.250557, 0.255569, 0.312988, 0.118707, 0.140692, 0.141849, 0.100345, 0.032689, 0.090259, 0.21157, 0.355795, 0.1871]",3,1.398406,"[2, 3]",2,"Without keyboard navigation support, motor-impaired users may",0.0,90000,1b
pythia-1b-deduped,step90000,keyboard navigation,generation,gen_005,A manual test revealed keyboard navigation failures. This means,0.622765,"[0.408989, 0.427398, 0.622765, 0.60949, 0.172287, 0.161547, 0.211189, 0.211288, 0.095177, 0.383715, 0.329656, 0.031068, 0.029985, 0.307177, 0.302738, 0.278607]",2,1.347784,"[5, 6]",2,A manual test revealed keyboard navigation failures. This means,0.0,90000,1b
pythia-1b-deduped,step90000,keyboard navigation,generation,gen_006,"When developing interactive features, keyboard navigation ensures",0.578196,"[0.365348, 0.492585, 0.4299, 0.578196, 0.222782, 0.323494, 0.375726, 0.241148, 0.114467, 0.397623, 0.209871, 0.045845, 0.010992, 0.15299, 0.494445, 0.194239]",3,1.576595,"[6, 7]",2,"When developing interactive features, keyboard navigation ensures",0.0,90000,1b
pythia-1b-deduped,step90000,landmark region,generation,gen_001,"In web accessibility, a landmark region is",0.758021,"[0.381348, 0.606888, 0.228021, 0.584599, 0.08074, 0.109423, 0.378239, 0.61376, 0.28676, 0.242014, 0.13114, 0.066526, 0.014561, 0.468232, 0.758021, 0.22892]",14,1.270033,"[6, 7]",2,"In web accessibility, a landmark region is",0.0,90000,1b
pythia-1b-deduped,step90000,landmark region,generation,gen_002,"For screen reader users, landmark regions",0.0,"[0.0, 0.0, 0.0, 0.0, 0.0, 0.0, 0.0, 0.0, 0.0, 0.0, 0.0, 0.0, 0.0, 0.0, 0.0, 0.0]",0,2.079441,[7],3,"For screen reader users, landmark regions",0.0,90000,1b
pythia-1b-deduped,step90000,landmark region,generation,gen_003,"To implement landmark regions, developers should",0.270609,"[0.182029, 0.137249, 0.061277, 0.270609, 0.030278, 0.159961, 0.10954, 0.130999, 0.101031, 0.133748, 0.094046, 0.146845, 0.020341, 0.217906, 0.208401, 0.216682]",3,1.960464,"[4, 5, 6]",3,"To implement landmark regions, developers should",0.0,90000,1b
pythia-1b-deduped,step90000,landmark region,generation,gen_004,"Without proper landmark regions, assistive technology users may",0.272233,"[0.206661, 0.174355, 0.054852, 0.272233, 0.069718, 0.085458, 0.158557, 0.049284, 0.17095, 0.102894, 0.139539, 0.043495, 0.02259, 0.21282, 0.14654, 0.135893]",3,1.977065,"[4, 5, 6]",3,"Without proper landmark regions, assistive technology users may",0.0,90000,1b
pythia-1b-deduped,step90000,landmark region,generation,gen_005,An HTML validation found missing landmark regions. This means,0.305753,"[0.209857, 0.095807, 0.083898, 0.305753, 0.111013, 0.111318, 0.116161, 0.069414, 0.107352, 0.073078, 0.225506, 0.074159, 0.043888, 0.16813, 0.070485, 0.189924]",3,1.868096,"[7, 8, 9]",3,An HTML validation found missing landmark regions. This means,0.0,90000,1b
pythia-1b-deduped,step90000,landmark region,generation,gen_006,"When structuring page layout, landmark regions ensure",0.562276,"[0.13218, 0.562276, 0.081744, 0.5502, 0.144771, 0.057753, 0.280443, 0.07453, 0.223212, 0.349257, 0.154753, 0.121081, 0.017543, 0.341193, 0.074334, 0.073154]",1,1.370141,"[8, 9]",3,"When structuring page layout, landmark regions ensure",0.0,90000,1b
pythia-1b-deduped,step90000,aria attribute,generation,gen_001,"In web accessibility, an aria attribute is",0.647384,"[0.430359, 0.550479, 0.256868, 0.647384, 0.622767, 0.125194, 0.372262, 0.1644, 0.240575, 0.170364, 0.163638, 0.192642, 0.088979, 0.25281, 0.483545, 0.221281]",3,1.289047,"[6, 7]",2,"In web accessibility, an aria attribute is",1.0,90000,1b
pythia-1b-deduped,step90000,aria attribute,generation,gen_002,"For screen reader users, aria attributes",0.0,"[0.0, 0.0, 0.0, 0.0, 0.0, 0.0, 0.0, 0.0, 0.0, 0.0, 0.0, 0.0, 0.0, 0.0, 0.0, 0.0]",0,2.079441,[7],2,"For screen reader users, aria attributes",0.3333333333333333,90000,1b
pythia-1b-deduped,step90000,aria attribute,generation,gen_003,"To use aria attributes correctly, developers should",0.748343,"[0.147988, 0.30574, 0.504817, 0.748343, 0.073481, 0.065391, 0.332724, 0.130031, 0.07492, 0.192768, 0.158423, 0.063227, 0.017911, 0.195588, 0.215414, 0.165274]",3,0.914908,"[4, 5]",2,"To use aria attributes correctly, developers should",1.0,90000,1b
pythia-1b-deduped,step90000,aria attribute,generation,gen_004,"Without appropriate aria attributes, custom widgets may",0.558369,"[0.18255, 0.332393, 0.111551, 0.558369, 0.155643, 0.074642, 0.311079, 0.139616, 0.346235, 0.36548, 0.092903, 0.048851, 0.051261, 0.270949, 0.141835, 0.07145]",3,1.393198,"[4, 5]",2,"Without appropriate aria attributes, custom widgets may",0.0,90000,1b
pythia-1b-deduped,step90000,aria attribute,generation,gen_005,An accessibility audit found missing aria attributes. This means,0.541444,"[0.093807, 0.122175, 0.0942, 0.541444, 0.031112, 0.087825, 0.164397, 0.095171, 0.087984, 0.131036, 0.209676, 0.058754, 0.031508, 0.125678, 0.102912, 0.042852]",3,1.384752,"[7, 8]",2,An accessibility audit found missing aria attributes. This means,0.0,90000,1b
pythia-1b-deduped,step90000,aria attribute,generation,gen_006,"When creating custom components, aria attributes ensure",0.668069,"[0.298928, 0.668069, 0.194209, 0.581257, 0.207172, 0.115505, 0.253231, 0.102509, 0.226003, 0.343183, 0.086934, 0.115812, 0.033128, 0.194818, 0.069875, 0.245066]",1,1.273154,"[7, 8]",2,"When creating custom components, aria attributes ensure",1.0,90000,1b
pythia-2.8b-deduped,step0,screen reader,generation,gen_001,"In web accessibility, a screen reader is",0.130341,"[0.093712, 0.092807, 0.059916, 0.130341, 0.128602, 0.112786, 0.060609, 0.096021, 0.086085, 0.081544, 0.083722, 0.094018, 0.119087, 0.059072, 0.066897, 0.109657, 0.063434, 0.098338, 0.090995, 0.080435, 0.073246, 0.111775, 0.062506, 0.086356, 0.089962, 0.078996, 0.089626, 0.079616, 0.088791, 0.080536, 0.063596, 0.070182]",3,3.416728,"[6, 7]",2,"In web accessibility, a screen reader is",0.0,0,2.8b
pythia-2.8b-deduped,step0,screen reader,generation,gen_002,"For blind users, a screen reader",0.148876,"[0.086566, 0.077931, 0.084523, 0.098057, 0.148876, 0.078818, 0.063952, 0.116685, 0.08853, 0.101069, 0.074849, 0.085095, 0.089223, 0.046928, 0.048079, 0.075416, 0.075276, 0.113666, 0.055179, 0.09191, 0.088183, 0.100506, 0.073334, 0.096219, 0.094377, 0.043693, 0.093453, 0.112428, 0.093709, 0.073982, 0.045767, 0.12577]",4,3.415984,"[6, 7]",2,"For blind users, a screen reader",0.0,0,2.8b
pythia-2.8b-deduped,step0,screen reader,generation,gen_003,"To ensure screen reader compatibility, developers should",0.187327,"[0.120345, 0.146141, 0.116371, 0.187327, 0.127391, 0.129472, 0.095131, 0.088608, 0.085915, 0.136251, 0.085453, 0.163414, 0.136598, 0.070384, 0.116019, 0.141195, 0.07654, 0.139485, 0.100075, 0.106186, 0.080157, 0.141591, 0.134007, 0.138016, 0.102471, 0.078747, 0.058217, 0.104227, 0.11113, 0.088141, 0.096012, 0.118954]",3,3.430178,"[3, 4]",2,"To ensure screen reader compatibility, developers should",0.0,0,2.8b
pythia-2.8b-deduped,step0,screen reader,generation,gen_004,"Without proper screen reader support, visually impaired users may",0.214301,"[0.098131, 0.140112, 0.109938, 0.214301, 0.179862, 0.156912, 0.103783, 0.122846, 0.095068, 0.120482, 0.119264, 0.145891, 0.099096, 0.07633, 0.090961, 0.098074, 0.074737, 0.096411, 0.117897, 0.186746, 0.113013, 0.135322, 0.108983, 0.090172, 0.091266, 0.076836, 0.125186, 0.120563, 0.108804, 0.078193, 0.083602, 0.081693]",3,3.419258,"[3, 4]",2,"Without proper screen reader support, visually impaired users may",0.0,0,2.8b
pythia-2.8b-deduped,step0,screen reader,generation,gen_005,An accessibility audit found that the site is not screen reader friendly. This means,0.096762,"[0.071048, 0.05962, 0.052349, 0.092551, 0.056007, 0.063779, 0.055979, 0.052431, 0.08645, 0.071134, 0.060439, 0.064425, 0.068071, 0.039692, 0.072206, 0.052349, 0.051642, 0.041248, 0.049209, 0.053804, 0.071668, 0.070013, 0.096762, 0.051346, 0.082881, 0.027419, 0.060599, 0.050749, 0.059364, 0.04778, 0.055955, 0.038025]",22,3.419263,"[10, 11]",2,An accessibility audit found that the site is not screen reader friendly. This means,0.0,0,2.8b
pythia-2.8b-deduped,step0,screen reader,generation,gen_006,"When building accessible sites, screen reader compatibility ensures",0.133645,"[0.108839, 0.094949, 0.067596, 0.110398, 0.133645, 0.128249, 0.083162, 0.046537, 0.059859, 0.107098, 0.112163, 0.051542, 0.103397, 0.053048, 0.063659, 0.065248, 0.062182, 0.048771, 0.057956, 0.115677, 0.058946, 0.086277, 0.095244, 0.080495, 0.071937, 0.048092, 0.060807, 0.080027, 0.084738, 0.081475, 0.062334, 0.088072]",4,3.415752,"[6, 7]",2,"When building accessible sites, screen reader compatibility ensures",0.0,0,2.8b
pythia-2.8b-deduped,step0,skip link,generation,gen_001,"In web accessibility, a skip link is",0.140137,"[0.046429, 0.09341, 0.140137, 0.077541, 0.085902, 0.072601, 0.090434, 0.092456, 0.060963, 0.10974, 0.0952, 0.065778, 0.076527, 0.06121, 0.092772, 0.073673, 0.054774, 0.059493, 0.069545, 0.0561, 0.101558, 0.082176, 0.071062, 0.090152, 0.053473, 0.06371, 0.072909, 0.090719, 0.108444, 0.033996, 0.062695, 0.070035]",2,3.406155,"[6, 7]",2,"In web accessibility, a skip link is",0.0,0,2.8b
pythia-2.8b-deduped,step0,skip link,generation,gen_002,"For keyboard navigation, a skip link",0.129172,"[0.043682, 0.095663, 0.110322, 0.069289, 0.103783, 0.072809, 0.089721, 0.079775, 0.124124, 0.110222, 0.085198, 0.063572, 0.086626, 0.072818, 0.074311, 0.060533, 0.075116, 0.081451, 0.080269, 0.04948, 0.054626, 0.045234, 0.052479, 0.075227, 0.062901, 0.052503, 0.069477, 0.129172, 0.106312, 0.061856, 0.052723, 0.077291]",27,3.426915,"[6, 7]",2,"For keyboard navigation, a skip link",0.0,0,2.8b
pythia-2.8b-deduped,step0,skip link,generation,gen_003,"To implement a skip link, developers should",0.18787,"[0.054651, 0.092339, 0.114742, 0.085671, 0.092298, 0.066704, 0.18787, 0.117923, 0.077128, 0.113595, 0.121218, 0.103955, 0.092563, 0.115277, 0.119626, 0.090898, 0.074228, 0.07318, 0.062691, 0.093627, 0.075149, 0.076273, 0.098598, 0.138585, 0.074962, 0.107805, 0.104397, 0.095231, 0.131964, 0.136816, 0.097631, 0.109944]",6,3.405281,"[4, 5]",2,"To implement a skip link, developers should",0.0,0,2.8b
pythia-2.8b-deduped,step0,skip link,generation,gen_004,"Without a skip link, keyboard users may",0.175381,"[0.091257, 0.122905, 0.151117, 0.103151, 0.108382, 0.089528, 0.159908, 0.129389, 0.162942, 0.175381, 0.110507, 0.097056, 0.134623, 0.134968, 0.134068, 0.100176, 0.071496, 0.074866, 0.152494, 0.105072, 0.098954, 0.085386, 0.08491, 0.110567, 0.075133, 0.090193, 0.088497, 0.127861, 0.130226, 0.110121, 0.08547, 0.11454]",9,3.437758,"[3, 4]",2,"Without a skip link, keyboard users may",0.0,0,2.8b
pythia-2.8b-deduped,step0,skip link,generation,gen_005,An accessibility review noted the absence of a skip link. This means,0.092155,"[0.038227, 0.05796, 0.082603, 0.063571, 0.0652, 0.059042, 0.070794, 0.090685, 0.063529, 0.080132, 0.081033, 0.040557, 0.062239, 0.048787, 0.072072, 0.051718, 0.039765, 0.039348, 0.050906, 0.027944, 0.036192, 0.069072, 0.056888, 0.092155, 0.034005, 0.049434, 0.058391, 0.063137, 0.077733, 0.05102, 0.051923, 0.042633]",23,3.426942,"[9, 10]",2,An accessibility review noted the absence of a skip link. This means,0.0,0,2.8b
pythia-2.8b-deduped,step0,skip link,generation,gen_006,"When designing accessible navigation, a skip link ensures",0.112324,"[0.046172, 0.080906, 0.069192, 0.064446, 0.096702, 0.06934, 0.051331, 0.068065, 0.081297, 0.110411, 0.091309, 0.080244, 0.057832, 0.054971, 0.057048, 0.066177, 0.050425, 0.058324, 0.081894, 0.064851, 0.047178, 0.083344, 0.060108, 0.086062, 0.078016, 0.059514, 0.070565, 0.112324, 0.084348, 0.068274, 0.041696, 0.06458]",27,3.433514,"[7, 8]",2,"When designing accessible navigation, a skip link ensures",0.0,0,2.8b
pythia-2.8b-deduped,step0,alt text,generation,gen_001,"In web accessibility, alt text is",0.156089,"[0.105336, 0.156089, 0.079607, 0.123557, 0.108713, 0.090904, 0.133382, 0.072435, 0.094784, 0.100374, 0.097835, 0.097142, 0.103192, 0.081609, 0.071819, 0.129186, 0.077775, 0.106292, 0.11774, 0.096975, 0.057134, 0.075097, 0.065347, 0.070758, 0.054129, 0.039592, 0.079872, 0.123338, 0.084855, 0.094027, 0.07664, 0.056123]",1,3.398423,"[5, 6]",2,"In web accessibility, alt text is",0.0,0,2.8b
pythia-2.8b-deduped,step0,alt text,generation,gen_002,"For blind users, alt text",0.184918,"[0.136541, 0.184918, 0.090511, 0.123886, 0.123628, 0.072956, 0.083532, 0.148095, 0.106289, 0.130769, 0.102297, 0.118653, 0.084545, 0.073797, 0.143133, 0.105746, 0.074076, 0.096999, 0.157476, 0.078355, 0.124975, 0.094753, 0.060658, 0.046173, 0.102874, 0.091417, 0.063339, 0.11938, 0.106852, 0.085402, 0.086934, 0.080192]",1,3.393532,"[5, 6]",2,"For blind users, alt text",0.0,0,2.8b
pythia-2.8b-deduped,step0,alt text,generation,gen_003,"To write effective alt text, content creators should",0.207007,"[0.11081, 0.14884, 0.08484, 0.132616, 0.123124, 0.11558, 0.099262, 0.100901, 0.086266, 0.143833, 0.080359, 0.108182, 0.207007, 0.108937, 0.113545, 0.08518, 0.115922, 0.108737, 0.0776, 0.092131, 0.124176, 0.086109, 0.106876, 0.10184, 0.088987, 0.07722, 0.076873, 0.107453, 0.096062, 0.09746, 0.091552, 0.08311]",12,3.409815,"[4, 5]",2,"To write effective alt text, content creators should",0.0,0,2.8b
pythia-2.8b-deduped,step0,alt text,generation,gen_004,"Without alt text, screen reader users may",0.199608,"[0.160906, 0.197908, 0.143959, 0.161625, 0.137099, 0.130549, 0.199608, 0.12526, 0.138636, 0.130487, 0.060162, 0.162983, 0.157928, 0.100153, 0.148098, 0.113514, 0.172833, 0.104371, 0.077803, 0.132747, 0.083059, 0.149244, 0.139707, 0.090926, 0.084546, 0.095562, 0.108366, 0.11799, 0.120335, 0.075818, 0.158702, 0.101866]",6,3.437029,"[2, 3]",2,"Without alt text, screen reader users may",0.0,0,2.8b
pythia-2.8b-deduped,step0,alt text,generation,gen_005,An accessibility scan found images lacking alt text. This means,0.136138,"[0.071655, 0.136138, 0.076923, 0.095074, 0.099039, 0.047813, 0.060425, 0.064491, 0.083545, 0.079586, 0.05569, 0.094501, 0.088887, 0.075027, 0.064774, 0.061072, 0.113487, 0.108353, 0.048068, 0.03821, 0.063648, 0.057388, 0.053836, 0.094288, 0.048162, 0.063102, 0.054573, 0.070987, 0.084543, 0.085814, 0.055423, 0.055127]",1,3.384561,"[7, 8]",2,An accessibility scan found images lacking alt text. This means,0.0,0,2.8b
pythia-2.8b-deduped,step0,alt text,generation,gen_006,"When publishing web content, alt text ensures",0.20532,"[0.12041, 0.20532, 0.084425, 0.087052, 0.118027, 0.095061, 0.072674, 0.084866, 0.078526, 0.092056, 0.08349, 0.088118, 0.078697, 0.091253, 0.073012, 0.079372, 0.071839, 0.074068, 0.059078, 0.070395, 0.078631, 0.061678, 0.063832, 0.05982, 0.053685, 0.058356, 0.054293, 0.083866, 0.067956, 0.084238, 0.069675, 0.055289]",1,3.370629,"[6, 7]",2,"When publishing web content, alt text ensures",0.0,0,2.8b
pythia-2.8b-deduped,step0,color contrast,generation,gen_001,"In web accessibility, color contrast is",0.18206,"[0.107597, 0.136284, 0.099566, 0.108453, 0.082671, 0.098723, 0.096334, 0.094067, 0.18206, 0.166565, 0.079018, 0.155125, 0.093634, 0.064081, 0.114042, 0.104894, 0.093647, 0.115501, 0.048113, 0.046987, 0.068051, 0.070234, 0.10276, 0.076825, 0.103238, 0.068664, 0.097623, 0.064451, 0.066733, 0.078899, 0.052123, 0.082245]",8,3.425782,"[5, 6]",2,"In web accessibility, color contrast is",0.0,0,2.8b
pythia-2.8b-deduped,step0,color contrast,generation,gen_002,"For users with low vision, color contrast",0.146112,"[0.066428, 0.122734, 0.092981, 0.125527, 0.081216, 0.073734, 0.086842, 0.058113, 0.146112, 0.140913, 0.106594, 0.05806, 0.066076, 0.04158, 0.100342, 0.084549, 0.070572, 0.057747, 0.06656, 0.086579, 0.060568, 0.057529, 0.068997, 0.077668, 0.082007, 0.087281, 0.04104, 0.042946, 0.059899, 0.068939, 0.057134, 0.058113]",8,3.425511,"[7, 8]",2,"For users with low vision, color contrast",0.0,0,2.8b
pythia-2.8b-deduped,step0,color contrast,generation,gen_003,"To achieve sufficient color contrast, designers should",0.188684,"[0.085424, 0.188684, 0.080645, 0.136648, 0.181941, 0.097263, 0.105349, 0.11769, 0.17923, 0.1108, 0.129329, 0.098466, 0.12782, 0.085488, 0.065427, 0.146273, 0.100595, 0.106698, 0.126303, 0.060678, 0.084842, 0.110713, 0.138244, 0.098331, 0.073834, 0.07935, 0.067353, 0.091465, 0.105819, 0.066407, 0.101445, 0.087728]",1,3.391789,"[4, 5]",2,"To achieve sufficient color contrast, designers should",0.0,0,2.8b
pythia-2.8b-deduped,step0,color contrast,generation,gen_004,"Without adequate color contrast, users with visual impairments may",0.187431,"[0.095318, 0.187431, 0.131511, 0.147889, 0.163566, 0.095133, 0.121208, 0.119027, 0.180809, 0.126668, 0.105033, 0.127322, 0.132249, 0.086964, 0.091968, 0.111247, 0.106536, 0.073128, 0.096849, 0.075849, 0.098562, 0.090637, 0.07929, 0.140104, 0.101526, 0.076073, 0.089037, 0.097793, 0.110566, 0.130626, 0.085917, 0.088869]",1,3.398128,"[3, 4]",2,"Without adequate color contrast, users with visual impairments may",0.0,0,2.8b
pythia-2.8b-deduped,step0,color contrast,generation,gen_005,An accessibility checker flagged poor color contrast. This means,0.113248,"[0.060267, 0.109429, 0.086508, 0.084132, 0.068209, 0.061715, 0.062831, 0.049618, 0.098531, 0.081442, 0.063355, 0.048845, 0.074526, 0.065284, 0.064557, 0.092019, 0.113248, 0.083402, 0.061479, 0.067653, 0.08996, 0.049329, 0.060614, 0.10682, 0.066194, 0.065953, 0.059025, 0.048835, 0.054479, 0.050098, 0.067612, 0.066335]",16,3.424858,"[8, 9]",2,An accessibility checker flagged poor color contrast. This means,0.0,0,2.8b
pythia-2.8b-deduped,step0,color contrast,generation,gen_006,"When selecting color palettes, color contrast ensures",0.130653,"[0.06749, 0.11552, 0.061192, 0.099821, 0.079835, 0.065692, 0.052803, 0.057204, 0.130653, 0.067398, 0.078968, 0.069282, 0.058598, 0.069841, 0.070863, 0.053346, 0.086815, 0.059667, 0.042161, 0.044509, 0.077404, 0.044896, 0.043694, 0.095194, 0.072019, 0.062697, 0.055995, 0.042004, 0.081361, 0.094252, 0.073302, 0.08066]",8,3.4309,"[7, 8]",2,"When selecting color palettes, color contrast ensures",0.0,0,2.8b
pythia-2.8b-deduped,step0,focus indicator,generation,gen_001,"In web accessibility, a focus indicator is",0.15373,"[0.15373, 0.083731, 0.079987, 0.050791, 0.068849, 0.039723, 0.089704, 0.099225, 0.129712, 0.062027, 0.065684, 0.074551, 0.106268, 0.069556, 0.095009, 0.086071, 0.065306, 0.071774, 0.070822, 0.057621, 0.072043, 0.043846, 0.060608, 0.06807, 0.068807, 0.06572, 0.107183, 0.074181, 0.050001, 0.06432, 0.066544, 0.063077]",0,3.381314,"[6, 7]",2,"In web accessibility, a focus indicator is",0.0,0,2.8b
pythia-2.8b-deduped,step0,focus indicator,generation,gen_002,"For keyboard users, a focus indicator",0.134716,"[0.119103, 0.074822, 0.056989, 0.107193, 0.071423, 0.062497, 0.099254, 0.054694, 0.092073, 0.051442, 0.062769, 0.069817, 0.116023, 0.086478, 0.075277, 0.067156, 0.111263, 0.066147, 0.046072, 0.067403, 0.104647, 0.041508, 0.071192, 0.071837, 0.067123, 0.067034, 0.134716, 0.05896, 0.067055, 0.040853, 0.065288, 0.069271]",26,3.432774,"[6, 7]",2,"For keyboard users, a focus indicator",0.0,0,2.8b
pythia-2.8b-deduped,step0,focus indicator,generation,gen_003,"To implement visible focus indicators, developers should",0.227163,"[0.080888, 0.154692, 0.227163, 0.077454, 0.131248, 0.081619, 0.090501, 0.074883, 0.094955, 0.097326, 0.08533, 0.084062, 0.093664, 0.1414, 0.097093, 0.096945, 0.079105, 0.074063, 0.08262, 0.072481, 0.072618, 0.101013, 0.088861, 0.119698, 0.056512, 0.098862, 0.095803, 0.081925, 0.076282, 0.051637, 0.141422, 0.079884]",2,3.401966,"[5, 6]",2,"To implement visible focus indicators, developers should",0.0,0,2.8b
pythia-2.8b-deduped,step0,focus indicator,generation,gen_004,"Without a focus indicator, keyboard-only users may",0.230329,"[0.230329, 0.07667, 0.135549, 0.086189, 0.113768, 0.109665, 0.133233, 0.12796, 0.175215, 0.138481, 0.12325, 0.065448, 0.108598, 0.119163, 0.163534, 0.124443, 0.099651, 0.112895, 0.084775, 0.089461, 0.079452, 0.08357, 0.13533, 0.065759, 0.057669, 0.092005, 0.205539, 0.083672, 0.088734, 0.081328, 0.107881, 0.06872]",0,3.401991,"[3, 4]",2,"Without a focus indicator, keyboard-only users may",0.0,0,2.8b
pythia-2.8b-deduped,step0,focus indicator,generation,gen_005,A usability test revealed missing focus indicators. This means,0.15209,"[0.102526, 0.053074, 0.102566, 0.071983, 0.113754, 0.10928, 0.095024, 0.052077, 0.061686, 0.089609, 0.085381, 0.056818, 0.118947, 0.076399, 0.050002, 0.073247, 0.049814, 0.06538, 0.060335, 0.077381, 0.085024, 0.15209, 0.072622, 0.071573, 0.095286, 0.041895, 0.110285, 0.100907, 0.068977, 0.042919, 0.05937, 0.064661]",21,3.420431,"[7, 8]",2,A usability test revealed missing focus indicators. This means,0.0,0,2.8b
pythia-2.8b-deduped,step0,focus indicator,generation,gen_006,"When styling interactive elements, a focus indicator ensures",0.135364,"[0.115202, 0.133411, 0.065196, 0.069683, 0.060028, 0.057966, 0.091359, 0.089, 0.135364, 0.085256, 0.061426, 0.064026, 0.116758, 0.076455, 0.069628, 0.061279, 0.065205, 0.062058, 0.059844, 0.096824, 0.059201, 0.04194, 0.059558, 0.102819, 0.067235, 0.054172, 0.118514, 0.061762, 0.055095, 0.057657, 0.080698, 0.060415]",8,3.419431,"[7, 8]",2,"When styling interactive elements, a focus indicator ensures",0.0,0,2.8b
pythia-2.8b-deduped,step0,heading structure,generation,gen_001,"In web accessibility, heading structure is",0.151977,"[0.151977, 0.089173, 0.1059, 0.089235, 0.0871, 0.058156, 0.076826, 0.092989, 0.073711, 0.110926, 0.126273, 0.076082, 0.074238, 0.117134, 0.109741, 0.070686, 0.097775, 0.102134, 0.065073, 0.070874, 0.088107, 0.063255, 0.093033, 0.067589, 0.051861, 0.090919, 0.045588, 0.088949, 0.069937, 0.09281, 0.145366, 0.074837]",0,3.42302,"[5, 6]",2,"In web accessibility, heading structure is",0.0,0,2.8b
pythia-2.8b-deduped,step0,heading structure,generation,gen_002,"For screen readers, heading structure",0.118575,"[0.106141, 0.09719, 0.103612, 0.086195, 0.104973, 0.086126, 0.077798, 0.06261, 0.094403, 0.110326, 0.088986, 0.108472, 0.083503, 0.108326, 0.064808, 0.105918, 0.06167, 0.073054, 0.077873, 0.06812, 0.098462, 0.066911, 0.076911, 0.089516, 0.064915, 0.118575, 0.049686, 0.073629, 0.106696, 0.084095, 0.086615, 0.098945]",25,3.41453,"[5, 6]",2,"For screen readers, heading structure",0.0,0,2.8b
pythia-2.8b-deduped,step0,heading structure,generation,gen_003,"To create proper heading structure, content authors should",0.153741,"[0.107916, 0.133687, 0.149891, 0.08157, 0.14919, 0.153741, 0.104581, 0.098479, 0.138256, 0.142474, 0.052157, 0.114551, 0.12829, 0.067944, 0.106707, 0.15059, 0.097564, 0.10296, 0.088317, 0.071824, 0.065009, 0.082862, 0.08865, 0.13973, 0.112263, 0.111819, 0.061177, 0.064419, 0.053088, 0.082084, 0.126558, 0.075868]",5,3.427747,"[4, 5]",2,"To create proper heading structure, content authors should",0.0,0,2.8b
pythia-2.8b-deduped,step0,heading structure,generation,gen_004,"Without logical heading structure, screen reader users may",0.255365,"[0.107759, 0.119392, 0.255365, 0.141414, 0.149296, 0.098322, 0.110023, 0.108633, 0.120747, 0.165134, 0.109087, 0.105443, 0.133126, 0.169271, 0.092731, 0.095434, 0.112671, 0.088036, 0.117066, 0.133792, 0.110674, 0.053982, 0.078712, 0.093995, 0.066861, 0.139877, 0.063637, 0.093281, 0.054089, 0.053708, 0.101998, 0.10623]",2,3.408733,"[3, 4]",2,"Without logical heading structure, screen reader users may",0.0,0,2.8b
pythia-2.8b-deduped,step0,heading structure,generation,gen_005,An accessibility evaluation found improper heading structure. This means,0.119169,"[0.061996, 0.059844, 0.119169, 0.086499, 0.099117, 0.046709, 0.067536, 0.075037, 0.078571, 0.072427, 0.066545, 0.053337, 0.071543, 0.097393, 0.068895, 0.07992, 0.064456, 0.103797, 0.068082, 0.060468, 0.10284, 0.059429, 0.047063, 0.071306, 0.046937, 0.074733, 0.044205, 0.071735, 0.076677, 0.082477, 0.098948, 0.078969]",2,3.408162,"[6, 7]",2,An accessibility evaluation found improper heading structure. This means,0.0,0,2.8b
pythia-2.8b-deduped,step0,heading structure,generation,gen_006,"When organizing page content, heading structure ensures",0.137489,"[0.086816, 0.092338, 0.083691, 0.079004, 0.071256, 0.097448, 0.093365, 0.058865, 0.074061, 0.093638, 0.071172, 0.059631, 0.137489, 0.114599, 0.072827, 0.128009, 0.073489, 0.074215, 0.057427, 0.050565, 0.070306, 0.057267, 0.060291, 0.096294, 0.063946, 0.088248, 0.046881, 0.071467, 0.052635, 0.067327, 0.115124, 0.050035]",12,3.42346,"[6, 7]",2,"When organizing page content, heading structure ensures",0.0,0,2.8b
pythia-2.8b-deduped,step0,keyboard navigation,generation,gen_001,"In web accessibility, keyboard navigation is",0.182689,"[0.112377, 0.163623, 0.100681, 0.130445, 0.127843, 0.071316, 0.063792, 0.076131, 0.097431, 0.129088, 0.08466, 0.073966, 0.182689, 0.107098, 0.088598, 0.13652, 0.048176, 0.056649, 0.063754, 0.093201, 0.161456, 0.0602, 0.089183, 0.143168, 0.091983, 0.045789, 0.058361, 0.124031, 0.067917, 0.058196, 0.06921, 0.091919]",12,3.415852,"[5, 6]",2,"In web accessibility, keyboard navigation is",0.0,0,2.8b
pythia-2.8b-deduped,step0,keyboard navigation,generation,gen_002,"For users with motor disabilities, keyboard navigation",0.152235,"[0.102919, 0.12335, 0.10044, 0.110002, 0.072859, 0.091807, 0.061505, 0.079771, 0.059478, 0.079418, 0.102828, 0.152235, 0.067152, 0.079621, 0.061491, 0.079709, 0.069024, 0.080615, 0.044182, 0.061818, 0.094223, 0.054719, 0.068303, 0.085084, 0.047131, 0.040354, 0.049425, 0.136825, 0.062798, 0.073797, 0.068451, 0.041963]",11,3.396584,"[7, 8]",2,"For users with motor disabilities, keyboard navigation",0.0,0,2.8b
pythia-2.8b-deduped,step0,keyboard navigation,generation,gen_003,"To support keyboard navigation, developers should",0.182702,"[0.173846, 0.158278, 0.125933, 0.168443, 0.152063, 0.093051, 0.139559, 0.117575, 0.098545, 0.142388, 0.116587, 0.102683, 0.182702, 0.109162, 0.059665, 0.100755, 0.107161, 0.090466, 0.070986, 0.090201, 0.140769, 0.097155, 0.094268, 0.135542, 0.085663, 0.098201, 0.136705, 0.125086, 0.070144, 0.06865, 0.100327, 0.119614]",12,3.430324,"[3, 4]",2,"To support keyboard navigation, developers should",0.0,0,2.8b
pythia-2.8b-deduped,step0,keyboard navigation,generation,gen_004,"Without keyboard navigation support, motor-impaired users may",0.254239,"[0.214958, 0.173258, 0.254239, 0.174562, 0.221937, 0.126799, 0.166892, 0.111308, 0.104569, 0.132208, 0.123122, 0.122458, 0.122915, 0.134386, 0.068264, 0.098784, 0.132532, 0.151993, 0.067518, 0.120919, 0.154894, 0.124975, 0.147907, 0.163525, 0.088965, 0.105005, 0.098676, 0.117296, 0.096764, 0.058895, 0.13657, 0.10619]",2,3.429311,"[2, 3]",2,"Without keyboard navigation support, motor-impaired users may",0.0,0,2.8b
pythia-2.8b-deduped,step0,keyboard navigation,generation,gen_005,A manual test revealed keyboard navigation failures. This means,0.158411,"[0.145999, 0.083215, 0.120929, 0.11347, 0.093646, 0.111462, 0.145345, 0.081869, 0.062421, 0.095513, 0.129941, 0.158411, 0.116477, 0.080996, 0.068273, 0.110185, 0.086474, 0.07849, 0.05429, 0.065344, 0.072828, 0.069012, 0.090441, 0.120567, 0.074044, 0.082541, 0.058574, 0.08929, 0.056832, 0.052815, 0.068615, 0.057218]",11,3.426715,"[5, 6]",2,A manual test revealed keyboard navigation failures. This means,0.0,0,2.8b
pythia-2.8b-deduped,step0,keyboard navigation,generation,gen_006,"When developing interactive features, keyboard navigation ensures",0.189434,"[0.119329, 0.089044, 0.137334, 0.091771, 0.116064, 0.089689, 0.090762, 0.078433, 0.078615, 0.083504, 0.094321, 0.110533, 0.189434, 0.10287, 0.070586, 0.106988, 0.054284, 0.112724, 0.041886, 0.071942, 0.093638, 0.071415, 0.087251, 0.099561, 0.069731, 0.101766, 0.054886, 0.104187, 0.06306, 0.074302, 0.051957, 0.072892]",12,3.411217,"[6, 7]",2,"When developing interactive features, keyboard navigation ensures",0.0,0,2.8b
pythia-2.8b-deduped,step0,landmark region,generation,gen_001,"In web accessibility, a landmark region is",0.272213,"[0.061286, 0.272213, 0.079027, 0.061248, 0.073392, 0.133844, 0.123462, 0.12789, 0.094515, 0.089659, 0.113503, 0.068466, 0.109035, 0.07683, 0.075262, 0.088164, 0.04635, 0.087144, 0.112183, 0.06144, 0.064528, 0.093924, 0.065913, 0.088175, 0.065253, 0.062222, 0.039752, 0.033289, 0.074174, 0.106269, 0.093884, 0.067364]",1,3.362526,"[6, 7]",2,"In web accessibility, a landmark region is",0.0,0,2.8b
pythia-2.8b-deduped,step0,landmark region,generation,gen_002,"For screen reader users, landmark regions",0.0,"[0.0, 0.0, 0.0, 0.0, 0.0, 0.0, 0.0, 0.0, 0.0, 0.0, 0.0, 0.0, 0.0, 0.0, 0.0, 0.0, 0.0, 0.0, 0.0, 0.0, 0.0, 0.0, 0.0, 0.0, 0.0, 0.0, 0.0, 0.0, 0.0, 0.0, 0.0, 0.0]",0,3.465736,[7],3,"For screen reader users, landmark regions",0.0,0,2.8b
pythia-2.8b-deduped,step0,landmark region,generation,gen_003,"To implement landmark regions, developers should",0.081615,"[0.063054, 0.063058, 0.051004, 0.071077, 0.072106, 0.064028, 0.055651, 0.034381, 0.042244, 0.077779, 0.068493, 0.045835, 0.081615, 0.049682, 0.049796, 0.054586, 0.063541, 0.038577, 0.055404, 0.040487, 0.048455, 0.047857, 0.058305, 0.047652, 0.081505, 0.052724, 0.042997, 0.056574, 0.046333, 0.042184, 0.073247, 0.033364]",12,3.446297,"[4, 5, 6]",3,"To implement landmark regions, developers should",0.0,0,2.8b
pythia-2.8b-deduped,step0,landmark region,generation,gen_004,"Without proper landmark regions, assistive technology users may",0.101546,"[0.066045, 0.101546, 0.082617, 0.079291, 0.050934, 0.084857, 0.080844, 0.065806, 0.049732, 0.070198, 0.064509, 0.042448, 0.052461, 0.042895, 0.040448, 0.052911, 0.033057, 0.073194, 0.029705, 0.045509, 0.054337, 0.068118, 0.065327, 0.04271, 0.063762, 0.062285, 0.074583, 0.063797, 0.041043, 0.055175, 0.053458, 0.05595]",1,3.443603,"[4, 5, 6]",3,"Without proper landmark regions, assistive technology users may",0.0,0,2.8b
pythia-2.8b-deduped,step0,landmark region,generation,gen_005,An HTML validation found missing landmark regions. This means,0.088863,"[0.050252, 0.050193, 0.052105, 0.050917, 0.088863, 0.041525, 0.078232, 0.035817, 0.048477, 0.051481, 0.019214, 0.03133, 0.036159, 0.040316, 0.036344, 0.046296, 0.03054, 0.037973, 0.03723, 0.036717, 0.043503, 0.050825, 0.048538, 0.054524, 0.043529, 0.036318, 0.041585, 0.031517, 0.055363, 0.025529, 0.041722, 0.035852]",4,3.433935,"[7, 8, 9]",3,An HTML validation found missing landmark regions. This means,0.0,0,2.8b
pythia-2.8b-deduped,step0,landmark region,generation,gen_006,"When structuring page layout, landmark regions ensure",0.117014,"[0.094398, 0.081771, 0.117014, 0.043047, 0.077272, 0.057235, 0.076638, 0.071273, 0.090968, 0.091147, 0.053226, 0.066114, 0.048182, 0.047522, 0.05274, 0.064802, 0.052536, 0.059948, 0.063325, 0.062194, 0.106517, 0.082359, 0.098073, 0.044597, 0.09907, 0.042358, 0.054562, 0.082163, 0.051521, 0.046231, 0.068169, 0.042761]",2,3.387262,"[8, 9]",3,"When structuring page layout, landmark regions ensure",0.0,0,2.8b
pythia-2.8b-deduped,step0,aria attribute,generation,gen_001,"In web accessibility, an aria attribute is",0.128839,"[0.128839, 0.105868, 0.072131, 0.094834, 0.066819, 0.083685, 0.128094, 0.115138, 0.085273, 0.125805, 0.059694, 0.079653, 0.124071, 0.053088, 0.120347, 0.054543, 0.052298, 0.081641, 0.089604, 0.060511, 0.052013, 0.116067, 0.109137, 0.069264, 0.057151, 0.092522, 0.045632, 0.088319, 0.081988, 0.068525, 0.065276, 0.066854]",0,3.406505,"[6, 7]",2,"In web accessibility, an aria attribute is",0.0,0,2.8b
pythia-2.8b-deduped,step0,aria attribute,generation,gen_002,"For screen reader users, aria attributes",0.0,"[0.0, 0.0, 0.0, 0.0, 0.0, 0.0, 0.0, 0.0, 0.0, 0.0, 0.0, 0.0, 0.0, 0.0, 0.0, 0.0, 0.0, 0.0, 0.0, 0.0, 0.0, 0.0, 0.0, 0.0, 0.0, 0.0, 0.0, 0.0, 0.0, 0.0, 0.0, 0.0]",0,3.465736,[7],2,"For screen reader users, aria attributes",0.0,0,2.8b
pythia-2.8b-deduped,step0,aria attribute,generation,gen_003,"To use aria attributes correctly, developers should",0.16485,"[0.1241, 0.160123, 0.16485, 0.127584, 0.080345, 0.079765, 0.079533, 0.070119, 0.099078, 0.099892, 0.092134, 0.09331, 0.092703, 0.104298, 0.146174, 0.102365, 0.094994, 0.123525, 0.067283, 0.052867, 0.137157, 0.090116, 0.094092, 0.098445, 0.100246, 0.057204, 0.128999, 0.068361, 0.064054, 0.100346, 0.066802, 0.061943]",2,3.429056,"[4, 5]",2,"To use aria attributes correctly, developers should",0.0,0,2.8b
pythia-2.8b-deduped,step0,aria attribute,generation,gen_004,"Without appropriate aria attributes, custom widgets may",0.193476,"[0.15737, 0.193476, 0.140881, 0.141289, 0.116643, 0.127991, 0.105479, 0.119336, 0.081567, 0.128681, 0.06786, 0.079945, 0.082444, 0.080486, 0.077373, 0.061753, 0.078148, 0.087015, 0.057967, 0.084663, 0.064831, 0.111784, 0.08321, 0.118463, 0.089346, 0.069847, 0.150183, 0.096833, 0.079654, 0.066982, 0.115416, 0.056534]",1,3.394578,"[4, 5]",2,"Without appropriate aria attributes, custom widgets may",0.0,0,2.8b
pythia-2.8b-deduped,step0,aria attribute,generation,gen_005,An accessibility audit found missing aria attributes. This means,0.141016,"[0.141016, 0.086096, 0.125232, 0.054663, 0.119435, 0.075757, 0.067516, 0.076136, 0.076772, 0.087188, 0.058005, 0.099664, 0.060498, 0.043196, 0.127227, 0.082804, 0.078558, 0.095353, 0.07099, 0.069343, 0.072835, 0.09151, 0.098391, 0.052206, 0.096171, 0.074183, 0.05697, 0.065612, 0.060899, 0.08502, 0.052013, 0.058533]",0,3.3973,"[7, 8]",2,An accessibility audit found missing aria attributes. This means,0.0,0,2.8b
pythia-2.8b-deduped,step0,aria attribute,generation,gen_006,"When creating custom components, aria attributes ensure",0.112795,"[0.100324, 0.080035, 0.077327, 0.068613, 0.108596, 0.040586, 0.089145, 0.109274, 0.067547, 0.105517, 0.110063, 0.07817, 0.074814, 0.072447, 0.075097, 0.069101, 0.056547, 0.068649, 0.057383, 0.06475, 0.078522, 0.062218, 0.107651, 0.099191, 0.112795, 0.080166, 0.065579, 0.045884, 0.073714, 0.067612, 0.062476, 0.062436]",24,3.42278,"[7, 8]",2,"When creating custom components, aria attributes ensure",0.0,0,2.8b
pythia-2.8b-deduped,step120000,screen reader,generation,gen_001,"In web accessibility, a screen reader is",0.89744,"[0.761966, 0.554305, 0.421535, 0.761795, 0.812284, 0.143361, 0.482018, 0.092413, 0.136703, 0.154287, 0.779199, 0.266794, 0.819632, 0.070014, 0.088661, 0.107774, 0.061043, 0.046589, 0.19069, 0.059788, 0.255932, 0.215462, 0.077082, 0.069937, 0.044305, 0.117346, 0.042892, 0.323978, 0.093691, 0.89744, 0.096045, 0.069599]",29,0.404914,"[6, 7]",2,"In web accessibility, a screen reader is",1.0,120000,2.8b
pythia-2.8b-deduped,step120000,screen reader,generation,gen_002,"For blind users, a screen reader",0.878192,"[0.760924, 0.558594, 0.490265, 0.715678, 0.803934, 0.131985, 0.465006, 0.076704, 0.17348, 0.189123, 0.745369, 0.265033, 0.71908, 0.079346, 0.097349, 0.13002, 0.039209, 0.041948, 0.198438, 0.051257, 0.240447, 0.113868, 0.069989, 0.084041, 0.102006, 0.355823, 0.057171, 0.174422, 0.108181, 0.878192, 0.069684, 0.031082]",29,0.440941,"[6, 7]",2,"For blind users, a screen reader",1.0,120000,2.8b
pythia-2.8b-deduped,step120000,screen reader,generation,gen_003,"To ensure screen reader compatibility, developers should",0.827913,"[0.752891, 0.576832, 0.5447, 0.827913, 0.814695, 0.192395, 0.697714, 0.226637, 0.254605, 0.405003, 0.644095, 0.18185, 0.598244, 0.125025, 0.097169, 0.04375, 0.054988, 0.057614, 0.086633, 0.025249, 0.12383, 0.098829, 0.286197, 0.115498, 0.238009, 0.355527, 0.164669, 0.346844, 0.2789, 0.37275, 0.427971, 0.353296]",3,2.212041,"[3, 4]",2,"To ensure screen reader compatibility, developers should",0.0,120000,2.8b
pythia-2.8b-deduped,step120000,screen reader,generation,gen_004,"Without proper screen reader support, visually impaired users may",0.827972,"[0.760998, 0.553885, 0.40938, 0.822156, 0.827972, 0.094931, 0.529572, 0.058099, 0.120451, 0.31253, 0.688541, 0.146433, 0.595772, 0.071923, 0.095406, 0.09213, 0.091082, 0.063293, 0.085757, 0.096973, 0.194897, 0.154845, 0.100349, 0.186761, 0.19585, 0.165935, 0.184956, 0.596403, 0.119192, 0.500297, 0.135632, 0.203759]",4,2.172726,"[3, 4]",2,"Without proper screen reader support, visually impaired users may",1.0,120000,2.8b
pythia-2.8b-deduped,step120000,screen reader,generation,gen_005,An accessibility audit found that the site is not screen reader friendly. This means,0.799267,"[0.799267, 0.610497, 0.20863, 0.765154, 0.797636, 0.142386, 0.599567, 0.094819, 0.189111, 0.437619, 0.752765, 0.139991, 0.624346, 0.169419, 0.083404, 0.140368, 0.048528, 0.036583, 0.070099, 0.269724, 0.089188, 0.111879, 0.214132, 0.227686, 0.208464, 0.637885, 0.413608, 0.54552, 0.623482, 0.162259, 0.570884, 0.125362]",0,2.722278,"[10, 11]",2,An accessibility audit found that the site is not screen reader friendly. This means,0.3333333333333333,120000,2.8b
pythia-2.8b-deduped,step120000,screen reader,generation,gen_006,"When building accessible sites, screen reader compatibility ensures",0.877016,"[0.753181, 0.542931, 0.361089, 0.720955, 0.822017, 0.086562, 0.67864, 0.137291, 0.104631, 0.129369, 0.685029, 0.21336, 0.671249, 0.071314, 0.103718, 0.086392, 0.030111, 0.050442, 0.260877, 0.085344, 0.103954, 0.147392, 0.091364, 0.151964, 0.178329, 0.324557, 0.55864, 0.431553, 0.583785, 0.877016, 0.168574, 0.381167]",29,0.447102,"[6, 7]",2,"When building accessible sites, screen reader compatibility ensures",0.6666666666666666,120000,2.8b
pythia-2.8b-deduped,step120000,skip link,generation,gen_001,"In web accessibility, a skip link is",0.803107,"[0.487691, 0.709562, 0.332722, 0.75539, 0.788853, 0.348569, 0.780025, 0.683951, 0.648397, 0.294204, 0.745041, 0.220514, 0.546595, 0.164888, 0.472035, 0.289897, 0.468493, 0.323814, 0.151396, 0.148272, 0.599576, 0.441423, 0.134628, 0.388474, 0.127712, 0.173277, 0.074122, 0.803107, 0.129464, 0.466895, 0.789426, 0.24443]",27,1.911416,"[6, 7]",2,"In web accessibility, a skip link is",1.0,120000,2.8b
pythia-2.8b-deduped,step120000,skip link,generation,gen_002,"For keyboard navigation, a skip link",0.885225,"[0.491843, 0.711494, 0.348925, 0.698952, 0.796703, 0.326955, 0.721763, 0.546493, 0.645573, 0.322158, 0.739874, 0.248217, 0.576332, 0.158193, 0.336833, 0.308257, 0.568575, 0.141864, 0.120101, 0.175038, 0.432597, 0.486098, 0.206382, 0.339845, 0.243818, 0.236455, 0.055777, 0.797603, 0.556203, 0.714469, 0.885225, 0.119315]",30,1.403004,"[6, 7]",2,"For keyboard navigation, a skip link",1.0,120000,2.8b
pythia-2.8b-deduped,step120000,skip link,generation,gen_003,"To implement a skip link, developers should",0.883853,"[0.545773, 0.733138, 0.318533, 0.680484, 0.786778, 0.312514, 0.818476, 0.357846, 0.777425, 0.223254, 0.714162, 0.1681, 0.66563, 0.199862, 0.4028, 0.442842, 0.455432, 0.287578, 0.055441, 0.232841, 0.471028, 0.64644, 0.17147, 0.44842, 0.219359, 0.321952, 0.045004, 0.815998, 0.637256, 0.845769, 0.883853, 0.731151]",30,1.636912,"[4, 5]",2,"To implement a skip link, developers should",0.3333333333333333,120000,2.8b
pythia-2.8b-deduped,step120000,skip link,generation,gen_004,"Without a skip link, keyboard users may",0.898949,"[0.514625, 0.712525, 0.234521, 0.66036, 0.782805, 0.522519, 0.79885, 0.376396, 0.806963, 0.138008, 0.772721, 0.151108, 0.708931, 0.192936, 0.17505, 0.628641, 0.499519, 0.144832, 0.106539, 0.076489, 0.345445, 0.728556, 0.222978, 0.168885, 0.087877, 0.373038, 0.107296, 0.805681, 0.55439, 0.33796, 0.898949, 0.297371]",30,1.710997,"[3, 4]",2,"Without a skip link, keyboard users may",0.6666666666666666,120000,2.8b
pythia-2.8b-deduped,step120000,skip link,generation,gen_005,An accessibility review noted the absence of a skip link. This means,0.922118,"[0.504696, 0.719759, 0.299669, 0.691265, 0.777258, 0.36977, 0.800642, 0.55411, 0.64121, 0.17929, 0.712517, 0.2287, 0.571061, 0.204419, 0.415952, 0.425367, 0.631744, 0.165286, 0.096126, 0.375472, 0.323514, 0.440337, 0.179789, 0.407335, 0.089072, 0.231452, 0.032041, 0.828091, 0.504869, 0.922118, 0.913028, 0.207552]",29,0.766655,"[9, 10]",2,An accessibility review noted the absence of a skip link. This means,0.6666666666666666,120000,2.8b
pythia-2.8b-deduped,step120000,skip link,generation,gen_006,"When designing accessible navigation, a skip link ensures",0.905701,"[0.479674, 0.710515, 0.251918, 0.732368, 0.800579, 0.339867, 0.709834, 0.526516, 0.638746, 0.175302, 0.698253, 0.202489, 0.628102, 0.129537, 0.390966, 0.367665, 0.465649, 0.144722, 0.047353, 0.095319, 0.512908, 0.460924, 0.14781, 0.097184, 0.078905, 0.11737, 0.317608, 0.786581, 0.871159, 0.824376, 0.905701, 0.259502]",30,1.383049,"[7, 8]",2,"When designing accessible navigation, a skip link ensures",0.6666666666666666,120000,2.8b
pythia-2.8b-deduped,step120000,alt text,generation,gen_001,"In web accessibility, alt text is",0.846589,"[0.612238, 0.563323, 0.296927, 0.76303, 0.799577, 0.654871, 0.252197, 0.148442, 0.643193, 0.176682, 0.516937, 0.120017, 0.685207, 0.098201, 0.217816, 0.151356, 0.269351, 0.206253, 0.209213, 0.136205, 0.380555, 0.67085, 0.092886, 0.632027, 0.253837, 0.466809, 0.088962, 0.694436, 0.497031, 0.575686, 0.846589, 0.074875]",30,1.769273,"[5, 6]",2,"In web accessibility, alt text is",0.6666666666666666,120000,2.8b
pythia-2.8b-deduped,step120000,alt text,generation,gen_002,"For blind users, alt text",0.79753,"[0.605173, 0.58067, 0.366397, 0.757449, 0.789409, 0.673076, 0.151176, 0.096377, 0.593643, 0.176006, 0.489835, 0.108725, 0.642976, 0.084925, 0.162032, 0.123153, 0.082373, 0.25266, 0.079008, 0.06227, 0.204818, 0.473372, 0.190352, 0.325855, 0.123755, 0.79753, 0.080255, 0.701989, 0.658334, 0.05294, 0.719499, 0.1083]",25,1.445306,"[5, 6]",2,"For blind users, alt text",0.6666666666666666,120000,2.8b
pythia-2.8b-deduped,step120000,alt text,generation,gen_003,"To write effective alt text, content creators should",0.809887,"[0.668437, 0.636695, 0.369557, 0.803747, 0.809887, 0.563933, 0.551678, 0.134071, 0.453854, 0.087919, 0.728704, 0.099598, 0.782856, 0.044301, 0.206497, 0.092665, 0.114813, 0.082657, 0.070496, 0.079564, 0.147373, 0.244779, 0.446479, 0.138742, 0.147472, 0.556768, 0.01965, 0.650638, 0.596696, 0.112641, 0.212004, 0.307778]",4,2.574937,"[4, 5]",2,"To write effective alt text, content creators should",0.0,120000,2.8b
pythia-2.8b-deduped,step120000,alt text,generation,gen_004,"Without alt text, screen reader users may",0.846239,"[0.593751, 0.581686, 0.289938, 0.748926, 0.787185, 0.733997, 0.230923, 0.119555, 0.386886, 0.054, 0.623974, 0.159758, 0.752951, 0.093041, 0.125575, 0.11477, 0.141735, 0.298225, 0.105198, 0.192046, 0.231204, 0.846239, 0.7628, 0.68143, 0.428007, 0.759851, 0.647154, 0.798266, 0.682085, 0.547191, 0.434755, 0.231441]",21,1.910015,"[2, 3]",2,"Without alt text, screen reader users may",0.6666666666666666,120000,2.8b
pythia-2.8b-deduped,step120000,alt text,generation,gen_005,An accessibility scan found images lacking alt text. This means,0.879574,"[0.660465, 0.568789, 0.326237, 0.763055, 0.781055, 0.633631, 0.418361, 0.144186, 0.518221, 0.242379, 0.611371, 0.210915, 0.724314, 0.133118, 0.174634, 0.276559, 0.219702, 0.431797, 0.178273, 0.149079, 0.247512, 0.638075, 0.476216, 0.631969, 0.174732, 0.660122, 0.280158, 0.759225, 0.879574, 0.360874, 0.718335, 0.148782]",28,1.833573,"[7, 8]",2,An accessibility scan found images lacking alt text. This means,0.0,120000,2.8b
pythia-2.8b-deduped,step120000,alt text,generation,gen_006,"When publishing web content, alt text ensures",0.883873,"[0.626707, 0.552759, 0.263157, 0.763744, 0.792122, 0.653586, 0.295824, 0.126471, 0.616534, 0.217135, 0.501463, 0.175281, 0.655821, 0.08894, 0.147164, 0.201179, 0.298873, 0.250347, 0.11144, 0.111608, 0.302794, 0.66773, 0.137839, 0.556276, 0.602048, 0.642091, 0.028302, 0.674512, 0.585115, 0.852923, 0.883873, 0.051464]",30,1.590256,"[6, 7]",2,"When publishing web content, alt text ensures",0.6666666666666666,120000,2.8b
pythia-2.8b-deduped,step120000,color contrast,generation,gen_001,"In web accessibility, color contrast is",0.882698,"[0.738166, 0.684821, 0.593929, 0.531407, 0.765213, 0.251358, 0.615745, 0.38781, 0.528087, 0.138762, 0.716564, 0.447919, 0.534094, 0.454953, 0.215953, 0.484177, 0.121111, 0.254035, 0.073531, 0.426089, 0.388951, 0.491972, 0.073738, 0.160339, 0.165219, 0.253745, 0.072426, 0.578698, 0.564505, 0.166358, 0.882698, 0.304762]",30,1.684641,"[5, 6]",2,"In web accessibility, color contrast is",0.3333333333333333,120000,2.8b
pythia-2.8b-deduped,step120000,color contrast,generation,gen_002,"For users with low vision, color contrast",0.7743,"[0.681661, 0.686485, 0.651021, 0.469961, 0.765875, 0.132293, 0.677695, 0.337483, 0.294531, 0.413167, 0.721195, 0.367363, 0.579694, 0.407391, 0.316463, 0.326617, 0.143069, 0.302498, 0.06005, 0.055194, 0.342363, 0.603665, 0.236215, 0.237614, 0.201812, 0.306179, 0.211901, 0.546297, 0.379623, 0.378535, 0.7743, 0.343273]",30,1.816489,"[7, 8]",2,"For users with low vision, color contrast",0.6666666666666666,120000,2.8b
pythia-2.8b-deduped,step120000,color contrast,generation,gen_003,"To achieve sufficient color contrast, designers should",0.873476,"[0.753582, 0.654232, 0.740145, 0.546416, 0.775695, 0.22616, 0.566628, 0.575558, 0.28785, 0.187563, 0.739285, 0.517228, 0.476611, 0.290197, 0.271694, 0.348597, 0.29246, 0.304572, 0.089768, 0.084101, 0.398812, 0.494495, 0.209571, 0.20133, 0.222741, 0.270829, 0.35873, 0.852373, 0.5069, 0.024306, 0.873476, 0.542357]",30,1.605272,"[4, 5]",2,"To achieve sufficient color contrast, designers should",0.6666666666666666,120000,2.8b
pythia-2.8b-deduped,step120000,color contrast,generation,gen_004,"Without adequate color contrast, users with visual impairments may",0.806509,"[0.72246, 0.658398, 0.709595, 0.659761, 0.79058, 0.261779, 0.649166, 0.655761, 0.265218, 0.23186, 0.744855, 0.571351, 0.490105, 0.353514, 0.190295, 0.302649, 0.162278, 0.336526, 0.164824, 0.193575, 0.405169, 0.560219, 0.12963, 0.42845, 0.096096, 0.55139, 0.806509, 0.785701, 0.535745, 0.388752, 0.500083, 0.34993]",26,1.406993,"[3, 4]",2,"Without adequate color contrast, users with visual impairments may",1.0,120000,2.8b
pythia-2.8b-deduped,step120000,color contrast,generation,gen_005,An accessibility checker flagged poor color contrast. This means,0.817399,"[0.771994, 0.681939, 0.375964, 0.47493, 0.817399, 0.255505, 0.749396, 0.354497, 0.124294, 0.355662, 0.72077, 0.334777, 0.555836, 0.678847, 0.241619, 0.210695, 0.098123, 0.248865, 0.054575, 0.27113, 0.382594, 0.622317, 0.047768, 0.200303, 0.056197, 0.165823, 0.035475, 0.637496, 0.287401, 0.100657, 0.271062, 0.076555]",4,2.495016,"[8, 9]",2,An accessibility checker flagged poor color contrast. This means,0.6666666666666666,120000,2.8b
pythia-2.8b-deduped,step120000,color contrast,generation,gen_006,"When selecting color palettes, color contrast ensures",0.827449,"[0.633174, 0.69713, 0.540076, 0.379732, 0.783512, 0.105453, 0.660004, 0.279572, 0.385516, 0.087885, 0.734394, 0.174405, 0.431248, 0.205123, 0.234112, 0.63115, 0.117789, 0.239746, 0.061153, 0.091505, 0.263276, 0.534484, 0.461307, 0.172917, 0.184718, 0.193423, 0.437905, 0.827449, 0.44657, 0.43403, 0.50413, 0.412799]",27,1.052693,"[7, 8]",2,"When selecting color palettes, color contrast ensures",0.3333333333333333,120000,2.8b
pythia-2.8b-deduped,step120000,focus indicator,generation,gen_001,"In web accessibility, a focus indicator is",0.873861,"[0.631268, 0.717362, 0.564595, 0.678279, 0.795018, 0.3653, 0.873861, 0.605763, 0.445659, 0.300669, 0.861018, 0.477231, 0.867511, 0.1267, 0.108856, 0.419165, 0.287174, 0.216424, 0.064866, 0.076257, 0.133878, 0.47201, 0.243393, 0.227212, 0.060419, 0.17694, 0.010745, 0.115324, 0.157471, 0.006839, 0.281404, 0.061243]",6,1.482185,"[6, 7]",2,"In web accessibility, a focus indicator is",1.0,120000,2.8b
pythia-2.8b-deduped,step120000,focus indicator,generation,gen_002,"For keyboard users, a focus indicator",0.876881,"[0.541529, 0.739747, 0.364551, 0.562166, 0.75505, 0.329055, 0.832251, 0.298005, 0.411774, 0.325164, 0.838811, 0.185685, 0.52776, 0.17683, 0.192765, 0.216539, 0.323723, 0.372038, 0.050205, 0.067212, 0.356978, 0.38614, 0.103097, 0.482656, 0.327594, 0.833462, 0.029722, 0.735135, 0.210082, 0.343396, 0.876881, 0.036811]",30,1.571102,"[6, 7]",2,"For keyboard users, a focus indicator",1.0,120000,2.8b
pythia-2.8b-deduped,step120000,focus indicator,generation,gen_003,"To implement visible focus indicators, developers should",0.888598,"[0.214452, 0.768628, 0.253862, 0.311734, 0.704668, 0.370237, 0.335444, 0.123526, 0.62371, 0.333547, 0.678799, 0.265667, 0.557889, 0.234184, 0.301742, 0.513661, 0.549334, 0.283565, 0.182971, 0.151597, 0.465954, 0.293243, 0.321428, 0.42416, 0.808344, 0.84415, 0.091157, 0.871745, 0.078399, 0.780001, 0.888598, 0.721733]",30,1.544965,"[5, 6]",2,"To implement visible focus indicators, developers should",0.6666666666666666,120000,2.8b
pythia-2.8b-deduped,step120000,focus indicator,generation,gen_004,"Without a focus indicator, keyboard-only users may",0.77133,"[0.59924, 0.72201, 0.627786, 0.599938, 0.77133, 0.31182, 0.755358, 0.363314, 0.508793, 0.276814, 0.768302, 0.246793, 0.71579, 0.255263, 0.179216, 0.379745, 0.572247, 0.379219, 0.190058, 0.04449, 0.263251, 0.623819, 0.357062, 0.276689, 0.0712, 0.187003, 0.032143, 0.582326, 0.596798, 0.09036, 0.476079, 0.272191]",4,2.323775,"[3, 4]",2,"Without a focus indicator, keyboard-only users may",0.3333333333333333,120000,2.8b
pythia-2.8b-deduped,step120000,focus indicator,generation,gen_005,A usability test revealed missing focus indicators. This means,0.861098,"[0.228478, 0.082008, 0.021691, 0.025207, 0.032438, 0.017224, 0.010429, 0.041938, 0.007261, 0.022932, 0.016452, 0.01035, 0.009934, 0.007668, 0.008743, 0.009176, 0.025373, 0.005365, 0.013988, 0.008362, 0.034168, 0.027309, 0.065976, 0.345788, 0.30052, 0.086558, 0.861098, 0.568664, 0.367356, 0.700159, 0.694234, 0.692444]",26,0.858612,"[7, 8]",2,A usability test revealed missing focus indicators. This means,0.3333333333333333,120000,2.8b
pythia-2.8b-deduped,step120000,focus indicator,generation,gen_006,"When styling interactive elements, a focus indicator ensures",0.844119,"[0.518698, 0.743052, 0.379989, 0.615561, 0.779104, 0.305588, 0.817678, 0.406018, 0.582311, 0.527324, 0.844119, 0.324743, 0.657856, 0.175381, 0.233535, 0.396959, 0.294672, 0.190794, 0.04409, 0.14792, 0.165901, 0.453066, 0.086511, 0.547859, 0.058655, 0.270746, 0.012338, 0.826115, 0.329087, 0.051202, 0.713448, 0.099105]",10,2.518689,"[7, 8]",2,"When styling interactive elements, a focus indicator ensures",0.6666666666666666,120000,2.8b
pythia-2.8b-deduped,step120000,heading structure,generation,gen_001,"In web accessibility, heading structure is",0.90104,"[0.372124, 0.770463, 0.522669, 0.787254, 0.836815, 0.431357, 0.90104, 0.876207, 0.551995, 0.310772, 0.607508, 0.249219, 0.586413, 0.23911, 0.386007, 0.420744, 0.232358, 0.391019, 0.123546, 0.312331, 0.519513, 0.553141, 0.229223, 0.689924, 0.864015, 0.300968, 0.24001, 0.876304, 0.353404, 0.301664, 0.772674, 0.383042]",6,1.607678,"[5, 6]",2,"In web accessibility, heading structure is",0.3333333333333333,120000,2.8b
pythia-2.8b-deduped,step120000,heading structure,generation,gen_002,"For screen readers, heading structure",0.867803,"[0.368299, 0.773361, 0.367293, 0.744407, 0.782472, 0.594349, 0.867803, 0.704934, 0.585829, 0.566651, 0.615043, 0.197403, 0.696468, 0.123877, 0.312402, 0.424405, 0.133916, 0.301025, 0.05241, 0.143188, 0.400742, 0.359905, 0.152322, 0.661624, 0.41782, 0.464516, 0.17401, 0.828982, 0.626326, 0.262803, 0.559432, 0.172096]",6,1.618646,"[5, 6]",2,"For screen readers, heading structure",0.3333333333333333,120000,2.8b
pythia-2.8b-deduped,step120000,heading structure,generation,gen_003,"To create proper heading structure, content authors should",0.89053,"[0.331462, 0.765365, 0.539874, 0.776986, 0.782495, 0.418034, 0.706786, 0.780082, 0.278693, 0.184854, 0.690518, 0.161163, 0.492252, 0.386219, 0.296722, 0.368469, 0.56949, 0.333111, 0.070467, 0.328543, 0.532052, 0.681402, 0.273941, 0.657919, 0.493602, 0.225124, 0.46085, 0.89053, 0.843212, 0.134101, 0.639616, 0.411996]",27,1.895253,"[4, 5]",2,"To create proper heading structure, content authors should",0.6666666666666666,120000,2.8b
pythia-2.8b-deduped,step120000,heading structure,generation,gen_004,"Without logical heading structure, screen reader users may",0.820457,"[0.329574, 0.761453, 0.432525, 0.626665, 0.78965, 0.495201, 0.774247, 0.109215, 0.427107, 0.341707, 0.761065, 0.242971, 0.820457, 0.198477, 0.475568, 0.464731, 0.185034, 0.312167, 0.098014, 0.167691, 0.372147, 0.431725, 0.319705, 0.260839, 0.303752, 0.200469, 0.100826, 0.566467, 0.646479, 0.457243, 0.220156, 0.227223]",12,2.422411,"[3, 4]",2,"Without logical heading structure, screen reader users may",0.3333333333333333,120000,2.8b
pythia-2.8b-deduped,step120000,heading structure,generation,gen_005,An accessibility evaluation found improper heading structure. This means,0.817194,"[0.41182, 0.72743, 0.670947, 0.583719, 0.800342, 0.374261, 0.804015, 0.609379, 0.296992, 0.269248, 0.770794, 0.122137, 0.603594, 0.074477, 0.192769, 0.551965, 0.353294, 0.338655, 0.15892, 0.17088, 0.626395, 0.563214, 0.192615, 0.74716, 0.182198, 0.277868, 0.447903, 0.817194, 0.749753, 0.291139, 0.530833, 0.223088]",27,2.095019,"[6, 7]",2,An accessibility evaluation found improper heading structure. This means,0.3333333333333333,120000,2.8b
pythia-2.8b-deduped,step120000,heading structure,generation,gen_006,"When organizing page content, heading structure ensures",0.873455,"[0.372747, 0.758967, 0.095816, 0.732258, 0.767404, 0.346848, 0.835074, 0.59937, 0.402807, 0.57039, 0.608319, 0.174161, 0.724112, 0.323708, 0.358155, 0.416072, 0.135706, 0.196903, 0.052739, 0.120574, 0.582602, 0.343116, 0.182259, 0.280222, 0.654736, 0.189015, 0.147766, 0.873455, 0.392298, 0.197197, 0.584634, 0.332998]",27,1.918742,"[6, 7]",2,"When organizing page content, heading structure ensures",0.3333333333333333,120000,2.8b
pythia-2.8b-deduped,step120000,keyboard navigation,generation,gen_001,"In web accessibility, keyboard navigation is",0.840449,"[0.500586, 0.6071, 0.243091, 0.515096, 0.791684, 0.31468, 0.441222, 0.234914, 0.380842, 0.342168, 0.676359, 0.467791, 0.709999, 0.169065, 0.478401, 0.373232, 0.138439, 0.196887, 0.058181, 0.310002, 0.518201, 0.414726, 0.071986, 0.660674, 0.120956, 0.276637, 0.073494, 0.70152, 0.74015, 0.648537, 0.840449, 0.226388]",30,1.721756,"[5, 6]",2,"In web accessibility, keyboard navigation is",0.0,120000,2.8b
pythia-2.8b-deduped,step120000,keyboard navigation,generation,gen_002,"For users with motor disabilities, keyboard navigation",0.876145,"[0.456649, 0.638049, 0.508661, 0.494206, 0.770459, 0.402208, 0.461467, 0.149506, 0.489576, 0.364167, 0.615416, 0.415739, 0.779018, 0.192546, 0.50385, 0.431021, 0.184207, 0.331846, 0.060469, 0.332587, 0.474828, 0.554695, 0.128579, 0.277046, 0.129996, 0.592913, 0.131321, 0.733361, 0.862639, 0.876145, 0.874349, 0.098754]",29,0.253789,"[7, 8]",2,"For users with motor disabilities, keyboard navigation",0.0,120000,2.8b
pythia-2.8b-deduped,step120000,keyboard navigation,generation,gen_003,"To support keyboard navigation, developers should",0.812115,"[0.559404, 0.630921, 0.350795, 0.777502, 0.788432, 0.238894, 0.333654, 0.12212, 0.411814, 0.241624, 0.67975, 0.37081, 0.812115, 0.094843, 0.153556, 0.357632, 0.117449, 0.262615, 0.076632, 0.257603, 0.321372, 0.298405, 0.329839, 0.419222, 0.196529, 0.267709, 0.123435, 0.704971, 0.542138, 0.121691, 0.66098, 0.086525]",12,2.256714,"[3, 4]",2,"To support keyboard navigation, developers should",0.0,120000,2.8b
pythia-2.8b-deduped,step120000,keyboard navigation,generation,gen_004,"Without keyboard navigation support, motor-impaired users may",0.802255,"[0.443488, 0.612527, 0.36341, 0.700488, 0.802255, 0.309217, 0.255889, 0.163124, 0.467366, 0.284872, 0.688073, 0.484683, 0.653345, 0.133989, 0.323445, 0.433806, 0.350802, 0.166476, 0.158934, 0.586859, 0.277676, 0.591409, 0.275019, 0.595981, 0.464166, 0.281606, 0.393843, 0.461979, 0.687841, 0.559057, 0.739483, 0.401299]",4,2.436152,"[2, 3]",2,"Without keyboard navigation support, motor-impaired users may",0.0,120000,2.8b
pythia-2.8b-deduped,step120000,keyboard navigation,generation,gen_005,A manual test revealed keyboard navigation failures. This means,0.868199,"[0.472181, 0.593721, 0.258717, 0.582934, 0.737833, 0.217501, 0.534925, 0.225789, 0.400895, 0.23674, 0.666046, 0.287474, 0.577154, 0.133685, 0.300843, 0.419661, 0.150073, 0.176171, 0.121348, 0.215937, 0.394647, 0.371291, 0.218348, 0.488124, 0.40145, 0.755749, 0.078154, 0.756173, 0.529786, 0.328055, 0.868199, 0.174616]",30,1.821199,"[5, 6]",2,A manual test revealed keyboard navigation failures. This means,0.0,120000,2.8b
pythia-2.8b-deduped,step120000,keyboard navigation,generation,gen_006,"When developing interactive features, keyboard navigation ensures",0.884449,"[0.480783, 0.624471, 0.236522, 0.549974, 0.757439, 0.399634, 0.455873, 0.193582, 0.386116, 0.303556, 0.66326, 0.446406, 0.71644, 0.171443, 0.497772, 0.401352, 0.128935, 0.289983, 0.072393, 0.283853, 0.68427, 0.483645, 0.126907, 0.487935, 0.154218, 0.347613, 0.118063, 0.754462, 0.864369, 0.869525, 0.884449, 0.152612]",30,1.633781,"[6, 7]",2,"When developing interactive features, keyboard navigation ensures",0.0,120000,2.8b
pythia-2.8b-deduped,step120000,landmark region,generation,gen_001,"In web accessibility, a landmark region is",0.886709,"[0.554327, 0.731255, 0.74791, 0.782795, 0.751854, 0.538052, 0.828417, 0.333145, 0.708457, 0.1431, 0.733795, 0.133544, 0.682212, 0.532424, 0.373386, 0.541155, 0.270038, 0.228431, 0.472235, 0.070046, 0.580224, 0.66181, 0.111046, 0.256395, 0.684963, 0.155094, 0.116645, 0.76239, 0.477238, 0.381311, 0.886709, 0.06551]",30,1.69004,"[6, 7]",2,"In web accessibility, a landmark region is",0.0,120000,2.8b
pythia-2.8b-deduped,step120000,landmark region,generation,gen_002,"For screen reader users, landmark regions",0.0,"[0.0, 0.0, 0.0, 0.0, 0.0, 0.0, 0.0, 0.0, 0.0, 0.0, 0.0, 0.0, 0.0, 0.0, 0.0, 0.0, 0.0, 0.0, 0.0, 0.0, 0.0, 0.0, 0.0, 0.0, 0.0, 0.0, 0.0, 0.0, 0.0, 0.0, 0.0, 0.0]",0,3.465736,[7],3,"For screen reader users, landmark regions",0.0,120000,2.8b
pythia-2.8b-deduped,step120000,landmark region,generation,gen_003,"To implement landmark regions, developers should",0.447496,"[0.213019, 0.447496, 0.197824, 0.155044, 0.382416, 0.204234, 0.281146, 0.113455, 0.291029, 0.113937, 0.307974, 0.175222, 0.161079, 0.15817, 0.236402, 0.106946, 0.167522, 0.179489, 0.097262, 0.161743, 0.256869, 0.172564, 0.191016, 0.225812, 0.239951, 0.345415, 0.06728, 0.301654, 0.046229, 0.198033, 0.320218, 0.254246]",1,3.221412,"[4, 5, 6]",3,"To implement landmark regions, developers should",0.0,120000,2.8b
pythia-2.8b-deduped,step120000,landmark region,generation,gen_004,"Without proper landmark regions, assistive technology users may",0.438469,"[0.240674, 0.428919, 0.177255, 0.225407, 0.438469, 0.193745, 0.293034, 0.106904, 0.249052, 0.179514, 0.246651, 0.158168, 0.164278, 0.081888, 0.218974, 0.227054, 0.327677, 0.125581, 0.19607, 0.263578, 0.189954, 0.32289, 0.200074, 0.176878, 0.290136, 0.270811, 0.129776, 0.325829, 0.163688, 0.151926, 0.332726, 0.213246]",4,2.976198,"[4, 5, 6]",3,"Without proper landmark regions, assistive technology users may",0.0,120000,2.8b
pythia-2.8b-deduped,step120000,landmark region,generation,gen_005,An HTML validation found missing landmark regions. This means,0.470111,"[0.234593, 0.175458, 0.256303, 0.175477, 0.2137, 0.093287, 0.132836, 0.097607, 0.123854, 0.105721, 0.09598, 0.05773, 0.067679, 0.110894, 0.113444, 0.131887, 0.098543, 0.077236, 0.1973, 0.143965, 0.098107, 0.110954, 0.124547, 0.124095, 0.290242, 0.175128, 0.449044, 0.280239, 0.25289, 0.470111, 0.28562, 0.302557]",29,3.120339,"[7, 8, 9]",3,An HTML validation found missing landmark regions. This means,0.0,120000,2.8b
pythia-2.8b-deduped,step120000,landmark region,generation,gen_006,"When structuring page layout, landmark regions ensure",0.823773,"[0.102465, 0.823773, 0.297475, 0.394318, 0.627457, 0.38466, 0.337199, 0.232908, 0.573246, 0.208075, 0.648382, 0.222453, 0.219711, 0.149299, 0.269416, 0.109895, 0.418494, 0.247785, 0.087462, 0.118798, 0.561655, 0.144124, 0.14055, 0.498107, 0.10499, 0.329326, 0.054566, 0.137144, 0.024631, 0.036429, 0.170273, 0.619616]",1,2.716916,"[8, 9]",3,"When structuring page layout, landmark regions ensure",0.0,120000,2.8b
pythia-2.8b-deduped,step120000,aria attribute,generation,gen_001,"In web accessibility, an aria attribute is",0.829322,"[0.37348, 0.750157, 0.508097, 0.514016, 0.784611, 0.226132, 0.78031, 0.526458, 0.490059, 0.249562, 0.685446, 0.351968, 0.516812, 0.504918, 0.338031, 0.219328, 0.211867, 0.51215, 0.149887, 0.310457, 0.513938, 0.714696, 0.207535, 0.737533, 0.226867, 0.188752, 0.062256, 0.829322, 0.600115, 0.20873, 0.674749, 0.40429]",27,2.378402,"[6, 7]",2,"In web accessibility, an aria attribute is",0.6666666666666666,120000,2.8b
pythia-2.8b-deduped,step120000,aria attribute,generation,gen_002,"For screen reader users, aria attributes",0.0,"[0.0, 0.0, 0.0, 0.0, 0.0, 0.0, 0.0, 0.0, 0.0, 0.0, 0.0, 0.0, 0.0, 0.0, 0.0, 0.0, 0.0, 0.0, 0.0, 0.0, 0.0, 0.0, 0.0, 0.0, 0.0, 0.0, 0.0, 0.0, 0.0, 0.0, 0.0, 0.0]",0,3.465736,[7],2,"For screen reader users, aria attributes",0.6666666666666666,120000,2.8b
pythia-2.8b-deduped,step120000,aria attribute,generation,gen_003,"To use aria attributes correctly, developers should",0.85621,"[0.307651, 0.793338, 0.356087, 0.498729, 0.805843, 0.344433, 0.36931, 0.300838, 0.340771, 0.132763, 0.314232, 0.475471, 0.428645, 0.266041, 0.27362, 0.134491, 0.401551, 0.261146, 0.462287, 0.187962, 0.340464, 0.336225, 0.396629, 0.397255, 0.707572, 0.30204, 0.036461, 0.85621, 0.842913, 0.136403, 0.477154, 0.515844]",27,1.247935,"[4, 5]",2,"To use aria attributes correctly, developers should",0.3333333333333333,120000,2.8b
pythia-2.8b-deduped,step120000,aria attribute,generation,gen_004,"Without appropriate aria attributes, custom widgets may",0.862228,"[0.233748, 0.754984, 0.181841, 0.472414, 0.644552, 0.53845, 0.365725, 0.154154, 0.436331, 0.38928, 0.56437, 0.330821, 0.5241, 0.269793, 0.540513, 0.378246, 0.278403, 0.160876, 0.234768, 0.231729, 0.347269, 0.295905, 0.303644, 0.469837, 0.862228, 0.598731, 0.183631, 0.83813, 0.234436, 0.130702, 0.808094, 0.280778]",24,1.746251,"[4, 5]",2,"Without appropriate aria attributes, custom widgets may",0.3333333333333333,120000,2.8b
pythia-2.8b-deduped,step120000,aria attribute,generation,gen_005,An accessibility audit found missing aria attributes. This means,0.936305,"[0.28946, 0.062665, 0.042185, 0.058164, 0.029706, 0.009823, 0.016739, 0.020802, 0.009969, 0.009328, 0.015231, 0.007821, 0.013567, 0.022971, 0.014211, 0.011058, 0.029828, 0.008106, 0.014149, 0.013591, 0.03083, 0.074324, 0.150342, 0.204803, 0.239392, 0.229563, 0.936305, 0.475036, 0.637756, 0.670184, 0.75616, 0.731266]",26,0.756136,"[7, 8]",2,An accessibility audit found missing aria attributes. This means,0.3333333333333333,120000,2.8b
pythia-2.8b-deduped,step120000,aria attribute,generation,gen_006,"When creating custom components, aria attributes ensure",0.805686,"[0.148845, 0.800915, 0.361417, 0.230261, 0.644565, 0.309465, 0.452481, 0.194388, 0.410625, 0.255488, 0.805686, 0.205867, 0.184276, 0.424424, 0.371975, 0.448935, 0.245164, 0.185479, 0.306753, 0.374794, 0.455622, 0.148589, 0.511606, 0.480219, 0.478276, 0.475796, 0.014165, 0.161042, 0.084477, 0.028607, 0.108696, 0.349478]",10,2.722441,"[7, 8]",2,"When creating custom components, aria attributes ensure",0.0,120000,2.8b
pythia-2.8b-deduped,step140000,screen reader,generation,gen_001,"In web accessibility, a screen reader is",0.794714,"[0.749326, 0.54132, 0.342322, 0.776001, 0.794714, 0.139341, 0.486792, 0.086844, 0.115319, 0.118588, 0.726528, 0.217655, 0.791686, 0.057854, 0.10632, 0.112199, 0.054593, 0.054901, 0.128965, 0.027515, 0.224622, 0.167568, 0.106465, 0.080585, 0.031057, 0.1106, 0.045157, 0.232284, 0.203449, 0.673058, 0.286992, 0.129746]",4,2.060882,"[6, 7]",2,"In web accessibility, a screen reader is",1.0,140000,2.8b
pythia-2.8b-deduped,step140000,screen reader,generation,gen_002,"For blind users, a screen reader",0.779839,"[0.747613, 0.552503, 0.49033, 0.730017, 0.779839, 0.113897, 0.490486, 0.083965, 0.164245, 0.204888, 0.712093, 0.320353, 0.711995, 0.072434, 0.109406, 0.150951, 0.053624, 0.06842, 0.139208, 0.034939, 0.208191, 0.107024, 0.081549, 0.08441, 0.040501, 0.158365, 0.070498, 0.239703, 0.122013, 0.77768, 0.121026, 0.048548]",4,2.072283,"[6, 7]",2,"For blind users, a screen reader",1.0,140000,2.8b
pythia-2.8b-deduped,step140000,screen reader,generation,gen_003,"To ensure screen reader compatibility, developers should",0.824355,"[0.746105, 0.570627, 0.564663, 0.824355, 0.799258, 0.187091, 0.648944, 0.0961, 0.335929, 0.447736, 0.610512, 0.25704, 0.611445, 0.121624, 0.140616, 0.068052, 0.077285, 0.075761, 0.043276, 0.029204, 0.176154, 0.090849, 0.189282, 0.18302, 0.061982, 0.310354, 0.10152, 0.340442, 0.22913, 0.249741, 0.287271, 0.621234]",3,2.180278,"[3, 4]",2,"To ensure screen reader compatibility, developers should",0.3333333333333333,140000,2.8b
pythia-2.8b-deduped,step140000,screen reader,generation,gen_004,"Without proper screen reader support, visually impaired users may",0.810039,"[0.757554, 0.541268, 0.422878, 0.810039, 0.808644, 0.117661, 0.500294, 0.082075, 0.10377, 0.361241, 0.663149, 0.150504, 0.612022, 0.059051, 0.097401, 0.118658, 0.098382, 0.076438, 0.076164, 0.089048, 0.127932, 0.112516, 0.088478, 0.168316, 0.119943, 0.179265, 0.148691, 0.752435, 0.145484, 0.590396, 0.119611, 0.246604]",3,2.301806,"[3, 4]",2,"Without proper screen reader support, visually impaired users may",0.0,140000,2.8b
pythia-2.8b-deduped,step140000,screen reader,generation,gen_005,An accessibility audit found that the site is not screen reader friendly. This means,0.792395,"[0.792395, 0.589773, 0.160696, 0.744032, 0.767228, 0.136983, 0.535059, 0.074616, 0.181166, 0.43279, 0.748981, 0.164425, 0.639343, 0.148834, 0.090972, 0.146748, 0.067291, 0.050725, 0.079259, 0.200925, 0.101148, 0.126791, 0.25926, 0.278585, 0.169632, 0.607994, 0.389918, 0.575418, 0.612854, 0.250537, 0.64258, 0.165003]",0,2.760438,"[10, 11]",2,An accessibility audit found that the site is not screen reader friendly. This means,0.6666666666666666,140000,2.8b
pythia-2.8b-deduped,step140000,screen reader,generation,gen_006,"When building accessible sites, screen reader compatibility ensures",0.898422,"[0.743027, 0.521577, 0.315167, 0.728164, 0.817068, 0.098665, 0.639896, 0.117938, 0.084581, 0.150239, 0.685302, 0.196292, 0.656836, 0.058276, 0.085707, 0.128311, 0.032054, 0.068378, 0.187047, 0.06407, 0.087495, 0.08798, 0.080858, 0.20744, 0.200341, 0.250951, 0.378094, 0.35484, 0.541396, 0.898422, 0.153356, 0.364597]",29,0.619558,"[6, 7]",2,"When building accessible sites, screen reader compatibility ensures",0.3333333333333333,140000,2.8b
pythia-2.8b-deduped,step140000,skip link,generation,gen_001,"In web accessibility, a skip link is",0.807272,"[0.474656, 0.696002, 0.3572, 0.760801, 0.784433, 0.360214, 0.807272, 0.692411, 0.614031, 0.245124, 0.723847, 0.229938, 0.530245, 0.130458, 0.464619, 0.324732, 0.48219, 0.432163, 0.096581, 0.168578, 0.559356, 0.51764, 0.101801, 0.260993, 0.169168, 0.170506, 0.043665, 0.729383, 0.484113, 0.203344, 0.643932, 0.094895]",6,1.910107,"[6, 7]",2,"In web accessibility, a skip link is",1.0,140000,2.8b
pythia-2.8b-deduped,step140000,skip link,generation,gen_002,"For keyboard navigation, a skip link",0.858868,"[0.480828, 0.692214, 0.342865, 0.705446, 0.79707, 0.334426, 0.701604, 0.578217, 0.642013, 0.251989, 0.721804, 0.197955, 0.622474, 0.119849, 0.32353, 0.331789, 0.578537, 0.229734, 0.100372, 0.241846, 0.389124, 0.493323, 0.181505, 0.338691, 0.144725, 0.25373, 0.012758, 0.858868, 0.531154, 0.536615, 0.800435, 0.079149]",27,2.104943,"[6, 7]",2,"For keyboard navigation, a skip link",0.6666666666666666,140000,2.8b
pythia-2.8b-deduped,step140000,skip link,generation,gen_003,"To implement a skip link, developers should",0.897083,"[0.525393, 0.731802, 0.329309, 0.660815, 0.794236, 0.332096, 0.818512, 0.318898, 0.778014, 0.279529, 0.705886, 0.205944, 0.658922, 0.216842, 0.398185, 0.515071, 0.435427, 0.397646, 0.082448, 0.295634, 0.400026, 0.668061, 0.199012, 0.530683, 0.211353, 0.262704, 0.043925, 0.790212, 0.77374, 0.897083, 0.891818, 0.658286]",29,1.278026,"[4, 5]",2,"To implement a skip link, developers should",0.0,140000,2.8b
pythia-2.8b-deduped,step140000,skip link,generation,gen_004,"Without a skip link, keyboard users may",0.81577,"[0.485146, 0.708224, 0.210302, 0.656278, 0.785136, 0.526415, 0.795621, 0.366979, 0.81577, 0.120518, 0.754475, 0.161021, 0.68492, 0.162245, 0.203484, 0.651022, 0.556565, 0.196525, 0.160508, 0.078724, 0.373043, 0.722425, 0.230135, 0.369688, 0.164927, 0.334558, 0.095999, 0.77803, 0.612512, 0.322666, 0.797824, 0.271073]",8,2.492657,"[3, 4]",2,"Without a skip link, keyboard users may",0.6666666666666666,140000,2.8b
pythia-2.8b-deduped,step140000,skip link,generation,gen_005,An accessibility review noted the absence of a skip link. This means,0.909448,"[0.492702, 0.707103, 0.317426, 0.703459, 0.764104, 0.374626, 0.802005, 0.519968, 0.686075, 0.189161, 0.672648, 0.211205, 0.534444, 0.184165, 0.398967, 0.462225, 0.559249, 0.251401, 0.070272, 0.357115, 0.301094, 0.4429, 0.267026, 0.282763, 0.018817, 0.246942, 0.02345, 0.897651, 0.349697, 0.909448, 0.875681, 0.082832]",29,1.009168,"[9, 10]",2,An accessibility review noted the absence of a skip link. This means,0.6666666666666666,140000,2.8b
pythia-2.8b-deduped,step140000,skip link,generation,gen_006,"When designing accessible navigation, a skip link ensures",0.918468,"[0.474416, 0.692268, 0.263206, 0.746396, 0.800202, 0.332879, 0.714095, 0.600749, 0.603476, 0.135157, 0.689785, 0.205566, 0.625121, 0.166983, 0.342804, 0.410841, 0.496953, 0.260064, 0.048706, 0.10925, 0.505368, 0.443949, 0.135083, 0.17001, 0.097351, 0.144022, 0.141027, 0.802802, 0.858381, 0.918468, 0.900319, 0.153225]",29,1.336472,"[7, 8]",2,"When designing accessible navigation, a skip link ensures",1.0,140000,2.8b
pythia-2.8b-deduped,step140000,alt text,generation,gen_001,"In web accessibility, alt text is",0.807487,"[0.593634, 0.571042, 0.311098, 0.767413, 0.807487, 0.581819, 0.27719, 0.163658, 0.437161, 0.176825, 0.527943, 0.178198, 0.672468, 0.1206, 0.244854, 0.193918, 0.306177, 0.231987, 0.167278, 0.153366, 0.419776, 0.767738, 0.135108, 0.676513, 0.216948, 0.594979, 0.145505, 0.784152, 0.588626, 0.718559, 0.66547, 0.094256]",4,2.55833,"[5, 6]",2,"In web accessibility, alt text is",1.0,140000,2.8b
pythia-2.8b-deduped,step140000,alt text,generation,gen_002,"For blind users, alt text",0.805767,"[0.589954, 0.576026, 0.374837, 0.75926, 0.784954, 0.586741, 0.24902, 0.073769, 0.417271, 0.232745, 0.407928, 0.152948, 0.605239, 0.11166, 0.160391, 0.14892, 0.118199, 0.227304, 0.092066, 0.062567, 0.220232, 0.538841, 0.220551, 0.363592, 0.085865, 0.805767, 0.049514, 0.615221, 0.728184, 0.052858, 0.4861, 0.060733]",25,1.432116,"[5, 6]",2,"For blind users, alt text",0.6666666666666666,140000,2.8b
pythia-2.8b-deduped,step140000,alt text,generation,gen_003,"To write effective alt text, content creators should",0.828724,"[0.653808, 0.636041, 0.316248, 0.746357, 0.803439, 0.422988, 0.696356, 0.123785, 0.480799, 0.147077, 0.788157, 0.083705, 0.828724, 0.049141, 0.248956, 0.114377, 0.155976, 0.118752, 0.088712, 0.115588, 0.163866, 0.346019, 0.691973, 0.193367, 0.148406, 0.673588, 0.034855, 0.519631, 0.622249, 0.13733, 0.164831, 0.24964]",12,1.770227,"[4, 5]",2,"To write effective alt text, content creators should",0.6666666666666666,140000,2.8b
pythia-2.8b-deduped,step140000,alt text,generation,gen_004,"Without alt text, screen reader users may",0.822829,"[0.580183, 0.590064, 0.306098, 0.746936, 0.781096, 0.741655, 0.366534, 0.078868, 0.255475, 0.158487, 0.559232, 0.110508, 0.713996, 0.154333, 0.116686, 0.132564, 0.165957, 0.341743, 0.126767, 0.218408, 0.262611, 0.813228, 0.770852, 0.766364, 0.46205, 0.694866, 0.640041, 0.822829, 0.719629, 0.297365, 0.154755, 0.324989]",27,2.108273,"[2, 3]",2,"Without alt text, screen reader users may",0.3333333333333333,140000,2.8b
pythia-2.8b-deduped,step140000,alt text,generation,gen_005,An accessibility scan found images lacking alt text. This means,0.873028,"[0.638382, 0.57458, 0.31858, 0.76607, 0.749606, 0.608091, 0.396885, 0.170286, 0.301094, 0.307761, 0.644082, 0.195768, 0.701048, 0.171735, 0.202402, 0.379716, 0.277377, 0.483877, 0.326062, 0.160571, 0.277714, 0.693288, 0.461777, 0.773139, 0.161396, 0.79786, 0.556014, 0.814301, 0.873028, 0.339839, 0.552258, 0.108665]",28,1.830724,"[7, 8]",2,An accessibility scan found images lacking alt text. This means,0.0,140000,2.8b
pythia-2.8b-deduped,step140000,alt text,generation,gen_006,"When publishing web content, alt text ensures",0.87385,"[0.616125, 0.559311, 0.29878, 0.767387, 0.800267, 0.638162, 0.266414, 0.181813, 0.439689, 0.235931, 0.50263, 0.186786, 0.60203, 0.101963, 0.165392, 0.311355, 0.322947, 0.300735, 0.111551, 0.112723, 0.367828, 0.736461, 0.211294, 0.567371, 0.611471, 0.734616, 0.049815, 0.757622, 0.645587, 0.8594, 0.87385, 0.059608]",30,1.616596,"[6, 7]",2,"When publishing web content, alt text ensures",0.6666666666666666,140000,2.8b
pythia-2.8b-deduped,step140000,color contrast,generation,gen_001,"In web accessibility, color contrast is",0.866509,"[0.740363, 0.681817, 0.555536, 0.488903, 0.767797, 0.208426, 0.551958, 0.33372, 0.543858, 0.12502, 0.71908, 0.290481, 0.527112, 0.396039, 0.200664, 0.524745, 0.157756, 0.274494, 0.090903, 0.296021, 0.352684, 0.499766, 0.110035, 0.225365, 0.216292, 0.22379, 0.18763, 0.544756, 0.388046, 0.202298, 0.866509, 0.438591]",30,1.739569,"[5, 6]",2,"In web accessibility, color contrast is",0.6666666666666666,140000,2.8b
pythia-2.8b-deduped,step140000,color contrast,generation,gen_002,"For users with low vision, color contrast",0.805834,"[0.702473, 0.687546, 0.622431, 0.494759, 0.780241, 0.12959, 0.592603, 0.225139, 0.347687, 0.402777, 0.729432, 0.305899, 0.561348, 0.348412, 0.266366, 0.384578, 0.163062, 0.30972, 0.081331, 0.047808, 0.323066, 0.569502, 0.232296, 0.285658, 0.215421, 0.279063, 0.273946, 0.551584, 0.270672, 0.300666, 0.805834, 0.350939]",30,1.792764,"[7, 8]",2,"For users with low vision, color contrast",0.6666666666666666,140000,2.8b
pythia-2.8b-deduped,step140000,color contrast,generation,gen_003,"To achieve sufficient color contrast, designers should",0.870992,"[0.750635, 0.66345, 0.748721, 0.532134, 0.781109, 0.294205, 0.575414, 0.395968, 0.266977, 0.197514, 0.736237, 0.45428, 0.43368, 0.274107, 0.26581, 0.318817, 0.251596, 0.270661, 0.080913, 0.074066, 0.448362, 0.436007, 0.194341, 0.130207, 0.16715, 0.315115, 0.248788, 0.870992, 0.175899, 0.028953, 0.518937, 0.457572]",27,1.928704,"[4, 5]",2,"To achieve sufficient color contrast, designers should",0.6666666666666666,140000,2.8b
pythia-2.8b-deduped,step140000,color contrast,generation,gen_004,"Without adequate color contrast, users with visual impairments may",0.847927,"[0.72908, 0.656286, 0.709283, 0.650884, 0.786216, 0.336112, 0.594812, 0.622095, 0.274418, 0.211589, 0.729689, 0.463269, 0.516263, 0.286662, 0.199217, 0.304879, 0.138804, 0.385113, 0.164942, 0.169312, 0.339891, 0.570997, 0.13487, 0.312407, 0.091385, 0.553993, 0.652997, 0.847927, 0.244145, 0.375646, 0.306389, 0.445064]",27,2.075951,"[3, 4]",2,"Without adequate color contrast, users with visual impairments may",1.0,140000,2.8b
pythia-2.8b-deduped,step140000,color contrast,generation,gen_005,An accessibility checker flagged poor color contrast. This means,0.830144,"[0.780389, 0.692303, 0.406061, 0.390491, 0.830144, 0.198245, 0.661612, 0.275443, 0.167654, 0.383849, 0.711644, 0.260849, 0.49816, 0.61115, 0.164002, 0.225256, 0.089538, 0.313722, 0.05519, 0.183118, 0.393043, 0.655316, 0.045768, 0.226578, 0.077425, 0.171431, 0.038005, 0.79066, 0.134579, 0.101843, 0.259154, 0.130453]",4,2.476944,"[8, 9]",2,An accessibility checker flagged poor color contrast. This means,0.3333333333333333,140000,2.8b
pythia-2.8b-deduped,step140000,color contrast,generation,gen_006,"When selecting color palettes, color contrast ensures",0.789395,"[0.644658, 0.696887, 0.516609, 0.362262, 0.789395, 0.12304, 0.640124, 0.358931, 0.376197, 0.102552, 0.724957, 0.186843, 0.422558, 0.20012, 0.260336, 0.602829, 0.142328, 0.302302, 0.058864, 0.087243, 0.331813, 0.493575, 0.323088, 0.169122, 0.169361, 0.160449, 0.524228, 0.698131, 0.419947, 0.318342, 0.499996, 0.324729]",4,2.359598,"[7, 8]",2,"When selecting color palettes, color contrast ensures",0.6666666666666666,140000,2.8b
pythia-2.8b-deduped,step140000,focus indicator,generation,gen_001,"In web accessibility, a focus indicator is",0.890713,"[0.586782, 0.700508, 0.505708, 0.729203, 0.812609, 0.431861, 0.890713, 0.558882, 0.380852, 0.370406, 0.8525, 0.187676, 0.702078, 0.140739, 0.276974, 0.456371, 0.283289, 0.354821, 0.080461, 0.100293, 0.146658, 0.423632, 0.166371, 0.172335, 0.06456, 0.177104, 0.02548, 0.380449, 0.329818, 0.02795, 0.272133, 0.054643]",6,1.618473,"[6, 7]",2,"In web accessibility, a focus indicator is",1.0,140000,2.8b
pythia-2.8b-deduped,step140000,focus indicator,generation,gen_002,"For keyboard users, a focus indicator",0.888028,"[0.497443, 0.726338, 0.406429, 0.597791, 0.757822, 0.36844, 0.851857, 0.281936, 0.377608, 0.355885, 0.821224, 0.211214, 0.47992, 0.174594, 0.273382, 0.20762, 0.215689, 0.37268, 0.051608, 0.077476, 0.301015, 0.397843, 0.102765, 0.47763, 0.283956, 0.852642, 0.248, 0.719669, 0.341824, 0.443434, 0.888028, 0.050436]",30,1.56829,"[6, 7]",2,"For keyboard users, a focus indicator",0.3333333333333333,140000,2.8b
pythia-2.8b-deduped,step140000,focus indicator,generation,gen_003,"To implement visible focus indicators, developers should",0.862338,"[0.20125, 0.755754, 0.33041, 0.315923, 0.716867, 0.340094, 0.335097, 0.128156, 0.518598, 0.28494, 0.657306, 0.279533, 0.49903, 0.170164, 0.283927, 0.437138, 0.527365, 0.265541, 0.158571, 0.105651, 0.449695, 0.337074, 0.393707, 0.400102, 0.841589, 0.854487, 0.106915, 0.862338, 0.38712, 0.736255, 0.773698, 0.668941]",27,1.723555,"[5, 6]",2,"To implement visible focus indicators, developers should",0.0,140000,2.8b
pythia-2.8b-deduped,step140000,focus indicator,generation,gen_004,"Without a focus indicator, keyboard-only users may",0.851816,"[0.574436, 0.714418, 0.562782, 0.60148, 0.764756, 0.30113, 0.747783, 0.294323, 0.472931, 0.287418, 0.714943, 0.242636, 0.641287, 0.269904, 0.313516, 0.325649, 0.568185, 0.550666, 0.24406, 0.057236, 0.246051, 0.577137, 0.309533, 0.241011, 0.042157, 0.214475, 0.040384, 0.730096, 0.851816, 0.20502, 0.495398, 0.448461]",28,1.829431,"[3, 4]",2,"Without a focus indicator, keyboard-only users may",0.3333333333333333,140000,2.8b
pythia-2.8b-deduped,step140000,focus indicator,generation,gen_005,A usability test revealed missing focus indicators. This means,0.847002,"[0.219655, 0.12313, 0.019679, 0.025108, 0.030878, 0.013264, 0.009655, 0.029275, 0.008523, 0.01688, 0.013343, 0.008936, 0.010033, 0.011022, 0.008473, 0.007643, 0.026291, 0.004786, 0.014993, 0.009293, 0.030671, 0.020622, 0.062377, 0.35638, 0.402342, 0.075754, 0.847002, 0.652714, 0.45085, 0.569738, 0.7195, 0.717056]",26,0.772337,"[7, 8]",2,A usability test revealed missing focus indicators. This means,0.3333333333333333,140000,2.8b
pythia-2.8b-deduped,step140000,focus indicator,generation,gen_006,"When styling interactive elements, a focus indicator ensures",0.864714,"[0.468005, 0.736538, 0.296479, 0.681941, 0.776615, 0.335148, 0.864714, 0.380728, 0.544683, 0.543894, 0.828955, 0.24631, 0.668552, 0.261174, 0.310014, 0.38617, 0.188928, 0.141892, 0.033051, 0.183813, 0.18407, 0.450084, 0.071644, 0.743875, 0.097239, 0.291847, 0.019691, 0.800341, 0.854372, 0.12079, 0.811011, 0.12357]",6,1.666869,"[7, 8]",2,"When styling interactive elements, a focus indicator ensures",0.6666666666666666,140000,2.8b
pythia-2.8b-deduped,step140000,heading structure,generation,gen_001,"In web accessibility, heading structure is",0.891472,"[0.348273, 0.755344, 0.548827, 0.785295, 0.82937, 0.387524, 0.891472, 0.885738, 0.557126, 0.27134, 0.627845, 0.243954, 0.546943, 0.194568, 0.405846, 0.504553, 0.272479, 0.416165, 0.130978, 0.339855, 0.493876, 0.476361, 0.204385, 0.547303, 0.856154, 0.364516, 0.4901, 0.856991, 0.557806, 0.321264, 0.403956, 0.481544]",6,1.657655,"[5, 6]",2,"In web accessibility, heading structure is",0.6666666666666666,140000,2.8b
pythia-2.8b-deduped,step140000,heading structure,generation,gen_002,"For screen readers, heading structure",0.870286,"[0.365565, 0.766131, 0.426311, 0.768332, 0.795354, 0.589253, 0.870286, 0.782293, 0.521635, 0.549552, 0.618749, 0.154484, 0.700935, 0.103202, 0.285761, 0.36613, 0.153276, 0.259232, 0.056714, 0.131773, 0.36242, 0.344571, 0.217533, 0.615661, 0.263293, 0.419086, 0.06952, 0.773887, 0.579584, 0.383331, 0.660125, 0.086746]",6,1.466007,"[5, 6]",2,"For screen readers, heading structure",0.3333333333333333,140000,2.8b
pythia-2.8b-deduped,step140000,heading structure,generation,gen_003,"To create proper heading structure, content authors should",0.898573,"[0.372767, 0.754328, 0.599758, 0.787214, 0.789678, 0.407546, 0.695293, 0.808877, 0.218191, 0.187093, 0.616973, 0.169102, 0.452627, 0.33561, 0.255334, 0.434916, 0.516445, 0.347522, 0.072887, 0.277037, 0.494229, 0.578101, 0.328988, 0.559953, 0.529771, 0.317714, 0.482317, 0.898573, 0.844013, 0.229731, 0.794164, 0.274141]",27,1.834825,"[4, 5]",2,"To create proper heading structure, content authors should",1.0,140000,2.8b
pythia-2.8b-deduped,step140000,heading structure,generation,gen_004,"Without logical heading structure, screen reader users may",0.847683,"[0.389734, 0.757365, 0.385725, 0.571616, 0.779332, 0.35836, 0.750585, 0.151218, 0.460896, 0.282242, 0.723734, 0.256721, 0.847683, 0.210678, 0.483828, 0.497009, 0.181725, 0.360528, 0.074834, 0.110831, 0.410541, 0.403546, 0.372843, 0.450839, 0.538487, 0.24118, 0.166503, 0.535835, 0.551693, 0.555493, 0.456131, 0.154261]",12,2.431884,"[3, 4]",2,"Without logical heading structure, screen reader users may",0.0,140000,2.8b
pythia-2.8b-deduped,step140000,heading structure,generation,gen_005,An accessibility evaluation found improper heading structure. This means,0.794298,"[0.456833, 0.705447, 0.677165, 0.562316, 0.794298, 0.307154, 0.779394, 0.67784, 0.313051, 0.242206, 0.735464, 0.099565, 0.519646, 0.061394, 0.173498, 0.574262, 0.3356, 0.405474, 0.081766, 0.225488, 0.602352, 0.576617, 0.252881, 0.78459, 0.305879, 0.449118, 0.528467, 0.768919, 0.602668, 0.559003, 0.479909, 0.235386]",4,2.422228,"[6, 7]",2,An accessibility evaluation found improper heading structure. This means,0.3333333333333333,140000,2.8b
pythia-2.8b-deduped,step140000,heading structure,generation,gen_006,"When organizing page content, heading structure ensures",0.813104,"[0.365149, 0.748165, 0.096018, 0.756428, 0.787573, 0.265578, 0.810364, 0.577238, 0.451313, 0.549281, 0.66088, 0.156566, 0.725041, 0.327691, 0.317961, 0.416437, 0.141823, 0.208189, 0.054042, 0.129944, 0.552319, 0.31647, 0.130572, 0.245671, 0.71931, 0.200004, 0.071107, 0.813104, 0.511593, 0.286028, 0.538249, 0.044229]",27,1.930781,"[6, 7]",2,"When organizing page content, heading structure ensures",0.3333333333333333,140000,2.8b
pythia-2.8b-deduped,step140000,keyboard navigation,generation,gen_001,"In web accessibility, keyboard navigation is",0.788733,"[0.471011, 0.591861, 0.251496, 0.639687, 0.783641, 0.222585, 0.483948, 0.351042, 0.356337, 0.326336, 0.674932, 0.512459, 0.729597, 0.162019, 0.486992, 0.466758, 0.1662, 0.209428, 0.092868, 0.300494, 0.507897, 0.406989, 0.094481, 0.627288, 0.114423, 0.334551, 0.056214, 0.773672, 0.788733, 0.386133, 0.753033, 0.228089]",28,1.804178,"[5, 6]",2,"In web accessibility, keyboard navigation is",0.0,140000,2.8b
pythia-2.8b-deduped,step140000,keyboard navigation,generation,gen_002,"For users with motor disabilities, keyboard navigation",0.874307,"[0.448278, 0.6207, 0.539691, 0.612715, 0.753686, 0.292911, 0.521817, 0.157558, 0.405064, 0.342049, 0.611133, 0.442792, 0.78921, 0.201976, 0.484874, 0.381783, 0.188072, 0.283261, 0.055515, 0.389548, 0.426047, 0.514393, 0.136183, 0.27537, 0.132626, 0.655167, 0.125747, 0.749028, 0.862601, 0.63147, 0.874307, 0.087423]",30,1.763768,"[7, 8]",2,"For users with motor disabilities, keyboard navigation",0.0,140000,2.8b
pythia-2.8b-deduped,step140000,keyboard navigation,generation,gen_003,"To support keyboard navigation, developers should",0.848793,"[0.548495, 0.620012, 0.318791, 0.809777, 0.786536, 0.182485, 0.366507, 0.133297, 0.450808, 0.170867, 0.638098, 0.346944, 0.711623, 0.08905, 0.204971, 0.365927, 0.174086, 0.283855, 0.097311, 0.254119, 0.329885, 0.306544, 0.380539, 0.465031, 0.074504, 0.407982, 0.077099, 0.677715, 0.484847, 0.158251, 0.848793, 0.135093]",30,1.632219,"[3, 4]",2,"To support keyboard navigation, developers should",0.0,140000,2.8b
pythia-2.8b-deduped,step140000,keyboard navigation,generation,gen_004,"Without keyboard navigation support, motor-impaired users may",0.83345,"[0.42626, 0.603775, 0.421972, 0.764592, 0.782228, 0.228666, 0.334838, 0.26263, 0.406766, 0.199004, 0.66129, 0.384761, 0.580984, 0.104591, 0.300266, 0.403242, 0.268568, 0.119052, 0.221386, 0.453079, 0.334717, 0.450277, 0.23829, 0.530198, 0.283722, 0.696262, 0.104196, 0.422945, 0.667404, 0.594036, 0.608993, 0.83345]",31,1.7343,"[2, 3]",2,"Without keyboard navigation support, motor-impaired users may",0.0,140000,2.8b
pythia-2.8b-deduped,step140000,keyboard navigation,generation,gen_005,A manual test revealed keyboard navigation failures. This means,0.885209,"[0.463454, 0.576753, 0.35706, 0.590753, 0.725934, 0.21872, 0.571311, 0.278303, 0.347573, 0.237583, 0.669051, 0.288385, 0.600487, 0.126847, 0.258859, 0.410619, 0.137757, 0.211784, 0.082177, 0.164695, 0.391971, 0.325321, 0.180994, 0.418999, 0.423254, 0.76474, 0.144796, 0.68635, 0.500422, 0.286707, 0.885209, 0.148127]",30,1.806506,"[5, 6]",2,A manual test revealed keyboard navigation failures. This means,0.0,140000,2.8b
pythia-2.8b-deduped,step140000,keyboard navigation,generation,gen_006,"When developing interactive features, keyboard navigation ensures",0.885996,"[0.475522, 0.607912, 0.249494, 0.530828, 0.738429, 0.316892, 0.51757, 0.247662, 0.353614, 0.274543, 0.65285, 0.474589, 0.717709, 0.206411, 0.519696, 0.376119, 0.119497, 0.245206, 0.082095, 0.316362, 0.679067, 0.50671, 0.15206, 0.476432, 0.152774, 0.397738, 0.038529, 0.837902, 0.857351, 0.774629, 0.885996, 0.065273]",30,1.639489,"[6, 7]",2,"When developing interactive features, keyboard navigation ensures",0.0,140000,2.8b
pythia-2.8b-deduped,step140000,landmark region,generation,gen_001,"In web accessibility, a landmark region is",0.887717,"[0.545581, 0.734646, 0.720719, 0.810895, 0.734504, 0.546091, 0.787072, 0.414724, 0.662487, 0.231419, 0.768739, 0.188611, 0.659797, 0.489371, 0.367617, 0.598888, 0.214757, 0.251106, 0.482391, 0.063953, 0.506474, 0.680729, 0.091135, 0.261778, 0.822566, 0.123335, 0.195722, 0.764744, 0.480828, 0.473977, 0.887717, 0.102997]",30,1.694448,"[6, 7]",2,"In web accessibility, a landmark region is",0.0,140000,2.8b
pythia-2.8b-deduped,step140000,landmark region,generation,gen_002,"For screen reader users, landmark regions",0.0,"[0.0, 0.0, 0.0, 0.0, 0.0, 0.0, 0.0, 0.0, 0.0, 0.0, 0.0, 0.0, 0.0, 0.0, 0.0, 0.0, 0.0, 0.0, 0.0, 0.0, 0.0, 0.0, 0.0, 0.0, 0.0, 0.0, 0.0, 0.0, 0.0, 0.0, 0.0, 0.0]",0,3.465736,[7],3,"For screen reader users, landmark regions",0.0,140000,2.8b
pythia-2.8b-deduped,step140000,landmark region,generation,gen_003,"To implement landmark regions, developers should",0.445224,"[0.204503, 0.445224, 0.196668, 0.160092, 0.395308, 0.210589, 0.309082, 0.101781, 0.244836, 0.14581, 0.293805, 0.169515, 0.134729, 0.139381, 0.206847, 0.090608, 0.148963, 0.221061, 0.134086, 0.176235, 0.242019, 0.180408, 0.178485, 0.190267, 0.253494, 0.348023, 0.115531, 0.291484, 0.065737, 0.263463, 0.313998, 0.259424]",1,3.216805,"[4, 5, 6]",3,"To implement landmark regions, developers should",0.0,140000,2.8b
pythia-2.8b-deduped,step140000,landmark region,generation,gen_004,"Without proper landmark regions, assistive technology users may",0.44033,"[0.233141, 0.429228, 0.178449, 0.248448, 0.44033, 0.189586, 0.299368, 0.102789, 0.22133, 0.168831, 0.214849, 0.146942, 0.15729, 0.076722, 0.230975, 0.205307, 0.330794, 0.118018, 0.171698, 0.25121, 0.211111, 0.313567, 0.345752, 0.179229, 0.302316, 0.251213, 0.131575, 0.30017, 0.191471, 0.216414, 0.370167, 0.222308]",4,2.950088,"[4, 5, 6]",3,"Without proper landmark regions, assistive technology users may",0.0,140000,2.8b
pythia-2.8b-deduped,step140000,landmark region,generation,gen_005,An HTML validation found missing landmark regions. This means,0.487747,"[0.241306, 0.171724, 0.252199, 0.175656, 0.212983, 0.090929, 0.122722, 0.108873, 0.112963, 0.104916, 0.089021, 0.053311, 0.067023, 0.109561, 0.109676, 0.131998, 0.097518, 0.086062, 0.199234, 0.135352, 0.098206, 0.105965, 0.147644, 0.112457, 0.218786, 0.199595, 0.477998, 0.329728, 0.251705, 0.487747, 0.338071, 0.246497]",29,3.075583,"[7, 8, 9]",3,An HTML validation found missing landmark regions. This means,0.0,140000,2.8b
pythia-2.8b-deduped,step140000,landmark region,generation,gen_006,"When structuring page layout, landmark regions ensure",0.83374,"[0.110656, 0.83374, 0.332564, 0.355053, 0.637914, 0.340979, 0.316521, 0.202759, 0.49058, 0.209576, 0.671699, 0.24502, 0.23935, 0.136067, 0.262658, 0.132177, 0.444548, 0.25958, 0.103469, 0.163045, 0.518203, 0.124111, 0.106459, 0.358765, 0.111493, 0.399798, 0.070827, 0.195006, 0.026977, 0.029342, 0.331182, 0.337165]",1,2.689886,"[8, 9]",3,"When structuring page layout, landmark regions ensure",0.0,140000,2.8b
pythia-2.8b-deduped,step140000,aria attribute,generation,gen_001,"In web accessibility, an aria attribute is",0.817818,"[0.349881, 0.748345, 0.480624, 0.585119, 0.786358, 0.290599, 0.783763, 0.665309, 0.421345, 0.224605, 0.688338, 0.392643, 0.396463, 0.46844, 0.271296, 0.250929, 0.220226, 0.532447, 0.142531, 0.365005, 0.457548, 0.755623, 0.308671, 0.703645, 0.267903, 0.264288, 0.276497, 0.817818, 0.678338, 0.451738, 0.754862, 0.141353]",27,2.492895,"[6, 7]",2,"In web accessibility, an aria attribute is",1.0,140000,2.8b
pythia-2.8b-deduped,step140000,aria attribute,generation,gen_002,"For screen reader users, aria attributes",0.0,"[0.0, 0.0, 0.0, 0.0, 0.0, 0.0, 0.0, 0.0, 0.0, 0.0, 0.0, 0.0, 0.0, 0.0, 0.0, 0.0, 0.0, 0.0, 0.0, 0.0, 0.0, 0.0, 0.0, 0.0, 0.0, 0.0, 0.0, 0.0, 0.0, 0.0, 0.0, 0.0]",0,3.465736,[7],2,"For screen reader users, aria attributes",0.3333333333333333,140000,2.8b
pythia-2.8b-deduped,step140000,aria attribute,generation,gen_003,"To use aria attributes correctly, developers should",0.879785,"[0.306815, 0.790145, 0.401546, 0.454185, 0.798958, 0.304524, 0.368681, 0.207086, 0.348626, 0.107554, 0.256645, 0.478122, 0.404723, 0.279148, 0.300127, 0.154523, 0.361596, 0.277714, 0.519885, 0.21673, 0.326253, 0.343331, 0.310894, 0.459458, 0.83625, 0.311621, 0.026677, 0.879785, 0.728093, 0.147404, 0.748903, 0.321382]",27,1.110778,"[4, 5]",2,"To use aria attributes correctly, developers should",1.0,140000,2.8b
pythia-2.8b-deduped,step140000,aria attribute,generation,gen_004,"Without appropriate aria attributes, custom widgets may",0.905839,"[0.22696, 0.754976, 0.16447, 0.423504, 0.660437, 0.409608, 0.357567, 0.101728, 0.496024, 0.364688, 0.650477, 0.275433, 0.451152, 0.199321, 0.560739, 0.393312, 0.183686, 0.13485, 0.236186, 0.137864, 0.316789, 0.263923, 0.302122, 0.593078, 0.905839, 0.53323, 0.263432, 0.764252, 0.308874, 0.090658, 0.823538, 0.504135]",24,1.706795,"[4, 5]",2,"Without appropriate aria attributes, custom widgets may",1.0,140000,2.8b
pythia-2.8b-deduped,step140000,aria attribute,generation,gen_005,An accessibility audit found missing aria attributes. This means,0.941202,"[0.270125, 0.047781, 0.039673, 0.057506, 0.033599, 0.007423, 0.015594, 0.024524, 0.009152, 0.009529, 0.014156, 0.007648, 0.012561, 0.019963, 0.012233, 0.010497, 0.025318, 0.00863, 0.013669, 0.013339, 0.023227, 0.045832, 0.126508, 0.245834, 0.32542, 0.159204, 0.941202, 0.619479, 0.69031, 0.60967, 0.762296, 0.787957]",26,0.681254,"[7, 8]",2,An accessibility audit found missing aria attributes. This means,1.0,140000,2.8b
pythia-2.8b-deduped,step140000,aria attribute,generation,gen_006,"When creating custom components, aria attributes ensure",0.836854,"[0.171223, 0.805869, 0.347125, 0.206011, 0.63557, 0.304443, 0.450302, 0.171256, 0.349227, 0.213573, 0.818939, 0.264964, 0.158459, 0.461851, 0.466342, 0.37488, 0.2427, 0.209476, 0.301117, 0.348318, 0.388364, 0.112369, 0.352101, 0.503256, 0.469655, 0.50623, 0.02232, 0.235385, 0.120404, 0.020432, 0.836854, 0.38895]",30,0.313873,"[7, 8]",2,"When creating custom components, aria attributes ensure",0.0,140000,2.8b
pythia-2.8b-deduped,step143000,screen reader,generation,gen_001,"In web accessibility, a screen reader is",0.822444,"[0.751319, 0.543726, 0.443088, 0.793047, 0.822444, 0.10491, 0.500847, 0.085535, 0.107716, 0.116569, 0.72377, 0.185262, 0.801304, 0.053013, 0.10723, 0.095178, 0.054753, 0.049759, 0.109367, 0.025061, 0.232679, 0.169718, 0.126396, 0.070943, 0.052206, 0.118299, 0.059399, 0.2259, 0.130001, 0.744359, 0.136703, 0.089959]",4,2.011462,"[6, 7]",2,"In web accessibility, a screen reader is",1.0,143000,2.8b
pythia-2.8b-deduped,step143000,screen reader,generation,gen_002,"For blind users, a screen reader",0.871689,"[0.750013, 0.554906, 0.532415, 0.756344, 0.80622, 0.085421, 0.505832, 0.071577, 0.182346, 0.174172, 0.714203, 0.258719, 0.687518, 0.079813, 0.10271, 0.108924, 0.042773, 0.057199, 0.088637, 0.02915, 0.192999, 0.085451, 0.057689, 0.095541, 0.098792, 0.399017, 0.177956, 0.277878, 0.15867, 0.871689, 0.089127, 0.038049]",29,0.53583,"[6, 7]",2,"For blind users, a screen reader",1.0,143000,2.8b
pythia-2.8b-deduped,step143000,screen reader,generation,gen_003,"To ensure screen reader compatibility, developers should",0.831149,"[0.74428, 0.570534, 0.543619, 0.831149, 0.81655, 0.251737, 0.663398, 0.136659, 0.352443, 0.424526, 0.630093, 0.220594, 0.590252, 0.12981, 0.11603, 0.048025, 0.072131, 0.077543, 0.055851, 0.026193, 0.188273, 0.094083, 0.26193, 0.136502, 0.11822, 0.259768, 0.119111, 0.387269, 0.328946, 0.162992, 0.338758, 0.532883]",3,2.153886,"[3, 4]",2,"To ensure screen reader compatibility, developers should",0.3333333333333333,143000,2.8b
pythia-2.8b-deduped,step143000,screen reader,generation,gen_004,"Without proper screen reader support, visually impaired users may",0.825512,"[0.757413, 0.547293, 0.494027, 0.824847, 0.825512, 0.098997, 0.499218, 0.082421, 0.099045, 0.384585, 0.684081, 0.143273, 0.554718, 0.06324, 0.094109, 0.126035, 0.098529, 0.05216, 0.042682, 0.069823, 0.149049, 0.141388, 0.097572, 0.212454, 0.167994, 0.231089, 0.136255, 0.611843, 0.197481, 0.543336, 0.172899, 0.262777]",4,2.093239,"[3, 4]",2,"Without proper screen reader support, visually impaired users may",0.3333333333333333,143000,2.8b
pythia-2.8b-deduped,step143000,screen reader,generation,gen_005,An accessibility audit found that the site is not screen reader friendly. This means,0.7927,"[0.7927, 0.600162, 0.187618, 0.755626, 0.785917, 0.122486, 0.527075, 0.084826, 0.168779, 0.473577, 0.740443, 0.149837, 0.602442, 0.149508, 0.097208, 0.126872, 0.058225, 0.040684, 0.064812, 0.164758, 0.089526, 0.138428, 0.294056, 0.28144, 0.153463, 0.610347, 0.3832, 0.262147, 0.541461, 0.351393, 0.60492, 0.154087]",0,2.762774,"[10, 11]",2,An accessibility audit found that the site is not screen reader friendly. This means,0.6666666666666666,143000,2.8b
pythia-2.8b-deduped,step143000,screen reader,generation,gen_006,"When building accessible sites, screen reader compatibility ensures",0.859882,"[0.743863, 0.524012, 0.357456, 0.731272, 0.825719, 0.11693, 0.698644, 0.119744, 0.07986, 0.168571, 0.649421, 0.162545, 0.627932, 0.06973, 0.102897, 0.108835, 0.036187, 0.040806, 0.13337, 0.044707, 0.086067, 0.096951, 0.097768, 0.208625, 0.18417, 0.294222, 0.373744, 0.359131, 0.574418, 0.859882, 0.148098, 0.386533]",29,0.616134,"[6, 7]",2,"When building accessible sites, screen reader compatibility ensures",0.3333333333333333,143000,2.8b
pythia-2.8b-deduped,step143000,skip link,generation,gen_001,"In web accessibility, a skip link is",0.795612,"[0.491045, 0.693975, 0.40211, 0.750363, 0.795612, 0.343137, 0.780175, 0.681176, 0.553601, 0.248342, 0.70256, 0.22841, 0.532901, 0.150914, 0.477361, 0.324195, 0.468529, 0.417939, 0.091063, 0.149636, 0.609241, 0.4175, 0.105812, 0.213706, 0.310988, 0.127564, 0.07718, 0.769019, 0.361057, 0.129208, 0.129428, 0.244093]",4,2.187433,"[6, 7]",2,"In web accessibility, a skip link is",1.0,143000,2.8b
pythia-2.8b-deduped,step143000,skip link,generation,gen_002,"For keyboard navigation, a skip link",0.832816,"[0.499768, 0.693947, 0.372444, 0.715489, 0.811321, 0.313927, 0.679289, 0.539857, 0.60267, 0.193044, 0.72417, 0.179353, 0.635599, 0.098335, 0.276511, 0.297542, 0.587905, 0.278184, 0.102673, 0.247053, 0.346344, 0.50607, 0.226247, 0.280673, 0.132068, 0.18637, 0.014354, 0.832816, 0.472188, 0.439652, 0.70519, 0.152792]",27,2.128627,"[6, 7]",2,"For keyboard navigation, a skip link",0.3333333333333333,143000,2.8b
pythia-2.8b-deduped,step143000,skip link,generation,gen_003,"To implement a skip link, developers should",0.893204,"[0.542841, 0.726587, 0.347686, 0.682318, 0.806579, 0.288076, 0.805748, 0.29614, 0.7602, 0.241004, 0.687041, 0.176563, 0.648547, 0.218903, 0.419371, 0.50958, 0.409465, 0.376656, 0.052845, 0.2592, 0.466047, 0.649575, 0.160905, 0.464145, 0.161266, 0.323678, 0.030046, 0.813826, 0.799194, 0.837924, 0.893204, 0.676571]",30,1.55319,"[4, 5]",2,"To implement a skip link, developers should",0.0,143000,2.8b
pythia-2.8b-deduped,step143000,skip link,generation,gen_004,"Without a skip link, keyboard users may",0.806231,"[0.507081, 0.707241, 0.206216, 0.658795, 0.79877, 0.570785, 0.785329, 0.319871, 0.806231, 0.109802, 0.764707, 0.153874, 0.692454, 0.255643, 0.24881, 0.568863, 0.552831, 0.161821, 0.126566, 0.106695, 0.204283, 0.704377, 0.19688, 0.200407, 0.194412, 0.197234, 0.059109, 0.687018, 0.353169, 0.28869, 0.486613, 0.311297]",8,2.481205,"[3, 4]",2,"Without a skip link, keyboard users may",1.0,143000,2.8b
pythia-2.8b-deduped,step143000,skip link,generation,gen_005,An accessibility review noted the absence of a skip link. This means,0.90008,"[0.509162, 0.701376, 0.340207, 0.70916, 0.786417, 0.369609, 0.770237, 0.517991, 0.654485, 0.180354, 0.656844, 0.229596, 0.527569, 0.193522, 0.403058, 0.402224, 0.517051, 0.191746, 0.060584, 0.305242, 0.335274, 0.379049, 0.222939, 0.23499, 0.021155, 0.169766, 0.015533, 0.90008, 0.375724, 0.839253, 0.8604, 0.106186]",27,1.052866,"[9, 10]",2,An accessibility review noted the absence of a skip link. This means,0.6666666666666666,143000,2.8b
pythia-2.8b-deduped,step143000,skip link,generation,gen_006,"When designing accessible navigation, a skip link ensures",0.875357,"[0.490234, 0.688485, 0.299406, 0.744522, 0.813952, 0.311482, 0.762767, 0.547881, 0.566066, 0.140045, 0.686099, 0.209729, 0.640152, 0.181489, 0.33973, 0.373688, 0.53258, 0.271862, 0.035183, 0.113742, 0.498756, 0.402995, 0.133691, 0.141403, 0.089677, 0.130782, 0.073299, 0.799225, 0.875357, 0.805161, 0.829997, 0.279841]",28,1.758388,"[7, 8]",2,"When designing accessible navigation, a skip link ensures",1.0,143000,2.8b
pythia-2.8b-deduped,step143000,alt text,generation,gen_001,"In web accessibility, alt text is",0.825903,"[0.590304, 0.567804, 0.251595, 0.763181, 0.825903, 0.580766, 0.221064, 0.151252, 0.515288, 0.17486, 0.549723, 0.156082, 0.664005, 0.08127, 0.21592, 0.153742, 0.291542, 0.22632, 0.186496, 0.114971, 0.385696, 0.690438, 0.115258, 0.711838, 0.236422, 0.449795, 0.123233, 0.676158, 0.650438, 0.3825, 0.786113, 0.152368]",4,2.509297,"[5, 6]",2,"In web accessibility, alt text is",0.6666666666666666,143000,2.8b
pythia-2.8b-deduped,step143000,alt text,generation,gen_002,"For blind users, alt text",0.828996,"[0.590302, 0.577834, 0.308614, 0.755907, 0.811109, 0.621006, 0.218338, 0.099236, 0.505567, 0.209713, 0.476081, 0.144817, 0.5945, 0.111528, 0.123887, 0.142273, 0.087246, 0.108758, 0.083955, 0.072539, 0.204211, 0.549134, 0.295265, 0.396289, 0.196012, 0.828996, 0.070454, 0.551611, 0.759978, 0.03925, 0.581058, 0.138202]",25,1.608955,"[5, 6]",2,"For blind users, alt text",0.6666666666666666,143000,2.8b
pythia-2.8b-deduped,step143000,alt text,generation,gen_003,"To write effective alt text, content creators should",0.833987,"[0.654129, 0.637492, 0.374233, 0.744309, 0.833987, 0.61451, 0.646192, 0.131113, 0.439896, 0.100422, 0.769455, 0.071882, 0.78148, 0.057969, 0.207762, 0.081547, 0.11553, 0.109699, 0.096008, 0.126811, 0.140863, 0.274382, 0.677657, 0.200326, 0.092674, 0.375016, 0.024663, 0.407315, 0.39349, 0.219436, 0.159793, 0.237721]",4,2.552437,"[4, 5]",2,"To write effective alt text, content creators should",0.6666666666666666,143000,2.8b
pythia-2.8b-deduped,step143000,alt text,generation,gen_004,"Without alt text, screen reader users may",0.914634,"[0.591725, 0.580934, 0.336368, 0.750903, 0.81117, 0.728411, 0.30546, 0.058356, 0.345724, 0.156092, 0.624454, 0.119641, 0.701625, 0.165687, 0.080827, 0.115409, 0.123855, 0.259651, 0.1455, 0.205154, 0.214136, 0.765855, 0.758624, 0.692329, 0.385527, 0.286928, 0.604088, 0.914634, 0.687154, 0.191781, 0.341709, 0.46485]",27,1.922879,"[2, 3]",2,"Without alt text, screen reader users may",0.3333333333333333,143000,2.8b
pythia-2.8b-deduped,step143000,alt text,generation,gen_005,An accessibility scan found images lacking alt text. This means,0.885677,"[0.643944, 0.576318, 0.284831, 0.761643, 0.775267, 0.587771, 0.29498, 0.18999, 0.333869, 0.23289, 0.643326, 0.157603, 0.693949, 0.145945, 0.206215, 0.299598, 0.223029, 0.398377, 0.235565, 0.153364, 0.26797, 0.616558, 0.51246, 0.816774, 0.270142, 0.679725, 0.220431, 0.760273, 0.885677, 0.236884, 0.304585, 0.22152]",28,1.696073,"[7, 8]",2,An accessibility scan found images lacking alt text. This means,0.3333333333333333,143000,2.8b
pythia-2.8b-deduped,step143000,alt text,generation,gen_006,"When publishing web content, alt text ensures",0.882778,"[0.616285, 0.555799, 0.241972, 0.76039, 0.817913, 0.613816, 0.210049, 0.193385, 0.49358, 0.272338, 0.521505, 0.179477, 0.612882, 0.093146, 0.141146, 0.230272, 0.295172, 0.29899, 0.111563, 0.101115, 0.308285, 0.674878, 0.22991, 0.629188, 0.517417, 0.652395, 0.020932, 0.599784, 0.740983, 0.807384, 0.882778, 0.100646]",30,1.542385,"[6, 7]",2,"When publishing web content, alt text ensures",0.6666666666666666,143000,2.8b
pythia-2.8b-deduped,step143000,color contrast,generation,gen_001,"In web accessibility, color contrast is",0.875318,"[0.728757, 0.691847, 0.565697, 0.532672, 0.763735, 0.248083, 0.607876, 0.403035, 0.555465, 0.161501, 0.727142, 0.350099, 0.492966, 0.435633, 0.21281, 0.497244, 0.133134, 0.269529, 0.083612, 0.340948, 0.364287, 0.558987, 0.08367, 0.251536, 0.277681, 0.254712, 0.090092, 0.591774, 0.535748, 0.16341, 0.875318, 0.392144]",30,1.737915,"[5, 6]",2,"In web accessibility, color contrast is",0.3333333333333333,143000,2.8b
pythia-2.8b-deduped,step143000,color contrast,generation,gen_002,"For users with low vision, color contrast",0.848861,"[0.697423, 0.690358, 0.567325, 0.493493, 0.777922, 0.138922, 0.630108, 0.22481, 0.345338, 0.415833, 0.730846, 0.30195, 0.511484, 0.388154, 0.298437, 0.368537, 0.126727, 0.302588, 0.077995, 0.05047, 0.344467, 0.608601, 0.22946, 0.288983, 0.257417, 0.317432, 0.270389, 0.4755, 0.414171, 0.335822, 0.848861, 0.371585]",30,1.809095,"[7, 8]",2,"For users with low vision, color contrast",0.6666666666666666,143000,2.8b
pythia-2.8b-deduped,step143000,color contrast,generation,gen_003,"To achieve sufficient color contrast, designers should",0.888479,"[0.735488, 0.671824, 0.743612, 0.581566, 0.776117, 0.324433, 0.597624, 0.393324, 0.28949, 0.213609, 0.736922, 0.4449, 0.409497, 0.28298, 0.277304, 0.330643, 0.230324, 0.269265, 0.073435, 0.075652, 0.459165, 0.429111, 0.239629, 0.404188, 0.159717, 0.252611, 0.453987, 0.86357, 0.261646, 0.031104, 0.888479, 0.451584]",30,1.643157,"[4, 5]",2,"To achieve sufficient color contrast, designers should",0.6666666666666666,143000,2.8b
pythia-2.8b-deduped,step143000,color contrast,generation,gen_004,"Without adequate color contrast, users with visual impairments may",0.81776,"[0.71594, 0.667545, 0.71371, 0.691337, 0.783322, 0.352834, 0.638172, 0.589712, 0.258315, 0.223156, 0.739065, 0.455249, 0.458553, 0.324248, 0.212744, 0.291542, 0.124017, 0.351592, 0.166687, 0.155917, 0.358567, 0.557477, 0.146356, 0.472335, 0.091649, 0.500224, 0.811526, 0.81776, 0.456023, 0.376538, 0.48596, 0.449199]",27,1.984081,"[3, 4]",2,"Without adequate color contrast, users with visual impairments may",1.0,143000,2.8b
pythia-2.8b-deduped,step143000,color contrast,generation,gen_005,An accessibility checker flagged poor color contrast. This means,0.820212,"[0.766932, 0.698948, 0.355833, 0.362793, 0.820212, 0.250119, 0.71023, 0.262391, 0.174643, 0.37954, 0.734539, 0.275407, 0.487359, 0.617017, 0.179073, 0.206142, 0.079811, 0.237159, 0.05272, 0.150146, 0.391531, 0.636786, 0.045242, 0.220352, 0.093241, 0.173996, 0.034486, 0.697934, 0.165285, 0.063372, 0.259986, 0.184476]",4,2.526078,"[8, 9]",2,An accessibility checker flagged poor color contrast. This means,0.3333333333333333,143000,2.8b
pythia-2.8b-deduped,step143000,color contrast,generation,gen_006,"When selecting color palettes, color contrast ensures",0.788413,"[0.634234, 0.702333, 0.490007, 0.363219, 0.788413, 0.116244, 0.694713, 0.334605, 0.379757, 0.146355, 0.707197, 0.171908, 0.402775, 0.203781, 0.253073, 0.609241, 0.14171, 0.297188, 0.065412, 0.089669, 0.298568, 0.480372, 0.402234, 0.220759, 0.22336, 0.228531, 0.26624, 0.617902, 0.496724, 0.438493, 0.651995, 0.36471]",4,2.373742,"[7, 8]",2,"When selecting color palettes, color contrast ensures",0.6666666666666666,143000,2.8b
pythia-2.8b-deduped,step143000,focus indicator,generation,gen_001,"In web accessibility, a focus indicator is",0.894011,"[0.576834, 0.688281, 0.489744, 0.734342, 0.80128, 0.441354, 0.894011, 0.603917, 0.409803, 0.344114, 0.870373, 0.374043, 0.855798, 0.155613, 0.111726, 0.501592, 0.243966, 0.238872, 0.072728, 0.071704, 0.111991, 0.517843, 0.233717, 0.14443, 0.048794, 0.195935, 0.011615, 0.177382, 0.153127, 0.014019, 0.360639, 0.047316]",6,1.523914,"[6, 7]",2,"In web accessibility, a focus indicator is",0.6666666666666666,143000,2.8b
pythia-2.8b-deduped,step143000,focus indicator,generation,gen_002,"For keyboard users, a focus indicator",0.866396,"[0.489246, 0.721749, 0.391447, 0.629426, 0.755161, 0.386721, 0.86407, 0.301863, 0.397985, 0.360963, 0.845051, 0.190192, 0.509318, 0.180242, 0.320039, 0.237349, 0.295335, 0.423984, 0.048251, 0.088303, 0.301097, 0.365337, 0.137791, 0.520993, 0.137148, 0.866396, 0.072578, 0.770213, 0.167687, 0.45192, 0.846312, 0.051248]",25,1.59829,"[6, 7]",2,"For keyboard users, a focus indicator",0.3333333333333333,143000,2.8b
pythia-2.8b-deduped,step143000,focus indicator,generation,gen_003,"To implement visible focus indicators, developers should",0.859795,"[0.191286, 0.763648, 0.313245, 0.273941, 0.706982, 0.354138, 0.350248, 0.136569, 0.542759, 0.274609, 0.66262, 0.28997, 0.554214, 0.207958, 0.300708, 0.428744, 0.465987, 0.287972, 0.151871, 0.109508, 0.473867, 0.259341, 0.543084, 0.394496, 0.851235, 0.814582, 0.134051, 0.85814, 0.356564, 0.64021, 0.859795, 0.550257]",30,1.644627,"[5, 6]",2,"To implement visible focus indicators, developers should",0.3333333333333333,143000,2.8b
pythia-2.8b-deduped,step143000,focus indicator,generation,gen_004,"Without a focus indicator, keyboard-only users may",0.777356,"[0.563158, 0.69647, 0.58732, 0.657146, 0.76977, 0.296696, 0.747903, 0.300784, 0.482158, 0.252105, 0.750415, 0.28326, 0.689594, 0.285365, 0.221904, 0.386287, 0.585703, 0.504632, 0.186887, 0.078663, 0.257086, 0.542495, 0.317741, 0.170858, 0.050207, 0.163479, 0.027144, 0.735812, 0.777356, 0.110912, 0.464937, 0.689233]",28,1.848462,"[3, 4]",2,"Without a focus indicator, keyboard-only users may",0.3333333333333333,143000,2.8b
pythia-2.8b-deduped,step143000,focus indicator,generation,gen_005,A usability test revealed missing focus indicators. This means,0.861217,"[0.150292, 0.1187, 0.027113, 0.025608, 0.032129, 0.011742, 0.010403, 0.031524, 0.007768, 0.017236, 0.014268, 0.007886, 0.008473, 0.011079, 0.007592, 0.008713, 0.02711, 0.005176, 0.014121, 0.007932, 0.033167, 0.031499, 0.050444, 0.261274, 0.386353, 0.102998, 0.861217, 0.75031, 0.416452, 0.577023, 0.71063, 0.74327]",26,0.80917,"[7, 8]",2,A usability test revealed missing focus indicators. This means,0.6666666666666666,143000,2.8b
pythia-2.8b-deduped,step143000,focus indicator,generation,gen_006,"When styling interactive elements, a focus indicator ensures",0.867573,"[0.452546, 0.729804, 0.301252, 0.701794, 0.766844, 0.362169, 0.867573, 0.374319, 0.50189, 0.529425, 0.849549, 0.253996, 0.764538, 0.176797, 0.329407, 0.461852, 0.31176, 0.211184, 0.046094, 0.185392, 0.185309, 0.451799, 0.095295, 0.611535, 0.05468, 0.286929, 0.015027, 0.703773, 0.531753, 0.037791, 0.500514, 0.11046]",6,1.608586,"[7, 8]",2,"When styling interactive elements, a focus indicator ensures",0.6666666666666666,143000,2.8b
pythia-2.8b-deduped,step143000,heading structure,generation,gen_001,"In web accessibility, heading structure is",0.906316,"[0.366482, 0.748502, 0.600158, 0.812588, 0.843883, 0.441871, 0.906316, 0.884676, 0.605821, 0.333113, 0.559991, 0.276501, 0.567604, 0.157246, 0.443755, 0.467536, 0.248582, 0.41539, 0.085252, 0.335047, 0.530979, 0.549206, 0.245534, 0.603897, 0.651859, 0.294847, 0.453391, 0.833085, 0.429982, 0.401581, 0.80986, 0.639555]",6,1.606423,"[5, 6]",2,"In web accessibility, heading structure is",0.3333333333333333,143000,2.8b
pythia-2.8b-deduped,step143000,heading structure,generation,gen_002,"For screen readers, heading structure",0.887414,"[0.341004, 0.762176, 0.439647, 0.796143, 0.813735, 0.606763, 0.887414, 0.746988, 0.519443, 0.561536, 0.598558, 0.221712, 0.700405, 0.121479, 0.323051, 0.348477, 0.140982, 0.29603, 0.065359, 0.160722, 0.425085, 0.372609, 0.215933, 0.654057, 0.227254, 0.393886, 0.121378, 0.777575, 0.536155, 0.443695, 0.784654, 0.135047]",6,1.500491,"[5, 6]",2,"For screen readers, heading structure",0.3333333333333333,143000,2.8b
pythia-2.8b-deduped,step143000,heading structure,generation,gen_003,"To create proper heading structure, content authors should",0.882426,"[0.346952, 0.754832, 0.603793, 0.813462, 0.808033, 0.407792, 0.715075, 0.803192, 0.210163, 0.192653, 0.613225, 0.136948, 0.453635, 0.310864, 0.255942, 0.441518, 0.591877, 0.368651, 0.076736, 0.27847, 0.512777, 0.625568, 0.371065, 0.631126, 0.341084, 0.36599, 0.416646, 0.882426, 0.815893, 0.192082, 0.751416, 0.231701]",27,1.91655,"[4, 5]",2,"To create proper heading structure, content authors should",1.0,143000,2.8b
pythia-2.8b-deduped,step143000,heading structure,generation,gen_004,"Without logical heading structure, screen reader users may",0.871874,"[0.374314, 0.75413, 0.372486, 0.670401, 0.783526, 0.411558, 0.813137, 0.171219, 0.427141, 0.278108, 0.715788, 0.239245, 0.871874, 0.220312, 0.521168, 0.511818, 0.223594, 0.395132, 0.078369, 0.104157, 0.38326, 0.371855, 0.286174, 0.31472, 0.28617, 0.175856, 0.08961, 0.724896, 0.723502, 0.560471, 0.1919, 0.166963]",12,2.379675,"[3, 4]",2,"Without logical heading structure, screen reader users may",0.3333333333333333,143000,2.8b
pythia-2.8b-deduped,step143000,heading structure,generation,gen_005,An accessibility evaluation found improper heading structure. This means,0.820879,"[0.438357, 0.707799, 0.705545, 0.646173, 0.815018, 0.339241, 0.820879, 0.665229, 0.313129, 0.276544, 0.718877, 0.144901, 0.528364, 0.099486, 0.177842, 0.525348, 0.375669, 0.421296, 0.11016, 0.229858, 0.664045, 0.6092, 0.295609, 0.784167, 0.21642, 0.341226, 0.380857, 0.776647, 0.544178, 0.46823, 0.458582, 0.20521]",6,1.981563,"[6, 7]",2,An accessibility evaluation found improper heading structure. This means,0.3333333333333333,143000,2.8b
pythia-2.8b-deduped,step143000,heading structure,generation,gen_006,"When organizing page content, heading structure ensures",0.847202,"[0.344531, 0.745446, 0.108477, 0.795053, 0.79797, 0.278799, 0.847202, 0.644367, 0.437056, 0.534574, 0.64552, 0.149575, 0.678049, 0.35534, 0.399314, 0.396603, 0.113897, 0.252863, 0.061419, 0.139194, 0.53815, 0.293241, 0.10185, 0.274479, 0.467594, 0.199117, 0.068864, 0.836709, 0.66065, 0.203644, 0.602834, 0.140446]",6,1.774511,"[6, 7]",2,"When organizing page content, heading structure ensures",0.3333333333333333,143000,2.8b
pythia-2.8b-deduped,step143000,keyboard navigation,generation,gen_001,"In web accessibility, keyboard navigation is",0.842366,"[0.469075, 0.600521, 0.267478, 0.624726, 0.788138, 0.250189, 0.462898, 0.254315, 0.361609, 0.307073, 0.647385, 0.486241, 0.721343, 0.144926, 0.382513, 0.406757, 0.123805, 0.215145, 0.067889, 0.320285, 0.521576, 0.387528, 0.095955, 0.674422, 0.132594, 0.297048, 0.125335, 0.736506, 0.801114, 0.469914, 0.842366, 0.287572]",30,1.718446,"[5, 6]",2,"In web accessibility, keyboard navigation is",0.0,143000,2.8b
pythia-2.8b-deduped,step143000,keyboard navigation,generation,gen_002,"For users with motor disabilities, keyboard navigation",0.881213,"[0.439611, 0.635684, 0.575003, 0.596551, 0.774087, 0.309514, 0.508997, 0.204969, 0.449546, 0.313054, 0.598524, 0.443906, 0.791454, 0.191414, 0.426664, 0.345735, 0.164424, 0.270988, 0.04539, 0.372279, 0.383755, 0.509063, 0.172223, 0.291409, 0.10855, 0.563301, 0.147623, 0.66455, 0.881213, 0.830208, 0.875414, 0.11693]",28,1.612989,"[7, 8]",2,"For users with motor disabilities, keyboard navigation",0.0,143000,2.8b
pythia-2.8b-deduped,step143000,keyboard navigation,generation,gen_003,"To support keyboard navigation, developers should",0.795721,"[0.548718, 0.626245, 0.286856, 0.795721, 0.794408, 0.139312, 0.322912, 0.175041, 0.448235, 0.162007, 0.645588, 0.31973, 0.755864, 0.101925, 0.17182, 0.298331, 0.160607, 0.296114, 0.08203, 0.272341, 0.340564, 0.296446, 0.382492, 0.511352, 0.097228, 0.342632, 0.068046, 0.633834, 0.557635, 0.146292, 0.740319, 0.123078]",3,2.237848,"[3, 4]",2,"To support keyboard navigation, developers should",0.0,143000,2.8b
pythia-2.8b-deduped,step143000,keyboard navigation,generation,gen_004,"Without keyboard navigation support, motor-impaired users may",0.79355,"[0.431246, 0.61149, 0.31354, 0.749044, 0.79355, 0.282779, 0.350215, 0.186864, 0.418556, 0.213279, 0.678701, 0.448289, 0.590046, 0.086644, 0.222495, 0.407398, 0.375988, 0.142744, 0.150863, 0.471447, 0.278462, 0.307677, 0.118195, 0.463292, 0.209882, 0.434989, 0.234842, 0.585381, 0.691344, 0.409478, 0.590226, 0.732588]",4,2.409818,"[2, 3]",2,"Without keyboard navigation support, motor-impaired users may",0.0,143000,2.8b
pythia-2.8b-deduped,step143000,keyboard navigation,generation,gen_005,A manual test revealed keyboard navigation failures. This means,0.879688,"[0.457122, 0.586356, 0.27338, 0.588021, 0.744021, 0.239549, 0.570344, 0.233772, 0.390915, 0.282603, 0.684387, 0.295809, 0.657396, 0.137121, 0.24223, 0.393333, 0.134304, 0.194627, 0.09919, 0.14951, 0.36119, 0.323868, 0.208172, 0.425079, 0.409759, 0.773793, 0.104859, 0.685529, 0.451853, 0.330515, 0.879688, 0.142697]",30,1.830004,"[5, 6]",2,A manual test revealed keyboard navigation failures. This means,0.0,143000,2.8b
pythia-2.8b-deduped,step143000,keyboard navigation,generation,gen_006,"When developing interactive features, keyboard navigation ensures",0.88467,"[0.464962, 0.620157, 0.243623, 0.551494, 0.75425, 0.275822, 0.49987, 0.199229, 0.372725, 0.268542, 0.627167, 0.421777, 0.729168, 0.185087, 0.459235, 0.373313, 0.117633, 0.242824, 0.09592, 0.355156, 0.656312, 0.472647, 0.13277, 0.573333, 0.134584, 0.355355, 0.082531, 0.752153, 0.884639, 0.810716, 0.88467, 0.126664]",30,1.650268,"[6, 7]",2,"When developing interactive features, keyboard navigation ensures",0.0,143000,2.8b
pythia-2.8b-deduped,step143000,landmark region,generation,gen_001,"In web accessibility, a landmark region is",0.831714,"[0.533822, 0.736222, 0.709515, 0.812568, 0.735858, 0.587643, 0.801956, 0.44467, 0.692369, 0.226099, 0.770465, 0.135249, 0.705988, 0.536767, 0.391488, 0.617689, 0.25361, 0.222113, 0.497058, 0.042517, 0.569666, 0.651967, 0.077465, 0.218425, 0.491124, 0.157911, 0.14227, 0.759145, 0.527006, 0.249693, 0.831714, 0.089618]",30,1.643167,"[6, 7]",2,"In web accessibility, a landmark region is",0.0,143000,2.8b
pythia-2.8b-deduped,step143000,landmark region,generation,gen_002,"For screen reader users, landmark regions",0.0,"[0.0, 0.0, 0.0, 0.0, 0.0, 0.0, 0.0, 0.0, 0.0, 0.0, 0.0, 0.0, 0.0, 0.0, 0.0, 0.0, 0.0, 0.0, 0.0, 0.0, 0.0, 0.0, 0.0, 0.0, 0.0, 0.0, 0.0, 0.0, 0.0, 0.0, 0.0, 0.0]",0,3.465736,[7],3,"For screen reader users, landmark regions",0.0,143000,2.8b
pythia-2.8b-deduped,step143000,landmark region,generation,gen_003,"To implement landmark regions, developers should",0.446792,"[0.196228, 0.446792, 0.196249, 0.159251, 0.384576, 0.228905, 0.295619, 0.105859, 0.271055, 0.118873, 0.2608, 0.155413, 0.146895, 0.127091, 0.226146, 0.093243, 0.17185, 0.210368, 0.149009, 0.172805, 0.264841, 0.14389, 0.159801, 0.216444, 0.255737, 0.341612, 0.120517, 0.290632, 0.058581, 0.184344, 0.338197, 0.254691]",1,3.209226,"[4, 5, 6]",3,"To implement landmark regions, developers should",0.0,143000,2.8b
pythia-2.8b-deduped,step143000,landmark region,generation,gen_004,"Without proper landmark regions, assistive technology users may",0.432684,"[0.234587, 0.432684, 0.17586, 0.30137, 0.432137, 0.190197, 0.297159, 0.097668, 0.226941, 0.194247, 0.220391, 0.132413, 0.154347, 0.085497, 0.216014, 0.212363, 0.323715, 0.11298, 0.168885, 0.265146, 0.212001, 0.334788, 0.278832, 0.215472, 0.2992, 0.258463, 0.193164, 0.32014, 0.184813, 0.181484, 0.372612, 0.216572]",1,3.246721,"[4, 5, 6]",3,"Without proper landmark regions, assistive technology users may",0.0,143000,2.8b
pythia-2.8b-deduped,step143000,landmark region,generation,gen_005,An HTML validation found missing landmark regions. This means,0.47951,"[0.24238, 0.174123, 0.257377, 0.172466, 0.211297, 0.097317, 0.130389, 0.10751, 0.119403, 0.108059, 0.089407, 0.062274, 0.069512, 0.117565, 0.106607, 0.126171, 0.097269, 0.074814, 0.195993, 0.142658, 0.111499, 0.103026, 0.125531, 0.120943, 0.197506, 0.191989, 0.455575, 0.30234, 0.246222, 0.47951, 0.325932, 0.269695]",29,3.11501,"[7, 8, 9]",3,An HTML validation found missing landmark regions. This means,0.0,143000,2.8b
pythia-2.8b-deduped,step143000,landmark region,generation,gen_006,"When structuring page layout, landmark regions ensure",0.834798,"[0.118198, 0.834798, 0.285343, 0.361153, 0.641976, 0.417366, 0.352517, 0.211598, 0.520886, 0.182831, 0.689614, 0.226817, 0.21956, 0.159235, 0.260275, 0.151075, 0.409031, 0.240208, 0.10281, 0.101126, 0.585045, 0.151882, 0.096791, 0.486882, 0.110043, 0.393828, 0.069091, 0.128107, 0.029253, 0.032422, 0.195273, 0.530887]",1,2.684349,"[8, 9]",3,"When structuring page layout, landmark regions ensure",0.0,143000,2.8b
pythia-2.8b-deduped,step143000,aria attribute,generation,gen_001,"In web accessibility, an aria attribute is",0.842923,"[0.318954, 0.743351, 0.412635, 0.547171, 0.782025, 0.30073, 0.795944, 0.601816, 0.483656, 0.268927, 0.706385, 0.467373, 0.413413, 0.505752, 0.290317, 0.201604, 0.280874, 0.46275, 0.164602, 0.340199, 0.461042, 0.768878, 0.199859, 0.738862, 0.272497, 0.137743, 0.087633, 0.842923, 0.599699, 0.484868, 0.653137, 0.359959]",27,2.379815,"[6, 7]",2,"In web accessibility, an aria attribute is",1.0,143000,2.8b
pythia-2.8b-deduped,step143000,aria attribute,generation,gen_002,"For screen reader users, aria attributes",0.0,"[0.0, 0.0, 0.0, 0.0, 0.0, 0.0, 0.0, 0.0, 0.0, 0.0, 0.0, 0.0, 0.0, 0.0, 0.0, 0.0, 0.0, 0.0, 0.0, 0.0, 0.0, 0.0, 0.0, 0.0, 0.0, 0.0, 0.0, 0.0, 0.0, 0.0, 0.0, 0.0]",0,3.465736,[7],2,"For screen reader users, aria attributes",1.0,143000,2.8b
pythia-2.8b-deduped,step143000,aria attribute,generation,gen_003,"To use aria attributes correctly, developers should",0.903258,"[0.318241, 0.80065, 0.372446, 0.47612, 0.80459, 0.34062, 0.360361, 0.187266, 0.330352, 0.113606, 0.265043, 0.44506, 0.391754, 0.323821, 0.259585, 0.106804, 0.353868, 0.26957, 0.441958, 0.200155, 0.347753, 0.353284, 0.337689, 0.465897, 0.718465, 0.307109, 0.030647, 0.903258, 0.808713, 0.148758, 0.704669, 0.335032]",27,0.92516,"[4, 5]",2,"To use aria attributes correctly, developers should",0.6666666666666666,143000,2.8b
pythia-2.8b-deduped,step143000,aria attribute,generation,gen_004,"Without appropriate aria attributes, custom widgets may",0.905292,"[0.240016, 0.757247, 0.18099, 0.409615, 0.637113, 0.431493, 0.337702, 0.177996, 0.535096, 0.435423, 0.601314, 0.316597, 0.349646, 0.23985, 0.531849, 0.337968, 0.198748, 0.161297, 0.214636, 0.162894, 0.33166, 0.231815, 0.233938, 0.49219, 0.905292, 0.377328, 0.255184, 0.777335, 0.261391, 0.062817, 0.832229, 0.31352]",24,1.706035,"[4, 5]",2,"Without appropriate aria attributes, custom widgets may",0.3333333333333333,143000,2.8b
pythia-2.8b-deduped,step143000,aria attribute,generation,gen_005,An accessibility audit found missing aria attributes. This means,0.936459,"[0.276178, 0.034591, 0.037591, 0.054416, 0.033934, 0.008139, 0.014667, 0.024748, 0.00816, 0.008449, 0.01536, 0.00709, 0.0126, 0.02079, 0.013413, 0.010251, 0.02681, 0.008971, 0.01421, 0.0128, 0.023328, 0.046414, 0.124522, 0.151327, 0.253437, 0.206485, 0.936459, 0.509069, 0.737509, 0.609071, 0.738934, 0.776155]",26,0.76861,"[7, 8]",2,An accessibility audit found missing aria attributes. This means,0.6666666666666666,143000,2.8b
pythia-2.8b-deduped,step143000,aria attribute,generation,gen_006,"When creating custom components, aria attributes ensure",0.824699,"[0.162107, 0.80791, 0.351409, 0.19191, 0.638963, 0.335645, 0.445065, 0.145334, 0.344935, 0.194903, 0.824699, 0.310481, 0.201708, 0.544167, 0.41678, 0.411403, 0.258531, 0.204791, 0.34622, 0.373032, 0.415746, 0.162439, 0.472669, 0.515395, 0.408665, 0.486779, 0.014705, 0.145624, 0.162427, 0.023081, 0.352376, 0.236279]",10,2.679019,"[7, 8]",2,"When creating custom components, aria attributes ensure",0.0,143000,2.8b
pythia-2.8b-deduped,step15000,screen reader,generation,gen_001,"In web accessibility, a screen reader is",0.904862,"[0.63783, 0.613096, 0.438262, 0.866584, 0.871156, 0.223401, 0.884129, 0.169476, 0.398765, 0.185579, 0.87026, 0.198286, 0.904862, 0.074608, 0.223959, 0.125368, 0.18765, 0.080433, 0.187198, 0.420901, 0.271, 0.163728, 0.182683, 0.170046, 0.248825, 0.076752, 0.106452, 0.249446, 0.107694, 0.04216, 0.342891, 0.418183]",12,1.813532,"[6, 7]",2,"In web accessibility, a screen reader is",1.0,15000,2.8b
pythia-2.8b-deduped,step15000,screen reader,generation,gen_002,"For blind users, a screen reader",0.886491,"[0.590897, 0.619772, 0.651216, 0.86521, 0.862672, 0.188533, 0.856758, 0.04748, 0.420051, 0.254832, 0.834273, 0.517639, 0.886491, 0.057361, 0.104747, 0.189503, 0.147099, 0.054794, 0.112244, 0.453499, 0.137637, 0.146027, 0.095973, 0.219538, 0.16597, 0.176501, 0.120461, 0.219759, 0.190174, 0.036248, 0.208526, 0.21513]",12,1.951208,"[6, 7]",2,"For blind users, a screen reader",0.6666666666666666,15000,2.8b
pythia-2.8b-deduped,step15000,screen reader,generation,gen_003,"To ensure screen reader compatibility, developers should",0.864425,"[0.68105, 0.62964, 0.310603, 0.825397, 0.830724, 0.63353, 0.864425, 0.0676, 0.439394, 0.300797, 0.781679, 0.390172, 0.729888, 0.114814, 0.556035, 0.274994, 0.182674, 0.117424, 0.287211, 0.37588, 0.188235, 0.130396, 0.196858, 0.188702, 0.273202, 0.486435, 0.11538, 0.234424, 0.282969, 0.178387, 0.636756, 0.607076]",6,1.981647,"[3, 4]",2,"To ensure screen reader compatibility, developers should",0.3333333333333333,15000,2.8b
pythia-2.8b-deduped,step15000,screen reader,generation,gen_004,"Without proper screen reader support, visually impaired users may",0.859207,"[0.691132, 0.606731, 0.516901, 0.813473, 0.859207, 0.392725, 0.720225, 0.217492, 0.473228, 0.170706, 0.79774, 0.26319, 0.820225, 0.128088, 0.3444, 0.301703, 0.234537, 0.04017, 0.40424, 0.288617, 0.12017, 0.115143, 0.148196, 0.237237, 0.07963, 0.277707, 0.155696, 0.445868, 0.241055, 0.176394, 0.107378, 0.481596]",4,2.595494,"[3, 4]",2,"Without proper screen reader support, visually impaired users may",1.0,15000,2.8b
pythia-2.8b-deduped,step15000,screen reader,generation,gen_005,An accessibility audit found that the site is not screen reader friendly. This means,0.88529,"[0.638204, 0.664355, 0.195418, 0.828199, 0.872703, 0.476812, 0.88529, 0.070062, 0.162772, 0.182916, 0.828016, 0.260066, 0.819575, 0.063338, 0.395565, 0.341166, 0.102872, 0.079787, 0.254043, 0.289977, 0.344242, 0.156877, 0.241479, 0.275969, 0.775982, 0.537825, 0.255872, 0.389026, 0.357608, 0.119036, 0.557026, 0.096858]",6,1.858985,"[10, 11]",2,An accessibility audit found that the site is not screen reader friendly. This means,0.3333333333333333,15000,2.8b
pythia-2.8b-deduped,step15000,screen reader,generation,gen_006,"When building accessible sites, screen reader compatibility ensures",0.894673,"[0.679742, 0.605583, 0.282596, 0.819412, 0.832604, 0.587034, 0.894673, 0.074694, 0.147732, 0.172153, 0.764213, 0.160391, 0.82584, 0.075056, 0.192005, 0.474226, 0.275388, 0.04622, 0.111284, 0.625514, 0.270561, 0.463321, 0.076002, 0.264708, 0.516436, 0.21025, 0.037673, 0.347526, 0.169285, 0.09329, 0.242174, 0.259467]",6,1.645436,"[6, 7]",2,"When building accessible sites, screen reader compatibility ensures",0.3333333333333333,15000,2.8b
pythia-2.8b-deduped,step15000,skip link,generation,gen_001,"In web accessibility, a skip link is",0.880454,"[0.307754, 0.632275, 0.33733, 0.815143, 0.880454, 0.51595, 0.868965, 0.105318, 0.66988, 0.17427, 0.766698, 0.331016, 0.805833, 0.255218, 0.726589, 0.836349, 0.56266, 0.43511, 0.072171, 0.12589, 0.673528, 0.829519, 0.156988, 0.266591, 0.408364, 0.276583, 0.32367, 0.736286, 0.793148, 0.397679, 0.703809, 0.220954]",4,2.441841,"[6, 7]",2,"In web accessibility, a skip link is",0.3333333333333333,15000,2.8b
pythia-2.8b-deduped,step15000,skip link,generation,gen_002,"For keyboard navigation, a skip link",0.880356,"[0.313052, 0.645918, 0.325145, 0.805847, 0.871663, 0.246904, 0.835875, 0.312232, 0.548241, 0.184418, 0.772946, 0.405123, 0.562352, 0.136796, 0.571711, 0.880356, 0.406808, 0.456349, 0.200541, 0.289359, 0.669561, 0.850433, 0.475885, 0.216376, 0.212747, 0.553755, 0.302548, 0.878684, 0.813332, 0.599345, 0.372093, 0.043712]",15,2.204736,"[6, 7]",2,"For keyboard navigation, a skip link",1.0,15000,2.8b
pythia-2.8b-deduped,step15000,skip link,generation,gen_003,"To implement a skip link, developers should",0.889656,"[0.289765, 0.623732, 0.477825, 0.77316, 0.877324, 0.379863, 0.889656, 0.085999, 0.80325, 0.39587, 0.823343, 0.251708, 0.836214, 0.404269, 0.752391, 0.851836, 0.822479, 0.529817, 0.220297, 0.080219, 0.525568, 0.798873, 0.108716, 0.758134, 0.38604, 0.493168, 0.329046, 0.817434, 0.730014, 0.184553, 0.820277, 0.822909]",6,1.694196,"[4, 5]",2,"To implement a skip link, developers should",0.0,15000,2.8b
pythia-2.8b-deduped,step15000,skip link,generation,gen_004,"Without a skip link, keyboard users may",0.906978,"[0.298051, 0.587809, 0.492924, 0.782031, 0.856236, 0.490802, 0.845287, 0.34464, 0.619997, 0.183864, 0.765022, 0.271058, 0.813972, 0.186134, 0.682502, 0.795301, 0.644022, 0.690436, 0.283753, 0.103759, 0.383778, 0.906978, 0.359108, 0.39908, 0.633123, 0.226834, 0.151434, 0.738954, 0.884012, 0.29555, 0.489285, 0.33772]",21,2.147929,"[3, 4]",2,"Without a skip link, keyboard users may",1.0,15000,2.8b
pythia-2.8b-deduped,step15000,skip link,generation,gen_005,An accessibility review noted the absence of a skip link. This means,0.890186,"[0.361448, 0.617278, 0.315772, 0.82889, 0.865956, 0.427335, 0.852803, 0.217998, 0.601887, 0.190429, 0.785748, 0.151125, 0.890186, 0.455976, 0.596718, 0.764624, 0.50501, 0.413072, 0.158122, 0.200677, 0.43794, 0.80325, 0.314395, 0.429992, 0.237149, 0.278814, 0.072109, 0.860136, 0.549031, 0.552414, 0.606408, 0.12345]",12,2.207588,"[9, 10]",2,An accessibility review noted the absence of a skip link. This means,1.0,15000,2.8b
pythia-2.8b-deduped,step15000,skip link,generation,gen_006,"When designing accessible navigation, a skip link ensures",0.861889,"[0.34813, 0.635901, 0.254783, 0.807357, 0.861889, 0.414965, 0.802534, 0.188494, 0.4856, 0.260794, 0.786246, 0.196428, 0.762752, 0.272893, 0.53851, 0.821193, 0.415252, 0.378244, 0.168539, 0.187689, 0.635034, 0.699567, 0.223663, 0.137804, 0.311006, 0.364417, 0.247115, 0.535385, 0.705236, 0.3514, 0.263512, 0.02983]",4,2.47404,"[7, 8]",2,"When designing accessible navigation, a skip link ensures",1.0,15000,2.8b
pythia-2.8b-deduped,step15000,alt text,generation,gen_001,"In web accessibility, alt text is",0.881599,"[0.292587, 0.642167, 0.42059, 0.772363, 0.881599, 0.841887, 0.875008, 0.287659, 0.48728, 0.381382, 0.693341, 0.443332, 0.860769, 0.160288, 0.448113, 0.424697, 0.446248, 0.245449, 0.155269, 0.366316, 0.216392, 0.715877, 0.281488, 0.582366, 0.438803, 0.192013, 0.335034, 0.584125, 0.543422, 0.579861, 0.514904, 0.057104]",4,2.434751,"[5, 6]",2,"In web accessibility, alt text is",1.0,15000,2.8b
pythia-2.8b-deduped,step15000,alt text,generation,gen_002,"For blind users, alt text",0.876899,"[0.290008, 0.602182, 0.506725, 0.735683, 0.861466, 0.826909, 0.875745, 0.418723, 0.717101, 0.355458, 0.658716, 0.56865, 0.876899, 0.139442, 0.371118, 0.45871, 0.258205, 0.46604, 0.165919, 0.237363, 0.209809, 0.642843, 0.604744, 0.330282, 0.454434, 0.20106, 0.317084, 0.466205, 0.232119, 0.303648, 0.612587, 0.034938]",12,1.819797,"[5, 6]",2,"For blind users, alt text",0.6666666666666666,15000,2.8b
pythia-2.8b-deduped,step15000,alt text,generation,gen_003,"To write effective alt text, content creators should",0.874733,"[0.347046, 0.61414, 0.578725, 0.776176, 0.855125, 0.799387, 0.874733, 0.58061, 0.749967, 0.361136, 0.752938, 0.065725, 0.857922, 0.039951, 0.284267, 0.57385, 0.428008, 0.201946, 0.119642, 0.064848, 0.114364, 0.357789, 0.35847, 0.34811, 0.136786, 0.370926, 0.272108, 0.540751, 0.397626, 0.152002, 0.46683, 0.514598]",6,1.985733,"[4, 5]",2,"To write effective alt text, content creators should",0.3333333333333333,15000,2.8b
pythia-2.8b-deduped,step15000,alt text,generation,gen_004,"Without alt text, screen reader users may",0.846157,"[0.381016, 0.616818, 0.333866, 0.705207, 0.811306, 0.75427, 0.844139, 0.399036, 0.658546, 0.450781, 0.659822, 0.517212, 0.846157, 0.144877, 0.300488, 0.565518, 0.373618, 0.162382, 0.133464, 0.141196, 0.370241, 0.635693, 0.28949, 0.505058, 0.261109, 0.344534, 0.383091, 0.642864, 0.552631, 0.328298, 0.073558, 0.40122]",12,2.082129,"[2, 3]",2,"Without alt text, screen reader users may",0.3333333333333333,15000,2.8b
pythia-2.8b-deduped,step15000,alt text,generation,gen_005,An accessibility scan found images lacking alt text. This means,0.861091,"[0.351129, 0.636037, 0.488664, 0.777279, 0.861091, 0.860827, 0.851276, 0.192289, 0.363033, 0.205921, 0.529687, 0.198934, 0.814395, 0.252259, 0.267732, 0.330645, 0.449052, 0.136026, 0.069873, 0.100922, 0.240877, 0.660338, 0.519739, 0.663266, 0.142399, 0.132653, 0.210662, 0.409128, 0.65155, 0.600432, 0.240146, 0.116523]",4,2.667745,"[7, 8]",2,An accessibility scan found images lacking alt text. This means,0.0,15000,2.8b
pythia-2.8b-deduped,step15000,alt text,generation,gen_006,"When publishing web content, alt text ensures",0.886588,"[0.325638, 0.623641, 0.392094, 0.774998, 0.886588, 0.798761, 0.886462, 0.42885, 0.606664, 0.258693, 0.594742, 0.356402, 0.869103, 0.126243, 0.464112, 0.420183, 0.49725, 0.452277, 0.319674, 0.230762, 0.118762, 0.878769, 0.350865, 0.382774, 0.481312, 0.163679, 0.315715, 0.566068, 0.646055, 0.671419, 0.599162, 0.036954]",4,2.424926,"[6, 7]",2,"When publishing web content, alt text ensures",0.6666666666666666,15000,2.8b
pythia-2.8b-deduped,step15000,color contrast,generation,gen_001,"In web accessibility, color contrast is",0.8422,"[0.444115, 0.755319, 0.758709, 0.731566, 0.8422, 0.317038, 0.749869, 0.809407, 0.724738, 0.330789, 0.778243, 0.521446, 0.680384, 0.211108, 0.427152, 0.685726, 0.220442, 0.388114, 0.04374, 0.22193, 0.583632, 0.337526, 0.072789, 0.552049, 0.159329, 0.371166, 0.18166, 0.6734, 0.710116, 0.060603, 0.456548, 0.105687]",4,2.466378,"[5, 6]",2,"In web accessibility, color contrast is",0.3333333333333333,15000,2.8b
pythia-2.8b-deduped,step15000,color contrast,generation,gen_002,"For users with low vision, color contrast",0.837969,"[0.549418, 0.751182, 0.635895, 0.6511, 0.837969, 0.183509, 0.688642, 0.781453, 0.674315, 0.396952, 0.776588, 0.452547, 0.80477, 0.267183, 0.533884, 0.447024, 0.086104, 0.438007, 0.123297, 0.11706, 0.395864, 0.479789, 0.162119, 0.242687, 0.218056, 0.134446, 0.471776, 0.707615, 0.569015, 0.076392, 0.503749, 0.110372]",4,2.476796,"[7, 8]",2,"For users with low vision, color contrast",0.0,15000,2.8b
pythia-2.8b-deduped,step15000,color contrast,generation,gen_003,"To achieve sufficient color contrast, designers should",0.887538,"[0.45114, 0.709726, 0.644874, 0.697924, 0.839809, 0.335243, 0.670873, 0.887538, 0.65216, 0.514069, 0.804611, 0.474218, 0.601919, 0.269481, 0.412648, 0.505402, 0.188969, 0.517715, 0.153378, 0.207527, 0.261179, 0.653897, 0.106297, 0.305644, 0.325371, 0.315975, 0.511467, 0.518126, 0.352792, 0.18558, 0.28832, 0.258597]",7,2.286085,"[4, 5]",2,"To achieve sufficient color contrast, designers should",0.0,15000,2.8b
pythia-2.8b-deduped,step15000,color contrast,generation,gen_004,"Without adequate color contrast, users with visual impairments may",0.840443,"[0.415926, 0.662966, 0.790706, 0.795141, 0.82774, 0.568523, 0.753713, 0.840443, 0.660976, 0.624632, 0.839159, 0.196663, 0.695464, 0.412533, 0.505078, 0.679315, 0.313737, 0.602084, 0.140725, 0.096362, 0.546274, 0.50103, 0.145849, 0.207204, 0.372285, 0.470429, 0.596422, 0.549142, 0.135102, 0.100284, 0.254636, 0.192401]",7,2.491546,"[3, 4]",2,"Without adequate color contrast, users with visual impairments may",0.3333333333333333,15000,2.8b
pythia-2.8b-deduped,step15000,color contrast,generation,gen_005,An accessibility checker flagged poor color contrast. This means,0.859172,"[0.562519, 0.747523, 0.595, 0.775406, 0.859172, 0.508819, 0.853351, 0.743848, 0.451444, 0.662623, 0.791995, 0.353098, 0.772784, 0.405984, 0.298211, 0.450372, 0.139379, 0.460049, 0.140599, 0.169767, 0.546551, 0.579327, 0.228094, 0.546602, 0.21398, 0.079817, 0.115286, 0.681157, 0.259067, 0.103894, 0.247406, 0.053521]",4,2.628825,"[8, 9]",2,An accessibility checker flagged poor color contrast. This means,0.0,15000,2.8b
pythia-2.8b-deduped,step15000,color contrast,generation,gen_006,"When selecting color palettes, color contrast ensures",0.854525,"[0.565794, 0.759891, 0.623469, 0.713782, 0.854525, 0.493591, 0.641659, 0.780138, 0.633989, 0.164705, 0.840134, 0.400727, 0.534848, 0.045102, 0.446708, 0.817674, 0.083704, 0.18608, 0.093758, 0.11123, 0.091503, 0.452217, 0.202607, 0.129903, 0.3187, 0.15447, 0.627335, 0.235707, 0.602755, 0.005051, 0.340504, 0.018116]",4,2.321168,"[7, 8]",2,"When selecting color palettes, color contrast ensures",0.0,15000,2.8b
pythia-2.8b-deduped,step15000,focus indicator,generation,gen_001,"In web accessibility, a focus indicator is",0.901432,"[0.179065, 0.733856, 0.465291, 0.892111, 0.874341, 0.655601, 0.901432, 0.059315, 0.586969, 0.648013, 0.890234, 0.583395, 0.781048, 0.069348, 0.159419, 0.484053, 0.226811, 0.141426, 0.029719, 0.396451, 0.093799, 0.482695, 0.076306, 0.278028, 0.100103, 0.128328, 0.182196, 0.135587, 0.497691, 0.021687, 0.243722, 0.042249]",6,1.586464,"[6, 7]",2,"In web accessibility, a focus indicator is",1.0,15000,2.8b
pythia-2.8b-deduped,step15000,focus indicator,generation,gen_002,"For keyboard users, a focus indicator",0.918726,"[0.197491, 0.733974, 0.334884, 0.880331, 0.86049, 0.807631, 0.918726, 0.077421, 0.339569, 0.53212, 0.884828, 0.423458, 0.757868, 0.087592, 0.202271, 0.400373, 0.200385, 0.177515, 0.035296, 0.175261, 0.088378, 0.471569, 0.140234, 0.228292, 0.089134, 0.340385, 0.089601, 0.205558, 0.671366, 0.031723, 0.44746, 0.10804]",6,1.709401,"[6, 7]",2,"For keyboard users, a focus indicator",1.0,15000,2.8b
pythia-2.8b-deduped,step15000,focus indicator,generation,gen_003,"To implement visible focus indicators, developers should",0.867919,"[0.17701, 0.787127, 0.308464, 0.508482, 0.775381, 0.275554, 0.443713, 0.605254, 0.77918, 0.417435, 0.665292, 0.472282, 0.495234, 0.081073, 0.722746, 0.191985, 0.867919, 0.611038, 0.436439, 0.173438, 0.566753, 0.126709, 0.545037, 0.842107, 0.420238, 0.866688, 0.20584, 0.688552, 0.189434, 0.455155, 0.577142, 0.575577]",16,2.261679,"[5, 6]",2,"To implement visible focus indicators, developers should",0.0,15000,2.8b
pythia-2.8b-deduped,step15000,focus indicator,generation,gen_004,"Without a focus indicator, keyboard-only users may",0.878914,"[0.177836, 0.707288, 0.278619, 0.878914, 0.848313, 0.604183, 0.851982, 0.244245, 0.582838, 0.560459, 0.867567, 0.600311, 0.724317, 0.124513, 0.280462, 0.700126, 0.570027, 0.135917, 0.288671, 0.175228, 0.398474, 0.568795, 0.144502, 0.18173, 0.037182, 0.32629, 0.153743, 0.263648, 0.553214, 0.133958, 0.319209, 0.865976]",3,2.178075,"[3, 4]",2,"Without a focus indicator, keyboard-only users may",0.6666666666666666,15000,2.8b
pythia-2.8b-deduped,step15000,focus indicator,generation,gen_005,A usability test revealed missing focus indicators. This means,0.923489,"[0.094634, 0.491694, 0.156125, 0.074051, 0.09493, 0.064387, 0.037485, 0.025745, 0.038831, 0.018704, 0.028047, 0.127092, 0.038749, 0.046802, 0.097063, 0.039502, 0.17223, 0.034121, 0.030559, 0.041323, 0.100848, 0.15576, 0.076278, 0.670149, 0.217736, 0.54871, 0.923489, 0.743409, 0.585728, 0.844465, 0.767248, 0.807103]",26,1.300465,"[7, 8]",2,A usability test revealed missing focus indicators. This means,0.3333333333333333,15000,2.8b
pythia-2.8b-deduped,step15000,focus indicator,generation,gen_006,"When styling interactive elements, a focus indicator ensures",0.901751,"[0.231434, 0.761219, 0.258014, 0.901751, 0.870541, 0.611205, 0.898075, 0.14787, 0.593946, 0.768067, 0.869494, 0.642961, 0.720851, 0.085213, 0.220529, 0.57113, 0.305807, 0.240721, 0.100391, 0.231517, 0.411199, 0.467539, 0.058043, 0.514799, 0.038605, 0.101061, 0.059583, 0.230423, 0.672856, 0.041867, 0.338718, 0.023721]",3,1.969897,"[7, 8]",2,"When styling interactive elements, a focus indicator ensures",0.1333333333333333,15000,2.8b
pythia-2.8b-deduped,step15000,heading structure,generation,gen_001,"In web accessibility, heading structure is",0.919605,"[0.395763, 0.735831, 0.774291, 0.841373, 0.862798, 0.560058, 0.728625, 0.507701, 0.604553, 0.602957, 0.743857, 0.301104, 0.880427, 0.468879, 0.365548, 0.361486, 0.267706, 0.174581, 0.145151, 0.205297, 0.578343, 0.277663, 0.060568, 0.919605, 0.110227, 0.620756, 0.162145, 0.836078, 0.653951, 0.055958, 0.408196, 0.342697]",23,1.63544,"[5, 6]",2,"In web accessibility, heading structure is",0.3333333333333333,15000,2.8b
pythia-2.8b-deduped,step15000,heading structure,generation,gen_002,"For screen readers, heading structure",0.859437,"[0.401553, 0.731989, 0.7113, 0.846027, 0.859437, 0.44315, 0.828418, 0.44325, 0.447325, 0.71958, 0.755222, 0.157922, 0.857791, 0.309019, 0.313842, 0.468253, 0.459112, 0.270267, 0.291515, 0.099328, 0.292908, 0.459247, 0.113293, 0.410237, 0.113146, 0.298305, 0.118899, 0.619014, 0.565716, 0.093503, 0.546805, 0.229372]",4,2.320635,"[5, 6]",2,"For screen readers, heading structure",0.6666666666666666,15000,2.8b
pythia-2.8b-deduped,step15000,heading structure,generation,gen_003,"To create proper heading structure, content authors should",0.886751,"[0.407658, 0.748951, 0.507661, 0.847645, 0.832636, 0.467973, 0.80008, 0.641254, 0.489784, 0.627386, 0.771927, 0.314694, 0.805528, 0.462097, 0.605, 0.650088, 0.621285, 0.222782, 0.193393, 0.137438, 0.417936, 0.431018, 0.2495, 0.828612, 0.347455, 0.301809, 0.303614, 0.809189, 0.886751, 0.591192, 0.510414, 0.4236]",28,2.025086,"[4, 5]",2,"To create proper heading structure, content authors should",0.3333333333333333,15000,2.8b
pythia-2.8b-deduped,step15000,heading structure,generation,gen_004,"Without logical heading structure, screen reader users may",0.876474,"[0.378261, 0.733903, 0.44832, 0.799176, 0.845909, 0.456869, 0.721155, 0.263593, 0.573428, 0.295848, 0.811079, 0.133267, 0.876474, 0.316722, 0.489531, 0.544638, 0.483389, 0.19784, 0.319603, 0.070199, 0.384633, 0.396532, 0.143854, 0.70726, 0.212002, 0.29858, 0.374321, 0.62166, 0.763077, 0.127942, 0.713988, 0.425502]",12,1.845611,"[3, 4]",2,"Without logical heading structure, screen reader users may",0.0,15000,2.8b
pythia-2.8b-deduped,step15000,heading structure,generation,gen_005,An accessibility evaluation found improper heading structure. This means,0.84233,"[0.316348, 0.733139, 0.731871, 0.818162, 0.84233, 0.685873, 0.707275, 0.628523, 0.732463, 0.454149, 0.799514, 0.180202, 0.782224, 0.441662, 0.375865, 0.272164, 0.295894, 0.209846, 0.17919, 0.075257, 0.345015, 0.502479, 0.340604, 0.778093, 0.26715, 0.196754, 0.222769, 0.835543, 0.747898, 0.517934, 0.632716, 0.478783]",4,2.510951,"[6, 7]",2,An accessibility evaluation found improper heading structure. This means,0.3333333333333333,15000,2.8b
pythia-2.8b-deduped,step15000,heading structure,generation,gen_006,"When organizing page content, heading structure ensures",0.852164,"[0.368159, 0.739193, 0.41811, 0.810905, 0.852164, 0.409249, 0.752568, 0.403258, 0.655669, 0.814169, 0.765033, 0.20834, 0.828415, 0.503238, 0.375517, 0.514885, 0.215672, 0.399484, 0.077765, 0.244641, 0.310345, 0.450158, 0.061009, 0.748944, 0.116865, 0.432331, 0.121506, 0.497859, 0.755268, 0.100139, 0.290195, 0.062157]",4,2.371555,"[6, 7]",2,"When organizing page content, heading structure ensures",0.3333333333333333,15000,2.8b
pythia-2.8b-deduped,step15000,keyboard navigation,generation,gen_001,"In web accessibility, keyboard navigation is",0.881203,"[0.350115, 0.676095, 0.561393, 0.806854, 0.881203, 0.719395, 0.770584, 0.20435, 0.767432, 0.434997, 0.786785, 0.259927, 0.829255, 0.453815, 0.674663, 0.461128, 0.231935, 0.346601, 0.09842, 0.246254, 0.664821, 0.565406, 0.190174, 0.805248, 0.132773, 0.27252, 0.081923, 0.736414, 0.829848, 0.185085, 0.723192, 0.011056]",4,2.352394,"[5, 6]",2,"In web accessibility, keyboard navigation is",0.0,15000,2.8b
pythia-2.8b-deduped,step15000,keyboard navigation,generation,gen_002,"For users with motor disabilities, keyboard navigation",0.874876,"[0.399528, 0.702804, 0.761439, 0.850017, 0.874876, 0.549876, 0.748574, 0.182318, 0.784232, 0.414058, 0.740488, 0.455916, 0.81129, 0.523553, 0.608388, 0.322133, 0.376992, 0.215705, 0.115243, 0.310568, 0.356312, 0.51455, 0.181927, 0.633836, 0.085131, 0.421891, 0.183058, 0.660185, 0.830374, 0.042197, 0.718641, 0.041391]",4,2.333151,"[7, 8]",2,"For users with motor disabilities, keyboard navigation",0.0,15000,2.8b
pythia-2.8b-deduped,step15000,keyboard navigation,generation,gen_003,"To support keyboard navigation, developers should",0.846777,"[0.45535, 0.656558, 0.516209, 0.810759, 0.846777, 0.637806, 0.790404, 0.153027, 0.584349, 0.394553, 0.754202, 0.572315, 0.744446, 0.341079, 0.631135, 0.464868, 0.237916, 0.522349, 0.380657, 0.344415, 0.456751, 0.472077, 0.266912, 0.668439, 0.138801, 0.250514, 0.267604, 0.615872, 0.404689, 0.055652, 0.581418, 0.183766]",4,2.616588,"[3, 4]",2,"To support keyboard navigation, developers should",0.0,15000,2.8b
pythia-2.8b-deduped,step15000,keyboard navigation,generation,gen_004,"Without keyboard navigation support, motor-impaired users may",0.847538,"[0.608777, 0.612579, 0.642004, 0.800711, 0.847538, 0.650581, 0.740097, 0.375435, 0.769351, 0.42233, 0.688525, 0.667636, 0.742233, 0.61546, 0.677578, 0.673161, 0.497927, 0.46187, 0.205468, 0.238204, 0.528625, 0.656174, 0.23367, 0.462286, 0.642659, 0.450272, 0.505614, 0.657209, 0.454091, 0.09492, 0.299467, 0.034232]",4,2.694932,"[2, 3]",2,"Without keyboard navigation support, motor-impaired users may",0.0,15000,2.8b
pythia-2.8b-deduped,step15000,keyboard navigation,generation,gen_005,A manual test revealed keyboard navigation failures. This means,0.841376,"[0.398286, 0.625213, 0.602388, 0.82924, 0.841376, 0.297686, 0.811277, 0.530306, 0.657334, 0.562396, 0.778523, 0.608793, 0.668118, 0.526987, 0.526747, 0.302427, 0.432607, 0.451553, 0.248271, 0.282701, 0.190443, 0.548317, 0.261225, 0.535881, 0.291748, 0.719085, 0.129, 0.565861, 0.731099, 0.216781, 0.478777, 0.44096]",4,2.619052,"[5, 6]",2,A manual test revealed keyboard navigation failures. This means,0.0,15000,2.8b
pythia-2.8b-deduped,step15000,keyboard navigation,generation,gen_006,"When developing interactive features, keyboard navigation ensures",0.875579,"[0.244298, 0.671197, 0.700004, 0.839571, 0.875579, 0.456656, 0.765596, 0.208963, 0.783384, 0.478376, 0.778436, 0.28458, 0.772342, 0.273232, 0.557119, 0.506287, 0.21156, 0.295536, 0.155765, 0.24083, 0.629535, 0.487842, 0.269246, 0.76278, 0.108504, 0.203556, 0.081381, 0.689678, 0.763276, 0.078271, 0.776766, 0.017418]",4,2.371015,"[6, 7]",2,"When developing interactive features, keyboard navigation ensures",0.0,15000,2.8b
pythia-2.8b-deduped,step15000,landmark region,generation,gen_001,"In web accessibility, a landmark region is",0.867886,"[0.469711, 0.740585, 0.485049, 0.840843, 0.867886, 0.747404, 0.803006, 0.178668, 0.715729, 0.220185, 0.800082, 0.785194, 0.745708, 0.44916, 0.495027, 0.708212, 0.103981, 0.308473, 0.366667, 0.027481, 0.263888, 0.764192, 0.417748, 0.354167, 0.262928, 0.144863, 0.176754, 0.576299, 0.638025, 0.117547, 0.440809, 0.154591]",4,2.547264,"[6, 7]",2,"In web accessibility, a landmark region is",0.0,15000,2.8b
pythia-2.8b-deduped,step15000,landmark region,generation,gen_002,"For screen reader users, landmark regions",0.0,"[0.0, 0.0, 0.0, 0.0, 0.0, 0.0, 0.0, 0.0, 0.0, 0.0, 0.0, 0.0, 0.0, 0.0, 0.0, 0.0, 0.0, 0.0, 0.0, 0.0, 0.0, 0.0, 0.0, 0.0, 0.0, 0.0, 0.0, 0.0, 0.0, 0.0, 0.0, 0.0]",0,3.465736,[7],3,"For screen reader users, landmark regions",0.0,15000,2.8b
pythia-2.8b-deduped,step15000,landmark region,generation,gen_003,"To implement landmark regions, developers should",0.571902,"[0.110335, 0.463539, 0.188273, 0.192952, 0.452497, 0.237277, 0.317526, 0.226415, 0.362315, 0.230028, 0.242343, 0.207396, 0.300347, 0.182421, 0.259288, 0.334893, 0.254038, 0.389494, 0.151502, 0.254459, 0.338141, 0.25792, 0.335709, 0.258845, 0.378591, 0.476901, 0.158331, 0.306936, 0.207767, 0.122175, 0.571902, 0.493144]",30,2.329595,"[4, 5, 6]",3,"To implement landmark regions, developers should",0.0,15000,2.8b
pythia-2.8b-deduped,step15000,landmark region,generation,gen_004,"Without proper landmark regions, assistive technology users may",0.523476,"[0.152751, 0.460031, 0.18402, 0.227535, 0.457425, 0.236222, 0.44714, 0.164075, 0.35297, 0.211934, 0.375678, 0.167352, 0.325066, 0.182807, 0.183549, 0.367347, 0.439272, 0.259395, 0.193504, 0.23873, 0.278524, 0.284289, 0.222923, 0.389914, 0.328492, 0.207929, 0.133131, 0.43047, 0.255584, 0.032887, 0.523476, 0.322078]",30,2.244322,"[4, 5, 6]",3,"Without proper landmark regions, assistive technology users may",0.0,15000,2.8b
pythia-2.8b-deduped,step15000,landmark region,generation,gen_005,An HTML validation found missing landmark regions. This means,0.404198,"[0.104192, 0.382797, 0.258005, 0.251903, 0.213976, 0.129712, 0.162445, 0.168047, 0.163356, 0.097249, 0.106466, 0.080404, 0.103446, 0.096576, 0.129784, 0.098045, 0.196805, 0.178288, 0.130538, 0.102747, 0.102076, 0.061981, 0.179417, 0.265308, 0.332304, 0.187776, 0.319492, 0.404198, 0.154451, 0.237261, 0.292104, 0.34003]",27,3.260381,"[7, 8, 9]",3,An HTML validation found missing landmark regions. This means,0.0,15000,2.8b
pythia-2.8b-deduped,step15000,landmark region,generation,gen_006,"When structuring page layout, landmark regions ensure",0.847095,"[0.11263, 0.847095, 0.312307, 0.399889, 0.76926, 0.20845, 0.548779, 0.27987, 0.790922, 0.149366, 0.80546, 0.149048, 0.14271, 0.148693, 0.608824, 0.24235, 0.299155, 0.269135, 0.401595, 0.119458, 0.666348, 0.078663, 0.160839, 0.22441, 0.517681, 0.175066, 0.073345, 0.29431, 0.088287, 0.01326, 0.513465, 0.388137]",1,2.642847,"[8, 9]",3,"When structuring page layout, landmark regions ensure",0.0,15000,2.8b
pythia-2.8b-deduped,step15000,aria attribute,generation,gen_001,"In web accessibility, an aria attribute is",0.848609,"[0.424391, 0.714413, 0.742364, 0.569203, 0.832074, 0.369328, 0.848609, 0.201403, 0.762691, 0.392995, 0.723543, 0.485445, 0.471595, 0.203661, 0.271812, 0.494262, 0.276789, 0.15464, 0.090699, 0.192436, 0.539912, 0.639519, 0.30512, 0.20418, 0.449917, 0.23205, 0.179672, 0.55591, 0.617461, 0.272873, 0.527895, 0.286041]",6,2.344704,"[6, 7]",2,"In web accessibility, an aria attribute is",1.0,15000,2.8b
pythia-2.8b-deduped,step15000,aria attribute,generation,gen_002,"For screen reader users, aria attributes",0.0,"[0.0, 0.0, 0.0, 0.0, 0.0, 0.0, 0.0, 0.0, 0.0, 0.0, 0.0, 0.0, 0.0, 0.0, 0.0, 0.0, 0.0, 0.0, 0.0, 0.0, 0.0, 0.0, 0.0, 0.0, 0.0, 0.0, 0.0, 0.0, 0.0, 0.0, 0.0, 0.0]",0,3.465736,[7],2,"For screen reader users, aria attributes",0.3333333333333333,15000,2.8b
pythia-2.8b-deduped,step15000,aria attribute,generation,gen_003,"To use aria attributes correctly, developers should",0.836927,"[0.380651, 0.736318, 0.267975, 0.620625, 0.836927, 0.440033, 0.651531, 0.26824, 0.664786, 0.251646, 0.550571, 0.425269, 0.170863, 0.137812, 0.310312, 0.156917, 0.258636, 0.441805, 0.243061, 0.515796, 0.602747, 0.240265, 0.517411, 0.686297, 0.549383, 0.157863, 0.275809, 0.286084, 0.34328, 0.162034, 0.327705, 0.310318]",4,2.577732,"[4, 5]",2,"To use aria attributes correctly, developers should",1.0,15000,2.8b
pythia-2.8b-deduped,step15000,aria attribute,generation,gen_004,"Without appropriate aria attributes, custom widgets may",0.836577,"[0.189076, 0.784297, 0.219559, 0.682628, 0.790149, 0.408017, 0.616841, 0.236256, 0.672923, 0.569305, 0.836577, 0.679147, 0.553664, 0.438394, 0.823475, 0.354634, 0.712804, 0.399996, 0.5336, 0.545909, 0.446594, 0.812339, 0.126154, 0.66719, 0.300299, 0.374264, 0.297268, 0.643594, 0.589621, 0.110879, 0.526262, 0.618859]",10,2.117013,"[4, 5]",2,"Without appropriate aria attributes, custom widgets may",0.3333333333333333,15000,2.8b
pythia-2.8b-deduped,step15000,aria attribute,generation,gen_005,An accessibility audit found missing aria attributes. This means,0.893855,"[0.204379, 0.65103, 0.091842, 0.058481, 0.071544, 0.028586, 0.062173, 0.056998, 0.035418, 0.047038, 0.043357, 0.09692, 0.026869, 0.048686, 0.072063, 0.057586, 0.229217, 0.020254, 0.113349, 0.074599, 0.136704, 0.407795, 0.172285, 0.70745, 0.345376, 0.231794, 0.893855, 0.673084, 0.624576, 0.798261, 0.734834, 0.828582]",26,1.311345,"[7, 8]",2,An accessibility audit found missing aria attributes. This means,0.6666666666666666,15000,2.8b
pythia-2.8b-deduped,step15000,aria attribute,generation,gen_006,"When creating custom components, aria attributes ensure",0.838575,"[0.119255, 0.792006, 0.327015, 0.460312, 0.789622, 0.73757, 0.713255, 0.340805, 0.816895, 0.072035, 0.838575, 0.285254, 0.075011, 0.290665, 0.712818, 0.379375, 0.281249, 0.221214, 0.216517, 0.603955, 0.740062, 0.178655, 0.315541, 0.431917, 0.44167, 0.331671, 0.193355, 0.391934, 0.106593, 0.033191, 0.437523, 0.598735]",10,2.498611,"[7, 8]",2,"When creating custom components, aria attributes ensure",0.6666666666666666,15000,2.8b
pythia-2.8b-deduped,step30000,screen reader,generation,gen_001,"In web accessibility, a screen reader is",0.922274,"[0.785182, 0.597787, 0.712244, 0.859104, 0.835555, 0.206005, 0.79722, 0.101832, 0.227334, 0.262992, 0.856816, 0.686684, 0.922274, 0.040796, 0.132424, 0.098001, 0.098269, 0.069779, 0.102859, 0.160057, 0.230439, 0.140262, 0.17742, 0.11535, 0.436067, 0.131186, 0.141815, 0.644513, 0.113398, 0.0107, 0.106253, 0.082143]",12,1.575192,"[6, 7]",2,"In web accessibility, a screen reader is",1.0,30000,2.8b
pythia-2.8b-deduped,step30000,screen reader,generation,gen_002,"For blind users, a screen reader",0.893131,"[0.79203, 0.604697, 0.80156, 0.861979, 0.783729, 0.119571, 0.759959, 0.081596, 0.26415, 0.214459, 0.863508, 0.62547, 0.893131, 0.063911, 0.089322, 0.064026, 0.073264, 0.073869, 0.11438, 0.107113, 0.38187, 0.255158, 0.100851, 0.081497, 0.368998, 0.133359, 0.049662, 0.48791, 0.167657, 0.011775, 0.116797, 0.009835]",12,1.853035,"[6, 7]",2,"For blind users, a screen reader",1.0,30000,2.8b
pythia-2.8b-deduped,step30000,screen reader,generation,gen_003,"To ensure screen reader compatibility, developers should",0.880592,"[0.744339, 0.61351, 0.534854, 0.808128, 0.800381, 0.348444, 0.851593, 0.398267, 0.188524, 0.134827, 0.826748, 0.294175, 0.880592, 0.058869, 0.192005, 0.116852, 0.125671, 0.070353, 0.273455, 0.204982, 0.258735, 0.117784, 0.17178, 0.201305, 0.399473, 0.614695, 0.085225, 0.576603, 0.666087, 0.332523, 0.264236, 0.395796]",12,1.821484,"[3, 4]",2,"To ensure screen reader compatibility, developers should",0.0,30000,2.8b
pythia-2.8b-deduped,step30000,screen reader,generation,gen_004,"Without proper screen reader support, visually impaired users may",0.854704,"[0.775244, 0.618696, 0.509641, 0.839624, 0.816752, 0.143058, 0.689925, 0.122898, 0.179647, 0.158777, 0.821679, 0.256926, 0.854704, 0.0396, 0.171702, 0.161234, 0.067284, 0.061988, 0.264077, 0.192569, 0.151749, 0.074441, 0.100274, 0.186875, 0.084951, 0.26873, 0.074181, 0.587438, 0.397286, 0.556408, 0.083381, 0.276784]",12,1.908701,"[3, 4]",2,"Without proper screen reader support, visually impaired users may",0.3333333333333333,30000,2.8b
pythia-2.8b-deduped,step30000,screen reader,generation,gen_005,An accessibility audit found that the site is not screen reader friendly. This means,0.857431,"[0.823914, 0.617223, 0.26123, 0.842989, 0.850121, 0.158659, 0.674232, 0.117743, 0.242157, 0.187093, 0.857431, 0.342755, 0.854127, 0.058077, 0.114111, 0.278491, 0.060887, 0.059058, 0.22243, 0.468365, 0.408959, 0.125407, 0.155759, 0.289888, 0.575288, 0.627109, 0.153202, 0.466363, 0.384695, 0.357362, 0.49773, 0.395614]",10,2.103409,"[10, 11]",2,An accessibility audit found that the site is not screen reader friendly. This means,0.3333333333333333,30000,2.8b
pythia-2.8b-deduped,step30000,screen reader,generation,gen_006,"When building accessible sites, screen reader compatibility ensures",0.903077,"[0.762187, 0.588448, 0.470218, 0.802375, 0.838731, 0.290703, 0.900296, 0.086656, 0.101683, 0.270055, 0.769241, 0.265985, 0.903077, 0.041991, 0.132919, 0.123883, 0.034652, 0.089488, 0.109259, 0.274889, 0.438299, 0.168645, 0.060599, 0.350579, 0.309006, 0.436267, 0.403554, 0.626335, 0.44491, 0.592035, 0.147372, 0.086497]",12,1.915837,"[6, 7]",2,"When building accessible sites, screen reader compatibility ensures",1.0,30000,2.8b
pythia-2.8b-deduped,step30000,skip link,generation,gen_001,"In web accessibility, a skip link is",0.904879,"[0.41453, 0.676192, 0.211714, 0.870155, 0.861687, 0.353309, 0.82255, 0.286041, 0.556482, 0.227339, 0.793811, 0.315141, 0.689343, 0.095273, 0.465848, 0.629191, 0.699869, 0.333965, 0.095556, 0.398944, 0.623785, 0.743141, 0.20558, 0.302653, 0.551477, 0.149394, 0.355299, 0.744993, 0.693435, 0.699572, 0.904879, 0.028185]",30,1.155512,"[6, 7]",2,"In web accessibility, a skip link is",0.6666666666666666,30000,2.8b
pythia-2.8b-deduped,step30000,skip link,generation,gen_002,"For keyboard navigation, a skip link",0.848906,"[0.42541, 0.713783, 0.213117, 0.839381, 0.848906, 0.492754, 0.842921, 0.350548, 0.54463, 0.22135, 0.789535, 0.150746, 0.685178, 0.13604, 0.331994, 0.585919, 0.53347, 0.493185, 0.115, 0.447195, 0.520814, 0.759184, 0.174804, 0.5024, 0.41321, 0.439848, 0.334798, 0.805429, 0.575907, 0.288174, 0.693068, 0.230932]",4,2.450292,"[6, 7]",2,"For keyboard navigation, a skip link",0.3333333333333333,30000,2.8b
pythia-2.8b-deduped,step30000,skip link,generation,gen_003,"To implement a skip link, developers should",0.881548,"[0.365396, 0.668375, 0.261259, 0.835406, 0.861183, 0.327488, 0.815185, 0.095692, 0.681295, 0.254814, 0.817387, 0.319789, 0.735775, 0.097194, 0.485279, 0.649491, 0.575532, 0.385235, 0.137912, 0.113577, 0.379739, 0.701989, 0.211273, 0.523929, 0.202364, 0.225342, 0.163508, 0.768158, 0.501154, 0.619957, 0.881548, 0.647687]",30,1.838733,"[4, 5]",2,"To implement a skip link, developers should",1.0,30000,2.8b
pythia-2.8b-deduped,step30000,skip link,generation,gen_004,"Without a skip link, keyboard users may",0.850927,"[0.390485, 0.655445, 0.507599, 0.811186, 0.850927, 0.400097, 0.708914, 0.294305, 0.556153, 0.443887, 0.824032, 0.272554, 0.750119, 0.275197, 0.309785, 0.618159, 0.340077, 0.390117, 0.154785, 0.184317, 0.207212, 0.708871, 0.488066, 0.174084, 0.3398, 0.28008, 0.166251, 0.717467, 0.524355, 0.225758, 0.612102, 0.443585]",4,2.489594,"[3, 4]",2,"Without a skip link, keyboard users may",0.0,30000,2.8b
pythia-2.8b-deduped,step30000,skip link,generation,gen_005,An accessibility review noted the absence of a skip link. This means,0.867584,"[0.337967, 0.667856, 0.235433, 0.857127, 0.853087, 0.224509, 0.831924, 0.14277, 0.576118, 0.199527, 0.791258, 0.330709, 0.770657, 0.241404, 0.33823, 0.526652, 0.506281, 0.231155, 0.118587, 0.317668, 0.242712, 0.519448, 0.254755, 0.220282, 0.176153, 0.157665, 0.038071, 0.826209, 0.867584, 0.144775, 0.629334, 0.164183]",28,1.728359,"[9, 10]",2,An accessibility review noted the absence of a skip link. This means,0.6666666666666666,30000,2.8b
pythia-2.8b-deduped,step30000,skip link,generation,gen_006,"When designing accessible navigation, a skip link ensures",0.84317,"[0.356659, 0.682362, 0.184781, 0.84317, 0.834935, 0.479063, 0.79705, 0.248683, 0.544476, 0.270754, 0.819614, 0.259904, 0.803196, 0.058087, 0.202087, 0.619063, 0.422957, 0.362095, 0.120166, 0.465067, 0.361121, 0.676975, 0.144074, 0.202576, 0.301861, 0.159632, 0.399179, 0.70479, 0.613177, 0.266876, 0.636663, 0.043096]",3,2.514116,"[7, 8]",2,"When designing accessible navigation, a skip link ensures",1.0,30000,2.8b
pythia-2.8b-deduped,step30000,alt text,generation,gen_001,"In web accessibility, alt text is",0.862845,"[0.470059, 0.629694, 0.41566, 0.780212, 0.862845, 0.855335, 0.684483, 0.123268, 0.486446, 0.082689, 0.694208, 0.120322, 0.852095, 0.087944, 0.265761, 0.385178, 0.230645, 0.436309, 0.152027, 0.201074, 0.240505, 0.801929, 0.702263, 0.632969, 0.489341, 0.433816, 0.518399, 0.76016, 0.839473, 0.186781, 0.694701, 0.614575]",4,2.405004,"[5, 6]",2,"In web accessibility, alt text is",0.6666666666666666,30000,2.8b
pythia-2.8b-deduped,step30000,alt text,generation,gen_002,"For blind users, alt text",0.875329,"[0.531118, 0.631597, 0.457453, 0.773659, 0.838836, 0.85913, 0.620111, 0.14491, 0.421181, 0.16136, 0.674479, 0.065043, 0.857255, 0.109188, 0.360983, 0.381659, 0.126142, 0.656502, 0.239958, 0.277255, 0.184411, 0.717185, 0.511293, 0.875329, 0.454059, 0.133118, 0.391334, 0.586291, 0.811071, 0.635447, 0.832406, 0.724405]",23,2.250181,"[5, 6]",2,"For blind users, alt text",0.1333333333333333,30000,2.8b
pythia-2.8b-deduped,step30000,alt text,generation,gen_003,"To write effective alt text, content creators should",0.864822,"[0.488212, 0.632044, 0.431826, 0.806816, 0.864822, 0.785766, 0.857705, 0.275734, 0.559156, 0.124824, 0.799141, 0.125363, 0.794293, 0.13189, 0.532423, 0.358727, 0.335123, 0.095369, 0.208456, 0.092823, 0.126602, 0.295554, 0.741758, 0.349315, 0.42424, 0.186831, 0.086679, 0.706041, 0.839955, 0.146774, 0.163637, 0.825883]",4,2.448093,"[4, 5]",2,"To write effective alt text, content creators should",0.6666666666666666,30000,2.8b
pythia-2.8b-deduped,step30000,alt text,generation,gen_004,"Without alt text, screen reader users may",0.867991,"[0.398636, 0.624145, 0.308454, 0.742618, 0.816172, 0.827949, 0.722917, 0.534991, 0.712489, 0.388037, 0.779966, 0.195789, 0.758563, 0.245868, 0.274715, 0.205651, 0.165946, 0.28336, 0.180903, 0.231727, 0.214574, 0.5149, 0.74783, 0.867991, 0.585747, 0.163281, 0.09552, 0.476419, 0.819829, 0.390684, 0.209486, 0.55617]",23,2.323536,"[2, 3]",2,"Without alt text, screen reader users may",0.0,30000,2.8b
pythia-2.8b-deduped,step30000,alt text,generation,gen_005,An accessibility scan found images lacking alt text. This means,0.883553,"[0.498991, 0.61925, 0.482174, 0.779875, 0.853923, 0.683051, 0.65523, 0.059516, 0.343171, 0.104985, 0.769798, 0.163438, 0.752768, 0.210577, 0.365155, 0.456999, 0.51027, 0.344145, 0.203711, 0.106532, 0.210917, 0.883553, 0.551361, 0.670908, 0.247619, 0.261993, 0.139227, 0.521893, 0.75333, 0.357497, 0.789798, 0.10572]",21,1.583146,"[7, 8]",2,An accessibility scan found images lacking alt text. This means,0.3333333333333333,30000,2.8b
pythia-2.8b-deduped,step30000,alt text,generation,gen_006,"When publishing web content, alt text ensures",0.85604,"[0.419943, 0.607526, 0.37025, 0.777473, 0.850369, 0.847582, 0.752829, 0.107122, 0.572624, 0.165494, 0.680167, 0.159817, 0.85604, 0.102663, 0.356117, 0.419492, 0.277733, 0.585348, 0.242755, 0.302315, 0.230317, 0.837498, 0.533938, 0.712639, 0.564104, 0.276844, 0.474246, 0.420152, 0.800837, 0.465966, 0.809028, 0.497978]",12,2.139799,"[6, 7]",2,"When publishing web content, alt text ensures",0.6666666666666666,30000,2.8b
pythia-2.8b-deduped,step30000,color contrast,generation,gen_001,"In web accessibility, color contrast is",0.857284,"[0.552292, 0.71383, 0.71251, 0.627924, 0.83689, 0.358735, 0.749752, 0.669422, 0.456037, 0.360742, 0.783118, 0.551967, 0.655894, 0.431075, 0.367873, 0.547432, 0.182593, 0.315586, 0.114173, 0.412806, 0.697289, 0.573711, 0.102783, 0.350722, 0.166276, 0.217568, 0.154137, 0.857284, 0.565798, 0.200629, 0.77584, 0.174062]",27,2.049017,"[5, 6]",2,"In web accessibility, color contrast is",0.6666666666666666,30000,2.8b
pythia-2.8b-deduped,step30000,color contrast,generation,gen_002,"For users with low vision, color contrast",0.893429,"[0.614148, 0.723446, 0.561386, 0.630874, 0.8404, 0.172716, 0.78342, 0.660031, 0.542617, 0.246981, 0.778853, 0.427353, 0.800859, 0.186319, 0.733005, 0.333377, 0.093248, 0.39963, 0.295694, 0.12989, 0.778063, 0.809201, 0.222227, 0.207479, 0.198178, 0.501057, 0.356368, 0.62643, 0.627414, 0.250238, 0.714622, 0.893429]",31,1.232919,"[7, 8]",2,"For users with low vision, color contrast",0.6666666666666666,30000,2.8b
pythia-2.8b-deduped,step30000,color contrast,generation,gen_003,"To achieve sufficient color contrast, designers should",0.826317,"[0.637729, 0.677387, 0.755379, 0.714276, 0.826317, 0.307508, 0.721156, 0.706853, 0.645874, 0.234081, 0.77241, 0.629835, 0.676628, 0.263239, 0.474794, 0.393448, 0.152249, 0.431269, 0.142372, 0.104158, 0.430013, 0.536672, 0.198871, 0.191812, 0.441479, 0.251412, 0.615262, 0.733927, 0.360299, 0.048124, 0.563606, 0.815452]",4,2.398322,"[4, 5]",2,"To achieve sufficient color contrast, designers should",0.0,30000,2.8b
pythia-2.8b-deduped,step30000,color contrast,generation,gen_004,"Without adequate color contrast, users with visual impairments may",0.835007,"[0.691408, 0.638973, 0.791942, 0.815233, 0.835007, 0.366984, 0.733821, 0.830911, 0.606872, 0.152818, 0.834576, 0.388931, 0.774341, 0.590391, 0.550513, 0.3973, 0.292496, 0.54748, 0.160506, 0.102951, 0.484761, 0.351396, 0.33685, 0.140986, 0.161919, 0.25111, 0.611192, 0.68315, 0.200652, 0.112609, 0.218082, 0.61425]",4,2.411999,"[3, 4]",2,"Without adequate color contrast, users with visual impairments may",0.3333333333333333,30000,2.8b
pythia-2.8b-deduped,step30000,color contrast,generation,gen_005,An accessibility checker flagged poor color contrast. This means,0.866643,"[0.756361, 0.700448, 0.661704, 0.611949, 0.866643, 0.357772, 0.834088, 0.629293, 0.431242, 0.470981, 0.781332, 0.413452, 0.621054, 0.44241, 0.54614, 0.289567, 0.162169, 0.500328, 0.083356, 0.263419, 0.556517, 0.389505, 0.127118, 0.356092, 0.166732, 0.087204, 0.302085, 0.688432, 0.289305, 0.046076, 0.337016, 0.656164]",4,2.37192,"[8, 9]",2,An accessibility checker flagged poor color contrast. This means,0.6666666666666666,30000,2.8b
pythia-2.8b-deduped,step30000,color contrast,generation,gen_006,"When selecting color palettes, color contrast ensures",0.852311,"[0.650324, 0.709777, 0.644534, 0.499366, 0.852311, 0.395048, 0.81764, 0.709487, 0.582784, 0.13031, 0.797555, 0.405439, 0.387329, 0.10587, 0.633866, 0.576206, 0.169879, 0.186255, 0.089007, 0.123612, 0.161897, 0.642269, 0.240066, 0.272197, 0.358197, 0.126117, 0.215363, 0.390125, 0.464541, 0.102582, 0.795925, 0.550703]",4,2.314704,"[7, 8]",2,"When selecting color palettes, color contrast ensures",0.6666666666666666,30000,2.8b
pythia-2.8b-deduped,step30000,focus indicator,generation,gen_001,"In web accessibility, a focus indicator is",0.910592,"[0.440248, 0.653659, 0.488502, 0.898644, 0.824863, 0.519965, 0.892798, 0.130502, 0.551183, 0.415314, 0.890912, 0.778877, 0.910592, 0.158283, 0.204941, 0.57255, 0.385283, 0.235438, 0.044272, 0.214781, 0.243698, 0.571979, 0.193829, 0.088223, 0.043138, 0.049225, 0.02714, 0.107043, 0.539279, 0.016069, 0.259521, 0.01917]",12,1.680144,"[6, 7]",2,"In web accessibility, a focus indicator is",1.0,30000,2.8b
pythia-2.8b-deduped,step30000,focus indicator,generation,gen_002,"For keyboard users, a focus indicator",0.891569,"[0.301299, 0.67236, 0.351342, 0.879951, 0.803645, 0.523058, 0.891569, 0.161119, 0.552083, 0.46561, 0.863637, 0.369521, 0.608415, 0.173289, 0.317504, 0.39355, 0.537523, 0.382076, 0.247584, 0.111235, 0.17085, 0.423162, 0.270472, 0.677844, 0.422365, 0.360963, 0.084566, 0.38568, 0.385834, 0.078029, 0.630973, 0.020917]",6,1.335451,"[6, 7]",2,"For keyboard users, a focus indicator",1.0,30000,2.8b
pythia-2.8b-deduped,step30000,focus indicator,generation,gen_003,"To implement visible focus indicators, developers should",0.855131,"[0.299013, 0.791191, 0.20614, 0.248725, 0.790479, 0.490184, 0.325966, 0.498211, 0.676336, 0.500058, 0.637067, 0.340275, 0.594999, 0.124482, 0.594698, 0.475889, 0.780565, 0.441407, 0.290848, 0.149479, 0.654822, 0.053496, 0.406139, 0.328818, 0.589888, 0.798133, 0.402519, 0.855131, 0.462886, 0.533832, 0.619327, 0.817316]",27,1.880211,"[5, 6]",2,"To implement visible focus indicators, developers should",0.3333333333333333,30000,2.8b
pythia-2.8b-deduped,step30000,focus indicator,generation,gen_004,"Without a focus indicator, keyboard-only users may",0.865232,"[0.324794, 0.658495, 0.501251, 0.865232, 0.735781, 0.423841, 0.803354, 0.176468, 0.518048, 0.342986, 0.832972, 0.450069, 0.716668, 0.331369, 0.176355, 0.372116, 0.752491, 0.311165, 0.256012, 0.065894, 0.176413, 0.466286, 0.266286, 0.321905, 0.040419, 0.19478, 0.125011, 0.736815, 0.5479, 0.074943, 0.59474, 0.371006]",3,2.496266,"[3, 4]",2,"Without a focus indicator, keyboard-only users may",0.6666666666666666,30000,2.8b
pythia-2.8b-deduped,step30000,focus indicator,generation,gen_005,A usability test revealed missing focus indicators. This means,0.956286,"[0.147604, 0.148512, 0.080032, 0.043829, 0.050788, 0.022804, 0.021032, 0.03647, 0.029383, 0.022649, 0.023691, 0.065478, 0.019304, 0.039403, 0.031072, 0.021506, 0.074143, 0.015947, 0.037675, 0.03112, 0.069089, 0.173966, 0.146362, 0.280025, 0.344297, 0.430575, 0.956286, 0.835467, 0.633895, 0.824749, 0.635483, 0.739728]",26,1.09736,"[7, 8]",2,A usability test revealed missing focus indicators. This means,0.1333333333333333,30000,2.8b
pythia-2.8b-deduped,step30000,focus indicator,generation,gen_006,"When styling interactive elements, a focus indicator ensures",0.884544,"[0.392586, 0.702368, 0.517532, 0.884544, 0.796861, 0.425013, 0.848141, 0.36583, 0.556728, 0.579387, 0.854235, 0.429727, 0.714777, 0.113978, 0.30842, 0.524105, 0.462573, 0.23228, 0.124593, 0.318939, 0.198482, 0.509921, 0.213797, 0.792949, 0.174513, 0.087996, 0.034911, 0.224306, 0.575288, 0.088085, 0.223779, 0.047039]",3,2.205267,"[7, 8]",2,"When styling interactive elements, a focus indicator ensures",0.6666666666666666,30000,2.8b
pythia-2.8b-deduped,step30000,heading structure,generation,gen_001,"In web accessibility, heading structure is",0.912961,"[0.25935, 0.722631, 0.773791, 0.813617, 0.819586, 0.502052, 0.912961, 0.778784, 0.676761, 0.85814, 0.790182, 0.210918, 0.875035, 0.299909, 0.313594, 0.28822, 0.340787, 0.299795, 0.186289, 0.077049, 0.661198, 0.256981, 0.153567, 0.789578, 0.538314, 0.388615, 0.130267, 0.772308, 0.579408, 0.212344, 0.467241, 0.418608]",6,1.288542,"[5, 6]",2,"In web accessibility, heading structure is",0.3333333333333333,30000,2.8b
pythia-2.8b-deduped,step30000,heading structure,generation,gen_002,"For screen readers, heading structure",0.91503,"[0.320368, 0.725002, 0.738945, 0.83754, 0.78536, 0.619068, 0.899186, 0.221199, 0.684487, 0.785538, 0.777438, 0.111263, 0.91503, 0.239225, 0.310069, 0.420713, 0.561958, 0.130318, 0.349012, 0.150304, 0.388052, 0.439924, 0.177977, 0.507395, 0.227575, 0.443875, 0.246363, 0.486897, 0.143602, 0.33412, 0.10707, 0.693455]",12,1.672568,"[5, 6]",2,"For screen readers, heading structure",0.3333333333333333,30000,2.8b
pythia-2.8b-deduped,step30000,heading structure,generation,gen_003,"To create proper heading structure, content authors should",0.870999,"[0.293917, 0.738319, 0.676358, 0.820689, 0.778834, 0.271193, 0.870999, 0.814078, 0.513239, 0.511363, 0.782481, 0.316004, 0.69442, 0.214232, 0.385149, 0.381709, 0.421158, 0.488906, 0.144835, 0.177669, 0.617259, 0.576679, 0.11314, 0.802234, 0.58186, 0.390128, 0.363649, 0.845096, 0.822678, 0.580801, 0.556582, 0.369371]",6,1.655343,"[4, 5]",2,"To create proper heading structure, content authors should",0.6666666666666666,30000,2.8b
pythia-2.8b-deduped,step30000,heading structure,generation,gen_004,"Without logical heading structure, screen reader users may",0.830116,"[0.358363, 0.74835, 0.528268, 0.725554, 0.807718, 0.652526, 0.830116, 0.374344, 0.359341, 0.430627, 0.821819, 0.084265, 0.709153, 0.29056, 0.408733, 0.608693, 0.382834, 0.339782, 0.147482, 0.10518, 0.325197, 0.275386, 0.151035, 0.688486, 0.23719, 0.253125, 0.246475, 0.292639, 0.620995, 0.796898, 0.392809, 0.462722]",6,1.392161,"[3, 4]",2,"Without logical heading structure, screen reader users may",0.3333333333333333,30000,2.8b
pythia-2.8b-deduped,step30000,heading structure,generation,gen_005,An accessibility evaluation found improper heading structure. This means,0.823263,"[0.363777, 0.716659, 0.7341, 0.749441, 0.782289, 0.778157, 0.823263, 0.732652, 0.271102, 0.705558, 0.810658, 0.120109, 0.64701, 0.237497, 0.3167, 0.377873, 0.439457, 0.57978, 0.116588, 0.1314, 0.736682, 0.248942, 0.097376, 0.308469, 0.356722, 0.226334, 0.284777, 0.787349, 0.557787, 0.324902, 0.337826, 0.661235]",6,1.710566,"[6, 7]",2,An accessibility evaluation found improper heading structure. This means,0.3333333333333333,30000,2.8b
pythia-2.8b-deduped,step30000,heading structure,generation,gen_006,"When organizing page content, heading structure ensures",0.883822,"[0.309602, 0.690287, 0.44629, 0.8038, 0.793202, 0.398993, 0.870895, 0.417674, 0.724446, 0.883822, 0.744789, 0.123373, 0.882172, 0.675155, 0.296869, 0.318346, 0.119996, 0.166118, 0.074471, 0.03722, 0.711301, 0.293129, 0.118102, 0.461471, 0.169215, 0.211575, 0.040045, 0.785976, 0.625841, 0.5434, 0.661944, 0.052874]",9,1.789051,"[6, 7]",2,"When organizing page content, heading structure ensures",0.3333333333333333,30000,2.8b
pythia-2.8b-deduped,step30000,keyboard navigation,generation,gen_001,"In web accessibility, keyboard navigation is",0.849819,"[0.331186, 0.666221, 0.394567, 0.825345, 0.822037, 0.574539, 0.695012, 0.283261, 0.424267, 0.505149, 0.690973, 0.651003, 0.829826, 0.167358, 0.41857, 0.409738, 0.099262, 0.326543, 0.119744, 0.345834, 0.675095, 0.568351, 0.159717, 0.786814, 0.212022, 0.42932, 0.08914, 0.849819, 0.800103, 0.151632, 0.816227, 0.026801]",27,2.129446,"[5, 6]",2,"In web accessibility, keyboard navigation is",0.0,30000,2.8b
pythia-2.8b-deduped,step30000,keyboard navigation,generation,gen_002,"For users with motor disabilities, keyboard navigation",0.860047,"[0.278842, 0.6975, 0.49488, 0.81881, 0.81214, 0.564278, 0.696422, 0.734368, 0.602243, 0.51536, 0.695238, 0.77183, 0.838768, 0.329785, 0.591798, 0.298156, 0.406957, 0.217402, 0.080047, 0.171433, 0.631714, 0.536105, 0.090495, 0.766994, 0.119065, 0.638509, 0.065083, 0.860047, 0.598874, 0.060968, 0.838393, 0.052232]",27,1.942756,"[7, 8]",2,"For users with motor disabilities, keyboard navigation",0.0,30000,2.8b
pythia-2.8b-deduped,step30000,keyboard navigation,generation,gen_003,"To support keyboard navigation, developers should",0.856984,"[0.265873, 0.638761, 0.276644, 0.804924, 0.806237, 0.585072, 0.733711, 0.675962, 0.526621, 0.447786, 0.744469, 0.583702, 0.856984, 0.190728, 0.438111, 0.448647, 0.40777, 0.337032, 0.228267, 0.306448, 0.655776, 0.587329, 0.360153, 0.837834, 0.191019, 0.740014, 0.165127, 0.843151, 0.372824, 0.071101, 0.348914, 0.348305]",12,2.376917,"[3, 4]",2,"To support keyboard navigation, developers should",0.0,30000,2.8b
pythia-2.8b-deduped,step30000,keyboard navigation,generation,gen_004,"Without keyboard navigation support, motor-impaired users may",0.905884,"[0.243353, 0.575297, 0.378514, 0.80592, 0.808576, 0.506943, 0.731505, 0.75394, 0.678973, 0.320236, 0.719502, 0.68126, 0.905884, 0.222998, 0.629204, 0.713512, 0.491463, 0.308743, 0.404813, 0.286845, 0.749829, 0.704439, 0.260515, 0.65372, 0.309293, 0.549328, 0.184182, 0.683278, 0.584483, 0.155382, 0.566477, 0.619998]",12,2.257824,"[2, 3]",2,"Without keyboard navigation support, motor-impaired users may",0.0,30000,2.8b
pythia-2.8b-deduped,step30000,keyboard navigation,generation,gen_005,A manual test revealed keyboard navigation failures. This means,0.847587,"[0.196227, 0.68199, 0.264487, 0.756945, 0.770304, 0.543663, 0.802177, 0.680427, 0.40295, 0.409153, 0.727769, 0.712262, 0.806185, 0.143132, 0.379531, 0.492226, 0.354184, 0.2819, 0.194694, 0.165646, 0.470809, 0.584888, 0.109724, 0.847587, 0.254809, 0.768163, 0.069549, 0.833222, 0.446419, 0.115557, 0.677779, 0.376762]",23,2.053887,"[5, 6]",2,A manual test revealed keyboard navigation failures. This means,0.0,30000,2.8b
pythia-2.8b-deduped,step30000,keyboard navigation,generation,gen_006,"When developing interactive features, keyboard navigation ensures",0.86199,"[0.273189, 0.6594, 0.28766, 0.82404, 0.825109, 0.503969, 0.797605, 0.520906, 0.472504, 0.50777, 0.700611, 0.635127, 0.827779, 0.236918, 0.435133, 0.498264, 0.216932, 0.241574, 0.129376, 0.346373, 0.730573, 0.652529, 0.139688, 0.826097, 0.125525, 0.332709, 0.077028, 0.86199, 0.700312, 0.206152, 0.826106, 0.009186]",27,2.003891,"[6, 7]",2,"When developing interactive features, keyboard navigation ensures",0.0,30000,2.8b
pythia-2.8b-deduped,step30000,landmark region,generation,gen_001,"In web accessibility, a landmark region is",0.849522,"[0.44069, 0.726821, 0.621503, 0.795049, 0.849522, 0.767668, 0.799022, 0.577768, 0.80642, 0.092366, 0.624294, 0.778423, 0.640014, 0.617442, 0.588845, 0.686073, 0.157766, 0.315378, 0.422241, 0.164943, 0.266363, 0.81659, 0.22711, 0.52913, 0.166064, 0.317548, 0.071216, 0.761459, 0.728981, 0.369074, 0.300824, 0.040613]",4,2.472482,"[6, 7]",2,"In web accessibility, a landmark region is",0.0,30000,2.8b
pythia-2.8b-deduped,step30000,landmark region,generation,gen_002,"For screen reader users, landmark regions",0.0,"[0.0, 0.0, 0.0, 0.0, 0.0, 0.0, 0.0, 0.0, 0.0, 0.0, 0.0, 0.0, 0.0, 0.0, 0.0, 0.0, 0.0, 0.0, 0.0, 0.0, 0.0, 0.0, 0.0, 0.0, 0.0, 0.0, 0.0, 0.0, 0.0, 0.0, 0.0, 0.0]",0,3.465736,[7],3,"For screen reader users, landmark regions",0.0,30000,2.8b
pythia-2.8b-deduped,step30000,landmark region,generation,gen_003,"To implement landmark regions, developers should",0.466517,"[0.17313, 0.466517, 0.174254, 0.280412, 0.409745, 0.235803, 0.332474, 0.200176, 0.337807, 0.29116, 0.348635, 0.225162, 0.144, 0.143875, 0.281814, 0.340972, 0.256188, 0.214762, 0.13935, 0.170101, 0.457387, 0.200077, 0.322415, 0.268325, 0.268106, 0.404355, 0.088095, 0.308989, 0.185091, 0.104851, 0.376532, 0.376799]",1,3.131647,"[4, 5, 6]",3,"To implement landmark regions, developers should",0.0,30000,2.8b
pythia-2.8b-deduped,step30000,landmark region,generation,gen_004,"Without proper landmark regions, assistive technology users may",0.531731,"[0.214763, 0.450643, 0.200813, 0.315037, 0.432282, 0.189033, 0.382919, 0.088928, 0.336478, 0.205487, 0.270898, 0.174558, 0.168271, 0.188087, 0.318399, 0.308526, 0.465095, 0.244766, 0.226366, 0.171926, 0.235922, 0.282918, 0.185983, 0.287431, 0.236038, 0.189122, 0.149007, 0.378979, 0.271089, 0.079198, 0.531731, 0.34676]",30,2.314662,"[4, 5, 6]",3,"Without proper landmark regions, assistive technology users may",0.0,30000,2.8b
pythia-2.8b-deduped,step30000,landmark region,generation,gen_005,An HTML validation found missing landmark regions. This means,0.449753,"[0.151999, 0.262224, 0.249084, 0.214979, 0.202656, 0.149681, 0.176974, 0.125509, 0.110307, 0.089022, 0.10263, 0.093196, 0.096976, 0.084358, 0.078559, 0.110382, 0.108575, 0.087713, 0.167629, 0.098435, 0.090259, 0.10686, 0.166251, 0.142976, 0.449753, 0.161773, 0.417494, 0.430148, 0.201915, 0.40945, 0.274633, 0.368375]",24,3.268394,"[7, 8, 9]",3,An HTML validation found missing landmark regions. This means,0.0,30000,2.8b
pythia-2.8b-deduped,step30000,landmark region,generation,gen_006,"When structuring page layout, landmark regions ensure",0.857141,"[0.186942, 0.857141, 0.196788, 0.55361, 0.762615, 0.212537, 0.456275, 0.096147, 0.652064, 0.064896, 0.714796, 0.162631, 0.120416, 0.074172, 0.364966, 0.189857, 0.533965, 0.323903, 0.111249, 0.182923, 0.617719, 0.172836, 0.095737, 0.339082, 0.350768, 0.350826, 0.023022, 0.177776, 0.088987, 0.02222, 0.247223, 0.840919]",1,2.551729,"[8, 9]",3,"When structuring page layout, landmark regions ensure",0.0,30000,2.8b
pythia-2.8b-deduped,step30000,aria attribute,generation,gen_001,"In web accessibility, an aria attribute is",0.843544,"[0.294748, 0.737806, 0.604787, 0.7873, 0.836447, 0.469957, 0.843544, 0.502417, 0.351786, 0.185544, 0.708125, 0.357117, 0.673004, 0.219185, 0.295098, 0.367618, 0.384368, 0.352952, 0.135055, 0.414445, 0.624914, 0.794707, 0.24991, 0.331398, 0.547782, 0.242493, 0.301135, 0.431878, 0.366191, 0.279534, 0.712074, 0.048593]",6,2.090004,"[6, 7]",2,"In web accessibility, an aria attribute is",0.6666666666666666,30000,2.8b
pythia-2.8b-deduped,step30000,aria attribute,generation,gen_002,"For screen reader users, aria attributes",0.0,"[0.0, 0.0, 0.0, 0.0, 0.0, 0.0, 0.0, 0.0, 0.0, 0.0, 0.0, 0.0, 0.0, 0.0, 0.0, 0.0, 0.0, 0.0, 0.0, 0.0, 0.0, 0.0, 0.0, 0.0, 0.0, 0.0, 0.0, 0.0, 0.0, 0.0, 0.0, 0.0]",0,3.465736,[7],2,"For screen reader users, aria attributes",0.6666666666666666,30000,2.8b
pythia-2.8b-deduped,step30000,aria attribute,generation,gen_003,"To use aria attributes correctly, developers should",0.801717,"[0.326329, 0.784162, 0.205033, 0.230675, 0.779933, 0.294339, 0.514185, 0.545122, 0.700822, 0.370374, 0.502344, 0.283312, 0.379017, 0.281547, 0.315538, 0.189292, 0.326334, 0.29422, 0.518317, 0.256328, 0.478401, 0.355978, 0.371023, 0.452798, 0.543429, 0.349257, 0.043187, 0.568486, 0.801717, 0.200399, 0.273246, 0.425438]",28,1.602628,"[4, 5]",2,"To use aria attributes correctly, developers should",0.6666666666666666,30000,2.8b
pythia-2.8b-deduped,step30000,aria attribute,generation,gen_004,"Without appropriate aria attributes, custom widgets may",0.828556,"[0.227218, 0.762827, 0.11421, 0.502434, 0.667737, 0.538892, 0.274204, 0.498664, 0.321169, 0.372974, 0.662204, 0.476407, 0.623568, 0.176576, 0.693798, 0.510125, 0.403525, 0.21514, 0.533058, 0.224297, 0.374679, 0.226495, 0.379243, 0.341529, 0.515931, 0.574822, 0.060877, 0.709144, 0.398634, 0.235633, 0.764659, 0.828556]",31,1.573202,"[4, 5]",2,"Without appropriate aria attributes, custom widgets may",0.6666666666666666,30000,2.8b
pythia-2.8b-deduped,step30000,aria attribute,generation,gen_005,An accessibility audit found missing aria attributes. This means,0.959449,"[0.302556, 0.23096, 0.119471, 0.06184, 0.032342, 0.015996, 0.035542, 0.043835, 0.014503, 0.017412, 0.025495, 0.044257, 0.023506, 0.026501, 0.029525, 0.013024, 0.082896, 0.009936, 0.037964, 0.041226, 0.061242, 0.242869, 0.429446, 0.26723, 0.250943, 0.327408, 0.959449, 0.881188, 0.675155, 0.853917, 0.64737, 0.860698]",26,0.893578,"[7, 8]",2,An accessibility audit found missing aria attributes. This means,0.3333333333333333,30000,2.8b
pythia-2.8b-deduped,step30000,aria attribute,generation,gen_006,"When creating custom components, aria attributes ensure",0.836631,"[0.186258, 0.812989, 0.326862, 0.189684, 0.796947, 0.381113, 0.569597, 0.205726, 0.553036, 0.205088, 0.836631, 0.168912, 0.10028, 0.093937, 0.417703, 0.146552, 0.238613, 0.241059, 0.164496, 0.460283, 0.683513, 0.347944, 0.240456, 0.596237, 0.565602, 0.502707, 0.131873, 0.487961, 0.178141, 0.572829, 0.235565, 0.478372]",10,2.640672,"[7, 8]",2,"When creating custom components, aria attributes ensure",0.3333333333333333,30000,2.8b
pythia-2.8b-deduped,step60000,screen reader,generation,gen_001,"In web accessibility, a screen reader is",0.89395,"[0.7938, 0.575404, 0.504529, 0.827118, 0.751611, 0.093257, 0.664498, 0.089535, 0.388478, 0.195389, 0.85366, 0.436389, 0.89395, 0.044611, 0.097037, 0.183124, 0.040044, 0.056892, 0.13809, 0.086936, 0.117821, 0.189214, 0.151153, 0.100966, 0.137102, 0.078706, 0.303084, 0.505907, 0.084198, 0.222172, 0.176327, 0.155641]",12,1.399679,"[6, 7]",2,"In web accessibility, a screen reader is",1.0,60000,2.8b
pythia-2.8b-deduped,step60000,screen reader,generation,gen_002,"For blind users, a screen reader",0.84895,"[0.789501, 0.580437, 0.52635, 0.827674, 0.759983, 0.138164, 0.773435, 0.108473, 0.272478, 0.147542, 0.840072, 0.314662, 0.84895, 0.063904, 0.142624, 0.191303, 0.04583, 0.039794, 0.248964, 0.119219, 0.133201, 0.185636, 0.080108, 0.067911, 0.125657, 0.162026, 0.149727, 0.486788, 0.036972, 0.160395, 0.245423, 0.143587]",12,1.692639,"[6, 7]",2,"For blind users, a screen reader",1.0,60000,2.8b
pythia-2.8b-deduped,step60000,screen reader,generation,gen_003,"To ensure screen reader compatibility, developers should",0.884654,"[0.763999, 0.564644, 0.399486, 0.75691, 0.798822, 0.525242, 0.884654, 0.592829, 0.196003, 0.208307, 0.771999, 0.348646, 0.830582, 0.062313, 0.143232, 0.209817, 0.242166, 0.096053, 0.16411, 0.052708, 0.058904, 0.104444, 0.293225, 0.168411, 0.182416, 0.680429, 0.196114, 0.445053, 0.326745, 0.32897, 0.401799, 0.290831]",6,1.955038,"[3, 4]",2,"To ensure screen reader compatibility, developers should",0.3333333333333333,60000,2.8b
pythia-2.8b-deduped,step60000,screen reader,generation,gen_004,"Without proper screen reader support, visually impaired users may",0.831199,"[0.76866, 0.543844, 0.337748, 0.80195, 0.680667, 0.17927, 0.772848, 0.141917, 0.127111, 0.223651, 0.730403, 0.236584, 0.831199, 0.074787, 0.098526, 0.099764, 0.088937, 0.034292, 0.08868, 0.225876, 0.056813, 0.119673, 0.159109, 0.303941, 0.149178, 0.32981, 0.072402, 0.632129, 0.42631, 0.701225, 0.310126, 0.279602]",12,1.652712,"[3, 4]",2,"Without proper screen reader support, visually impaired users may",0.3333333333333333,60000,2.8b
pythia-2.8b-deduped,step60000,screen reader,generation,gen_005,An accessibility audit found that the site is not screen reader friendly. This means,0.829794,"[0.829794, 0.62054, 0.23588, 0.804083, 0.763165, 0.242125, 0.820034, 0.0823, 0.324012, 0.336676, 0.803039, 0.227486, 0.82497, 0.065422, 0.146136, 0.200763, 0.142233, 0.072439, 0.083089, 0.52695, 0.144573, 0.117406, 0.243375, 0.156024, 0.294494, 0.693762, 0.185394, 0.589845, 0.743531, 0.140455, 0.544043, 0.482185]",0,2.717155,"[10, 11]",2,An accessibility audit found that the site is not screen reader friendly. This means,0.1333333333333333,60000,2.8b
pythia-2.8b-deduped,step60000,screen reader,generation,gen_006,"When building accessible sites, screen reader compatibility ensures",0.870059,"[0.774869, 0.562242, 0.232886, 0.713584, 0.757539, 0.167191, 0.870059, 0.106888, 0.101648, 0.287317, 0.722648, 0.324044, 0.827756, 0.066462, 0.12818, 0.143625, 0.062153, 0.089382, 0.160481, 0.128779, 0.080685, 0.118416, 0.293788, 0.142512, 0.265861, 0.360448, 0.597886, 0.528792, 0.50298, 0.776049, 0.179853, 0.12247]",6,1.499542,"[6, 7]",2,"When building accessible sites, screen reader compatibility ensures",0.0,60000,2.8b
pythia-2.8b-deduped,step60000,skip link,generation,gen_001,"In web accessibility, a skip link is",0.909473,"[0.443034, 0.676676, 0.357671, 0.821902, 0.847408, 0.527384, 0.789906, 0.661246, 0.754132, 0.226514, 0.798071, 0.302564, 0.681473, 0.084403, 0.732815, 0.481459, 0.572001, 0.179145, 0.059553, 0.292475, 0.614386, 0.700863, 0.162961, 0.332811, 0.336915, 0.201475, 0.106368, 0.833748, 0.388723, 0.720052, 0.909473, 0.683839]",30,1.312504,"[6, 7]",2,"In web accessibility, a skip link is",0.3333333333333333,60000,2.8b
pythia-2.8b-deduped,step60000,skip link,generation,gen_002,"For keyboard navigation, a skip link",0.866286,"[0.414182, 0.68524, 0.24832, 0.758269, 0.85299, 0.439506, 0.768738, 0.618542, 0.629233, 0.277989, 0.784818, 0.262943, 0.673518, 0.121757, 0.590284, 0.52876, 0.744248, 0.220458, 0.060063, 0.391848, 0.604001, 0.765741, 0.211129, 0.358335, 0.26906, 0.189373, 0.158287, 0.841676, 0.555308, 0.489752, 0.866286, 0.637393]",30,1.859966,"[6, 7]",2,"For keyboard navigation, a skip link",1.0,60000,2.8b
pythia-2.8b-deduped,step60000,skip link,generation,gen_003,"To implement a skip link, developers should",0.881455,"[0.465069, 0.692826, 0.264332, 0.755599, 0.831448, 0.497891, 0.751848, 0.472031, 0.733783, 0.212025, 0.811646, 0.290137, 0.636953, 0.199449, 0.439917, 0.491547, 0.315447, 0.353801, 0.073973, 0.151407, 0.404138, 0.621229, 0.150761, 0.366708, 0.158669, 0.269927, 0.051827, 0.828563, 0.733098, 0.645705, 0.881455, 0.377393]",30,1.7004,"[4, 5]",2,"To implement a skip link, developers should",0.3333333333333333,60000,2.8b
pythia-2.8b-deduped,step60000,skip link,generation,gen_004,"Without a skip link, keyboard users may",0.838855,"[0.457107, 0.685737, 0.207569, 0.723845, 0.821756, 0.552157, 0.816002, 0.458852, 0.805679, 0.171366, 0.771926, 0.103308, 0.795643, 0.285373, 0.17722, 0.790085, 0.353214, 0.156312, 0.131295, 0.148154, 0.244485, 0.620656, 0.091397, 0.287805, 0.169607, 0.347125, 0.490062, 0.555653, 0.297796, 0.403878, 0.733984, 0.838855]",31,2.072054,"[3, 4]",2,"Without a skip link, keyboard users may",1.0,60000,2.8b
pythia-2.8b-deduped,step60000,skip link,generation,gen_005,An accessibility review noted the absence of a skip link. This means,0.94123,"[0.465738, 0.659066, 0.373455, 0.821991, 0.842153, 0.516182, 0.851728, 0.694013, 0.716401, 0.257454, 0.780166, 0.353734, 0.704249, 0.080228, 0.395147, 0.64096, 0.671042, 0.253898, 0.101464, 0.555341, 0.472071, 0.791706, 0.222313, 0.229682, 0.054048, 0.360668, 0.018033, 0.923517, 0.794989, 0.94123, 0.900499, 0.097422]",29,0.459745,"[9, 10]",2,An accessibility review noted the absence of a skip link. This means,0.6666666666666666,60000,2.8b
pythia-2.8b-deduped,step60000,skip link,generation,gen_006,"When designing accessible navigation, a skip link ensures",0.874011,"[0.383628, 0.675621, 0.321839, 0.806956, 0.852021, 0.346392, 0.787517, 0.808386, 0.708968, 0.461772, 0.794224, 0.295875, 0.679706, 0.082199, 0.536749, 0.451055, 0.52352, 0.089062, 0.079714, 0.256535, 0.544947, 0.614422, 0.220676, 0.228648, 0.169712, 0.204342, 0.049881, 0.688477, 0.627409, 0.332884, 0.874011, 0.704218]",30,1.46747,"[7, 8]",2,"When designing accessible navigation, a skip link ensures",1.0,60000,2.8b
pythia-2.8b-deduped,step60000,alt text,generation,gen_001,"In web accessibility, alt text is",0.899874,"[0.595464, 0.595438, 0.408047, 0.7818, 0.853808, 0.674168, 0.36054, 0.061, 0.633721, 0.204365, 0.651834, 0.192643, 0.75322, 0.078219, 0.294721, 0.270355, 0.205195, 0.190057, 0.237676, 0.23124, 0.495477, 0.66681, 0.121432, 0.655857, 0.368745, 0.242223, 0.320298, 0.374675, 0.899874, 0.333225, 0.848638, 0.338232]",28,1.510958,"[5, 6]",2,"In web accessibility, alt text is",1.0,60000,2.8b
pythia-2.8b-deduped,step60000,alt text,generation,gen_002,"For blind users, alt text",0.846471,"[0.611267, 0.584644, 0.337276, 0.781343, 0.846471, 0.696654, 0.251591, 0.043903, 0.623924, 0.093339, 0.603005, 0.112724, 0.697473, 0.06178, 0.151123, 0.221804, 0.149854, 0.217834, 0.38436, 0.112866, 0.354154, 0.558399, 0.074928, 0.537145, 0.382282, 0.713518, 0.093005, 0.529541, 0.76495, 0.282491, 0.775191, 0.116212]",4,2.238633,"[5, 6]",2,"For blind users, alt text",0.6666666666666666,60000,2.8b
pythia-2.8b-deduped,step60000,alt text,generation,gen_003,"To write effective alt text, content creators should",0.855524,"[0.600523, 0.659755, 0.353099, 0.822393, 0.855524, 0.632692, 0.723772, 0.073687, 0.646921, 0.154839, 0.749089, 0.108152, 0.79917, 0.104196, 0.263713, 0.198131, 0.216179, 0.224541, 0.227884, 0.124162, 0.112898, 0.105098, 0.162605, 0.105934, 0.109174, 0.236057, 0.117435, 0.504804, 0.265352, 0.405366, 0.221488, 0.059007]",4,2.429289,"[4, 5]",2,"To write effective alt text, content creators should",0.6666666666666666,60000,2.8b
pythia-2.8b-deduped,step60000,alt text,generation,gen_004,"Without alt text, screen reader users may",0.893213,"[0.574843, 0.571233, 0.262909, 0.745548, 0.825154, 0.722117, 0.538441, 0.282067, 0.385431, 0.221964, 0.740113, 0.180401, 0.829982, 0.132746, 0.176642, 0.303514, 0.290792, 0.148588, 0.076294, 0.137554, 0.238554, 0.893213, 0.853521, 0.686411, 0.408689, 0.639367, 0.499869, 0.453751, 0.768823, 0.168237, 0.391736, 0.431592]",21,2.018774,"[2, 3]",2,"Without alt text, screen reader users may",0.3333333333333333,60000,2.8b
pythia-2.8b-deduped,step60000,alt text,generation,gen_005,An accessibility scan found images lacking alt text. This means,0.874252,"[0.596223, 0.62293, 0.175303, 0.792235, 0.834107, 0.689551, 0.62023, 0.060029, 0.455504, 0.291173, 0.631029, 0.241748, 0.764177, 0.192731, 0.216377, 0.278016, 0.269357, 0.358056, 0.092919, 0.205276, 0.65238, 0.843781, 0.220442, 0.797843, 0.282059, 0.274188, 0.138507, 0.469583, 0.85232, 0.528595, 0.874252, 0.037834]",30,1.281924,"[7, 8]",2,An accessibility scan found images lacking alt text. This means,0.0,60000,2.8b
pythia-2.8b-deduped,step60000,alt text,generation,gen_006,"When publishing web content, alt text ensures",0.907449,"[0.634982, 0.583112, 0.234174, 0.779185, 0.822798, 0.655874, 0.246136, 0.164119, 0.643634, 0.161127, 0.655456, 0.213249, 0.734235, 0.118284, 0.25514, 0.227199, 0.226958, 0.387557, 0.200581, 0.247933, 0.389753, 0.738694, 0.190962, 0.463483, 0.631066, 0.250011, 0.229026, 0.528589, 0.842309, 0.62358, 0.907449, 0.782579]",30,1.443085,"[6, 7]",2,"When publishing web content, alt text ensures",1.0,60000,2.8b
pythia-2.8b-deduped,step60000,color contrast,generation,gen_001,"In web accessibility, color contrast is",0.873618,"[0.603488, 0.713746, 0.700914, 0.684329, 0.809928, 0.192697, 0.587057, 0.18095, 0.581379, 0.306797, 0.784216, 0.654182, 0.581295, 0.545959, 0.262139, 0.627524, 0.153001, 0.343713, 0.072966, 0.316184, 0.608107, 0.720148, 0.140406, 0.265953, 0.301246, 0.170972, 0.266922, 0.650969, 0.614444, 0.216577, 0.873618, 0.506855]",30,1.644294,"[5, 6]",2,"In web accessibility, color contrast is",0.3333333333333333,60000,2.8b
pythia-2.8b-deduped,step60000,color contrast,generation,gen_002,"For users with low vision, color contrast",0.839502,"[0.5215, 0.713511, 0.771465, 0.614087, 0.839502, 0.167541, 0.691041, 0.57854, 0.473715, 0.469564, 0.766198, 0.626543, 0.537738, 0.318002, 0.391698, 0.355096, 0.112072, 0.49829, 0.159007, 0.038236, 0.657106, 0.766479, 0.112968, 0.230398, 0.22513, 0.611171, 0.345068, 0.598365, 0.334441, 0.220397, 0.794453, 0.700024]",4,2.466884,"[7, 8]",2,"For users with low vision, color contrast",1.0,60000,2.8b
pythia-2.8b-deduped,step60000,color contrast,generation,gen_003,"To achieve sufficient color contrast, designers should",0.890727,"[0.598899, 0.660178, 0.813329, 0.751658, 0.806652, 0.330757, 0.625627, 0.322351, 0.505732, 0.232935, 0.784426, 0.666299, 0.466955, 0.217412, 0.529397, 0.390904, 0.275481, 0.503584, 0.082235, 0.052885, 0.427461, 0.617903, 0.266614, 0.364499, 0.244061, 0.229877, 0.572911, 0.719783, 0.063431, 0.041661, 0.851149, 0.890727]",31,1.988452,"[4, 5]",2,"To achieve sufficient color contrast, designers should",0.3333333333333333,60000,2.8b
pythia-2.8b-deduped,step60000,color contrast,generation,gen_004,"Without adequate color contrast, users with visual impairments may",0.815839,"[0.654458, 0.665147, 0.811468, 0.770038, 0.790042, 0.27819, 0.703592, 0.613238, 0.388408, 0.290944, 0.783311, 0.668129, 0.638397, 0.428958, 0.383344, 0.300202, 0.145235, 0.320815, 0.118432, 0.135195, 0.49696, 0.659969, 0.460472, 0.336421, 0.165661, 0.533975, 0.75785, 0.70611, 0.668367, 0.138668, 0.815839, 0.675575]",30,1.820065,"[3, 4]",2,"Without adequate color contrast, users with visual impairments may",1.0,60000,2.8b
pythia-2.8b-deduped,step60000,color contrast,generation,gen_005,An accessibility checker flagged poor color contrast. This means,0.852057,"[0.704233, 0.694708, 0.6324, 0.663992, 0.852057, 0.455397, 0.718903, 0.189256, 0.269586, 0.340131, 0.791374, 0.355162, 0.559856, 0.646231, 0.452528, 0.204619, 0.127605, 0.347756, 0.063496, 0.119294, 0.434767, 0.682528, 0.075586, 0.495766, 0.159009, 0.154675, 0.172235, 0.457133, 0.51435, 0.059916, 0.644325, 0.370365]",4,2.356815,"[8, 9]",2,An accessibility checker flagged poor color contrast. This means,0.6666666666666666,60000,2.8b
pythia-2.8b-deduped,step60000,color contrast,generation,gen_006,"When selecting color palettes, color contrast ensures",0.902573,"[0.552325, 0.709413, 0.743655, 0.523883, 0.835613, 0.106611, 0.580139, 0.363782, 0.554128, 0.502135, 0.851582, 0.253143, 0.443774, 0.105447, 0.494569, 0.683711, 0.153574, 0.374466, 0.093596, 0.113839, 0.152414, 0.778429, 0.252325, 0.332593, 0.210554, 0.117264, 0.349905, 0.412784, 0.248752, 0.158337, 0.902573, 0.70565]",30,1.141153,"[7, 8]",2,"When selecting color palettes, color contrast ensures",0.0,60000,2.8b
pythia-2.8b-deduped,step60000,focus indicator,generation,gen_001,"In web accessibility, a focus indicator is",0.924339,"[0.559995, 0.726994, 0.55173, 0.780169, 0.803845, 0.360908, 0.920964, 0.663157, 0.680558, 0.627552, 0.877821, 0.691828, 0.924339, 0.150347, 0.317434, 0.319531, 0.524933, 0.184467, 0.088108, 0.092549, 0.222604, 0.662725, 0.323432, 0.208636, 0.020752, 0.102197, 0.013763, 0.108649, 0.182163, 0.02285, 0.453134, 0.186565]",12,1.814474,"[6, 7]",2,"In web accessibility, a focus indicator is",0.6666666666666666,60000,2.8b
pythia-2.8b-deduped,step60000,focus indicator,generation,gen_002,"For keyboard users, a focus indicator",0.91451,"[0.470187, 0.730786, 0.441492, 0.722254, 0.802301, 0.41757, 0.91451, 0.49732, 0.465644, 0.640294, 0.866623, 0.413629, 0.762027, 0.116219, 0.256929, 0.360624, 0.550816, 0.566128, 0.049794, 0.160818, 0.259582, 0.559999, 0.105449, 0.270642, 0.152547, 0.287698, 0.044163, 0.689854, 0.22485, 0.220006, 0.710186, 0.585626]",6,1.337027,"[6, 7]",2,"For keyboard users, a focus indicator",1.0,60000,2.8b
pythia-2.8b-deduped,step60000,focus indicator,generation,gen_003,"To implement visible focus indicators, developers should",0.896516,"[0.248925, 0.771709, 0.223349, 0.47721, 0.728051, 0.479565, 0.347407, 0.094207, 0.683931, 0.155125, 0.667377, 0.473168, 0.621335, 0.243473, 0.529539, 0.494928, 0.584251, 0.476107, 0.322525, 0.187564, 0.491086, 0.07814, 0.477633, 0.464245, 0.687289, 0.890749, 0.151155, 0.896516, 0.10896, 0.662036, 0.436327, 0.792725]",27,1.25482,"[5, 6]",2,"To implement visible focus indicators, developers should",0.0,60000,2.8b
pythia-2.8b-deduped,step60000,focus indicator,generation,gen_004,"Without a focus indicator, keyboard-only users may",0.863987,"[0.460714, 0.718378, 0.623527, 0.657091, 0.785708, 0.295399, 0.863987, 0.520713, 0.690081, 0.526859, 0.838446, 0.390835, 0.847568, 0.254491, 0.170999, 0.442734, 0.607343, 0.327597, 0.099008, 0.053245, 0.372289, 0.677164, 0.215471, 0.161994, 0.085286, 0.285192, 0.065901, 0.650314, 0.813466, 0.041706, 0.520243, 0.678071]",6,1.610841,"[3, 4]",2,"Without a focus indicator, keyboard-only users may",0.3333333333333333,60000,2.8b
pythia-2.8b-deduped,step60000,focus indicator,generation,gen_005,A usability test revealed missing focus indicators. This means,0.9389,"[0.20576, 0.171485, 0.059217, 0.027132, 0.029418, 0.017262, 0.011448, 0.025759, 0.016045, 0.017246, 0.020878, 0.026688, 0.014952, 0.012597, 0.021722, 0.022546, 0.074212, 0.008842, 0.028426, 0.016399, 0.072111, 0.018741, 0.092142, 0.722241, 0.590367, 0.238274, 0.9389, 0.886766, 0.46736, 0.804707, 0.738159, 0.87822]",26,0.594685,"[7, 8]",2,A usability test revealed missing focus indicators. This means,0.3333333333333333,60000,2.8b
pythia-2.8b-deduped,step60000,focus indicator,generation,gen_006,"When styling interactive elements, a focus indicator ensures",0.904727,"[0.471944, 0.766143, 0.467828, 0.744953, 0.809711, 0.402836, 0.904727, 0.642446, 0.620601, 0.785261, 0.842666, 0.43425, 0.705805, 0.142204, 0.283651, 0.444267, 0.429681, 0.2348, 0.047277, 0.265643, 0.257058, 0.652985, 0.105484, 0.570887, 0.081, 0.241648, 0.038906, 0.711188, 0.745008, 0.426286, 0.743577, 0.461263]",6,1.444711,"[7, 8]",2,"When styling interactive elements, a focus indicator ensures",0.6666666666666666,60000,2.8b
pythia-2.8b-deduped,step60000,heading structure,generation,gen_001,"In web accessibility, heading structure is",0.928189,"[0.302884, 0.7244, 0.789465, 0.848668, 0.847065, 0.622368, 0.928189, 0.853917, 0.547338, 0.667246, 0.608008, 0.195704, 0.76714, 0.319855, 0.455783, 0.515116, 0.332115, 0.358025, 0.05306, 0.108375, 0.628723, 0.661126, 0.307434, 0.652993, 0.316419, 0.274489, 0.176492, 0.68724, 0.429931, 0.169317, 0.811714, 0.505625]",6,1.356248,"[5, 6]",2,"In web accessibility, heading structure is",0.6666666666666666,60000,2.8b
pythia-2.8b-deduped,step60000,heading structure,generation,gen_002,"For screen readers, heading structure",0.903091,"[0.288511, 0.713665, 0.720495, 0.807178, 0.80441, 0.638836, 0.903091, 0.7654, 0.596036, 0.796015, 0.700956, 0.129037, 0.844599, 0.380946, 0.373332, 0.676554, 0.503466, 0.277686, 0.08398, 0.117681, 0.449513, 0.311272, 0.212825, 0.436716, 0.199693, 0.723151, 0.158941, 0.668934, 0.283596, 0.334843, 0.462713, 0.885627]",6,1.295077,"[5, 6]",2,"For screen readers, heading structure",0.6666666666666666,60000,2.8b
pythia-2.8b-deduped,step60000,heading structure,generation,gen_003,"To create proper heading structure, content authors should",0.91455,"[0.334471, 0.728071, 0.758144, 0.857666, 0.787668, 0.376031, 0.793897, 0.864842, 0.563964, 0.355249, 0.70279, 0.211105, 0.550345, 0.208423, 0.469715, 0.627061, 0.579892, 0.483886, 0.176831, 0.346656, 0.553705, 0.840465, 0.482012, 0.793426, 0.554307, 0.301151, 0.414094, 0.91455, 0.813456, 0.256929, 0.801601, 0.499847]",27,1.883995,"[4, 5]",2,"To create proper heading structure, content authors should",1.0,60000,2.8b
pythia-2.8b-deduped,step60000,heading structure,generation,gen_004,"Without logical heading structure, screen reader users may",0.82308,"[0.343433, 0.742693, 0.408432, 0.619233, 0.82308, 0.253478, 0.668266, 0.261003, 0.650744, 0.466536, 0.783174, 0.179377, 0.79514, 0.395773, 0.393034, 0.454951, 0.367373, 0.408587, 0.124222, 0.067191, 0.301387, 0.493417, 0.119543, 0.327627, 0.083184, 0.18199, 0.050098, 0.37452, 0.245613, 0.300423, 0.388504, 0.662128]",4,2.730966,"[3, 4]",2,"Without logical heading structure, screen reader users may",0.3333333333333333,60000,2.8b
pythia-2.8b-deduped,step60000,heading structure,generation,gen_005,An accessibility evaluation found improper heading structure. This means,0.825845,"[0.422302, 0.709117, 0.78787, 0.710153, 0.788784, 0.477713, 0.761542, 0.825845, 0.524733, 0.37696, 0.755009, 0.22203, 0.576095, 0.173414, 0.302015, 0.438045, 0.29987, 0.433487, 0.220672, 0.244166, 0.66113, 0.664588, 0.192709, 0.676928, 0.63863, 0.427986, 0.609775, 0.810495, 0.735737, 0.101516, 0.540872, 0.416161]",7,2.383607,"[6, 7]",2,An accessibility evaluation found improper heading structure. This means,0.3333333333333333,60000,2.8b
pythia-2.8b-deduped,step60000,heading structure,generation,gen_006,"When organizing page content, heading structure ensures",0.844957,"[0.293184, 0.710841, 0.333422, 0.75458, 0.791878, 0.23331, 0.766887, 0.377809, 0.629321, 0.803609, 0.714136, 0.161931, 0.844957, 0.4891, 0.29738, 0.479181, 0.147027, 0.349592, 0.038902, 0.11018, 0.645087, 0.216828, 0.345488, 0.459348, 0.164006, 0.281771, 0.032691, 0.754073, 0.199835, 0.222323, 0.844141, 0.143584]",12,1.992272,"[6, 7]",2,"When organizing page content, heading structure ensures",0.3333333333333333,60000,2.8b
pythia-2.8b-deduped,step60000,keyboard navigation,generation,gen_001,"In web accessibility, keyboard navigation is",0.837733,"[0.268413, 0.694111, 0.29384, 0.678977, 0.809314, 0.383354, 0.730138, 0.458827, 0.575551, 0.48477, 0.732342, 0.378544, 0.837733, 0.249935, 0.526223, 0.507836, 0.284646, 0.456379, 0.150974, 0.328518, 0.661332, 0.503434, 0.105935, 0.721395, 0.166554, 0.239684, 0.039711, 0.816551, 0.763966, 0.537656, 0.832446, 0.025855]",12,2.223253,"[5, 6]",2,"In web accessibility, keyboard navigation is",0.0,60000,2.8b
pythia-2.8b-deduped,step60000,keyboard navigation,generation,gen_002,"For users with motor disabilities, keyboard navigation",0.877913,"[0.284152, 0.696837, 0.559735, 0.678514, 0.808999, 0.54843, 0.806478, 0.531435, 0.730473, 0.334644, 0.663092, 0.512642, 0.841408, 0.462653, 0.596613, 0.344625, 0.274455, 0.422379, 0.08544, 0.162739, 0.529176, 0.578836, 0.089286, 0.702504, 0.185004, 0.727946, 0.04624, 0.85997, 0.85777, 0.458071, 0.877913, 0.082033]",30,1.868961,"[7, 8]",2,"For users with motor disabilities, keyboard navigation",0.0,60000,2.8b
pythia-2.8b-deduped,step60000,keyboard navigation,generation,gen_003,"To support keyboard navigation, developers should",0.876501,"[0.373278, 0.694949, 0.359677, 0.744961, 0.8309, 0.519888, 0.696993, 0.454498, 0.587207, 0.260786, 0.763099, 0.459446, 0.775186, 0.216819, 0.444341, 0.335858, 0.270156, 0.592161, 0.166139, 0.387182, 0.451004, 0.381687, 0.471912, 0.790937, 0.178647, 0.284628, 0.163837, 0.830289, 0.651746, 0.214737, 0.876501, 0.294948]",30,1.567697,"[3, 4]",2,"To support keyboard navigation, developers should",0.0,60000,2.8b
pythia-2.8b-deduped,step60000,keyboard navigation,generation,gen_004,"Without keyboard navigation support, motor-impaired users may",0.880682,"[0.234975, 0.664358, 0.503511, 0.718336, 0.82061, 0.517002, 0.661077, 0.395357, 0.598232, 0.428293, 0.714806, 0.598551, 0.783075, 0.314531, 0.42334, 0.662049, 0.318969, 0.303294, 0.498227, 0.537275, 0.609099, 0.783101, 0.291655, 0.705368, 0.173808, 0.423955, 0.221077, 0.697401, 0.880682, 0.634487, 0.865978, 0.191632]",28,2.035952,"[2, 3]",2,"Without keyboard navigation support, motor-impaired users may",0.0,60000,2.8b
pythia-2.8b-deduped,step60000,keyboard navigation,generation,gen_005,A manual test revealed keyboard navigation failures. This means,0.839606,"[0.279264, 0.693671, 0.40981, 0.670966, 0.790773, 0.474562, 0.787695, 0.333698, 0.582788, 0.495221, 0.745201, 0.454351, 0.648379, 0.231792, 0.322955, 0.421914, 0.279034, 0.38163, 0.184449, 0.266347, 0.448474, 0.499843, 0.177444, 0.72606, 0.413884, 0.528895, 0.097938, 0.808283, 0.711038, 0.323177, 0.839606, 0.22066]",30,1.740963,"[5, 6]",2,A manual test revealed keyboard navigation failures. This means,0.0,60000,2.8b
pythia-2.8b-deduped,step60000,keyboard navigation,generation,gen_006,"When developing interactive features, keyboard navigation ensures",0.881031,"[0.294673, 0.702493, 0.296584, 0.702944, 0.80921, 0.512022, 0.740831, 0.476566, 0.665749, 0.482979, 0.74571, 0.426484, 0.742426, 0.120414, 0.462138, 0.503829, 0.237957, 0.389903, 0.079177, 0.31462, 0.635171, 0.621077, 0.156383, 0.615445, 0.233528, 0.323448, 0.074203, 0.837279, 0.836557, 0.738797, 0.881031, 0.100983]",30,1.699901,"[6, 7]",2,"When developing interactive features, keyboard navigation ensures",0.0,60000,2.8b
pythia-2.8b-deduped,step60000,landmark region,generation,gen_001,"In web accessibility, a landmark region is",0.890995,"[0.578532, 0.72467, 0.805161, 0.783387, 0.8534, 0.587914, 0.838776, 0.565635, 0.783561, 0.136863, 0.727077, 0.146294, 0.798008, 0.627381, 0.487335, 0.585852, 0.173486, 0.140269, 0.124334, 0.198585, 0.698099, 0.793257, 0.199736, 0.236153, 0.139175, 0.178238, 0.035749, 0.890995, 0.76981, 0.211057, 0.436094, 0.08621]",27,1.414631,"[6, 7]",2,"In web accessibility, a landmark region is",0.0,60000,2.8b
pythia-2.8b-deduped,step60000,landmark region,generation,gen_002,"For screen reader users, landmark regions",0.0,"[0.0, 0.0, 0.0, 0.0, 0.0, 0.0, 0.0, 0.0, 0.0, 0.0, 0.0, 0.0, 0.0, 0.0, 0.0, 0.0, 0.0, 0.0, 0.0, 0.0, 0.0, 0.0, 0.0, 0.0, 0.0, 0.0, 0.0, 0.0, 0.0, 0.0, 0.0, 0.0]",0,3.465736,[7],3,"For screen reader users, landmark regions",0.0,60000,2.8b
pythia-2.8b-deduped,step60000,landmark region,generation,gen_003,"To implement landmark regions, developers should",0.456108,"[0.208115, 0.442945, 0.16937, 0.274582, 0.420577, 0.182599, 0.27801, 0.1348, 0.294891, 0.274785, 0.3679, 0.241563, 0.199804, 0.130573, 0.319397, 0.261956, 0.185284, 0.215324, 0.08493, 0.277179, 0.340793, 0.180779, 0.18048, 0.211758, 0.200264, 0.34564, 0.12141, 0.308769, 0.080869, 0.358165, 0.288745, 0.456108]",31,2.805301,"[4, 5, 6]",3,"To implement landmark regions, developers should",0.0,60000,2.8b
pythia-2.8b-deduped,step60000,landmark region,generation,gen_004,"Without proper landmark regions, assistive technology users may",0.459434,"[0.218675, 0.425136, 0.170926, 0.389709, 0.459434, 0.160085, 0.319345, 0.095803, 0.311256, 0.135021, 0.289657, 0.212541, 0.179054, 0.136769, 0.255378, 0.299131, 0.350807, 0.106767, 0.212746, 0.225848, 0.187702, 0.283037, 0.077946, 0.18054, 0.290519, 0.248311, 0.216491, 0.320819, 0.181131, 0.09612, 0.289351, 0.405013]",4,2.965951,"[4, 5, 6]",3,"Without proper landmark regions, assistive technology users may",0.0,60000,2.8b
pythia-2.8b-deduped,step60000,landmark region,generation,gen_005,An HTML validation found missing landmark regions. This means,0.474774,"[0.219763, 0.187901, 0.262739, 0.181287, 0.213033, 0.119809, 0.146559, 0.110034, 0.153339, 0.09466, 0.087145, 0.061981, 0.093922, 0.100067, 0.11206, 0.105915, 0.080412, 0.072539, 0.217161, 0.121131, 0.113301, 0.102619, 0.137471, 0.161295, 0.332286, 0.141405, 0.474774, 0.432362, 0.258309, 0.437289, 0.342141, 0.404191]",26,3.138987,"[7, 8, 9]",3,An HTML validation found missing landmark regions. This means,0.0,60000,2.8b
pythia-2.8b-deduped,step60000,landmark region,generation,gen_006,"When structuring page layout, landmark regions ensure",0.84377,"[0.106634, 0.84377, 0.246388, 0.463647, 0.680514, 0.191021, 0.654406, 0.216105, 0.688073, 0.193126, 0.751457, 0.350712, 0.156152, 0.169823, 0.366362, 0.171777, 0.537646, 0.27414, 0.104039, 0.332759, 0.511238, 0.171366, 0.138684, 0.310259, 0.118872, 0.394323, 0.044643, 0.124057, 0.051291, 0.015881, 0.657738, 0.735831]",1,2.692024,"[8, 9]",3,"When structuring page layout, landmark regions ensure",0.0,60000,2.8b
pythia-2.8b-deduped,step60000,aria attribute,generation,gen_001,"In web accessibility, an aria attribute is",0.862686,"[0.460502, 0.768152, 0.564044, 0.599995, 0.828603, 0.44361, 0.852436, 0.539421, 0.596508, 0.29729, 0.739733, 0.492182, 0.603851, 0.146931, 0.369454, 0.545489, 0.495175, 0.655762, 0.128603, 0.490338, 0.703934, 0.862686, 0.093303, 0.755341, 0.317803, 0.140745, 0.164893, 0.642592, 0.721487, 0.55234, 0.839396, 0.030923]",21,1.944665,"[6, 7]",2,"In web accessibility, an aria attribute is",0.6666666666666666,60000,2.8b
pythia-2.8b-deduped,step60000,aria attribute,generation,gen_002,"For screen reader users, aria attributes",0.0,"[0.0, 0.0, 0.0, 0.0, 0.0, 0.0, 0.0, 0.0, 0.0, 0.0, 0.0, 0.0, 0.0, 0.0, 0.0, 0.0, 0.0, 0.0, 0.0, 0.0, 0.0, 0.0, 0.0, 0.0, 0.0, 0.0, 0.0, 0.0, 0.0, 0.0, 0.0, 0.0]",0,3.465736,[7],2,"For screen reader users, aria attributes",0.6666666666666666,60000,2.8b
pythia-2.8b-deduped,step60000,aria attribute,generation,gen_003,"To use aria attributes correctly, developers should",0.782838,"[0.35129, 0.744407, 0.354601, 0.424824, 0.782838, 0.393958, 0.447933, 0.155373, 0.490038, 0.183694, 0.414682, 0.382808, 0.529566, 0.310148, 0.472557, 0.152837, 0.187431, 0.354192, 0.380198, 0.209917, 0.262701, 0.433243, 0.458993, 0.46786, 0.237227, 0.207139, 0.026744, 0.650678, 0.396112, 0.107664, 0.587023, 0.601076]",4,2.603116,"[4, 5]",2,"To use aria attributes correctly, developers should",0.6666666666666666,60000,2.8b
pythia-2.8b-deduped,step60000,aria attribute,generation,gen_004,"Without appropriate aria attributes, custom widgets may",0.889113,"[0.193097, 0.738626, 0.265622, 0.602048, 0.765461, 0.486953, 0.234052, 0.206136, 0.740178, 0.357628, 0.731255, 0.320109, 0.584028, 0.236991, 0.648332, 0.213006, 0.166657, 0.109216, 0.358776, 0.132241, 0.522547, 0.157156, 0.325584, 0.438744, 0.889113, 0.524353, 0.109367, 0.84516, 0.478374, 0.253077, 0.801251, 0.624883]",24,1.620678,"[4, 5]",2,"Without appropriate aria attributes, custom widgets may",0.0,60000,2.8b
pythia-2.8b-deduped,step60000,aria attribute,generation,gen_005,An accessibility audit found missing aria attributes. This means,0.955736,"[0.247917, 0.14321, 0.087059, 0.067538, 0.018762, 0.010471, 0.027028, 0.034192, 0.0144, 0.00887, 0.01619, 0.013904, 0.018211, 0.034506, 0.037152, 0.013614, 0.035843, 0.0085, 0.020251, 0.018182, 0.099176, 0.07949, 0.16696, 0.482858, 0.413194, 0.372994, 0.955736, 0.866186, 0.455745, 0.800613, 0.753483, 0.871885]",26,0.656016,"[7, 8]",2,An accessibility audit found missing aria attributes. This means,0.3333333333333333,60000,2.8b
pythia-2.8b-deduped,step60000,aria attribute,generation,gen_006,"When creating custom components, aria attributes ensure",0.819882,"[0.190615, 0.795523, 0.245902, 0.270414, 0.679514, 0.553971, 0.500376, 0.169947, 0.406258, 0.206846, 0.819882, 0.117249, 0.198974, 0.328572, 0.491685, 0.501219, 0.388404, 0.220568, 0.244708, 0.371811, 0.544926, 0.304824, 0.28789, 0.298304, 0.213583, 0.44959, 0.305042, 0.12768, 0.230609, 0.076315, 0.074935, 0.573338]",10,2.597171,"[7, 8]",2,"When creating custom components, aria attributes ensure",0.0,60000,2.8b
pythia-2.8b-deduped,step90000,screen reader,generation,gen_001,"In web accessibility, a screen reader is",0.83815,"[0.795769, 0.553357, 0.388618, 0.783219, 0.784018, 0.052276, 0.379331, 0.075551, 0.101275, 0.131094, 0.767051, 0.296448, 0.83815, 0.065158, 0.105946, 0.077638, 0.046863, 0.121157, 0.13247, 0.072444, 0.201403, 0.238076, 0.165019, 0.169093, 0.102447, 0.172697, 0.054258, 0.479192, 0.112552, 0.795473, 0.092549, 0.041273]",12,1.670904,"[6, 7]",2,"In web accessibility, a screen reader is",1.0,90000,2.8b
pythia-2.8b-deduped,step90000,screen reader,generation,gen_002,"For blind users, a screen reader",0.85205,"[0.792569, 0.558744, 0.349343, 0.770039, 0.756107, 0.060418, 0.43222, 0.094691, 0.097898, 0.096415, 0.81574, 0.320865, 0.771989, 0.066012, 0.104136, 0.1568, 0.04187, 0.064866, 0.175102, 0.073789, 0.133925, 0.062096, 0.045886, 0.114195, 0.141422, 0.415408, 0.048293, 0.786278, 0.177779, 0.85205, 0.061845, 0.118432]",29,0.429546,"[6, 7]",2,"For blind users, a screen reader",1.0,90000,2.8b
pythia-2.8b-deduped,step90000,screen reader,generation,gen_003,"To ensure screen reader compatibility, developers should",0.822695,"[0.777075, 0.582308, 0.310496, 0.822695, 0.762202, 0.115226, 0.632698, 0.224972, 0.248859, 0.481014, 0.665855, 0.236613, 0.741699, 0.121548, 0.081422, 0.121613, 0.066462, 0.077335, 0.119398, 0.039877, 0.070535, 0.062484, 0.198582, 0.118132, 0.277048, 0.436566, 0.107649, 0.312137, 0.257587, 0.673638, 0.551409, 0.211143]",3,2.181789,"[3, 4]",2,"To ensure screen reader compatibility, developers should",0.0,90000,2.8b
pythia-2.8b-deduped,step90000,screen reader,generation,gen_004,"Without proper screen reader support, visually impaired users may",0.827052,"[0.785867, 0.558561, 0.448807, 0.811752, 0.757, 0.088513, 0.622458, 0.086936, 0.101889, 0.277947, 0.663249, 0.203672, 0.719133, 0.088697, 0.072728, 0.125462, 0.083413, 0.044024, 0.067228, 0.128741, 0.11997, 0.09992, 0.05752, 0.223474, 0.17287, 0.314957, 0.056225, 0.367861, 0.187473, 0.827052, 0.142899, 0.187957]",29,0.586576,"[3, 4]",2,"Without proper screen reader support, visually impaired users may",1.0,90000,2.8b
pythia-2.8b-deduped,step90000,screen reader,generation,gen_005,An accessibility audit found that the site is not screen reader friendly. This means,0.832195,"[0.832195, 0.606819, 0.187782, 0.727479, 0.765292, 0.11264, 0.610258, 0.056025, 0.206152, 0.50579, 0.769977, 0.309757, 0.728238, 0.145021, 0.098127, 0.119067, 0.097249, 0.050614, 0.165534, 0.462822, 0.092129, 0.102272, 0.234227, 0.21582, 0.167845, 0.655977, 0.344294, 0.601998, 0.781992, 0.272047, 0.682196, 0.424315]",0,2.667779,"[10, 11]",2,An accessibility audit found that the site is not screen reader friendly. This means,0.6666666666666666,90000,2.8b
pythia-2.8b-deduped,step90000,screen reader,generation,gen_006,"When building accessible sites, screen reader compatibility ensures",0.946351,"[0.789156, 0.551101, 0.266543, 0.713981, 0.798526, 0.154543, 0.752192, 0.114744, 0.105848, 0.188543, 0.68749, 0.226607, 0.753319, 0.054814, 0.102571, 0.098289, 0.065607, 0.057718, 0.23588, 0.18705, 0.098588, 0.223853, 0.084244, 0.278917, 0.222279, 0.308648, 0.303865, 0.456382, 0.643373, 0.946351, 0.105224, 0.617747]",29,0.229517,"[6, 7]",2,"When building accessible sites, screen reader compatibility ensures",0.6666666666666666,90000,2.8b
pythia-2.8b-deduped,step90000,skip link,generation,gen_001,"In web accessibility, a skip link is",0.85522,"[0.43726, 0.721487, 0.495641, 0.802127, 0.794078, 0.392978, 0.835189, 0.699818, 0.711219, 0.29791, 0.784802, 0.277848, 0.581537, 0.152866, 0.602326, 0.492304, 0.499705, 0.311017, 0.075901, 0.171903, 0.591713, 0.59175, 0.113398, 0.289752, 0.145008, 0.15248, 0.02349, 0.85522, 0.39895, 0.252338, 0.48652, 0.492834]",27,1.975521,"[6, 7]",2,"In web accessibility, a skip link is",1.0,90000,2.8b
pythia-2.8b-deduped,step90000,skip link,generation,gen_002,"For keyboard navigation, a skip link",0.874864,"[0.510958, 0.723067, 0.458195, 0.750074, 0.794205, 0.413905, 0.74584, 0.604981, 0.681124, 0.320142, 0.779544, 0.286171, 0.619356, 0.204075, 0.528993, 0.494575, 0.542671, 0.146844, 0.050676, 0.195168, 0.608404, 0.671893, 0.146744, 0.272127, 0.121556, 0.18405, 0.043654, 0.874864, 0.790436, 0.572168, 0.607523, 0.276955]",27,2.252588,"[6, 7]",2,"For keyboard navigation, a skip link",1.0,90000,2.8b
pythia-2.8b-deduped,step90000,skip link,generation,gen_003,"To implement a skip link, developers should",0.88979,"[0.473361, 0.750413, 0.444997, 0.759805, 0.78905, 0.429489, 0.846681, 0.450952, 0.836276, 0.256299, 0.779348, 0.176411, 0.733253, 0.189112, 0.543875, 0.617768, 0.405144, 0.39115, 0.083818, 0.188411, 0.492642, 0.718396, 0.174103, 0.574797, 0.188948, 0.206292, 0.040926, 0.816507, 0.88979, 0.790448, 0.888273, 0.823907]",28,1.556825,"[4, 5]",2,"To implement a skip link, developers should",0.6666666666666666,90000,2.8b
pythia-2.8b-deduped,step90000,skip link,generation,gen_004,"Without a skip link, keyboard users may",0.897546,"[0.572019, 0.729526, 0.34724, 0.717215, 0.801387, 0.527312, 0.844312, 0.484942, 0.824051, 0.200529, 0.795957, 0.226152, 0.767243, 0.19353, 0.249666, 0.668416, 0.435332, 0.181109, 0.138296, 0.159087, 0.535366, 0.793138, 0.294995, 0.432833, 0.156325, 0.182612, 0.142405, 0.765611, 0.447263, 0.33806, 0.897546, 0.365009]",30,1.877981,"[3, 4]",2,"Without a skip link, keyboard users may",1.0,90000,2.8b
pythia-2.8b-deduped,step90000,skip link,generation,gen_005,An accessibility review noted the absence of a skip link. This means,0.921354,"[0.514621, 0.72029, 0.403675, 0.803657, 0.80306, 0.422937, 0.841806, 0.521201, 0.720528, 0.229828, 0.794341, 0.352377, 0.692576, 0.14864, 0.405184, 0.489106, 0.666967, 0.187176, 0.112474, 0.373389, 0.317109, 0.578834, 0.185054, 0.250019, 0.019047, 0.175573, 0.057314, 0.871117, 0.716146, 0.672939, 0.921354, 0.463064]",30,1.172212,"[9, 10]",2,An accessibility review noted the absence of a skip link. This means,1.0,90000,2.8b
pythia-2.8b-deduped,step90000,skip link,generation,gen_006,"When designing accessible navigation, a skip link ensures",0.887001,"[0.583304, 0.721674, 0.312022, 0.800269, 0.796985, 0.349157, 0.828217, 0.690752, 0.690573, 0.209989, 0.765685, 0.25542, 0.672484, 0.12619, 0.489243, 0.516766, 0.399409, 0.118788, 0.038625, 0.148143, 0.532522, 0.549658, 0.105904, 0.161873, 0.087042, 0.122335, 0.104441, 0.822129, 0.887001, 0.522121, 0.839858, 0.803696]",28,1.744494,"[7, 8]",2,"When designing accessible navigation, a skip link ensures",1.0,90000,2.8b
pythia-2.8b-deduped,step90000,alt text,generation,gen_001,"In web accessibility, alt text is",0.878905,"[0.595032, 0.564622, 0.273365, 0.781447, 0.845891, 0.752172, 0.317037, 0.130908, 0.56225, 0.190304, 0.46521, 0.163835, 0.663158, 0.121821, 0.242438, 0.192345, 0.404391, 0.210015, 0.261315, 0.124568, 0.304861, 0.65508, 0.279107, 0.842685, 0.494785, 0.727942, 0.301453, 0.859203, 0.701641, 0.561939, 0.878905, 0.432193]",30,1.374372,"[5, 6]",2,"In web accessibility, alt text is",0.6666666666666666,90000,2.8b
pythia-2.8b-deduped,step90000,alt text,generation,gen_002,"For blind users, alt text",0.896084,"[0.59243, 0.578977, 0.268554, 0.773058, 0.837966, 0.78714, 0.188684, 0.08592, 0.569889, 0.126472, 0.415962, 0.11404, 0.669539, 0.157281, 0.183204, 0.144551, 0.125196, 0.225174, 0.079548, 0.055238, 0.179103, 0.627786, 0.277988, 0.576246, 0.14181, 0.896084, 0.204724, 0.71436, 0.870236, 0.035267, 0.614414, 0.642535]",25,1.319674,"[5, 6]",2,"For blind users, alt text",1.0,90000,2.8b
pythia-2.8b-deduped,step90000,alt text,generation,gen_003,"To write effective alt text, content creators should",0.839054,"[0.659837, 0.642929, 0.411127, 0.788034, 0.834921, 0.478744, 0.608405, 0.096536, 0.758086, 0.203481, 0.787571, 0.246245, 0.839054, 0.043262, 0.240058, 0.149382, 0.161569, 0.191252, 0.206421, 0.063055, 0.11273, 0.312494, 0.714313, 0.117636, 0.103387, 0.274775, 0.044207, 0.565711, 0.427728, 0.364951, 0.070655, 0.721155]",12,1.614626,"[4, 5]",2,"To write effective alt text, content creators should",0.6666666666666666,90000,2.8b
pythia-2.8b-deduped,step90000,alt text,generation,gen_004,"Without alt text, screen reader users may",0.832282,"[0.588583, 0.570662, 0.289719, 0.762837, 0.832282, 0.719786, 0.448085, 0.165141, 0.481833, 0.163396, 0.632059, 0.136708, 0.795738, 0.214407, 0.229146, 0.238485, 0.17628, 0.13069, 0.052231, 0.155493, 0.312364, 0.832049, 0.79735, 0.722007, 0.436271, 0.449359, 0.62717, 0.815962, 0.819178, 0.355055, 0.306776, 0.232259]",4,2.643816,"[2, 3]",2,"Without alt text, screen reader users may",1.0,90000,2.8b
pythia-2.8b-deduped,step90000,alt text,generation,gen_005,An accessibility scan found images lacking alt text. This means,0.873671,"[0.658919, 0.569449, 0.280738, 0.776411, 0.80933, 0.734413, 0.661374, 0.102963, 0.4059, 0.213954, 0.636672, 0.184151, 0.760149, 0.154185, 0.152481, 0.323647, 0.33657, 0.382297, 0.120633, 0.208045, 0.204881, 0.683949, 0.427343, 0.855462, 0.329228, 0.68098, 0.15945, 0.616993, 0.831127, 0.348559, 0.263798, 0.873671]",31,0.247186,"[7, 8]",2,An accessibility scan found images lacking alt text. This means,0.3333333333333333,90000,2.8b
pythia-2.8b-deduped,step90000,alt text,generation,gen_006,"When publishing web content, alt text ensures",0.919212,"[0.616965, 0.544823, 0.182934, 0.776907, 0.842129, 0.76493, 0.392061, 0.108991, 0.47561, 0.18605, 0.487298, 0.18022, 0.740511, 0.215133, 0.163439, 0.201854, 0.278488, 0.282939, 0.10129, 0.147142, 0.213605, 0.487676, 0.391777, 0.790846, 0.624047, 0.810926, 0.074012, 0.849366, 0.876598, 0.547042, 0.919212, 0.124321]",30,1.243387,"[6, 7]",2,"When publishing web content, alt text ensures",1.0,90000,2.8b
pythia-2.8b-deduped,step90000,color contrast,generation,gen_001,"In web accessibility, color contrast is",0.879923,"[0.739338, 0.685852, 0.671588, 0.64839, 0.75891, 0.223207, 0.602688, 0.122128, 0.571895, 0.184018, 0.7174, 0.575061, 0.554666, 0.449642, 0.292137, 0.568023, 0.113651, 0.299151, 0.068185, 0.420403, 0.607091, 0.606905, 0.169408, 0.259652, 0.181264, 0.300563, 0.09611, 0.733662, 0.719621, 0.243542, 0.879923, 0.475459]",30,1.655386,"[5, 6]",2,"In web accessibility, color contrast is",0.6666666666666666,90000,2.8b
pythia-2.8b-deduped,step90000,color contrast,generation,gen_002,"For users with low vision, color contrast",0.790366,"[0.655676, 0.688024, 0.644993, 0.570997, 0.773474, 0.158537, 0.704171, 0.21665, 0.420309, 0.376686, 0.718886, 0.464815, 0.560169, 0.431821, 0.37722, 0.293388, 0.161609, 0.45837, 0.059804, 0.037005, 0.606733, 0.717411, 0.11087, 0.272402, 0.223726, 0.519913, 0.130724, 0.696398, 0.706474, 0.432934, 0.790366, 0.350716]",30,1.824445,"[7, 8]",2,"For users with low vision, color contrast",0.3333333333333333,90000,2.8b
pythia-2.8b-deduped,step90000,color contrast,generation,gen_003,"To achieve sufficient color contrast, designers should",0.799679,"[0.760977, 0.646262, 0.799679, 0.723856, 0.746465, 0.203537, 0.611998, 0.351567, 0.307075, 0.287683, 0.746206, 0.610327, 0.55967, 0.310738, 0.368361, 0.406661, 0.207931, 0.367719, 0.092942, 0.077682, 0.448511, 0.552916, 0.206773, 0.237699, 0.190624, 0.252203, 0.579961, 0.798026, 0.119954, 0.047511, 0.598707, 0.540458]",2,2.69421,"[4, 5]",2,"To achieve sufficient color contrast, designers should",0.6666666666666666,90000,2.8b
pythia-2.8b-deduped,step90000,color contrast,generation,gen_004,"Without adequate color contrast, users with visual impairments may",0.785313,"[0.724198, 0.656935, 0.77742, 0.774928, 0.759128, 0.286295, 0.746805, 0.495695, 0.313082, 0.389398, 0.748889, 0.694746, 0.525099, 0.368881, 0.304446, 0.31751, 0.194196, 0.31879, 0.117292, 0.213535, 0.5329, 0.596615, 0.163816, 0.367243, 0.050907, 0.461097, 0.683193, 0.725514, 0.644194, 0.495691, 0.785313, 0.455453]",30,1.688317,"[3, 4]",2,"Without adequate color contrast, users with visual impairments may",1.0,90000,2.8b
pythia-2.8b-deduped,step90000,color contrast,generation,gen_005,An accessibility checker flagged poor color contrast. This means,0.814253,"[0.768272, 0.685666, 0.469255, 0.588738, 0.814253, 0.23246, 0.719142, 0.32449, 0.153403, 0.363416, 0.759593, 0.441634, 0.662822, 0.619644, 0.279939, 0.272131, 0.090538, 0.179579, 0.066036, 0.147177, 0.507394, 0.716414, 0.175035, 0.220141, 0.049982, 0.123092, 0.030071, 0.706429, 0.665221, 0.009585, 0.481683, 0.201405]",4,2.435768,"[8, 9]",2,An accessibility checker flagged poor color contrast. This means,0.6666666666666666,90000,2.8b
pythia-2.8b-deduped,step90000,color contrast,generation,gen_006,"When selecting color palettes, color contrast ensures",0.82523,"[0.626778, 0.700768, 0.66792, 0.487265, 0.796896, 0.092461, 0.674974, 0.428525, 0.351153, 0.152579, 0.780199, 0.21157, 0.473935, 0.204225, 0.314254, 0.65289, 0.122421, 0.330836, 0.067417, 0.102176, 0.299578, 0.574035, 0.491987, 0.312491, 0.396492, 0.213387, 0.296352, 0.511721, 0.5186, 0.490167, 0.724721, 0.82523]",31,0.537561,"[7, 8]",2,"When selecting color palettes, color contrast ensures",0.3333333333333333,90000,2.8b
pythia-2.8b-deduped,step90000,focus indicator,generation,gen_001,"In web accessibility, a focus indicator is",0.908632,"[0.569085, 0.723029, 0.549205, 0.822035, 0.839757, 0.500245, 0.908632, 0.612142, 0.557501, 0.237124, 0.867354, 0.560108, 0.855601, 0.211794, 0.120375, 0.352446, 0.26878, 0.121521, 0.051976, 0.079363, 0.174854, 0.652761, 0.211336, 0.541222, 0.068593, 0.276572, 0.009649, 0.086721, 0.094111, 0.009726, 0.550168, 0.084721]",6,1.509746,"[6, 7]",2,"In web accessibility, a focus indicator is",1.0,90000,2.8b
pythia-2.8b-deduped,step90000,focus indicator,generation,gen_002,"For keyboard users, a focus indicator",0.896536,"[0.468673, 0.741679, 0.454082, 0.758383, 0.798057, 0.468432, 0.896536, 0.240283, 0.473524, 0.291787, 0.859342, 0.229442, 0.556256, 0.205982, 0.195774, 0.285975, 0.339755, 0.36376, 0.099235, 0.158293, 0.388804, 0.43948, 0.149252, 0.693122, 0.412803, 0.815612, 0.164322, 0.709945, 0.173558, 0.131079, 0.753926, 0.043118]",6,1.550226,"[6, 7]",2,"For keyboard users, a focus indicator",0.6666666666666666,90000,2.8b
pythia-2.8b-deduped,step90000,focus indicator,generation,gen_003,"To implement visible focus indicators, developers should",0.891882,"[0.224691, 0.769426, 0.201105, 0.404178, 0.766822, 0.380824, 0.320748, 0.14626, 0.698, 0.33295, 0.576554, 0.300535, 0.56816, 0.164406, 0.375057, 0.382936, 0.61105, 0.227885, 0.275003, 0.214063, 0.514498, 0.432661, 0.342125, 0.461475, 0.704579, 0.87828, 0.166417, 0.891882, 0.332813, 0.827763, 0.871433, 0.81728]",27,1.641776,"[5, 6]",2,"To implement visible focus indicators, developers should",0.3333333333333333,90000,2.8b
pythia-2.8b-deduped,step90000,focus indicator,generation,gen_004,"Without a focus indicator, keyboard-only users may",0.848844,"[0.534148, 0.746338, 0.541001, 0.770839, 0.816695, 0.404998, 0.848844, 0.374052, 0.470942, 0.301991, 0.739536, 0.313371, 0.812295, 0.305986, 0.158175, 0.389625, 0.486421, 0.3529, 0.178692, 0.041841, 0.275601, 0.623555, 0.38688, 0.224861, 0.056141, 0.211365, 0.027272, 0.639537, 0.818839, 0.087739, 0.813033, 0.378176]",6,1.392941,"[3, 4]",2,"Without a focus indicator, keyboard-only users may",0.3333333333333333,90000,2.8b
pythia-2.8b-deduped,step90000,focus indicator,generation,gen_005,A usability test revealed missing focus indicators. This means,0.90167,"[0.253714, 0.099825, 0.034676, 0.025628, 0.032006, 0.025141, 0.011355, 0.043268, 0.01379, 0.012403, 0.017259, 0.012816, 0.01004, 0.012224, 0.010476, 0.010683, 0.027558, 0.005968, 0.01438, 0.010063, 0.068799, 0.030249, 0.092174, 0.40098, 0.284715, 0.120787, 0.90167, 0.72739, 0.457607, 0.758604, 0.668218, 0.523539]",26,0.523015,"[7, 8]",2,A usability test revealed missing focus indicators. This means,0.6666666666666666,90000,2.8b
pythia-2.8b-deduped,step90000,focus indicator,generation,gen_006,"When styling interactive elements, a focus indicator ensures",0.896357,"[0.449709, 0.753645, 0.257636, 0.763558, 0.779577, 0.410894, 0.896357, 0.279711, 0.625186, 0.494699, 0.867025, 0.466265, 0.788167, 0.138263, 0.152986, 0.484846, 0.293363, 0.211879, 0.069394, 0.184815, 0.078329, 0.549591, 0.092003, 0.523728, 0.230514, 0.213962, 0.011229, 0.348594, 0.181095, 0.021496, 0.764748, 0.070134]",6,1.535186,"[7, 8]",2,"When styling interactive elements, a focus indicator ensures",0.6666666666666666,90000,2.8b
pythia-2.8b-deduped,step90000,heading structure,generation,gen_001,"In web accessibility, heading structure is",0.890137,"[0.360655, 0.762559, 0.709089, 0.841055, 0.835989, 0.412663, 0.890137, 0.835875, 0.535293, 0.301689, 0.639909, 0.331728, 0.749279, 0.260487, 0.424329, 0.571064, 0.307149, 0.398455, 0.109442, 0.255357, 0.673567, 0.444807, 0.110337, 0.554007, 0.574488, 0.54484, 0.135447, 0.872634, 0.43716, 0.372163, 0.756639, 0.681691]",6,1.488303,"[5, 6]",2,"In web accessibility, heading structure is",0.3333333333333333,90000,2.8b
pythia-2.8b-deduped,step90000,heading structure,generation,gen_002,"For screen readers, heading structure",0.887402,"[0.304126, 0.759543, 0.512513, 0.835919, 0.816957, 0.535501, 0.887402, 0.62431, 0.66465, 0.617473, 0.721462, 0.213218, 0.751495, 0.166737, 0.290931, 0.533855, 0.248601, 0.25473, 0.055249, 0.117189, 0.459559, 0.339612, 0.246882, 0.347441, 0.276393, 0.397179, 0.048926, 0.748324, 0.791084, 0.327723, 0.346945, 0.477699]",6,1.309736,"[5, 6]",2,"For screen readers, heading structure",0.3333333333333333,90000,2.8b
pythia-2.8b-deduped,step90000,heading structure,generation,gen_003,"To create proper heading structure, content authors should",0.904572,"[0.3256, 0.760657, 0.676025, 0.814899, 0.784918, 0.322862, 0.775148, 0.847294, 0.376973, 0.22518, 0.732509, 0.227938, 0.505085, 0.194963, 0.359965, 0.464248, 0.441028, 0.407638, 0.133628, 0.263766, 0.580777, 0.735604, 0.394763, 0.727973, 0.337513, 0.230273, 0.31859, 0.904572, 0.864795, 0.170147, 0.636314, 0.534824]",27,1.942062,"[4, 5]",2,"To create proper heading structure, content authors should",0.6666666666666666,90000,2.8b
pythia-2.8b-deduped,step90000,heading structure,generation,gen_004,"Without logical heading structure, screen reader users may",0.811172,"[0.355022, 0.757738, 0.374828, 0.718872, 0.811172, 0.496883, 0.798393, 0.191822, 0.468187, 0.539739, 0.76718, 0.179578, 0.805668, 0.331007, 0.427355, 0.524715, 0.286717, 0.285932, 0.065847, 0.243886, 0.355575, 0.297898, 0.36488, 0.184633, 0.108616, 0.482702, 0.301237, 0.777737, 0.799529, 0.445077, 0.324855, 0.118082]",4,2.54247,"[3, 4]",2,"Without logical heading structure, screen reader users may",0.3333333333333333,90000,2.8b
pythia-2.8b-deduped,step90000,heading structure,generation,gen_005,An accessibility evaluation found improper heading structure. This means,0.827469,"[0.421089, 0.734788, 0.762448, 0.573846, 0.786358, 0.534417, 0.727688, 0.62047, 0.445162, 0.340784, 0.801067, 0.202149, 0.691317, 0.110283, 0.24369, 0.648607, 0.284848, 0.148745, 0.133654, 0.16407, 0.623692, 0.220633, 0.145599, 0.253793, 0.214942, 0.213274, 0.357409, 0.827469, 0.79356, 0.179541, 0.178958, 0.338255]",27,1.638366,"[6, 7]",2,An accessibility evaluation found improper heading structure. This means,0.3333333333333333,90000,2.8b
pythia-2.8b-deduped,step90000,heading structure,generation,gen_006,"When organizing page content, heading structure ensures",0.8357,"[0.315798, 0.754177, 0.173591, 0.813953, 0.754937, 0.44971, 0.796706, 0.364631, 0.518077, 0.630335, 0.597476, 0.222608, 0.658038, 0.27129, 0.364733, 0.491237, 0.101651, 0.1428, 0.089375, 0.096774, 0.684407, 0.362538, 0.185218, 0.255364, 0.576086, 0.324183, 0.047682, 0.8357, 0.257254, 0.161877, 0.636561, 0.696273]",27,1.790001,"[6, 7]",2,"When organizing page content, heading structure ensures",0.3333333333333333,90000,2.8b
pythia-2.8b-deduped,step90000,keyboard navigation,generation,gen_001,"In web accessibility, keyboard navigation is",0.844667,"[0.428593, 0.636138, 0.187208, 0.556788, 0.822685, 0.285114, 0.590222, 0.187621, 0.489205, 0.255505, 0.6837, 0.449503, 0.830137, 0.382525, 0.597349, 0.50992, 0.107676, 0.271615, 0.117011, 0.381249, 0.590129, 0.410337, 0.053557, 0.738681, 0.193485, 0.364619, 0.036634, 0.844667, 0.830496, 0.37275, 0.749176, 0.099156]",27,1.55872,"[5, 6]",2,"In web accessibility, keyboard navigation is",0.0,90000,2.8b
pythia-2.8b-deduped,step90000,keyboard navigation,generation,gen_002,"For users with motor disabilities, keyboard navigation",0.903114,"[0.416321, 0.654653, 0.52019, 0.493315, 0.792986, 0.51576, 0.611569, 0.15843, 0.547756, 0.311934, 0.661616, 0.452138, 0.823307, 0.246384, 0.574294, 0.326863, 0.172082, 0.319642, 0.079956, 0.183207, 0.493582, 0.589347, 0.17142, 0.33545, 0.114098, 0.735148, 0.094933, 0.820714, 0.903114, 0.839362, 0.880262, 0.180824]",28,1.613017,"[7, 8]",2,"For users with motor disabilities, keyboard navigation",0.0,90000,2.8b
pythia-2.8b-deduped,step90000,keyboard navigation,generation,gen_003,"To support keyboard navigation, developers should",0.810887,"[0.517013, 0.631237, 0.27233, 0.784029, 0.808238, 0.204946, 0.584062, 0.14434, 0.530635, 0.228147, 0.767731, 0.376591, 0.810887, 0.124945, 0.328174, 0.443184, 0.178933, 0.427235, 0.1165, 0.290619, 0.36769, 0.355159, 0.448324, 0.471381, 0.120019, 0.328756, 0.074913, 0.796124, 0.585729, 0.181435, 0.573657, 0.14364]",12,2.201137,"[3, 4]",2,"To support keyboard navigation, developers should",0.0,90000,2.8b
pythia-2.8b-deduped,step90000,keyboard navigation,generation,gen_004,"Without keyboard navigation support, motor-impaired users may",0.85596,"[0.407414, 0.622668, 0.428115, 0.710746, 0.827887, 0.43421, 0.628948, 0.111144, 0.49431, 0.22682, 0.675466, 0.484211, 0.693467, 0.099159, 0.387741, 0.479706, 0.287834, 0.133214, 0.260601, 0.405828, 0.427231, 0.609921, 0.227885, 0.309319, 0.070224, 0.56403, 0.141704, 0.54361, 0.759596, 0.644975, 0.85596, 0.18584]",30,1.971057,"[2, 3]",2,"Without keyboard navigation support, motor-impaired users may",0.0,90000,2.8b
pythia-2.8b-deduped,step90000,keyboard navigation,generation,gen_005,A manual test revealed keyboard navigation failures. This means,0.82314,"[0.371454, 0.645557, 0.216793, 0.579666, 0.775017, 0.33794, 0.706998, 0.440752, 0.433152, 0.269759, 0.748819, 0.280885, 0.681163, 0.201717, 0.389249, 0.394471, 0.13158, 0.194134, 0.113077, 0.209382, 0.39277, 0.354727, 0.226014, 0.361314, 0.219503, 0.82314, 0.142129, 0.785924, 0.410149, 0.318757, 0.816361, 0.185466]",25,1.744443,"[5, 6]",2,A manual test revealed keyboard navigation failures. This means,0.0,90000,2.8b
pythia-2.8b-deduped,step90000,keyboard navigation,generation,gen_006,"When developing interactive features, keyboard navigation ensures",0.899977,"[0.435325, 0.649774, 0.174849, 0.611882, 0.789234, 0.525699, 0.678753, 0.216454, 0.460038, 0.297725, 0.721297, 0.504666, 0.781835, 0.337908, 0.560945, 0.358903, 0.145353, 0.250615, 0.049503, 0.364699, 0.704019, 0.466462, 0.116349, 0.48137, 0.16123, 0.517151, 0.072362, 0.829656, 0.851221, 0.899977, 0.886683, 0.053892]",29,0.556569,"[6, 7]",2,"When developing interactive features, keyboard navigation ensures",0.0,90000,2.8b
pythia-2.8b-deduped,step90000,landmark region,generation,gen_001,"In web accessibility, a landmark region is",0.900233,"[0.514652, 0.717848, 0.752446, 0.78578, 0.778645, 0.650531, 0.816807, 0.485216, 0.71463, 0.127512, 0.786148, 0.143161, 0.832469, 0.678555, 0.284529, 0.61126, 0.211659, 0.14968, 0.36785, 0.039845, 0.671197, 0.641103, 0.05237, 0.486554, 0.042346, 0.163605, 0.038205, 0.900233, 0.73135, 0.195297, 0.647725, 0.1424]",27,1.2189,"[6, 7]",2,"In web accessibility, a landmark region is",0.0,90000,2.8b
pythia-2.8b-deduped,step90000,landmark region,generation,gen_002,"For screen reader users, landmark regions",0.0,"[0.0, 0.0, 0.0, 0.0, 0.0, 0.0, 0.0, 0.0, 0.0, 0.0, 0.0, 0.0, 0.0, 0.0, 0.0, 0.0, 0.0, 0.0, 0.0, 0.0, 0.0, 0.0, 0.0, 0.0, 0.0, 0.0, 0.0, 0.0, 0.0, 0.0, 0.0, 0.0]",0,3.465736,[7],3,"For screen reader users, landmark regions",0.0,90000,2.8b
pythia-2.8b-deduped,step90000,landmark region,generation,gen_003,"To implement landmark regions, developers should",0.449845,"[0.199298, 0.449845, 0.200099, 0.173675, 0.389894, 0.206601, 0.274162, 0.094195, 0.294675, 0.117258, 0.291989, 0.19862, 0.18561, 0.166125, 0.261601, 0.114391, 0.204404, 0.208105, 0.103766, 0.230371, 0.32641, 0.136516, 0.213554, 0.242725, 0.255733, 0.380645, 0.098274, 0.415599, 0.108293, 0.245867, 0.340564, 0.278307]",1,3.184838,"[4, 5, 6]",3,"To implement landmark regions, developers should",0.0,90000,2.8b
pythia-2.8b-deduped,step90000,landmark region,generation,gen_004,"Without proper landmark regions, assistive technology users may",0.44032,"[0.239988, 0.44032, 0.187792, 0.300047, 0.435801, 0.22115, 0.296167, 0.122136, 0.338126, 0.180272, 0.223568, 0.119169, 0.183368, 0.111123, 0.229026, 0.247264, 0.357206, 0.115535, 0.166742, 0.334463, 0.23345, 0.342106, 0.361789, 0.144921, 0.302719, 0.280788, 0.242818, 0.396764, 0.242941, 0.116883, 0.427925, 0.273187]",1,3.239884,"[4, 5, 6]",3,"Without proper landmark regions, assistive technology users may",0.0,90000,2.8b
pythia-2.8b-deduped,step90000,landmark region,generation,gen_005,An HTML validation found missing landmark regions. This means,0.484108,"[0.244388, 0.181036, 0.255066, 0.179696, 0.209792, 0.105028, 0.138037, 0.111666, 0.124541, 0.11245, 0.095675, 0.04987, 0.072071, 0.101975, 0.128082, 0.127374, 0.104473, 0.073054, 0.20348, 0.147124, 0.107122, 0.098826, 0.132307, 0.132999, 0.371275, 0.19482, 0.484108, 0.450047, 0.294122, 0.47487, 0.358343, 0.410015]",26,3.009666,"[7, 8, 9]",3,An HTML validation found missing landmark regions. This means,0.0,90000,2.8b
pythia-2.8b-deduped,step90000,landmark region,generation,gen_006,"When structuring page layout, landmark regions ensure",0.838566,"[0.100368, 0.838566, 0.34292, 0.539401, 0.669173, 0.243897, 0.459311, 0.285588, 0.632156, 0.252807, 0.718619, 0.306115, 0.292061, 0.154251, 0.234891, 0.153727, 0.506177, 0.289649, 0.111147, 0.325849, 0.611654, 0.266212, 0.170071, 0.531336, 0.151186, 0.386469, 0.036055, 0.081901, 0.017412, 0.023031, 0.214933, 0.540635]",1,2.63099,"[8, 9]",3,"When structuring page layout, landmark regions ensure",0.0,90000,2.8b
pythia-2.8b-deduped,step90000,aria attribute,generation,gen_001,"In web accessibility, an aria attribute is",0.929761,"[0.336387, 0.756672, 0.406257, 0.563471, 0.808155, 0.348314, 0.668582, 0.569728, 0.595895, 0.254616, 0.646371, 0.352863, 0.44201, 0.630212, 0.249254, 0.285094, 0.304434, 0.618156, 0.361766, 0.438885, 0.662799, 0.809987, 0.291239, 0.835702, 0.251414, 0.119697, 0.086377, 0.754994, 0.800798, 0.836142, 0.591546, 0.929761]",31,0.161388,"[6, 7]",2,"In web accessibility, an aria attribute is",0.6666666666666666,90000,2.8b
pythia-2.8b-deduped,step90000,aria attribute,generation,gen_002,"For screen reader users, aria attributes",0.0,"[0.0, 0.0, 0.0, 0.0, 0.0, 0.0, 0.0, 0.0, 0.0, 0.0, 0.0, 0.0, 0.0, 0.0, 0.0, 0.0, 0.0, 0.0, 0.0, 0.0, 0.0, 0.0, 0.0, 0.0, 0.0, 0.0, 0.0, 0.0, 0.0, 0.0, 0.0, 0.0]",0,3.465736,[7],2,"For screen reader users, aria attributes",0.3333333333333333,90000,2.8b
pythia-2.8b-deduped,step90000,aria attribute,generation,gen_003,"To use aria attributes correctly, developers should",0.884013,"[0.33256, 0.78171, 0.269861, 0.466865, 0.818432, 0.395145, 0.464999, 0.211154, 0.391236, 0.110491, 0.360673, 0.458322, 0.503109, 0.309013, 0.306949, 0.115812, 0.354199, 0.332793, 0.542501, 0.190449, 0.318426, 0.422673, 0.339351, 0.438061, 0.572247, 0.39172, 0.088755, 0.732721, 0.884013, 0.127216, 0.496038, 0.386298]",28,1.426964,"[4, 5]",2,"To use aria attributes correctly, developers should",0.6666666666666666,90000,2.8b
pythia-2.8b-deduped,step90000,aria attribute,generation,gen_004,"Without appropriate aria attributes, custom widgets may",0.908155,"[0.248221, 0.755693, 0.234408, 0.458628, 0.771665, 0.495343, 0.379284, 0.21485, 0.687794, 0.335618, 0.681639, 0.350182, 0.469452, 0.162988, 0.560973, 0.314524, 0.289211, 0.164918, 0.234045, 0.212527, 0.414576, 0.187934, 0.305292, 0.388191, 0.908155, 0.520095, 0.071167, 0.874537, 0.29772, 0.16528, 0.896978, 0.526718]",24,1.529004,"[4, 5]",2,"Without appropriate aria attributes, custom widgets may",0.3333333333333333,90000,2.8b
pythia-2.8b-deduped,step90000,aria attribute,generation,gen_005,An accessibility audit found missing aria attributes. This means,0.956486,"[0.219926, 0.083373, 0.055178, 0.064162, 0.025565, 0.009454, 0.020123, 0.022925, 0.009149, 0.009677, 0.014362, 0.008377, 0.011935, 0.02822, 0.016049, 0.013286, 0.036588, 0.013201, 0.015541, 0.010556, 0.050814, 0.069198, 0.199589, 0.261165, 0.203604, 0.234529, 0.956486, 0.771851, 0.61848, 0.755818, 0.723926, 0.76352]",26,0.499211,"[7, 8]",2,An accessibility audit found missing aria attributes. This means,0.3333333333333333,90000,2.8b
pythia-2.8b-deduped,step90000,aria attribute,generation,gen_006,"When creating custom components, aria attributes ensure",0.844423,"[0.17156, 0.797333, 0.379078, 0.171523, 0.632168, 0.254859, 0.508997, 0.240908, 0.51368, 0.234402, 0.844423, 0.197015, 0.208614, 0.54231, 0.440598, 0.325351, 0.297032, 0.180036, 0.319736, 0.399574, 0.596423, 0.145304, 0.418045, 0.608328, 0.472601, 0.570458, 0.008523, 0.517078, 0.1332, 0.043239, 0.131101, 0.428307]",10,2.605878,"[7, 8]",2,"When creating custom components, aria attributes ensure",0.0,90000,2.8b
