Watchdog started. Waiting for 40 files in data/results/behavioral_crfm_45 ...
  [02:15:16] 4/40 behavioral_crfm_45 files done
  [02:17:16] 4/40 behavioral_crfm_45 files done
  [02:19:16] 4/40 behavioral_crfm_45 files done
  [02:21:16] 4/40 behavioral_crfm_45 files done
  [02:23:16] 4/40 behavioral_crfm_45 files done
  [02:25:16] 5/40 behavioral_crfm_45 files done
  [02:27:16] 5/40 behavioral_crfm_45 files done
  [02:29:16] 5/40 behavioral_crfm_45 files done
  [02:31:16] 5/40 behavioral_crfm_45 files done
  [02:33:16] 6/40 behavioral_crfm_45 files done
  [02:35:16] 6/40 behavioral_crfm_45 files done
  [02:37:16] 6/40 behavioral_crfm_45 files done
  [02:39:16] 6/40 behavioral_crfm_45 files done
  [02:41:16] 7/40 behavioral_crfm_45 files done
  [02:43:16] 7/40 behavioral_crfm_45 files done
  [02:45:16] 7/40 behavioral_crfm_45 files done
  [02:47:16] 7/40 behavioral_crfm_45 files done
  [02:49:16] 7/40 behavioral_crfm_45 files done
  [02:51:16] 8/40 behavioral_crfm_45 files done
  [02:53:16] 8/40 behavioral_crfm_45 files done
  [02:55:16] 8/40 behavioral_crfm_45 files done
  [02:57:16] 8/40 behavioral_crfm_45 files done
  [02:59:16] 9/40 behavioral_crfm_45 files done
  [03:01:16] 9/40 behavioral_crfm_45 files done
  [03:03:16] 9/40 behavioral_crfm_45 files done
  [03:05:16] 9/40 behavioral_crfm_45 files done
  [03:07:16] 9/40 behavioral_crfm_45 files done
  [03:09:16] 10/40 behavioral_crfm_45 files done
  [03:11:16] 10/40 behavioral_crfm_45 files done
  [03:13:16] 10/40 behavioral_crfm_45 files done
  [03:15:16] 10/40 behavioral_crfm_45 files done
  [03:17:16] 11/40 behavioral_crfm_45 files done
  [03:19:16] 11/40 behavioral_crfm_45 files done
  [03:21:16] 11/40 behavioral_crfm_45 files done
  [03:23:16] 11/40 behavioral_crfm_45 files done
  [03:25:16] 12/40 behavioral_crfm_45 files done
  [03:27:16] 12/40 behavioral_crfm_45 files done
  [03:29:16] 12/40 behavioral_crfm_45 files done
  [03:31:16] 12/40 behavioral_crfm_45 files done
  [03:33:16] 13/40 behavioral_crfm_45 files done
  [03:35:16] 13/40 behavioral_crfm_45 files done
  [03:37:16] 13/40 behavioral_crfm_45 files done
  [03:39:16] 13/40 behavioral_crfm_45 files done
  [03:41:16] 14/40 behavioral_crfm_45 files done
  [03:43:16] 14/40 behavioral_crfm_45 files done
  [03:45:16] 14/40 behavioral_crfm_45 files done
  [03:47:16] 15/40 behavioral_crfm_45 files done
  [03:49:16] 15/40 behavioral_crfm_45 files done
  [03:51:16] 15/40 behavioral_crfm_45 files done
  [03:53:16] 16/40 behavioral_crfm_45 files done
  [03:55:16] 16/40 behavioral_crfm_45 files done
  [03:57:16] 16/40 behavioral_crfm_45 files done
  [03:59:16] 17/40 behavioral_crfm_45 files done
  [04:01:16] 17/40 behavioral_crfm_45 files done
  [04:03:16] 17/40 behavioral_crfm_45 files done
  [04:05:16] 18/40 behavioral_crfm_45 files done
  [04:07:16] 18/40 behavioral_crfm_45 files done
  [04:09:16] 18/40 behavioral_crfm_45 files done
  [04:11:16] 19/40 behavioral_crfm_45 files done
  [04:13:16] 19/40 behavioral_crfm_45 files done
  [04:15:16] 19/40 behavioral_crfm_45 files done
  [04:17:16] 20/40 behavioral_crfm_45 files done
  [04:19:16] 20/40 behavioral_crfm_45 files done
  [04:21:16] 20/40 behavioral_crfm_45 files done
  [04:23:16] 21/40 behavioral_crfm_45 files done
  [04:25:16] 21/40 behavioral_crfm_45 files done
  [04:27:16] 21/40 behavioral_crfm_45 files done
  [04:29:16] 22/40 behavioral_crfm_45 files done
  [04:31:16] 22/40 behavioral_crfm_45 files done
  [04:33:16] 22/40 behavioral_crfm_45 files done
  [04:35:16] 22/40 behavioral_crfm_45 files done
  [04:37:16] 23/40 behavioral_crfm_45 files done
  [04:39:16] 23/40 behavioral_crfm_45 files done
  [04:41:16] 23/40 behavioral_crfm_45 files done
  [04:43:16] 24/40 behavioral_crfm_45 files done
  [04:45:16] 24/40 behavioral_crfm_45 files done
  [04:47:16] 24/40 behavioral_crfm_45 files done
  [04:49:16] 25/40 behavioral_crfm_45 files done
  [04:51:16] 25/40 behavioral_crfm_45 files done
  [04:53:16] 25/40 behavioral_crfm_45 files done
  [04:55:16] 25/40 behavioral_crfm_45 files done
  [04:57:16] 26/40 behavioral_crfm_45 files done
  [04:59:16] 26/40 behavioral_crfm_45 files done
  [05:01:16] 26/40 behavioral_crfm_45 files done
  [05:03:16] 26/40 behavioral_crfm_45 files done
  [05:05:16] 27/40 behavioral_crfm_45 files done
  [05:07:16] 27/40 behavioral_crfm_45 files done
  [05:09:16] 27/40 behavioral_crfm_45 files done
  [05:11:16] 27/40 behavioral_crfm_45 files done
  [05:13:16] 28/40 behavioral_crfm_45 files done
  [05:15:16] 28/40 behavioral_crfm_45 files done
  [05:17:16] 28/40 behavioral_crfm_45 files done
  [05:19:16] 28/40 behavioral_crfm_45 files done
  [05:21:16] 29/40 behavioral_crfm_45 files done
  [05:23:16] 29/40 behavioral_crfm_45 files done
  [05:25:16] 29/40 behavioral_crfm_45 files done
  [05:27:16] 29/40 behavioral_crfm_45 files done
  [05:29:16] 30/40 behavioral_crfm_45 files done
  [05:31:16] 30/40 behavioral_crfm_45 files done
  [05:33:16] 30/40 behavioral_crfm_45 files done
  [05:35:16] 31/40 behavioral_crfm_45 files done
  [05:37:16] 31/40 behavioral_crfm_45 files done
  [05:39:16] 31/40 behavioral_crfm_45 files done
  [05:41:16] 31/40 behavioral_crfm_45 files done
  [05:43:16] 31/40 behavioral_crfm_45 files done
  [05:45:16] 32/40 behavioral_crfm_45 files done
  [05:47:16] 32/40 behavioral_crfm_45 files done
  [05:49:16] 32/40 behavioral_crfm_45 files done
  [05:51:16] 32/40 behavioral_crfm_45 files done
  [05:53:16] 33/40 behavioral_crfm_45 files done
  [05:55:16] 33/40 behavioral_crfm_45 files done
  [05:57:16] 33/40 behavioral_crfm_45 files done
  [05:59:16] 33/40 behavioral_crfm_45 files done
  [06:01:16] 33/40 behavioral_crfm_45 files done
  [06:03:16] 34/40 behavioral_crfm_45 files done
  [06:05:16] 34/40 behavioral_crfm_45 files done
  [06:07:16] 34/40 behavioral_crfm_45 files done
  [06:09:16] 34/40 behavioral_crfm_45 files done
  [06:11:16] 35/40 behavioral_crfm_45 files done
  [06:13:16] 35/40 behavioral_crfm_45 files done
  [06:15:16] 35/40 behavioral_crfm_45 files done
  [06:17:16] 35/40 behavioral_crfm_45 files done
  [06:19:16] 36/40 behavioral_crfm_45 files done
  [06:21:16] 36/40 behavioral_crfm_45 files done
  [06:23:16] 36/40 behavioral_crfm_45 files done
  [06:25:16] 36/40 behavioral_crfm_45 files done
  [06:27:16] 37/40 behavioral_crfm_45 files done
  [06:29:16] 37/40 behavioral_crfm_45 files done
  [06:31:16] 37/40 behavioral_crfm_45 files done
  [06:33:16] 37/40 behavioral_crfm_45 files done
  [06:35:16] 38/40 behavioral_crfm_45 files done
  [06:37:16] 38/40 behavioral_crfm_45 files done
  [06:39:16] 38/40 behavioral_crfm_45 files done
  [06:41:16] 38/40 behavioral_crfm_45 files done
  [06:43:16] 39/40 behavioral_crfm_45 files done
  [06:45:16] 39/40 behavioral_crfm_45 files done
  [06:47:16] 39/40 behavioral_crfm_45 files done
  [06:49:16] 40/40 behavioral_crfm_45 files done

✅ CRFM behavioral complete (40 files). Starting pipeline ...

============================================================
STEP: C1-B crfm45
CMD:  python src/analyze_c1b_within_term.py --model crfm45
============================================================

=== C1-B: Within-Term Temporal Precedence Analysis ===
H1: EB* rise precedes behavioral emergence in >50% of terms


============================================================
C1-B: crfm-gpt2-sm-x1-45
============================================================
  alert dialog                    r_fwd=+0.725  r_bck=-0.367  → EB* leads
  alt text                        r_fwd=+0.716  r_bck=+0.140  → EB* leads
  aria attribute                  r_fwd=+0.674  r_bck=+0.174  → EB* leads
  audio description               r_fwd=+0.604  r_bck=+0.270  → EB* leads
  braille display                 r_fwd=+0.672  r_bck=+0.299  → EB* leads
  captions closed                 r_fwd=+0.736  r_bck=+0.666  → EB* leads
  cognitive load                  r_fwd=+0.716  r_bck=+0.710  → EB* leads
  color contrast                  r_fwd=-0.027  r_bck=+0.357  ← Beh leads
  contrast ratio                  r_fwd=+0.299  r_bck=+0.122  → EB* leads
  error identification            r_fwd=+0.700  r_bck=+0.955  ← Beh leads
  eye tracking                    r_fwd=+0.709  r_bck=+0.879  ← Beh leads
  focus indicator                 r_fwd=-0.059  r_bck=-0.004  ← Beh leads
  focus management                r_fwd=+0.423  r_bck=+0.475  ← Beh leads
  focus trap                      r_fwd=+0.403  r_bck=+0.205  → EB* leads
  haptic feedback                 r_fwd=+0.792  r_bck=+0.886  ← Beh leads
  heading structure               r_fwd=+0.322  r_bck=+0.066  → EB* leads
  high contrast                   r_fwd=+0.449  r_bck=+0.310  → EB* leads
  input purpose                   r_fwd=+0.529  r_bck=+0.094  → EB* leads
  keyboard navigation             r_fwd=+0.292  r_bck=+0.311  ← Beh leads
  keyboard shortcut               r_fwd=+0.244  r_bck=+0.223  → EB* leads
  landmark region                 r_fwd=+0.194  r_bck=+0.850  ← Beh leads
  live region                     r_fwd=+0.681  r_bck=+0.774  ← Beh leads
  motion sensitivity              r_fwd=+0.412  r_bck=+0.766  ← Beh leads
  non-text content                r_fwd=+0.424  r_bck=+0.483  ← Beh leads
  orientation support             r_fwd=+0.555  r_bck=+0.173  → EB* leads
  plain language                  r_fwd=+0.527  r_bck=+0.719  ← Beh leads
  reduced motion                  r_fwd=+0.698  r_bck=+0.418  → EB* leads
  reflow content                  r_fwd=+0.821  r_bck=+0.122  → EB* leads
  screen magnifier                r_fwd=+0.556  r_bck=+0.354  → EB* leads
  screen reader                   r_fwd=+0.361  r_bck=+0.339  → EB* leads
  semantic html                   r_fwd=+0.570  r_bck=+0.429  → EB* leads
  sign language                   r_fwd=+0.575  r_bck=-0.021  → EB* leads
  skip link                       r_fwd=+0.580  r_bck=+0.385  → EB* leads
  skip navigation                 r_fwd=+0.163  r_bck=-0.084  → EB* leads
  switch access                   r_fwd=+0.257  r_bck=+0.558  ← Beh leads
  text resize                     r_fwd=+0.820  r_bck=+0.703  → EB* leads
  text spacing                    r_fwd=+0.404  r_bck=+0.356  → EB* leads
  time limits                     r_fwd=+0.467  r_bck=+0.838  ← Beh leads
  touch target size               r_fwd=+0.541  r_bck=+0.135  → EB* leads
  tree grid                       r_fwd=+0.493  r_bck=-0.147  → EB* leads
  voice control                   r_fwd=+0.663  r_bck=+0.717  ← Beh leads

  Population: 26/41 terms where EB* leads (63.4%)
  Binomial p = 0.0586  (H1: frac > 0.5)
  Mean r_forward - r_backward = +0.1230
  ✅ Saved: crfm-gpt2-sm-x1-45_within_term_lead.csv, crfm-gpt2-sm-x1-45_population_test.json

============================================================
C1-B: crfm-gpt2-sm-x2-45
============================================================
  alert dialog                    r_fwd=+0.740  r_bck=-0.111  → EB* leads
  alt text                        r_fwd=+0.604  r_bck=-0.522  → EB* leads
  aria attribute                  r_fwd=+0.474  r_bck=+0.595  ← Beh leads
  audio description               r_fwd=+0.718  r_bck=-0.263  → EB* leads
  braille display                 r_fwd=+0.495  r_bck=+0.701  ← Beh leads
  captions closed                 r_fwd=+0.490  r_bck=+0.291  → EB* leads
  cognitive load                  r_fwd=+0.787  r_bck=+0.270  → EB* leads
  color contrast                  r_fwd=+0.477  r_bck=-0.336  → EB* leads
  contrast ratio                  r_fwd=+0.512  r_bck=-0.553  → EB* leads
  error identification            r_fwd=+0.585  r_bck=+0.402  → EB* leads
  eye tracking                    r_fwd=+0.598  r_bck=+0.392  → EB* leads
  focus indicator                 r_fwd=+0.659  r_bck=-0.512  → EB* leads
  focus management                r_fwd=+0.286  r_bck=+0.682  ← Beh leads
  focus trap                      r_fwd=+0.694  r_bck=-0.193  → EB* leads
  haptic feedback                 r_fwd=+0.277  r_bck=+0.349  ← Beh leads
  heading structure               r_fwd=+0.832  r_bck=+0.155  → EB* leads
  high contrast                   r_fwd=+0.855  r_bck=+0.580  → EB* leads
  input purpose                   r_fwd=+0.710  r_bck=-0.388  → EB* leads
  keyboard navigation             r_fwd=+0.497  r_bck=-0.281  → EB* leads
  keyboard shortcut               r_fwd=+0.381  r_bck=-0.419  → EB* leads
  landmark region                 r_fwd=+0.475  r_bck=+0.227  → EB* leads
  live region                     r_fwd=+0.692  r_bck=+0.116  → EB* leads
  motion sensitivity              r_fwd=+0.598  r_bck=+0.577  → EB* leads
  non-text content                r_fwd=+0.667  r_bck=+0.059  → EB* leads
  orientation support             r_fwd=+0.610  r_bck=-0.515  → EB* leads
  plain language                  r_fwd=+0.619  r_bck=+0.501  → EB* leads
  reduced motion                  r_fwd=+0.478  r_bck=+0.552  ← Beh leads
  reflow content                  r_fwd=+0.545  r_bck=+0.081  → EB* leads
  screen magnifier                r_fwd=+0.325  r_bck=+0.068  → EB* leads
  screen reader                   r_fwd=+0.200  r_bck=+0.231  ← Beh leads
  semantic html                   r_fwd=-0.036  r_bck=+0.390  ← Beh leads
  sign language                   r_fwd=+0.695  r_bck=+0.325  → EB* leads
  skip link                       r_fwd=+0.637  r_bck=-0.270  → EB* leads
  skip navigation                 r_fwd=+0.229  r_bck=-0.370  → EB* leads
  switch access                   r_fwd=+0.302  r_bck=+0.105  → EB* leads
  text resize                     r_fwd=+0.496  r_bck=+0.823  ← Beh leads
  text spacing                    r_fwd=+0.441  r_bck=+0.645  ← Beh leads
  time limits                     r_fwd=+0.657  r_bck=+0.441  → EB* leads
  touch target size               r_fwd=+0.515  r_bck=-0.104  → EB* leads
  tree grid                       r_fwd=+0.671  r_bck=-0.074  → EB* leads
  voice control                   r_fwd=+0.808  r_bck=+0.549  → EB* leads

  Population: 32/41 terms where EB* leads (78.0%)
  Binomial p = 0.0002  (H1: frac > 0.5)
  Mean r_forward - r_backward = +0.4170
  ✅ Saved: crfm-gpt2-sm-x2-45_within_term_lead.csv, crfm-gpt2-sm-x2-45_population_test.json

============================================================
C1-B: crfm-gpt2-sm-x3-45
============================================================
  alert dialog                    r_fwd=+0.744  r_bck=-0.332  → EB* leads
  alt text                        r_fwd=+0.243  r_bck=+0.059  → EB* leads
  aria attribute                  r_fwd=+0.630  r_bck=+0.608  → EB* leads
  audio description               r_fwd=+0.548  r_bck=-0.276  → EB* leads
  braille display                 r_fwd=+0.639  r_bck=+0.196  → EB* leads
  captions closed                 r_fwd=+0.761  r_bck=+0.677  → EB* leads
  cognitive load                  r_fwd=+0.576  r_bck=+0.853  ← Beh leads
  color contrast                  r_fwd=+0.868  r_bck=-0.331  → EB* leads
  contrast ratio                  r_fwd=+0.652  r_bck=+0.365  → EB* leads
  error identification            r_fwd=+0.729  r_bck=+0.164  → EB* leads
  eye tracking                    r_fwd=+0.434  r_bck=+0.657  ← Beh leads
  focus indicator                 r_fwd=+0.281  r_bck=+0.413  ← Beh leads
  focus management                r_fwd=+0.388  r_bck=+0.741  ← Beh leads
  focus trap                      r_fwd=+0.226  r_bck=+0.085  → EB* leads
  haptic feedback                 r_fwd=+0.492  r_bck=+0.230  → EB* leads
  heading structure               r_fwd=+0.258  r_bck=+0.103  → EB* leads
  high contrast                   r_fwd=+0.780  r_bck=-0.101  → EB* leads
  input purpose                   r_fwd=+0.755  r_bck=+0.202  → EB* leads
  keyboard navigation             r_fwd=+0.576  r_bck=-0.384  → EB* leads
  keyboard shortcut               r_fwd=+0.111  r_bck=-0.260  → EB* leads
  landmark region                 r_fwd=-0.082  r_bck=-0.049  ← Beh leads
  live region                     r_fwd=+0.553  r_bck=+0.381  → EB* leads
  motion sensitivity              r_fwd=+0.736  r_bck=+0.569  → EB* leads
  non-text content                r_fwd=+0.657  r_bck=+0.596  → EB* leads
  orientation support             r_fwd=+0.915  r_bck=+0.271  → EB* leads
  plain language                  r_fwd=+0.724  r_bck=+0.302  → EB* leads
  reduced motion                  r_fwd=+0.797  r_bck=+0.786  → EB* leads
  reflow content                  r_fwd=+0.600  r_bck=-0.333  → EB* leads
  screen magnifier                r_fwd=+0.710  r_bck=+0.365  → EB* leads
  screen reader                   r_fwd=+0.388  r_bck=+0.346  → EB* leads
  semantic html                   r_fwd=+0.496  r_bck=-0.085  → EB* leads
  sign language                   r_fwd=+0.530  r_bck=+0.529  → EB* leads
  skip link                       r_fwd=+0.130  r_bck=-0.218  → EB* leads
  skip navigation                 r_fwd=+0.561  r_bck=+0.222  → EB* leads
  switch access                   r_fwd=+0.730  r_bck=+0.413  → EB* leads
  text resize                     r_fwd=+0.738  r_bck=-0.215  → EB* leads
  text spacing                    r_fwd=+0.506  r_bck=+0.301  → EB* leads
  time limits                     r_fwd=+0.587  r_bck=+0.529  → EB* leads
  touch target size               r_fwd=+0.844  r_bck=+0.315  → EB* leads
  tree grid                       r_fwd=+0.190  r_bck=+0.069  → EB* leads
  voice control                   r_fwd=+0.463  r_bck=-0.305  → EB* leads

  Population: 36/41 terms where EB* leads (87.8%)
  Binomial p = 0.0000  (H1: frac > 0.5)
  Mean r_forward - r_backward = +0.3416
  ✅ Saved: crfm-gpt2-sm-x3-45_within_term_lead.csv, crfm-gpt2-sm-x3-45_population_test.json

============================================================
C1-B: crfm-gpt2-sm-x4-45
============================================================
  alert dialog                    r_fwd=+0.508  r_bck=-0.529  → EB* leads
  alt text                        r_fwd=+0.756  r_bck=+0.052  → EB* leads
  aria attribute                  r_fwd=+0.606  r_bck=+0.328  → EB* leads
  audio description               r_fwd=+0.608  r_bck=-0.043  → EB* leads
  braille display                 r_fwd=+0.557  r_bck=-0.082  → EB* leads
  captions closed                 r_fwd=+0.595  r_bck=+0.263  → EB* leads
  cognitive load                  r_fwd=+0.466  r_bck=+0.703  ← Beh leads
  color contrast                  r_fwd=+0.057  r_bck=+0.155  ← Beh leads
  contrast ratio                  r_fwd=+0.480  r_bck=+0.002  → EB* leads
  error identification            r_fwd=+0.821  r_bck=-0.594  → EB* leads
  eye tracking                    r_fwd=+0.352  r_bck=+0.740  ← Beh leads
  focus indicator                 r_fwd=-0.162  r_bck=-0.167  → EB* leads
  focus management                r_fwd=+0.675  r_bck=+0.099  → EB* leads
  focus trap                      r_fwd=+0.266  r_bck=-0.457  → EB* leads
  haptic feedback                 r_fwd=+0.522  r_bck=+0.393  → EB* leads
  heading structure               r_fwd=+0.348  r_bck=-0.021  → EB* leads
  high contrast                   r_fwd=+0.323  r_bck=+0.161  → EB* leads
  input purpose                   r_fwd=+0.187  r_bck=-0.312  → EB* leads
  keyboard navigation             r_fwd=+0.309  r_bck=-0.389  → EB* leads
  keyboard shortcut               r_fwd=+0.649  r_bck=+0.111  → EB* leads
  landmark region                 r_fwd=+0.540  r_bck=+0.189  → EB* leads
  live region                     r_fwd=+0.867  r_bck=+0.664  → EB* leads
  motion sensitivity              r_fwd=+0.513  r_bck=+0.328  → EB* leads
  non-text content                r_fwd=+0.362  r_bck=+0.393  ← Beh leads
  orientation support             r_fwd=+0.634  r_bck=-0.353  → EB* leads
  plain language                  r_fwd=+0.659  r_bck=+0.637  → EB* leads
  reduced motion                  r_fwd=+0.657  r_bck=+0.656  → EB* leads
  reflow content                  r_fwd=+0.452  r_bck=-0.094  → EB* leads
  screen magnifier                r_fwd=+0.627  r_bck=+0.739  ← Beh leads
  screen reader                   r_fwd=+0.446  r_bck=+0.796  ← Beh leads
  semantic html                   r_fwd=+0.747  r_bck=-0.150  → EB* leads
  sign language                   r_fwd=+0.381  r_bck=+0.864  ← Beh leads
  skip link                       r_fwd=+0.756  r_bck=-0.257  → EB* leads
  skip navigation                 r_fwd=+0.838  r_bck=-0.336  → EB* leads
  switch access                   r_fwd=+0.632  r_bck=-0.335  → EB* leads
  text resize                     r_fwd=+0.494  r_bck=+0.841  ← Beh leads
  text spacing                    r_fwd=+0.525  r_bck=+0.602  ← Beh leads
  time limits                     r_fwd=+0.419  r_bck=+0.720  ← Beh leads
  touch target size               r_fwd=+0.397  r_bck=+0.442  ← Beh leads
  tree grid                       r_fwd=+0.677  r_bck=-0.394  → EB* leads
  voice control                   r_fwd=+0.529  r_bck=+0.653  ← Beh leads

  Population: 29/41 terms where EB* leads (70.7%)
  Binomial p = 0.0058  (H1: frac > 0.5)
  Mean r_forward - r_backward = +0.3431
  ✅ Saved: crfm-gpt2-sm-x4-45_within_term_lead.csv, crfm-gpt2-sm-x4-45_population_test.json

============================================================
C1-B: crfm-gpt2-sm-x5-45
============================================================
  alert dialog                    r_fwd=-0.206  r_bck=+0.283  ← Beh leads
  alt text                        r_fwd=+0.493  r_bck=-0.298  → EB* leads
  aria attribute                  r_fwd=+0.932  r_bck=-0.238  → EB* leads
  audio description               r_fwd=+0.452  r_bck=-0.727  → EB* leads
  braille display                 r_fwd=+0.640  r_bck=+0.296  → EB* leads
  captions closed                 r_fwd=+0.556  r_bck=-0.010  → EB* leads
  cognitive load                  r_fwd=+0.501  r_bck=+0.673  ← Beh leads
  color contrast                  r_fwd=+0.588  r_bck=-0.207  → EB* leads
  contrast ratio                  r_fwd=+0.310  r_bck=-0.252  → EB* leads
  error identification            r_fwd=+0.438  r_bck=+0.546  ← Beh leads
  eye tracking                    r_fwd=+0.611  r_bck=+0.484  → EB* leads
  focus indicator                 r_fwd=-0.278  r_bck=-0.124  ← Beh leads
  focus management                r_fwd=+0.091  r_bck=+0.799  ← Beh leads
  focus trap                      r_fwd=+0.773  r_bck=-0.359  → EB* leads
  haptic feedback                 r_fwd=+0.283  r_bck=+0.725  ← Beh leads
  heading structure               r_fwd=+0.118  r_bck=+0.412  ← Beh leads
  high contrast                   r_fwd=+0.488  r_bck=+0.047  → EB* leads
  input purpose                   r_fwd=+0.152  r_bck=+0.356  ← Beh leads
  keyboard navigation             r_fwd=+0.066  r_bck=+0.670  ← Beh leads
  keyboard shortcut               r_fwd=+0.282  r_bck=-0.454  → EB* leads
  landmark region                 r_fwd=+0.740  r_bck=+0.653  → EB* leads
  live region                     r_fwd=+0.805  r_bck=+0.749  → EB* leads
  motion sensitivity              r_fwd=+0.635  r_bck=-0.145  → EB* leads
  non-text content                r_fwd=+0.241  r_bck=+0.703  ← Beh leads
  orientation support             r_fwd=+0.785  r_bck=+0.246  → EB* leads
  plain language                  r_fwd=+0.638  r_bck=+0.558  → EB* leads
  reduced motion                  r_fwd=+0.733  r_bck=+0.884  ← Beh leads
  reflow content                  r_fwd=+0.872  r_bck=+0.168  → EB* leads
  screen magnifier                r_fwd=-0.076  r_bck=+0.034  ← Beh leads
  screen reader                   r_fwd=+0.758  r_bck=-0.234  → EB* leads
  semantic html                   r_fwd=+0.371  r_bck=+0.296  → EB* leads
  sign language                   r_fwd=+0.488  r_bck=-0.237  → EB* leads
  skip link                       r_fwd=+0.547  r_bck=-0.759  → EB* leads
  skip navigation                 r_fwd=+0.350  r_bck=+0.498  ← Beh leads
  switch access                   r_fwd=+0.640  r_bck=+0.175  → EB* leads
  text resize                     r_fwd=+0.602  r_bck=-0.222  → EB* leads
  text spacing                    r_fwd=+0.614  r_bck=+0.000  → EB* leads
  time limits                     r_fwd=+0.594  r_bck=+0.699  ← Beh leads
  touch target size               r_fwd=+0.388  r_bck=+0.821  ← Beh leads
  tree grid                       r_fwd=+0.353  r_bck=-0.145  → EB* leads
  voice control                   r_fwd=+0.462  r_bck=+0.430  → EB* leads

  Population: 26/41 terms where EB* leads (63.4%)
  Binomial p = 0.0586  (H1: frac > 0.5)
  Mean r_forward - r_backward = +0.2692
  ✅ Saved: crfm-gpt2-sm-x5-45_within_term_lead.csv, crfm-gpt2-sm-x5-45_population_test.json

=== SUMMARY ===
  crfm-gpt2-sm-x1-45: 26/41 lead (63%)
  crfm-gpt2-sm-x2-45: 32/41 lead (78%)
  crfm-gpt2-sm-x3-45: 36/41 lead (88%)
  crfm-gpt2-sm-x4-45: 29/41 lead (71%)
  crfm-gpt2-sm-x5-45: 26/41 lead (63%)

============================================================
STEP: C4-B crfm45
CMD:  python src/analyze_c4b_decoupling.py --model crfm45
============================================================

=== C4-B: Within-Term Decoupling Analysis ===
H: decoupling fraction increases with model scale


============================================================
C4-B: crfm-gpt2-sm-x1-45
============================================================
  Term                            rho_early  rho_late   decouple
  ------------------------------------------------------------
  alert dialog                    +0.632     -0.800     ✓ DECOUPLE
  alt text                        +0.400     +0.738       coupled 
  aria attribute                  +0.211     +0.000     ✓ DECOUPLE
  audio description               +0.400     -0.200     ✓ DECOUPLE
  braille display                 +0.632     +0.316       coupled 
  captions closed                 +0.000     -0.400       neg/zero
  cognitive load                  +0.400     +0.400       coupled 
  color contrast                  +0.632     +0.894       coupled 
  contrast ratio                  +0.400     -0.316     ✓ DECOUPLE
  error identification            +0.800     -0.316     ✓ DECOUPLE
  eye tracking                    +0.800     -0.949     ✓ DECOUPLE
  focus indicator                 +0.200     +1.000       coupled 
  focus management                +0.200     +0.800       coupled 
  focus trap                      +0.316     +0.316       coupled 
  haptic feedback                 +1.000     -0.775     ✓ DECOUPLE
  heading structure               +1.000     +0.400       coupled 
  high contrast                   +0.800     +0.200       coupled 
  input purpose                   -0.105     -0.775       neg/zero
  keyboard navigation             +0.400     -0.949     ✓ DECOUPLE
  keyboard shortcut               +0.400     -0.200     ✓ DECOUPLE
  landmark region                 +0.000     +0.949       neg/zero
  live region                     +0.800     -0.200     ✓ DECOUPLE
  motion sensitivity              +0.316     -0.258     ✓ DECOUPLE
  non-text content                +0.400     -0.200     ✓ DECOUPLE
  orientation support             +0.400     -0.258     ✓ DECOUPLE
  plain language                  +0.400     +0.738       coupled 
  reduced motion                  +0.949     -0.949     ✓ DECOUPLE
  reflow content                  -0.400     -0.316       neg/zero
  screen magnifier                +0.316     +0.316       coupled 
  screen reader                   +0.949     +0.211       coupled 
  semantic html                   +0.200     +0.258       coupled 
  sign language                   +0.316     -0.258     ✓ DECOUPLE
  skip link                       +0.738     -0.211     ✓ DECOUPLE
  skip navigation                 -0.632     -0.632       neg/zero
  switch access                   +0.200     -0.949     ✓ DECOUPLE
  text resize                     +0.316     +0.800       coupled 
  text spacing                    +0.200     +0.000     ✓ DECOUPLE
  time limits                     +0.949     -0.949     ✓ DECOUPLE
  touch target size               +0.200     -0.775     ✓ DECOUPLE
  tree grid                       +0.400     -0.800     ✓ DECOUPLE
  voice control                   +0.800     +0.200       coupled 

  Early coupling     (rho_e > 0):          36/41 (87.8%)
  Strict decouple    (e>0, l≤0):           21/41 (51.2%)
  Attenuation        (e>0, l<0.5×e):       25/41 (61.0%)
  Mean rho_early=+0.423   mean rho_late=-0.095
  ✅ Saved: crfm-gpt2-sm-x1-45_within_term_decoupling.csv

============================================================
C4-B: crfm-gpt2-sm-x2-45
============================================================
  Term                            rho_early  rho_late   decouple
  ------------------------------------------------------------
  alert dialog                    +0.200     +0.600       coupled 
  alt text                        +0.000     +0.800       neg/zero
  aria attribute                  -1.000     -0.200       neg/zero
  audio description               +0.400     +0.200       coupled 
  braille display                 +0.632     +0.000     ✓ DECOUPLE
  captions closed                 +0.632     -0.632     ✓ DECOUPLE
  cognitive load                  +0.200     -0.316     ✓ DECOUPLE
  color contrast                  -0.105     -0.600       neg/zero
  contrast ratio                  -0.105     +0.000       neg/zero
  error identification            +0.400     +0.600       coupled 
  eye tracking                    +0.258     -0.316     ✓ DECOUPLE
  focus indicator                 +0.400     -0.316     ✓ DECOUPLE
  focus management                +0.800     +0.632       coupled 
  focus trap                      +0.211     +0.949       coupled 
  haptic feedback                 -0.258     +0.949       neg/zero
  heading structure               +0.400     -0.211     ✓ DECOUPLE
  high contrast                   +0.738     -0.105     ✓ DECOUPLE
  input purpose                   +0.200     +0.800       coupled 
  keyboard navigation             +0.800     +0.949       coupled 
  keyboard shortcut               +0.632     +1.000       coupled 
  landmark region                 +0.316     +0.894       coupled 
  live region                     +0.632     -0.894     ✓ DECOUPLE
  motion sensitivity              +0.949     +0.258       coupled 
  non-text content                +0.400     +0.800       coupled 
  orientation support             +0.800     -0.211     ✓ DECOUPLE
  plain language                  +1.000     -0.211     ✓ DECOUPLE
  reduced motion                  +0.200     +0.316       coupled 
  reflow content                  +0.400     +0.200       coupled 
  screen magnifier                +0.316     +0.632       coupled 
  screen reader                   +0.400     -0.600     ✓ DECOUPLE
  semantic html                   +0.632     -0.258     ✓ DECOUPLE
  sign language                   +0.738     -0.105     ✓ DECOUPLE
  skip link                       -0.200     -0.800       neg/zero
  skip navigation                 -0.400     -0.200       neg/zero
  switch access                   +0.400     +0.800       coupled 
  text resize                     +1.000     +0.800       coupled 
  text spacing                    +1.000     +0.000     ✓ DECOUPLE
  time limits                     +0.738     -0.949     ✓ DECOUPLE
  touch target size               +0.632     +0.258       coupled 
  tree grid                       +0.800     +0.600       coupled 
  voice control                   +1.000     +0.200       coupled 

  Early coupling     (rho_e > 0):          34/41 (82.9%)
  Strict decouple    (e>0, l≤0):           15/41 (36.6%)
  Attenuation        (e>0, l<0.5×e):       18/41 (43.9%)
  Mean rho_early=+0.419   mean rho_late=+0.154
  ✅ Saved: crfm-gpt2-sm-x2-45_within_term_decoupling.csv

============================================================
C4-B: crfm-gpt2-sm-x3-45
============================================================
  Term                            rho_early  rho_late   decouple
  ------------------------------------------------------------
  alert dialog                    +0.400     +1.000       coupled 
  alt text                        +1.000     -0.400     ✓ DECOUPLE
  aria attribute                  +0.400     +0.949       coupled 
  audio description               +0.200     +1.000       coupled 
  braille display                 +0.400     -0.316     ✓ DECOUPLE
  captions closed                 +0.200     +0.200       coupled 
  cognitive load                  +0.800     +0.632       coupled 
  color contrast                  +0.105     +0.600       coupled 
  contrast ratio                  +0.632     +0.894       coupled 
  error identification            +0.800     +0.738       coupled 
  eye tracking                    +0.632     +0.316       coupled 
  focus indicator                 +0.800     -0.211     ✓ DECOUPLE
  focus management                +0.800     +1.000       coupled 
  focus trap                      +0.800     +0.632       coupled 
  haptic feedback                 +0.316     +0.775       coupled 
  heading structure               +0.258     +0.632       coupled 
  high contrast                   +0.400     +0.000     ✓ DECOUPLE
  input purpose                   +0.200     -0.105     ✓ DECOUPLE
  keyboard navigation             +0.800     +0.400       coupled 
  keyboard shortcut               +0.316     -0.316     ✓ DECOUPLE
  landmark region                 +0.949     -0.316     ✓ DECOUPLE
  live region                     +0.400     +0.258       coupled 
  motion sensitivity              +0.316     +0.775       coupled 
  non-text content                +1.000     +0.800       coupled 
  orientation support             +0.632     +0.775       coupled 
  plain language                  +0.949     +0.632       coupled 
  reduced motion                  +0.949     +0.949       coupled 
  reflow content                  +0.400     +0.400       coupled 
  screen magnifier                +0.632     +0.632       coupled 
  screen reader                   +0.400     -0.316     ✓ DECOUPLE
  semantic html                   +1.000     +0.632       coupled 
  sign language                   +0.316     +0.632       coupled 
  skip link                       +0.800     +0.600       coupled 
  skip navigation                 +0.949     +0.258       coupled 
  switch access                   +0.316     +0.316       coupled 
  text resize                     +0.800     +0.949       coupled 
  text spacing                    +0.400     +1.000       coupled 
  time limits                     +0.632     +0.738       coupled 
  touch target size               +0.632     +0.775       coupled 
  tree grid                       +1.000     +0.949       coupled 
  voice control                   +0.800     -0.211     ✓ DECOUPLE

  Early coupling     (rho_e > 0):          41/41 (100.0%)
  Strict decouple    (e>0, l≤0):           9/41 (22.0%)
  Attenuation        (e>0, l<0.5×e):       10/41 (24.4%)
  Mean rho_early=+0.598   mean rho_late=+0.479
  ✅ Saved: crfm-gpt2-sm-x3-45_within_term_decoupling.csv

============================================================
C4-B: crfm-gpt2-sm-x4-45
============================================================
  Term                            rho_early  rho_late   decouple
  ------------------------------------------------------------
  alert dialog                    +0.316     -0.800     ✓ DECOUPLE
  alt text                        +1.000     +0.211       coupled 
  aria attribute                  +0.400     -0.400     ✓ DECOUPLE
  audio description               +0.400     +0.200       coupled 
  braille display                 +0.800     -0.800     ✓ DECOUPLE
  captions closed                 +0.800     -0.200     ✓ DECOUPLE
  cognitive load                  +1.000     +0.800       coupled 
  color contrast                  +0.400     +0.800       coupled 
  contrast ratio                  +0.738     -0.258     ✓ DECOUPLE
  error identification            +0.000     -0.738       neg/zero
  eye tracking                    +0.949     -0.894     ✓ DECOUPLE
  focus indicator                 +1.000     -0.400     ✓ DECOUPLE
  focus management                +0.800     -0.316     ✓ DECOUPLE
  focus trap                      +0.200     -0.258     ✓ DECOUPLE
  haptic feedback                 +0.600     -0.105     ✓ DECOUPLE
  heading structure               +0.258     +0.316       coupled 
  high contrast                   +0.949     -0.949     ✓ DECOUPLE
  input purpose                   +0.400     +0.400       coupled 
  keyboard navigation             +0.800     -0.258     ✓ DECOUPLE
  keyboard shortcut               +0.400     -0.800     ✓ DECOUPLE
  landmark region                 +0.800     +0.316       coupled 
  live region                     +0.211     -0.200     ✓ DECOUPLE
  motion sensitivity              +0.632     -0.632     ✓ DECOUPLE
  non-text content                +1.000     -0.738     ✓ DECOUPLE
  orientation support             +0.800     -0.894     ✓ DECOUPLE
  plain language                  +0.447     -0.894     ✓ DECOUPLE
  reduced motion                  +0.632     -0.447     ✓ DECOUPLE
  reflow content                  +0.949     -0.949     ✓ DECOUPLE
  screen magnifier                +0.211     +0.447       coupled 
  screen reader                   +0.775     +0.200       coupled 
  semantic html                   +0.800     -0.894     ✓ DECOUPLE
  sign language                   +0.800     -0.949     ✓ DECOUPLE
  skip link                       +0.800     -0.400     ✓ DECOUPLE
  skip navigation                 +0.200     -0.894     ✓ DECOUPLE
  switch access                   +0.632     -0.949     ✓ DECOUPLE
  text resize                     +1.000     -0.200     ✓ DECOUPLE
  text spacing                    +0.800     -0.800     ✓ DECOUPLE
  time limits                     +0.800     -0.447     ✓ DECOUPLE
  touch target size               +0.800     -0.949     ✓ DECOUPLE
  tree grid                       +0.800     -0.738     ✓ DECOUPLE
  voice control                   +1.000     +0.200       coupled 

  Early coupling     (rho_e > 0):          40/41 (97.6%)
  Strict decouple    (e>0, l≤0):           30/41 (73.2%)
  Attenuation        (e>0, l<0.5×e):       34/41 (82.9%)
  Mean rho_early=+0.661   mean rho_late=-0.372
  ✅ Saved: crfm-gpt2-sm-x4-45_within_term_decoupling.csv

============================================================
C4-B: crfm-gpt2-sm-x5-45
============================================================
  Term                            rho_early  rho_late   decouple
  ------------------------------------------------------------
  alert dialog                    +0.800     +0.400       coupled 
  alt text                        +0.800     +0.800       coupled 
  aria attribute                  -0.316     +0.949       neg/zero
  audio description               +0.400     +0.949       coupled 
  braille display                 +0.800     +0.949       coupled 
  captions closed                 +0.632     +0.632       coupled 
  cognitive load                  +0.400     +0.400       coupled 
  color contrast                  +0.211     -0.316     ✓ DECOUPLE
  contrast ratio                  +0.949     -0.775     ✓ DECOUPLE
  error identification            +0.949     -0.316     ✓ DECOUPLE
  eye tracking                    +0.775     +0.632       coupled 
  focus indicator                 +0.400     +0.316       coupled 
  focus management                +0.800     -0.800     ✓ DECOUPLE
  (skip constant)                 focus trap
  haptic feedback                 -0.775     -0.316       neg/zero
  heading structure               +0.775     +0.738       coupled 
  high contrast                   +1.000     +0.105       coupled 
  input purpose                   +0.775     +0.738       coupled 
  keyboard navigation             +0.800     -0.200     ✓ DECOUPLE
  keyboard shortcut               +0.800     +0.000     ✓ DECOUPLE
  landmark region                 +0.800     +0.949       coupled 
  live region                     +0.211     +0.258       coupled 
  motion sensitivity              +0.632     +0.775       coupled 
  non-text content                +1.000     -0.738     ✓ DECOUPLE
  orientation support             +0.949     -0.775     ✓ DECOUPLE
  (skip constant)                 plain language
  reduced motion                  +0.738     +0.632       coupled 
  reflow content                  +0.800     +0.200       coupled 
  screen magnifier                +1.000     +0.316       coupled 
  screen reader                   +0.000     +1.000       neg/zero
  semantic html                   +0.775     +0.316       coupled 
  sign language                   +0.949     -0.316     ✓ DECOUPLE
  skip link                       +0.400     +0.738       coupled 
  skip navigation                 +0.600     +0.738       coupled 
  switch access                   +0.800     +0.949       coupled 
  text resize                     +0.800     +0.200       coupled 
  text spacing                    +0.400     +0.600       coupled 
  time limits                     -0.258     -0.258       neg/zero
  touch target size               +0.949     -0.316     ✓ DECOUPLE
  tree grid                       +0.800     +0.800       coupled 
  voice control                   +0.949     -0.800     ✓ DECOUPLE

  Early coupling     (rho_e > 0):          35/39 (89.7%)
  Strict decouple    (e>0, l≤0):           11/39 (28.2%)
  Attenuation        (e>0, l<0.5×e):       16/39 (41.0%)
  Mean rho_early=+0.622   mean rho_late=+0.260
  ✅ Saved: crfm-gpt2-sm-x5-45_within_term_decoupling.csv

=== DECOUPLING SUMMARY ===
  crfm-gpt2-sm-x1-45    21/41 decouple (51%)
  crfm-gpt2-sm-x2-45    15/41 decouple (37%)
  crfm-gpt2-sm-x3-45    9/41 decouple (22%)
  crfm-gpt2-sm-x4-45    30/41 decouple (73%)
  crfm-gpt2-sm-x5-45    11/39 decouple (28%)

============================================================
STEP: SmolLM3 bind 45
CMD:  python src/extract_binding_smollm3.py --all --prompts data/prompts/canonical_45terms.jsonl --outdir data/results/binding_smollm3_45
============================================================

Loading SmolLM3-3B @ step40k ...
Loading checkpoint shards:   0%|          | 0/2 [00:00<?, ?it/s]Loading checkpoint shards:  50%|█████     | 1/2 [00:07<00:07,  7.03s/it]Loading checkpoint shards: 100%|██████████| 2/2 [00:08<00:00,  3.92s/it]Loading checkpoint shards: 100%|██████████| 2/2 [00:08<00:00,  4.39s/it]
smollm3/step40k:   0%|          | 0/451 [00:00<?, ?it/s]smollm3/step40k:   0%|          | 1/451 [00:08<1:04:49,  8.64s/it]smollm3/step40k:   0%|          | 2/451 [00:15<56:54,  7.60s/it]  smollm3/step40k:   1%|          | 3/451 [00:19<45:35,  6.11s/it]smollm3/step40k:   1%|          | 4/451 [00:29<54:59,  7.38s/it]smollm3/step40k:   1%|          | 5/451 [00:39<1:01:47,  8.31s/it]smollm3/step40k:   1%|▏         | 6/451 [00:41<45:38,  6.15s/it]  smollm3/step40k:   2%|▏         | 7/451 [00:43<35:32,  4.80s/it]smollm3/step40k:   2%|▏         | 8/451 [00:45<28:42,  3.89s/it]smollm3/step40k:   2%|▏         | 9/451 [00:47<24:41,  3.35s/it]smollm3/step40k:   2%|▏         | 10/451 [00:51<25:59,  3.54s/it]smollm3/step40k:   2%|▏         | 11/451 [00:53<22:28,  3.07s/it]smollm3/step40k:   3%|▎         | 12/451 [00:59<28:40,  3.92s/it]smollm3/step40k:   3%|▎         | 13/451 [01:06<36:47,  5.04s/it]smollm3/step40k:   3%|▎         | 14/451 [01:10<34:09,  4.69s/it]smollm3/step40k:   3%|▎         | 15/451 [01:18<41:04,  5.65s/it]smollm3/step40k:   4%|▎         | 16/451 [01:27<48:01,  6.62s/it]smollm3/step40k:   4%|▍         | 17/451 [01:29<37:43,  5.21s/it]smollm3/step40k:   4%|▍         | 18/451 [01:30<29:30,  4.09s/it]smollm3/step40k:   4%|▍         | 19/451 [01:32<25:22,  3.52s/it]smollm3/step40k:   4%|▍         | 20/451 [01:34<21:56,  3.05s/it]smollm3/step40k:   5%|▍         | 21/451 [01:37<20:55,  2.92s/it]smollm3/step40k:   5%|▍         | 22/451 [01:39<18:47,  2.63s/it]smollm3/step40k:   5%|▌         | 23/451 [01:46<28:05,  3.94s/it]smollm3/step40k:   5%|▌         | 24/451 [01:53<33:58,  4.77s/it]smollm3/step40k:   6%|▌         | 25/451 [01:56<31:17,  4.41s/it]smollm3/step40k:   6%|▌         | 26/451 [02:04<37:42,  5.32s/it]smollm3/step40k:   6%|▌         | 27/451 [02:12<45:03,  6.38s/it]smollm3/step40k:   6%|▌         | 28/451 [02:14<35:34,  5.05s/it]smollm3/step40k:   6%|▋         | 29/451 [02:16<28:23,  4.04s/it]smollm3/step40k:   7%|▋         | 30/451 [02:18<24:01,  3.42s/it]smollm3/step40k:   7%|▋         | 31/451 [02:20<20:51,  2.98s/it]smollm3/step40k:   7%|▋         | 32/451 [02:23<19:40,  2.82s/it]smollm3/step40k:   7%|▋         | 33/451 [02:24<17:47,  2.55s/it]smollm3/step40k:   8%|▊         | 34/451 [02:33<29:59,  4.31s/it]smollm3/step40k:   8%|▊         | 35/451 [02:39<34:39,  5.00s/it]smollm3/step40k:   8%|▊         | 36/451 [02:44<33:01,  4.78s/it]smollm3/step40k:   8%|▊         | 37/451 [02:52<40:54,  5.93s/it]smollm3/step40k:   8%|▊         | 38/451 [03:02<48:43,  7.08s/it]smollm3/step40k:   9%|▊         | 39/451 [03:04<37:57,  5.53s/it]smollm3/step40k:   9%|▉         | 40/451 [03:07<33:22,  4.87s/it]smollm3/step40k:   9%|▉         | 41/451 [03:09<27:26,  4.02s/it]smollm3/step40k:   9%|▉         | 42/451 [03:12<23:32,  3.45s/it]smollm3/step40k:  10%|▉         | 43/451 [03:15<22:51,  3.36s/it]smollm3/step40k:  10%|▉         | 44/451 [03:17<19:52,  2.93s/it]smollm3/step40k:  10%|▉         | 45/451 [03:25<30:53,  4.56s/it]smollm3/step40k:  10%|█         | 46/451 [03:32<36:38,  5.43s/it]smollm3/step40k:  10%|█         | 47/451 [03:37<34:32,  5.13s/it]smollm3/step40k:  11%|█         | 48/451 [03:46<42:17,  6.30s/it]smollm3/step40k:  11%|█         | 49/451 [03:56<50:09,  7.49s/it]smollm3/step40k:  11%|█         | 50/451 [03:58<39:32,  5.92s/it]smollm3/step40k:  11%|█▏        | 51/451 [04:01<32:49,  4.92s/it]smollm3/step40k:  12%|█▏        | 52/451 [04:03<27:27,  4.13s/it]smollm3/step40k:  12%|█▏        | 53/451 [04:06<23:54,  3.60s/it]smollm3/step40k:  12%|█▏        | 54/451 [04:09<23:27,  3.55s/it]smollm3/step40k:  12%|█▏        | 55/451 [04:11<20:37,  3.13s/it]smollm3/step40k:  12%|█▏        | 56/451 [04:20<31:25,  4.77s/it]smollm3/step40k:  13%|█▎        | 57/451 [04:26<34:50,  5.30s/it]smollm3/step40k:  13%|█▎        | 58/451 [04:31<33:54,  5.18s/it]smollm3/step40k:  13%|█▎        | 59/451 [04:40<40:31,  6.20s/it]smollm3/step40k:  13%|█▎        | 60/451 [04:50<47:44,  7.33s/it]smollm3/step40k:  14%|█▎        | 61/451 [04:52<37:07,  5.71s/it]smollm3/step40k:  14%|█▎        | 62/451 [04:53<29:13,  4.51s/it]smollm3/step40k:  14%|█▍        | 63/451 [04:55<24:09,  3.74s/it]smollm3/step40k:  14%|█▍        | 64/451 [04:58<21:22,  3.31s/it]smollm3/step40k:  14%|█▍        | 65/451 [05:01<20:50,  3.24s/it]smollm3/step40k:  15%|█▍        | 66/451 [05:03<18:31,  2.89s/it]smollm3/step40k:  15%|█▍        | 67/451 [05:11<29:17,  4.58s/it]smollm3/step40k:  15%|█▌        | 68/451 [05:19<35:49,  5.61s/it]smollm3/step40k:  15%|█▌        | 69/451 [05:26<37:06,  5.83s/it]smollm3/step40k:  16%|█▌        | 70/451 [05:37<47:57,  7.55s/it]smollm3/step40k:  16%|█▌        | 71/451 [05:50<56:54,  8.99s/it]smollm3/step40k:  16%|█▌        | 72/451 [05:53<46:18,  7.33s/it]smollm3/step40k:  16%|█▌        | 73/451 [05:56<38:45,  6.15s/it]smollm3/step40k:  16%|█▋        | 74/451 [05:59<31:04,  4.95s/it]smollm3/step40k:  17%|█▋        | 75/451 [06:01<26:48,  4.28s/it]smollm3/step40k:  17%|█▋        | 76/451 [06:06<27:19,  4.37s/it]smollm3/step40k:  17%|█▋        | 77/451 [06:09<24:35,  3.94s/it]smollm3/step40k:  17%|█▋        | 78/451 [06:18<34:36,  5.57s/it]smollm3/step40k:  18%|█▊        | 79/451 [06:27<39:39,  6.40s/it]smollm3/step40k:  18%|█▊        | 80/451 [06:31<35:53,  5.80s/it]smollm3/step40k:  18%|█▊        | 81/451 [06:45<50:57,  8.26s/it]smollm3/step40k:  18%|█▊        | 82/451 [06:56<56:14,  9.15s/it]smollm3/step40k:  18%|█▊        | 83/451 [06:59<44:21,  7.23s/it]smollm3/step40k:  19%|█▊        | 84/451 [07:02<36:26,  5.96s/it]smollm3/step40k:  19%|█▉        | 85/451 [07:04<29:36,  4.85s/it]smollm3/step40k:  19%|█▉        | 86/451 [07:07<25:59,  4.27s/it]smollm3/step40k:  19%|█▉        | 87/451 [07:11<25:15,  4.16s/it]smollm3/step40k:  20%|█▉        | 88/451 [07:14<23:48,  3.93s/it]smollm3/step40k:  20%|█▉        | 89/451 [07:26<37:07,  6.15s/it]smollm3/step40k:  20%|█▉        | 90/451 [07:35<42:24,  7.05s/it]smollm3/step40k:  20%|██        | 91/451 [07:40<39:14,  6.54s/it]smollm3/step40k:  20%|██        | 92/451 [07:50<45:48,  7.65s/it]smollm3/step40k:  21%|██        | 93/451 [08:02<53:26,  8.96s/it]smollm3/step40k:  21%|██        | 94/451 [08:06<43:53,  7.38s/it]smollm3/step40k:  21%|██        | 95/451 [08:09<35:00,  5.90s/it]smollm3/step40k:  21%|██▏       | 96/451 [08:11<29:19,  4.95s/it]smollm3/step40k:  22%|██▏       | 97/451 [08:14<24:56,  4.23s/it]smollm3/step40k:  22%|██▏       | 98/451 [08:19<26:06,  4.44s/it]smollm3/step40k:  22%|██▏       | 99/451 [08:21<22:08,  3.78s/it]smollm3/step40k:  22%|██▏       | 100/451 [08:32<34:16,  5.86s/it]smollm3/step40k:  22%|██▏       | 101/451 [08:41<39:54,  6.84s/it]smollm3/step40k:  23%|██▎       | 102/451 [08:47<38:08,  6.56s/it]smollm3/step40k:  23%|██▎       | 103/451 [08:58<46:56,  8.09s/it]smollm3/step40k:  23%|██▎       | 104/451 [09:11<54:50,  9.48s/it]smollm3/step40k:  23%|██▎       | 105/451 [09:14<43:04,  7.47s/it]smollm3/step40k:  24%|██▎       | 106/451 [09:16<33:10,  5.77s/it]smollm3/step40k:  24%|██▎       | 107/451 [09:18<26:45,  4.67s/it]smollm3/step40k:  24%|██▍       | 108/451 [09:21<24:24,  4.27s/it]smollm3/step40k:  24%|██▍       | 109/451 [09:26<25:42,  4.51s/it]smollm3/step40k:  24%|██▍       | 110/451 [09:29<22:24,  3.94s/it]smollm3/step40k:  25%|██▍       | 111/451 [09:40<34:20,  6.06s/it]smollm3/step40k:  25%|██▍       | 112/451 [09:49<39:29,  6.99s/it]smollm3/step40k:  25%|██▌       | 113/451 [09:54<36:43,  6.52s/it]smollm3/step40k:  25%|██▌       | 114/451 [10:05<43:07,  7.68s/it]smollm3/step40k:  25%|██▌       | 115/451 [10:17<49:42,  8.88s/it]smollm3/step40k:  26%|██▌       | 116/451 [10:21<41:23,  7.41s/it]smollm3/step40k:  26%|██▌       | 117/451 [10:24<35:26,  6.37s/it]smollm3/step40k:  26%|██▌       | 118/451 [10:27<28:13,  5.09s/it]smollm3/step40k:  26%|██▋       | 119/451 [10:30<25:01,  4.52s/it]smollm3/step40k:  27%|██▋       | 120/451 [10:33<23:32,  4.27s/it]smollm3/step40k:  27%|██▋       | 121/451 [10:36<20:20,  3.70s/it]smollm3/step40k:  27%|██▋       | 122/451 [10:45<29:11,  5.32s/it]smollm3/step40k:  27%|██▋       | 123/451 [10:52<31:27,  5.75s/it]smollm3/step40k:  27%|██▋       | 124/451 [10:56<29:28,  5.41s/it]smollm3/step40k:  28%|██▊       | 125/451 [11:06<36:22,  6.70s/it]smollm3/step40k:  28%|██▊       | 126/451 [11:17<43:17,  7.99s/it]smollm3/step40k:  28%|██▊       | 127/451 [11:23<39:14,  7.27s/it]smollm3/step40k:  28%|██▊       | 128/451 [11:26<33:39,  6.25s/it]smollm3/step40k:  29%|██▊       | 129/451 [11:32<32:18,  6.02s/it]smollm3/step40k:  29%|██▉       | 130/451 [11:40<35:22,  6.61s/it]smollm3/step40k:  29%|██▉       | 131/451 [11:46<33:45,  6.33s/it]smollm3/step40k:  29%|██▉       | 132/451 [11:51<32:45,  6.16s/it]smollm3/step40k:  29%|██▉       | 133/451 [12:12<55:14, 10.42s/it]smollm3/step40k:  30%|██▉       | 134/451 [12:28<1:03:50, 12.08s/it]smollm3/step40k:  30%|██▉       | 135/451 [12:37<58:36, 11.13s/it]  smollm3/step40k:  30%|███       | 136/451 [12:48<59:27, 11.33s/it]smollm3/step40k:  30%|███       | 137/451 [13:01<1:00:45, 11.61s/it]smollm3/step40k:  31%|███       | 138/451 [13:04<46:48,  8.97s/it]  smollm3/step40k:  31%|███       | 139/451 [13:06<36:20,  6.99s/it]smollm3/step40k:  31%|███       | 140/451 [13:09<30:58,  5.98s/it]smollm3/step40k:  31%|███▏      | 141/451 [13:12<26:14,  5.08s/it]smollm3/step40k:  31%|███▏      | 142/451 [13:16<23:27,  4.56s/it]smollm3/step40k:  32%|███▏      | 143/451 [13:19<20:46,  4.05s/it]smollm3/step40k:  32%|███▏      | 144/451 [13:31<32:57,  6.44s/it]smollm3/step40k:  32%|███▏      | 145/451 [13:40<37:40,  7.39s/it]smollm3/step40k:  32%|███▏      | 146/451 [13:46<34:33,  6.80s/it]smollm3/step40k:  33%|███▎      | 147/451 [13:58<42:19,  8.36s/it]smollm3/step40k:  33%|███▎      | 148/451 [14:09<46:34,  9.22s/it]smollm3/step40k:  33%|███▎      | 149/451 [14:11<35:53,  7.13s/it]smollm3/step40k:  33%|███▎      | 150/451 [14:13<27:33,  5.49s/it]smollm3/step40k:  33%|███▎      | 151/451 [14:15<22:24,  4.48s/it]smollm3/step40k:  34%|███▎      | 152/451 [14:17<19:22,  3.89s/it]smollm3/step40k:  34%|███▍      | 153/451 [14:21<18:31,  3.73s/it]smollm3/step40k:  34%|███▍      | 154/451 [14:25<18:44,  3.79s/it]smollm3/step40k:  34%|███▍      | 155/451 [14:34<26:52,  5.45s/it]smollm3/step40k:  35%|███▍      | 156/451 [14:43<32:04,  6.52s/it]smollm3/step40k:  35%|███▍      | 157/451 [14:48<29:01,  5.92s/it]smollm3/step40k:  35%|███▌      | 158/451 [14:56<33:12,  6.80s/it]smollm3/step40k:  35%|███▌      | 159/451 [15:07<37:56,  7.80s/it]smollm3/step40k:  35%|███▌      | 160/451 [15:10<31:06,  6.41s/it]smollm3/step40k:  36%|███▌      | 161/451 [15:13<26:13,  5.43s/it]smollm3/step40k:  36%|███▌      | 162/451 [15:15<21:22,  4.44s/it]smollm3/step40k:  36%|███▌      | 163/451 [15:17<18:24,  3.84s/it]smollm3/step40k:  36%|███▋      | 164/451 [15:21<17:30,  3.66s/it]smollm3/step40k:  37%|███▋      | 165/451 [15:23<15:19,  3.21s/it]smollm3/step40k:  37%|███▋      | 166/451 [15:30<20:13,  4.26s/it]smollm3/step40k:  37%|███▋      | 167/451 [15:37<24:10,  5.11s/it]smollm3/step40k:  37%|███▋      | 168/451 [15:41<23:21,  4.95s/it]smollm3/step40k:  37%|███▋      | 169/451 [15:50<28:38,  6.09s/it]smollm3/step40k:  38%|███▊      | 170/451 [15:58<31:41,  6.77s/it]smollm3/step40k:  38%|███▊      | 171/451 [16:00<24:27,  5.24s/it]smollm3/step40k:  38%|███▊      | 172/451 [16:01<19:03,  4.10s/it]smollm3/step40k:  38%|███▊      | 173/451 [16:04<16:35,  3.58s/it]smollm3/step40k:  39%|███▊      | 174/451 [16:06<14:32,  3.15s/it]smollm3/step40k:  39%|███▉      | 175/451 [16:08<13:34,  2.95s/it]smollm3/step40k:  39%|███▉      | 176/451 [16:10<12:05,  2.64s/it]smollm3/step40k:  39%|███▉      | 177/451 [16:18<19:08,  4.19s/it]smollm3/step40k:  39%|███▉      | 178/451 [16:25<22:14,  4.89s/it]smollm3/step40k:  40%|███▉      | 179/451 [16:29<21:17,  4.70s/it]smollm3/step40k:  40%|███▉      | 180/451 [16:38<26:32,  5.88s/it]smollm3/step40k:  40%|████      | 181/451 [16:47<31:52,  7.08s/it]smollm3/step40k:  40%|████      | 182/451 [16:49<24:47,  5.53s/it]smollm3/step40k:  41%|████      | 183/451 [16:52<21:06,  4.73s/it]smollm3/step40k:  41%|████      | 184/451 [16:54<17:17,  3.89s/it]smollm3/step40k:  41%|████      | 185/451 [16:56<14:52,  3.36s/it]smollm3/step40k:  41%|████      | 186/451 [16:59<14:26,  3.27s/it]smollm3/step40k:  41%|████▏     | 187/451 [17:01<12:33,  2.86s/it]smollm3/step40k:  42%|████▏     | 188/451 [17:10<19:46,  4.51s/it]smollm3/step40k:  42%|████▏     | 189/451 [17:17<22:56,  5.25s/it]smollm3/step40k:  42%|████▏     | 190/451 [17:21<21:23,  4.92s/it]smollm3/step40k:  42%|████▏     | 191/451 [17:29<25:58,  5.99s/it]smollm3/step40k:  43%|████▎     | 192/451 [17:39<30:41,  7.11s/it]smollm3/step40k:  43%|████▎     | 193/451 [17:41<23:51,  5.55s/it]smollm3/step40k:  43%|████▎     | 194/451 [17:43<19:28,  4.55s/it]smollm3/step40k:  43%|████▎     | 195/451 [17:45<16:00,  3.75s/it]smollm3/step40k:  43%|████▎     | 196/451 [17:48<14:28,  3.40s/it]smollm3/step40k:  44%|████▎     | 197/451 [17:51<14:40,  3.47s/it]smollm3/step40k:  44%|████▍     | 198/451 [17:54<13:34,  3.22s/it]smollm3/step40k:  44%|████▍     | 199/451 [18:04<22:10,  5.28s/it]smollm3/step40k:  44%|████▍     | 200/451 [18:13<27:04,  6.47s/it]smollm3/step40k:  45%|████▍     | 201/451 [18:18<24:35,  5.90s/it]smollm3/step40k:  45%|████▍     | 202/451 [18:27<28:55,  6.97s/it]smollm3/step40k:  45%|████▌     | 203/451 [18:37<32:27,  7.85s/it]smollm3/step40k:  45%|████▌     | 204/451 [18:39<25:03,  6.09s/it]smollm3/step40k:  45%|████▌     | 205/451 [18:42<20:37,  5.03s/it]smollm3/step40k:  46%|████▌     | 206/451 [18:44<16:47,  4.11s/it]smollm3/step40k:  46%|████▌     | 207/451 [18:46<14:17,  3.52s/it]smollm3/step40k:  46%|████▌     | 208/451 [18:50<14:39,  3.62s/it]smollm3/step40k:  46%|████▋     | 209/451 [18:51<12:30,  3.10s/it]smollm3/step40k:  47%|████▋     | 210/451 [19:00<18:44,  4.66s/it]smollm3/step40k:  47%|████▋     | 211/451 [19:06<20:53,  5.22s/it]smollm3/step40k:  47%|████▋     | 212/451 [19:11<19:45,  4.96s/it]smollm3/step40k:  47%|████▋     | 213/451 [19:19<23:59,  6.05s/it]smollm3/step40k:  47%|████▋     | 214/451 [19:29<28:18,  7.17s/it]smollm3/step40k:  48%|████▊     | 215/451 [19:31<22:00,  5.59s/it]smollm3/step40k:  48%|████▊     | 216/451 [19:33<17:22,  4.44s/it]smollm3/step40k:  48%|████▊     | 217/451 [19:35<14:18,  3.67s/it]smollm3/step40k:  48%|████▊     | 218/451 [19:37<12:32,  3.23s/it]smollm3/step40k:  49%|████▊     | 219/451 [19:40<12:19,  3.19s/it]smollm3/step40k:  49%|████▉     | 220/451 [19:42<10:48,  2.81s/it]smollm3/step40k:  49%|████▉     | 221/451 [19:49<15:29,  4.04s/it]smollm3/step40k:  49%|████▉     | 222/451 [19:56<18:56,  4.96s/it]smollm3/step40k:  49%|████▉     | 223/451 [20:00<17:44,  4.67s/it]smollm3/step40k:  50%|████▉     | 224/451 [20:08<21:29,  5.68s/it]smollm3/step40k:  50%|████▉     | 225/451 [20:16<24:03,  6.39s/it]smollm3/step40k:  50%|█████     | 226/451 [20:18<19:00,  5.07s/it]smollm3/step40k:  50%|█████     | 227/451 [20:20<15:05,  4.04s/it]smollm3/step40k:  51%|█████     | 228/451 [20:21<12:21,  3.33s/it]smollm3/step40k:  51%|█████     | 229/451 [20:24<11:15,  3.04s/it]smollm3/step40k:  51%|█████     | 230/451 [20:26<10:25,  2.83s/it]smollm3/step40k:  51%|█████     | 231/451 [20:28<09:55,  2.71s/it]smollm3/step40k:  51%|█████▏    | 232/451 [20:37<16:12,  4.44s/it]smollm3/step40k:  52%|█████▏    | 233/451 [20:43<18:21,  5.05s/it]smollm3/step40k:  52%|█████▏    | 234/451 [20:47<17:20,  4.80s/it]smollm3/step40k:  52%|█████▏    | 235/451 [20:56<21:15,  5.91s/it]smollm3/step40k:  52%|█████▏    | 236/451 [21:06<25:14,  7.05s/it]smollm3/step40k:  53%|█████▎    | 237/451 [21:08<19:44,  5.53s/it]smollm3/step40k:  53%|█████▎    | 238/451 [21:11<16:44,  4.72s/it]smollm3/step40k:  53%|█████▎    | 239/451 [21:12<13:46,  3.90s/it]smollm3/step40k:  53%|█████▎    | 240/451 [21:15<11:54,  3.39s/it]smollm3/step40k:  53%|█████▎    | 241/451 [21:18<11:37,  3.32s/it]smollm3/step40k:  54%|█████▎    | 242/451 [21:20<10:04,  2.89s/it]smollm3/step40k:  54%|█████▍    | 243/451 [21:29<16:25,  4.74s/it]smollm3/step40k:  54%|█████▍    | 244/451 [21:36<19:05,  5.54s/it]smollm3/step40k:  54%|█████▍    | 245/451 [21:40<17:37,  5.13s/it]smollm3/step40k:  55%|█████▍    | 246/451 [21:49<21:06,  6.18s/it]smollm3/step40k:  55%|█████▍    | 247/451 [21:59<24:31,  7.21s/it]smollm3/step40k:  55%|█████▍    | 248/451 [22:01<19:00,  5.62s/it]smollm3/step40k:  55%|█████▌    | 249/451 [22:05<17:18,  5.14s/it]smollm3/step40k:  55%|█████▌    | 250/451 [22:06<13:58,  4.17s/it]smollm3/step40k:  56%|█████▌    | 251/451 [22:09<11:58,  3.59s/it]smollm3/step40k:  56%|█████▌    | 252/451 [22:12<11:23,  3.43s/it]smollm3/step40k:  56%|█████▌    | 253/451 [22:14<09:52,  2.99s/it]smollm3/step40k:  56%|█████▋    | 254/451 [22:24<16:40,  5.08s/it]smollm3/step40k:  57%|█████▋    | 255/451 [22:32<19:31,  5.98s/it]smollm3/step40k:  57%|█████▋    | 256/451 [22:37<18:51,  5.80s/it]smollm3/step40k:  57%|█████▋    | 257/451 [22:47<22:23,  6.93s/it]smollm3/step40k:  57%|█████▋    | 258/451 [22:56<24:55,  7.75s/it]smollm3/step40k:  57%|█████▋    | 259/451 [22:59<19:32,  6.11s/it]smollm3/step40k:  58%|█████▊    | 260/451 [23:00<15:18,  4.81s/it]smollm3/step40k:  58%|█████▊    | 261/451 [23:03<12:48,  4.04s/it]smollm3/step40k:  58%|█████▊    | 262/451 [23:05<11:06,  3.53s/it]smollm3/step40k:  58%|█████▊    | 263/451 [23:08<10:50,  3.46s/it]smollm3/step40k:  59%|█████▊    | 264/451 [23:11<09:38,  3.09s/it]smollm3/step40k:  59%|█████▉    | 265/451 [23:20<15:35,  5.03s/it]smollm3/step40k:  59%|█████▉    | 266/451 [23:28<17:53,  5.80s/it]smollm3/step40k:  59%|█████▉    | 267/451 [23:32<16:14,  5.30s/it]smollm3/step40k:  59%|█████▉    | 268/451 [23:41<19:52,  6.52s/it]smollm3/step40k:  60%|█████▉    | 269/451 [23:51<23:03,  7.60s/it]smollm3/step40k:  60%|█████▉    | 270/451 [23:53<17:52,  5.93s/it]smollm3/step40k:  60%|██████    | 271/451 [23:55<13:43,  4.57s/it]smollm3/step40k:  60%|██████    | 272/451 [23:57<11:13,  3.76s/it]smollm3/step40k:  61%|██████    | 273/451 [23:59<09:44,  3.28s/it]smollm3/step40k:  61%|██████    | 274/451 [24:02<09:26,  3.20s/it]smollm3/step40k:  61%|██████    | 275/451 [24:04<08:17,  2.83s/it]smollm3/step40k:  61%|██████    | 276/451 [24:13<13:26,  4.61s/it]smollm3/step40k:  61%|██████▏   | 277/451 [24:19<15:13,  5.25s/it]smollm3/step40k:  62%|██████▏   | 278/451 [24:24<14:54,  5.17s/it]smollm3/step40k:  62%|██████▏   | 279/451 [24:33<18:18,  6.38s/it]smollm3/step40k:  62%|██████▏   | 280/451 [24:43<21:09,  7.43s/it]smollm3/step40k:  62%|██████▏   | 281/451 [24:45<16:19,  5.76s/it]smollm3/step40k:  63%|██████▎   | 282/451 [24:47<13:11,  4.69s/it]smollm3/step40k:  63%|██████▎   | 283/451 [24:49<10:47,  3.85s/it]smollm3/step40k:  63%|██████▎   | 284/451 [24:51<09:17,  3.34s/it]smollm3/step40k:  63%|██████▎   | 285/451 [24:54<08:59,  3.25s/it]smollm3/step40k:  63%|██████▎   | 286/451 [24:56<07:52,  2.86s/it]smollm3/step40k:  64%|██████▎   | 287/451 [25:05<12:34,  4.60s/it]smollm3/step40k:  64%|██████▍   | 288/451 [25:12<14:13,  5.24s/it]smollm3/step40k:  64%|██████▍   | 289/451 [25:16<13:14,  4.90s/it]smollm3/step40k:  64%|██████▍   | 290/451 [25:25<16:10,  6.02s/it]smollm3/step40k:  65%|██████▍   | 291/451 [25:34<18:57,  7.11s/it]smollm3/step40k:  65%|██████▍   | 292/451 [25:36<14:41,  5.54s/it]smollm3/step40k:  65%|██████▍   | 293/451 [25:39<12:15,  4.66s/it]smollm3/step40k:  65%|██████▌   | 294/451 [25:41<09:59,  3.82s/it]smollm3/step40k:  65%|██████▌   | 295/451 [25:43<08:38,  3.32s/it]smollm3/step40k:  66%|██████▌   | 296/451 [25:46<08:20,  3.23s/it]smollm3/step40k:  66%|██████▌   | 297/451 [25:48<07:19,  2.85s/it]smollm3/step40k:  66%|██████▌   | 298/451 [25:57<12:07,  4.75s/it]smollm3/step40k:  66%|██████▋   | 299/451 [26:04<14:10,  5.59s/it]smollm3/step40k:  67%|██████▋   | 300/451 [26:09<13:15,  5.27s/it]smollm3/step40k:  67%|██████▋   | 301/451 [26:18<15:44,  6.30s/it]smollm3/step40k:  67%|██████▋   | 302/451 [26:28<18:20,  7.39s/it]smollm3/step40k:  67%|██████▋   | 303/451 [26:30<14:18,  5.80s/it]smollm3/step40k:  67%|██████▋   | 304/451 [26:32<11:40,  4.76s/it]smollm3/step40k:  68%|██████▊   | 305/451 [26:34<09:43,  3.99s/it]smollm3/step40k:  68%|██████▊   | 306/451 [26:37<08:26,  3.49s/it]smollm3/step40k:  68%|██████▊   | 307/451 [26:40<08:29,  3.54s/it]smollm3/step40k:  68%|██████▊   | 308/451 [26:42<07:26,  3.12s/it]smollm3/step40k:  69%|██████▊   | 309/451 [26:51<11:23,  4.81s/it]smollm3/step40k:  69%|██████▊   | 310/451 [26:57<12:03,  5.13s/it]smollm3/step40k:  69%|██████▉   | 311/451 [27:01<11:22,  4.87s/it]smollm3/step40k:  69%|██████▉   | 312/451 [27:11<14:33,  6.29s/it]smollm3/step40k:  69%|██████▉   | 313/451 [27:21<16:52,  7.33s/it]smollm3/step40k:  70%|██████▉   | 314/451 [27:23<13:12,  5.78s/it]smollm3/step40k:  70%|██████▉   | 315/451 [27:25<10:44,  4.74s/it]smollm3/step40k:  70%|███████   | 316/451 [27:27<08:54,  3.96s/it]smollm3/step40k:  70%|███████   | 317/451 [27:30<07:44,  3.47s/it]smollm3/step40k:  71%|███████   | 318/451 [27:33<07:33,  3.41s/it]smollm3/step40k:  71%|███████   | 319/451 [27:35<06:37,  3.01s/it]smollm3/step40k:  71%|███████   | 320/451 [27:43<09:48,  4.49s/it]smollm3/step40k:  71%|███████   | 321/451 [27:49<10:44,  4.96s/it]smollm3/step40k:  71%|███████▏  | 322/451 [27:53<10:16,  4.78s/it]smollm3/step40k:  72%|███████▏  | 323/451 [28:00<11:11,  5.24s/it]smollm3/step40k:  72%|███████▏  | 324/451 [28:10<14:27,  6.83s/it]smollm3/step40k:  72%|███████▏  | 325/451 [28:12<11:14,  5.35s/it]smollm3/step40k:  72%|███████▏  | 326/451 [28:14<08:50,  4.24s/it]smollm3/step40k:  73%|███████▎  | 327/451 [28:15<07:16,  3.52s/it]smollm3/step40k:  73%|███████▎  | 328/451 [28:18<06:29,  3.17s/it]smollm3/step40k:  73%|███████▎  | 329/451 [28:21<06:35,  3.24s/it]smollm3/step40k:  73%|███████▎  | 330/451 [28:23<05:53,  2.92s/it]smollm3/step40k:  73%|███████▎  | 331/451 [28:32<09:04,  4.54s/it]smollm3/step40k:  74%|███████▎  | 332/451 [28:41<11:51,  5.98s/it]smollm3/step40k:  74%|███████▍  | 333/451 [28:46<11:20,  5.77s/it]smollm3/step40k:  74%|███████▍  | 334/451 [28:56<13:16,  6.81s/it]smollm3/step40k:  74%|███████▍  | 335/451 [29:05<14:47,  7.65s/it]smollm3/step40k:  75%|███████▍  | 336/451 [29:07<11:21,  5.92s/it]smollm3/step40k:  75%|███████▍  | 337/451 [29:09<08:56,  4.71s/it]smollm3/step40k:  75%|███████▍  | 338/451 [29:11<07:15,  3.85s/it]smollm3/step40k:  75%|███████▌  | 339/451 [29:13<06:14,  3.34s/it]smollm3/step40k:  75%|███████▌  | 340/451 [29:16<06:00,  3.24s/it]smollm3/step40k:  76%|███████▌  | 341/451 [29:18<05:12,  2.84s/it]smollm3/step40k:  76%|███████▌  | 342/451 [29:27<08:29,  4.68s/it]smollm3/step40k:  76%|███████▌  | 343/451 [29:34<09:47,  5.44s/it]smollm3/step40k:  76%|███████▋  | 344/451 [29:39<09:40,  5.42s/it]smollm3/step40k:  76%|███████▋  | 345/451 [29:49<11:40,  6.61s/it]smollm3/step40k:  77%|███████▋  | 346/451 [29:59<13:25,  7.67s/it]smollm3/step40k:  77%|███████▋  | 347/451 [30:01<10:29,  6.05s/it]smollm3/step40k:  77%|███████▋  | 348/451 [30:04<08:34,  5.00s/it]smollm3/step40k:  77%|███████▋  | 349/451 [30:06<07:00,  4.12s/it]smollm3/step40k:  78%|███████▊  | 350/451 [30:09<06:21,  3.78s/it]smollm3/step40k:  78%|███████▊  | 351/451 [30:13<06:16,  3.77s/it]smollm3/step40k:  78%|███████▊  | 352/451 [30:15<05:32,  3.35s/it]smollm3/step40k:  78%|███████▊  | 353/451 [30:23<07:49,  4.79s/it]smollm3/step40k:  78%|███████▊  | 354/451 [30:29<08:19,  5.15s/it]smollm3/step40k:  79%|███████▊  | 355/451 [30:33<07:48,  4.88s/it]smollm3/step40k:  79%|███████▉  | 356/451 [30:42<09:19,  5.89s/it]smollm3/step40k:  79%|███████▉  | 357/451 [30:49<09:58,  6.37s/it]smollm3/step40k:  79%|███████▉  | 358/451 [30:51<07:47,  5.03s/it]smollm3/step40k:  80%|███████▉  | 359/451 [30:53<06:12,  4.05s/it]smollm3/step40k:  80%|███████▉  | 360/451 [30:55<05:11,  3.42s/it]smollm3/step40k:  80%|████████  | 361/451 [30:57<04:29,  3.00s/it]smollm3/step40k:  80%|████████  | 362/451 [31:00<04:48,  3.24s/it]smollm3/step40k:  80%|████████  | 363/451 [31:03<04:17,  2.93s/it]smollm3/step40k:  81%|████████  | 364/451 [31:11<06:46,  4.67s/it]smollm3/step40k:  81%|████████  | 365/451 [31:19<07:47,  5.43s/it]smollm3/step40k:  81%|████████  | 366/451 [31:23<07:13,  5.10s/it]smollm3/step40k:  81%|████████▏ | 367/451 [31:31<08:33,  6.11s/it]smollm3/step40k:  82%|████████▏ | 368/451 [31:41<09:48,  7.09s/it]smollm3/step40k:  82%|████████▏ | 369/451 [31:43<07:34,  5.55s/it]smollm3/step40k:  82%|████████▏ | 370/451 [31:44<05:49,  4.31s/it]smollm3/step40k:  82%|████████▏ | 371/451 [31:46<04:45,  3.57s/it]smollm3/step40k:  82%|████████▏ | 372/451 [31:48<04:08,  3.15s/it]smollm3/step40k:  83%|████████▎ | 373/451 [31:51<04:02,  3.10s/it]smollm3/step40k:  83%|████████▎ | 374/451 [31:53<03:32,  2.76s/it]smollm3/step40k:  83%|████████▎ | 375/451 [32:01<05:36,  4.42s/it]smollm3/step40k:  83%|████████▎ | 376/451 [32:08<06:28,  5.18s/it]smollm3/step40k:  84%|████████▎ | 377/451 [32:13<06:09,  4.99s/it]smollm3/step40k:  84%|████████▍ | 378/451 [32:23<07:44,  6.36s/it]smollm3/step40k:  84%|████████▍ | 379/451 [32:34<09:37,  8.02s/it]smollm3/step40k:  84%|████████▍ | 380/451 [32:37<07:25,  6.27s/it]smollm3/step40k:  84%|████████▍ | 381/451 [32:40<06:20,  5.44s/it]smollm3/step40k:  85%|████████▍ | 382/451 [32:42<05:01,  4.38s/it]smollm3/step40k:  85%|████████▍ | 383/451 [32:44<04:11,  3.70s/it]smollm3/step40k:  85%|████████▌ | 384/451 [32:47<03:54,  3.51s/it]smollm3/step40k:  85%|████████▌ | 385/451 [32:49<03:18,  3.01s/it]smollm3/step40k:  86%|████████▌ | 386/451 [32:58<05:02,  4.66s/it]smollm3/step40k:  86%|████████▌ | 387/451 [33:04<05:33,  5.21s/it]smollm3/step40k:  86%|████████▌ | 388/451 [33:08<05:07,  4.89s/it]smollm3/step40k:  86%|████████▋ | 389/451 [33:17<06:20,  6.14s/it]smollm3/step40k:  86%|████████▋ | 390/451 [33:28<07:48,  7.68s/it]smollm3/step40k:  87%|████████▋ | 391/451 [33:30<05:55,  5.93s/it]smollm3/step40k:  87%|████████▋ | 392/451 [33:33<04:55,  5.01s/it]smollm3/step40k:  87%|████████▋ | 393/451 [33:35<03:56,  4.07s/it]smollm3/step40k:  87%|████████▋ | 394/451 [33:37<03:21,  3.54s/it]smollm3/step40k:  88%|████████▊ | 395/451 [33:40<03:10,  3.40s/it]smollm3/step40k:  88%|████████▊ | 396/451 [33:42<02:41,  2.94s/it]smollm3/step40k:  88%|████████▊ | 397/451 [33:53<04:51,  5.40s/it]smollm3/step40k:  88%|████████▊ | 398/451 [34:00<05:09,  5.83s/it]smollm3/step40k:  88%|████████▊ | 399/451 [34:04<04:36,  5.33s/it]smollm3/step40k:  89%|████████▊ | 400/451 [34:17<06:15,  7.36s/it]smollm3/step40k:  89%|████████▉ | 401/451 [34:30<07:34,  9.09s/it]smollm3/step40k:  89%|████████▉ | 402/451 [34:32<05:40,  6.95s/it]smollm3/step40k:  89%|████████▉ | 403/451 [34:35<04:35,  5.75s/it]smollm3/step40k:  90%|████████▉ | 404/451 [34:36<03:34,  4.57s/it]smollm3/step40k:  90%|████████▉ | 405/451 [34:39<02:57,  3.86s/it]smollm3/step40k:  90%|█████████ | 406/451 [34:42<02:44,  3.67s/it]smollm3/step40k:  90%|█████████ | 407/451 [34:45<02:31,  3.44s/it]smollm3/step40k:  90%|█████████ | 408/451 [34:54<03:48,  5.32s/it]smollm3/step40k:  91%|█████████ | 409/451 [35:02<04:10,  5.96s/it]smollm3/step40k:  91%|█████████ | 410/451 [35:06<03:42,  5.42s/it]smollm3/step40k:  91%|█████████ | 411/451 [35:15<04:15,  6.40s/it]smollm3/step40k:  91%|█████████▏| 412/451 [35:24<04:47,  7.38s/it]smollm3/step40k:  92%|█████████▏| 413/451 [35:26<03:37,  5.73s/it]smollm3/step40k:  92%|█████████▏| 414/451 [35:29<03:00,  4.87s/it]smollm3/step40k:  92%|█████████▏| 415/451 [35:31<02:23,  3.98s/it]smollm3/step40k:  92%|█████████▏| 416/451 [35:33<02:00,  3.44s/it]smollm3/step40k:  92%|█████████▏| 417/451 [35:36<01:52,  3.31s/it]smollm3/step40k:  93%|█████████▎| 418/451 [35:38<01:38,  2.99s/it]smollm3/step40k:  93%|█████████▎| 419/451 [35:48<02:35,  4.86s/it]smollm3/step40k:  93%|█████████▎| 420/451 [35:55<02:56,  5.69s/it]smollm3/step40k:  93%|█████████▎| 421/451 [36:00<02:39,  5.31s/it]smollm3/step40k:  94%|█████████▎| 422/451 [36:08<03:03,  6.34s/it]smollm3/step40k:  94%|█████████▍| 423/451 [36:19<03:31,  7.55s/it]smollm3/step40k:  94%|█████████▍| 424/451 [36:21<02:40,  5.93s/it]smollm3/step40k:  94%|█████████▍| 425/451 [36:25<02:21,  5.45s/it]smollm3/step40k:  94%|█████████▍| 426/451 [36:28<01:52,  4.49s/it]smollm3/step40k:  95%|█████████▍| 427/451 [36:30<01:32,  3.85s/it]smollm3/step40k:  95%|█████████▍| 428/451 [36:33<01:24,  3.69s/it]smollm3/step40k:  95%|█████████▌| 429/451 [36:35<01:10,  3.22s/it]smollm3/step40k:  95%|█████████▌| 430/451 [36:44<01:42,  4.87s/it]smollm3/step40k:  96%|█████████▌| 431/451 [36:51<01:48,  5.41s/it]smollm3/step40k:  96%|█████████▌| 432/451 [36:55<01:35,  5.05s/it]smollm3/step40k:  96%|█████████▌| 433/451 [37:03<01:49,  6.08s/it]smollm3/step40k:  96%|█████████▌| 434/451 [37:13<02:01,  7.14s/it]smollm3/step40k:  96%|█████████▋| 435/451 [37:15<01:29,  5.57s/it]smollm3/step40k:  97%|█████████▋| 436/451 [37:18<01:12,  4.83s/it]smollm3/step40k:  97%|█████████▋| 437/451 [37:20<00:55,  3.95s/it]smollm3/step40k:  97%|█████████▋| 438/451 [37:22<00:44,  3.41s/it]smollm3/step40k:  97%|█████████▋| 439/451 [37:25<00:39,  3.30s/it]smollm3/step40k:  98%|█████████▊| 440/451 [37:27<00:31,  2.90s/it]smollm3/step40k:  98%|█████████▊| 441/451 [37:35<00:44,  4.40s/it]smollm3/step40k:  98%|█████████▊| 442/451 [37:43<00:48,  5.36s/it]smollm3/step40k:  98%|█████████▊| 443/451 [37:47<00:40,  5.02s/it]smollm3/step40k:  98%|█████████▊| 444/451 [37:55<00:42,  6.10s/it]smollm3/step40k:  99%|█████████▊| 445/451 [38:06<00:43,  7.33s/it]smollm3/step40k:  99%|█████████▉| 446/451 [38:08<00:28,  5.74s/it]smollm3/step40k:  99%|█████████▉| 447/451 [38:10<00:18,  4.73s/it]smollm3/step40k:  99%|█████████▉| 448/451 [38:12<00:11,  3.90s/it]smollm3/step40k: 100%|█████████▉| 449/451 [38:14<00:06,  3.39s/it]smollm3/step40k: 100%|█████████▉| 450/451 [38:17<00:03,  3.31s/it]smollm3/step40k: 100%|██████████| 451/451 [38:19<00:00,  2.88s/it]smollm3/step40k: 100%|██████████| 451/451 [38:19<00:00,  5.10s/it]
  ✅ Saved 451 records → data/results/binding_smollm3_45/smollm3_step40k_binding_smollm3.jsonl

Loading SmolLM3-3B @ step120k ...
Loading checkpoint shards:   0%|          | 0/2 [00:00<?, ?it/s]Loading checkpoint shards:  50%|█████     | 1/2 [00:06<00:06,  6.96s/it]Loading checkpoint shards: 100%|██████████| 2/2 [00:08<00:00,  3.90s/it]Loading checkpoint shards: 100%|██████████| 2/2 [00:08<00:00,  4.36s/it]
smollm3/step120k:   0%|          | 0/451 [00:00<?, ?it/s]smollm3/step120k:   0%|          | 1/451 [00:08<1:04:48,  8.64s/it]smollm3/step120k:   0%|          | 2/451 [00:15<55:26,  7.41s/it]  smollm3/step120k:   1%|          | 3/451 [00:19<44:37,  5.98s/it]smollm3/step120k:   1%|          | 4/451 [00:28<53:21,  7.16s/it]smollm3/step120k:   1%|          | 5/451 [00:38<1:00:43,  8.17s/it]smollm3/step120k:   1%|▏         | 6/451 [00:40<44:53,  6.05s/it]  smollm3/step120k:   2%|▏         | 7/451 [00:42<35:03,  4.74s/it]smollm3/step120k:   2%|▏         | 8/451 [00:44<28:23,  3.85s/it]smollm3/step120k:   2%|▏         | 9/451 [00:46<24:28,  3.32s/it]smollm3/step120k:   2%|▏         | 10/451 [00:49<23:56,  3.26s/it]smollm3/step120k:   2%|▏         | 11/451 [00:51<20:58,  2.86s/it]smollm3/step120k:   3%|▎         | 12/451 [00:57<27:43,  3.79s/it]smollm3/step120k:   3%|▎         | 13/451 [01:04<35:39,  4.88s/it]smollm3/step120k:   3%|▎         | 14/451 [01:08<33:18,  4.57s/it]smollm3/step120k:   3%|▎         | 15/451 [01:17<41:22,  5.69s/it]smollm3/step120k:   4%|▎         | 16/451 [01:25<48:24,  6.68s/it]smollm3/step120k:   4%|▍         | 17/451 [01:27<37:37,  5.20s/it]smollm3/step120k:   4%|▍         | 18/451 [01:29<29:27,  4.08s/it]smollm3/step120k:   4%|▍         | 19/451 [01:31<25:14,  3.51s/it]smollm3/step120k:   4%|▍         | 20/451 [01:33<21:55,  3.05s/it]smollm3/step120k:   5%|▍         | 21/451 [01:35<20:52,  2.91s/it]smollm3/step120k:   5%|▍         | 22/451 [01:37<18:50,  2.64s/it]smollm3/step120k:   5%|▌         | 23/451 [01:44<28:07,  3.94s/it]smollm3/step120k:   5%|▌         | 24/451 [01:51<34:32,  4.85s/it]smollm3/step120k:   6%|▌         | 25/451 [01:55<31:32,  4.44s/it]smollm3/step120k:   6%|▌         | 26/451 [02:02<37:47,  5.34s/it]smollm3/step120k:   6%|▌         | 27/451 [02:11<45:03,  6.38s/it]smollm3/step120k:   6%|▌         | 28/451 [02:13<35:33,  5.04s/it]smollm3/step120k:   6%|▋         | 29/451 [02:15<28:26,  4.04s/it]smollm3/step120k:   7%|▋         | 30/451 [02:17<24:31,  3.50s/it]smollm3/step120k:   7%|▋         | 31/451 [02:19<21:10,  3.02s/it]smollm3/step120k:   7%|▋         | 32/451 [02:21<19:51,  2.84s/it]smollm3/step120k:   7%|▋         | 33/451 [02:23<17:55,  2.57s/it]smollm3/step120k:   8%|▊         | 34/451 [02:32<29:42,  4.27s/it]smollm3/step120k:   8%|▊         | 35/451 [02:38<34:15,  4.94s/it]smollm3/step120k:   8%|▊         | 36/451 [02:42<32:41,  4.73s/it]smollm3/step120k:   8%|▊         | 37/451 [02:51<40:34,  5.88s/it]smollm3/step120k:   8%|▊         | 38/451 [03:01<48:22,  7.03s/it]smollm3/step120k:   9%|▊         | 39/451 [03:02<37:50,  5.51s/it]smollm3/step120k:   9%|▉         | 40/451 [03:05<32:13,  4.71s/it]smollm3/step120k:   9%|▉         | 41/451 [03:08<27:24,  4.01s/it]smollm3/step120k:   9%|▉         | 42/451 [03:10<24:12,  3.55s/it]smollm3/step120k:  10%|▉         | 43/451 [03:13<23:32,  3.46s/it]smollm3/step120k:  10%|▉         | 44/451 [03:15<20:23,  3.01s/it]smollm3/step120k:  10%|▉         | 45/451 [03:24<31:30,  4.66s/it]smollm3/step120k:  10%|█         | 46/451 [03:32<38:05,  5.64s/it]smollm3/step120k:  10%|█         | 47/451 [03:37<36:20,  5.40s/it]smollm3/step120k:  11%|█         | 48/451 [03:46<43:44,  6.51s/it]smollm3/step120k:  11%|█         | 49/451 [03:56<51:40,  7.71s/it]smollm3/step120k:  11%|█         | 50/451 [03:59<40:34,  6.07s/it]smollm3/step120k:  11%|█▏        | 51/451 [04:01<33:38,  5.05s/it]smollm3/step120k:  12%|█▏        | 52/451 [04:03<27:57,  4.21s/it]smollm3/step120k:  12%|█▏        | 53/451 [04:06<24:20,  3.67s/it]smollm3/step120k:  12%|█▏        | 54/451 [04:10<24:27,  3.70s/it]smollm3/step120k:  12%|█▏        | 55/451 [04:12<22:15,  3.37s/it]smollm3/step120k:  12%|█▏        | 56/451 [04:21<32:32,  4.94s/it]smollm3/step120k:  13%|█▎        | 57/451 [04:28<36:10,  5.51s/it]smollm3/step120k:  13%|█▎        | 58/451 [04:32<33:41,  5.14s/it]smollm3/step120k:  13%|█▎        | 59/451 [04:41<40:30,  6.20s/it]smollm3/step120k:  13%|█▎        | 60/451 [04:51<47:46,  7.33s/it]smollm3/step120k:  14%|█▎        | 61/451 [04:53<37:21,  5.75s/it]smollm3/step120k:  14%|█▎        | 62/451 [04:54<28:59,  4.47s/it]smollm3/step120k:  14%|█▍        | 63/451 [04:56<24:02,  3.72s/it]smollm3/step120k:  14%|█▍        | 64/451 [04:58<21:17,  3.30s/it]smollm3/step120k:  14%|█▍        | 65/451 [05:02<20:50,  3.24s/it]smollm3/step120k:  15%|█▍        | 66/451 [05:03<18:15,  2.85s/it]smollm3/step120k:  15%|█▍        | 67/451 [05:12<29:10,  4.56s/it]smollm3/step120k:  15%|█▌        | 68/451 [05:18<32:28,  5.09s/it]smollm3/step120k:  15%|█▌        | 69/451 [05:23<31:46,  4.99s/it]smollm3/step120k:  16%|█▌        | 70/451 [05:32<39:20,  6.19s/it]smollm3/step120k:  16%|█▌        | 71/451 [05:42<47:12,  7.45s/it]smollm3/step120k:  16%|█▌        | 72/451 [05:45<36:58,  5.85s/it]smollm3/step120k:  16%|█▌        | 73/451 [05:47<30:11,  4.79s/it]smollm3/step120k:  16%|█▋        | 74/451 [05:49<25:05,  3.99s/it]smollm3/step120k:  17%|█▋        | 75/451 [05:51<21:59,  3.51s/it]smollm3/step120k:  17%|█▋        | 76/451 [05:55<21:14,  3.40s/it]smollm3/step120k:  17%|█▋        | 77/451 [05:57<18:31,  2.97s/it]smollm3/step120k:  17%|█▋        | 78/451 [06:03<25:34,  4.12s/it]smollm3/step120k:  18%|█▊        | 79/451 [06:10<30:18,  4.89s/it]smollm3/step120k:  18%|█▊        | 80/451 [06:14<28:14,  4.57s/it]smollm3/step120k:  18%|█▊        | 81/451 [06:23<36:23,  5.90s/it]smollm3/step120k:  18%|█▊        | 82/451 [06:32<42:23,  6.89s/it]smollm3/step120k:  18%|█▊        | 83/451 [06:34<32:50,  5.36s/it]smollm3/step120k:  19%|█▊        | 84/451 [06:36<26:43,  4.37s/it]smollm3/step120k:  19%|█▉        | 85/451 [06:38<22:48,  3.74s/it]smollm3/step120k:  19%|█▉        | 86/451 [06:41<20:55,  3.44s/it]smollm3/step120k:  19%|█▉        | 87/451 [06:43<19:18,  3.18s/it]smollm3/step120k:  20%|█▉        | 88/451 [06:46<17:41,  2.92s/it]smollm3/step120k:  20%|█▉        | 89/451 [06:55<29:17,  4.86s/it]smollm3/step120k:  20%|█▉        | 90/451 [07:02<33:19,  5.54s/it]smollm3/step120k:  20%|██        | 91/451 [07:07<31:34,  5.26s/it]smollm3/step120k:  20%|██        | 92/451 [07:16<38:21,  6.41s/it]smollm3/step120k:  21%|██        | 93/451 [07:27<45:47,  7.67s/it]smollm3/step120k:  21%|██        | 94/451 [07:29<35:47,  6.02s/it]smollm3/step120k:  21%|██        | 95/451 [07:31<29:20,  4.94s/it]smollm3/step120k:  21%|██▏       | 96/451 [07:33<24:23,  4.12s/it]smollm3/step120k:  22%|██▏       | 97/451 [07:36<21:07,  3.58s/it]smollm3/step120k:  22%|██▏       | 98/451 [07:39<21:18,  3.62s/it]smollm3/step120k:  22%|██▏       | 99/451 [07:42<18:44,  3.19s/it]smollm3/step120k:  22%|██▏       | 100/451 [07:52<32:02,  5.48s/it]smollm3/step120k:  22%|██▏       | 101/451 [07:59<33:20,  5.72s/it]smollm3/step120k:  23%|██▎       | 102/451 [08:03<30:47,  5.29s/it]smollm3/step120k:  23%|██▎       | 103/451 [08:12<37:04,  6.39s/it]smollm3/step120k:  23%|██▎       | 104/451 [08:23<44:42,  7.73s/it]smollm3/step120k:  23%|██▎       | 105/451 [08:25<34:49,  6.04s/it]smollm3/step120k:  24%|██▎       | 106/451 [08:27<27:36,  4.80s/it]smollm3/step120k:  24%|██▎       | 107/451 [08:29<22:50,  3.98s/it]smollm3/step120k:  24%|██▍       | 108/451 [08:31<20:09,  3.53s/it]smollm3/step120k:  24%|██▍       | 109/451 [08:35<19:52,  3.49s/it]smollm3/step120k:  24%|██▍       | 110/451 [08:37<17:37,  3.10s/it]smollm3/step120k:  25%|██▍       | 111/451 [08:46<26:50,  4.74s/it]smollm3/step120k:  25%|██▍       | 112/451 [08:53<31:39,  5.60s/it]smollm3/step120k:  25%|██▌       | 113/451 [08:58<29:34,  5.25s/it]smollm3/step120k:  25%|██▌       | 114/451 [09:06<35:11,  6.27s/it]smollm3/step120k:  25%|██▌       | 115/451 [09:16<41:06,  7.34s/it]smollm3/step120k:  26%|██▌       | 116/451 [09:18<32:13,  5.77s/it]smollm3/step120k:  26%|██▌       | 117/451 [09:21<27:17,  4.90s/it]smollm3/step120k:  26%|██▌       | 118/451 [09:23<22:50,  4.12s/it]smollm3/step120k:  26%|██▋       | 119/451 [09:26<19:52,  3.59s/it]smollm3/step120k:  27%|██▋       | 120/451 [09:29<19:41,  3.57s/it]smollm3/step120k:  27%|██▋       | 121/451 [09:31<17:14,  3.13s/it]smollm3/step120k:  27%|██▋       | 122/451 [09:38<23:24,  4.27s/it]smollm3/step120k:  27%|██▋       | 123/451 [09:45<26:43,  4.89s/it]smollm3/step120k:  27%|██▋       | 124/451 [09:49<25:16,  4.64s/it]smollm3/step120k:  28%|██▊       | 125/451 [09:57<31:14,  5.75s/it]smollm3/step120k:  28%|██▊       | 126/451 [10:06<35:49,  6.61s/it]smollm3/step120k:  28%|██▊       | 127/451 [10:08<28:25,  5.26s/it]smollm3/step120k:  28%|██▊       | 128/451 [10:10<22:54,  4.26s/it]smollm3/step120k:  29%|██▊       | 129/451 [10:12<19:28,  3.63s/it]smollm3/step120k:  29%|██▉       | 130/451 [10:14<17:20,  3.24s/it]smollm3/step120k:  29%|██▉       | 131/451 [10:17<16:22,  3.07s/it]smollm3/step120k:  29%|██▉       | 132/451 [10:19<15:08,  2.85s/it]smollm3/step120k:  29%|██▉       | 133/451 [10:28<24:03,  4.54s/it]smollm3/step120k:  30%|██▉       | 134/451 [10:34<26:42,  5.05s/it]smollm3/step120k:  30%|██▉       | 135/451 [10:38<25:33,  4.85s/it]smollm3/step120k:  30%|███       | 136/451 [10:47<31:18,  5.96s/it]smollm3/step120k:  30%|███       | 137/451 [10:57<37:41,  7.20s/it]smollm3/step120k:  31%|███       | 138/451 [10:59<29:28,  5.65s/it]smollm3/step120k:  31%|███       | 139/451 [11:01<23:02,  4.43s/it]smollm3/step120k:  31%|███       | 140/451 [11:03<19:34,  3.78s/it]smollm3/step120k:  31%|███▏      | 141/451 [11:05<17:19,  3.35s/it]smollm3/step120k:  31%|███▏      | 142/451 [11:09<17:21,  3.37s/it]smollm3/step120k:  32%|███▏      | 143/451 [11:11<15:17,  2.98s/it]smollm3/step120k:  32%|███▏      | 144/451 [11:20<25:00,  4.89s/it]smollm3/step120k:  32%|███▏      | 145/451 [11:27<27:47,  5.45s/it]smollm3/step120k:  32%|███▏      | 146/451 [11:31<25:46,  5.07s/it]smollm3/step120k:  33%|███▎      | 147/451 [11:40<31:06,  6.14s/it]smollm3/step120k:  33%|███▎      | 148/451 [11:49<36:38,  7.26s/it]smollm3/step120k:  33%|███▎      | 149/451 [11:52<29:07,  5.79s/it]smollm3/step120k:  33%|███▎      | 150/451 [11:53<22:34,  4.50s/it]smollm3/step120k:  33%|███▎      | 151/451 [11:55<18:37,  3.73s/it]smollm3/step120k:  34%|███▎      | 152/451 [11:58<16:41,  3.35s/it]smollm3/step120k:  34%|███▍      | 153/451 [12:01<16:15,  3.27s/it]smollm3/step120k:  34%|███▍      | 154/451 [12:03<14:49,  2.99s/it]smollm3/step120k:  34%|███▍      | 155/451 [12:12<23:14,  4.71s/it]smollm3/step120k:  35%|███▍      | 156/451 [12:20<28:44,  5.85s/it]smollm3/step120k:  35%|███▍      | 157/451 [12:25<27:08,  5.54s/it]smollm3/step120k:  35%|███▌      | 158/451 [12:34<32:27,  6.65s/it]smollm3/step120k:  35%|███▌      | 159/451 [12:45<37:43,  7.75s/it]smollm3/step120k:  35%|███▌      | 160/451 [12:47<30:02,  6.19s/it]smollm3/step120k:  36%|███▌      | 161/451 [12:51<25:39,  5.31s/it]smollm3/step120k:  36%|███▌      | 162/451 [12:53<21:39,  4.49s/it]smollm3/step120k:  36%|███▌      | 163/451 [12:56<18:54,  3.94s/it]smollm3/step120k:  36%|███▋      | 164/451 [13:00<18:46,  3.93s/it]smollm3/step120k:  37%|███▋      | 165/451 [13:02<16:49,  3.53s/it]smollm3/step120k:  37%|███▋      | 166/451 [13:09<21:49,  4.60s/it]smollm3/step120k:  37%|███▋      | 167/451 [13:17<26:03,  5.51s/it]smollm3/step120k:  37%|███▋      | 168/451 [13:22<25:24,  5.39s/it]smollm3/step120k:  37%|███▋      | 169/451 [13:31<30:09,  6.41s/it]smollm3/step120k:  38%|███▊      | 170/451 [13:39<32:49,  7.01s/it]smollm3/step120k:  38%|███▊      | 171/451 [13:41<25:32,  5.47s/it]smollm3/step120k:  38%|███▊      | 172/451 [13:43<20:18,  4.37s/it]smollm3/step120k:  38%|███▊      | 173/451 [13:45<17:27,  3.77s/it]smollm3/step120k:  39%|███▊      | 174/451 [13:48<15:39,  3.39s/it]smollm3/step120k:  39%|███▉      | 175/451 [13:50<14:33,  3.16s/it]smollm3/step120k:  39%|███▉      | 176/451 [13:53<13:27,  2.94s/it]smollm3/step120k:  39%|███▉      | 177/451 [14:01<20:47,  4.55s/it]smollm3/step120k:  39%|███▉      | 178/451 [14:08<23:25,  5.15s/it]smollm3/step120k:  40%|███▉      | 179/451 [14:12<22:06,  4.88s/it]smollm3/step120k:  40%|███▉      | 180/451 [14:21<27:01,  5.98s/it]smollm3/step120k:  40%|████      | 181/451 [14:31<32:22,  7.20s/it]smollm3/step120k:  40%|████      | 182/451 [14:33<25:17,  5.64s/it]smollm3/step120k:  41%|████      | 183/451 [14:35<21:31,  4.82s/it]smollm3/step120k:  41%|████      | 184/451 [14:38<17:52,  4.02s/it]smollm3/step120k:  41%|████      | 185/451 [14:40<15:23,  3.47s/it]smollm3/step120k:  41%|████      | 186/451 [14:43<15:11,  3.44s/it]smollm3/step120k:  41%|████▏     | 187/451 [14:45<13:36,  3.09s/it]smollm3/step120k:  42%|████▏     | 188/451 [14:54<21:06,  4.81s/it]smollm3/step120k:  42%|████▏     | 189/451 [15:01<24:00,  5.50s/it]smollm3/step120k:  42%|████▏     | 190/451 [15:06<22:36,  5.20s/it]smollm3/step120k:  42%|████▏     | 191/451 [15:15<27:45,  6.40s/it]smollm3/step120k:  43%|████▎     | 192/451 [15:25<32:39,  7.56s/it]smollm3/step120k:  43%|████▎     | 193/451 [15:28<25:35,  5.95s/it]smollm3/step120k:  43%|████▎     | 194/451 [15:30<20:50,  4.86s/it]smollm3/step120k:  43%|████▎     | 195/451 [15:32<17:28,  4.10s/it]smollm3/step120k:  43%|████▎     | 196/451 [15:34<15:06,  3.56s/it]smollm3/step120k:  44%|████▎     | 197/451 [15:38<14:54,  3.52s/it]smollm3/step120k:  44%|████▍     | 198/451 [15:40<13:03,  3.10s/it]smollm3/step120k:  44%|████▍     | 199/451 [15:50<21:38,  5.15s/it]smollm3/step120k:  44%|████▍     | 200/451 [15:59<26:45,  6.40s/it]smollm3/step120k:  45%|████▍     | 201/451 [16:05<25:52,  6.21s/it]smollm3/step120k:  45%|████▍     | 202/451 [16:16<31:15,  7.53s/it]smollm3/step120k:  45%|████▌     | 203/451 [16:28<36:31,  8.84s/it]smollm3/step120k:  45%|████▌     | 204/451 [16:31<29:31,  7.17s/it]smollm3/step120k:  45%|████▌     | 205/451 [16:35<25:44,  6.28s/it]smollm3/step120k:  46%|████▌     | 206/451 [16:39<22:13,  5.44s/it]smollm3/step120k:  46%|████▌     | 207/451 [16:42<19:35,  4.82s/it]smollm3/step120k:  46%|████▌     | 208/451 [16:46<18:42,  4.62s/it]smollm3/step120k:  46%|████▋     | 209/451 [16:49<16:52,  4.18s/it]smollm3/step120k:  47%|████▋     | 210/451 [16:58<22:42,  5.65s/it]smollm3/step120k:  47%|████▋     | 211/451 [17:05<23:37,  5.91s/it]smollm3/step120k:  47%|████▋     | 212/451 [17:09<21:33,  5.41s/it]smollm3/step120k:  47%|████▋     | 213/451 [17:18<25:37,  6.46s/it]smollm3/step120k:  47%|████▋     | 214/451 [17:28<29:56,  7.58s/it]smollm3/step120k:  48%|████▊     | 215/451 [17:30<23:24,  5.95s/it]smollm3/step120k:  48%|████▊     | 216/451 [17:33<18:53,  4.82s/it]smollm3/step120k:  48%|████▊     | 217/451 [17:35<15:46,  4.05s/it]smollm3/step120k:  48%|████▊     | 218/451 [17:37<14:10,  3.65s/it]smollm3/step120k:  49%|████▊     | 219/451 [17:41<13:39,  3.53s/it]smollm3/step120k:  49%|████▉     | 220/451 [17:43<12:03,  3.13s/it]smollm3/step120k:  49%|████▉     | 221/451 [17:50<16:41,  4.35s/it]smollm3/step120k:  49%|████▉     | 222/451 [17:58<20:37,  5.41s/it]smollm3/step120k:  49%|████▉     | 223/451 [18:02<19:20,  5.09s/it]smollm3/step120k:  50%|████▉     | 224/451 [18:11<23:09,  6.12s/it]smollm3/step120k:  50%|████▉     | 225/451 [18:19<25:45,  6.84s/it]smollm3/step120k:  50%|█████     | 226/451 [18:22<20:27,  5.46s/it]smollm3/step120k:  50%|█████     | 227/451 [18:23<16:15,  4.35s/it]smollm3/step120k:  51%|█████     | 228/451 [18:25<13:19,  3.58s/it]smollm3/step120k:  51%|█████     | 229/451 [18:28<12:02,  3.26s/it]smollm3/step120k:  51%|█████     | 230/451 [18:30<11:03,  3.00s/it]smollm3/step120k:  51%|█████     | 231/451 [18:33<10:48,  2.95s/it]smollm3/step120k:  51%|█████▏    | 232/451 [18:42<17:36,  4.82s/it]smollm3/step120k:  52%|█████▏    | 233/451 [18:49<20:19,  5.60s/it]smollm3/step120k:  52%|█████▏    | 234/451 [18:54<18:52,  5.22s/it]smollm3/step120k:  52%|█████▏    | 235/451 [19:03<22:33,  6.26s/it]smollm3/step120k:  52%|█████▏    | 236/451 [19:12<26:07,  7.29s/it]smollm3/step120k:  53%|█████▎    | 237/451 [19:14<20:15,  5.68s/it]smollm3/step120k:  53%|█████▎    | 238/451 [19:17<17:11,  4.84s/it]smollm3/step120k:  53%|█████▎    | 239/451 [19:19<14:03,  3.98s/it]smollm3/step120k:  53%|█████▎    | 240/451 [19:21<12:09,  3.46s/it]smollm3/step120k:  53%|█████▎    | 241/451 [19:24<11:46,  3.36s/it]smollm3/step120k:  54%|█████▎    | 242/451 [19:26<10:20,  2.97s/it]smollm3/step120k:  54%|█████▍    | 243/451 [19:36<17:02,  4.92s/it]smollm3/step120k:  54%|█████▍    | 244/451 [19:44<19:59,  5.79s/it]smollm3/step120k:  54%|█████▍    | 245/451 [19:48<18:35,  5.41s/it]smollm3/step120k:  55%|█████▍    | 246/451 [19:58<22:28,  6.58s/it]smollm3/step120k:  55%|█████▍    | 247/451 [20:08<26:06,  7.68s/it]smollm3/step120k:  55%|█████▍    | 248/451 [20:10<20:17,  6.00s/it]smollm3/step120k:  55%|█████▌    | 249/451 [20:14<18:18,  5.44s/it]smollm3/step120k:  55%|█████▌    | 250/451 [20:16<14:50,  4.43s/it]smollm3/step120k:  56%|█████▌    | 251/451 [20:19<13:05,  3.93s/it]smollm3/step120k:  56%|█████▌    | 252/451 [20:22<12:26,  3.75s/it]smollm3/step120k:  56%|█████▌    | 253/451 [20:24<10:48,  3.28s/it]smollm3/step120k:  56%|█████▋    | 254/451 [20:35<17:33,  5.35s/it]smollm3/step120k:  57%|█████▋    | 255/451 [20:42<19:32,  5.98s/it]smollm3/step120k:  57%|█████▋    | 256/451 [20:46<17:57,  5.53s/it]smollm3/step120k:  57%|█████▋    | 257/451 [20:55<21:02,  6.51s/it]smollm3/step120k:  57%|█████▋    | 258/451 [21:06<24:39,  7.67s/it]smollm3/step120k:  57%|█████▋    | 259/451 [21:08<19:17,  6.03s/it]smollm3/step120k:  58%|█████▊    | 260/451 [21:10<15:03,  4.73s/it]smollm3/step120k:  58%|█████▊    | 261/451 [21:12<12:41,  4.01s/it]smollm3/step120k:  58%|█████▊    | 262/451 [21:14<11:05,  3.52s/it]smollm3/step120k:  58%|█████▊    | 263/451 [21:18<10:54,  3.48s/it]smollm3/step120k:  59%|█████▊    | 264/451 [21:20<09:36,  3.08s/it]smollm3/step120k:  59%|█████▉    | 265/451 [21:29<15:06,  4.87s/it]smollm3/step120k:  59%|█████▉    | 266/451 [21:37<17:43,  5.75s/it]smollm3/step120k:  59%|█████▉    | 267/451 [21:41<16:12,  5.29s/it]smollm3/step120k:  59%|█████▉    | 268/451 [21:50<20:00,  6.56s/it]smollm3/step120k:  60%|█████▉    | 269/451 [22:01<23:47,  7.84s/it]smollm3/step120k:  60%|█████▉    | 270/451 [22:03<18:20,  6.08s/it]smollm3/step120k:  60%|██████    | 271/451 [22:05<14:06,  4.70s/it]smollm3/step120k:  60%|██████    | 272/451 [22:07<11:45,  3.94s/it]smollm3/step120k:  61%|██████    | 273/451 [22:09<10:08,  3.42s/it]smollm3/step120k:  61%|██████    | 274/451 [22:12<09:49,  3.33s/it]smollm3/step120k:  61%|██████    | 275/451 [22:14<08:32,  2.91s/it]smollm3/step120k:  61%|██████    | 276/451 [22:22<13:13,  4.53s/it]smollm3/step120k:  61%|██████▏   | 277/451 [22:29<15:04,  5.20s/it]smollm3/step120k:  62%|██████▏   | 278/451 [22:34<14:17,  4.95s/it]smollm3/step120k:  62%|██████▏   | 279/451 [22:43<17:40,  6.16s/it]smollm3/step120k:  62%|██████▏   | 280/451 [22:54<22:15,  7.81s/it]smollm3/step120k:  62%|██████▏   | 281/451 [22:58<18:36,  6.57s/it]smollm3/step120k:  63%|██████▎   | 282/451 [23:02<16:08,  5.73s/it]smollm3/step120k:  63%|██████▎   | 283/451 [23:05<14:11,  5.07s/it]smollm3/step120k:  63%|██████▎   | 284/451 [23:09<13:03,  4.69s/it]smollm3/step120k:  63%|██████▎   | 285/451 [23:14<13:10,  4.76s/it]smollm3/step120k:  63%|██████▎   | 286/451 [23:17<12:06,  4.40s/it]smollm3/step120k:  64%|██████▎   | 287/451 [23:28<17:16,  6.32s/it]smollm3/step120k:  64%|██████▍   | 288/451 [23:37<19:00,  7.00s/it]smollm3/step120k:  64%|██████▍   | 289/451 [23:43<18:01,  6.68s/it]smollm3/step120k:  64%|██████▍   | 290/451 [23:54<21:14,  7.92s/it]smollm3/step120k:  65%|██████▍   | 291/451 [24:04<22:59,  8.62s/it]smollm3/step120k:  65%|██████▍   | 292/451 [24:06<17:44,  6.70s/it]smollm3/step120k:  65%|██████▍   | 293/451 [24:09<14:26,  5.48s/it]smollm3/step120k:  65%|██████▌   | 294/451 [24:11<11:46,  4.50s/it]smollm3/step120k:  65%|██████▌   | 295/451 [24:13<10:13,  3.93s/it]smollm3/step120k:  66%|██████▌   | 296/451 [24:17<09:52,  3.83s/it]smollm3/step120k:  66%|██████▌   | 297/451 [24:19<08:34,  3.34s/it]smollm3/step120k:  66%|██████▌   | 298/451 [24:30<13:57,  5.47s/it]smollm3/step120k:  66%|██████▋   | 299/451 [24:37<15:24,  6.08s/it]smollm3/step120k:  67%|██████▋   | 300/451 [24:42<14:05,  5.60s/it]smollm3/step120k:  67%|██████▋   | 301/451 [24:51<16:24,  6.57s/it]smollm3/step120k:  67%|██████▋   | 302/451 [25:01<18:51,  7.60s/it]smollm3/step120k:  67%|██████▋   | 303/451 [25:03<14:49,  6.01s/it]smollm3/step120k:  67%|██████▋   | 304/451 [25:05<12:07,  4.95s/it]smollm3/step120k:  68%|██████▊   | 305/451 [25:08<10:12,  4.19s/it]smollm3/step120k:  68%|██████▊   | 306/451 [25:10<08:52,  3.67s/it]smollm3/step120k:  68%|██████▊   | 307/451 [25:14<08:50,  3.68s/it]smollm3/step120k:  68%|██████▊   | 308/451 [25:16<07:55,  3.33s/it]smollm3/step120k:  69%|██████▊   | 309/451 [25:26<12:28,  5.27s/it]smollm3/step120k:  69%|██████▊   | 310/451 [25:33<13:19,  5.67s/it]smollm3/step120k:  69%|██████▉   | 311/451 [25:38<12:39,  5.42s/it]smollm3/step120k:  69%|██████▉   | 312/451 [25:47<15:35,  6.73s/it]smollm3/step120k:  69%|██████▉   | 313/451 [25:58<18:14,  7.93s/it]smollm3/step120k:  70%|██████▉   | 314/451 [26:01<14:24,  6.31s/it]smollm3/step120k:  70%|██████▉   | 315/451 [26:03<11:51,  5.23s/it]smollm3/step120k:  70%|███████   | 316/451 [26:06<09:44,  4.33s/it]smollm3/step120k:  70%|███████   | 317/451 [26:08<08:27,  3.79s/it]smollm3/step120k:  71%|███████   | 318/451 [26:12<08:06,  3.66s/it]smollm3/step120k:  71%|███████   | 319/451 [26:14<07:10,  3.26s/it]smollm3/step120k:  71%|███████   | 320/451 [26:22<10:27,  4.79s/it]smollm3/step120k:  71%|███████   | 321/451 [26:29<11:49,  5.45s/it]smollm3/step120k:  71%|███████▏  | 322/451 [26:34<11:17,  5.25s/it]smollm3/step120k:  72%|███████▏  | 323/451 [26:41<12:03,  5.65s/it]smollm3/step120k:  72%|███████▏  | 324/451 [26:50<14:24,  6.81s/it]smollm3/step120k:  72%|███████▏  | 325/451 [26:52<11:21,  5.40s/it]smollm3/step120k:  72%|███████▏  | 326/451 [26:54<08:56,  4.29s/it]smollm3/step120k:  73%|███████▎  | 327/451 [26:56<07:27,  3.61s/it]smollm3/step120k:  73%|███████▎  | 328/451 [26:58<06:41,  3.26s/it]smollm3/step120k:  73%|███████▎  | 329/451 [27:02<06:49,  3.36s/it]smollm3/step120k:  73%|███████▎  | 330/451 [27:04<06:02,  2.99s/it]smollm3/step120k:  73%|███████▎  | 331/451 [27:13<09:26,  4.72s/it]smollm3/step120k:  74%|███████▎  | 332/451 [27:22<12:05,  6.10s/it]smollm3/step120k:  74%|███████▍  | 333/451 [27:28<11:51,  6.03s/it]smollm3/step120k:  74%|███████▍  | 334/451 [27:39<14:30,  7.44s/it]smollm3/step120k:  74%|███████▍  | 335/451 [27:51<16:59,  8.79s/it]smollm3/step120k:  75%|███████▍  | 336/451 [27:54<13:47,  7.20s/it]smollm3/step120k:  75%|███████▍  | 337/451 [27:58<11:33,  6.08s/it]smollm3/step120k:  75%|███████▍  | 338/451 [28:01<09:50,  5.23s/it]smollm3/step120k:  75%|███████▌  | 339/451 [28:05<08:57,  4.80s/it]smollm3/step120k:  75%|███████▌  | 340/451 [28:10<08:59,  4.86s/it]smollm3/step120k:  76%|███████▌  | 341/451 [28:13<08:08,  4.44s/it]smollm3/step120k:  76%|███████▌  | 342/451 [28:24<11:41,  6.43s/it]smollm3/step120k:  76%|███████▌  | 343/451 [28:31<12:00,  6.67s/it]smollm3/step120k:  76%|███████▋  | 344/451 [28:36<10:33,  5.92s/it]smollm3/step120k:  76%|███████▋  | 345/451 [28:44<11:51,  6.71s/it]smollm3/step120k:  77%|███████▋  | 346/451 [28:54<13:28,  7.70s/it]smollm3/step120k:  77%|███████▋  | 347/451 [28:56<10:25,  6.02s/it]smollm3/step120k:  77%|███████▋  | 348/451 [28:58<08:13,  4.79s/it]smollm3/step120k:  77%|███████▋  | 349/451 [29:00<06:46,  3.99s/it]smollm3/step120k:  78%|███████▊  | 350/451 [29:03<05:58,  3.55s/it]smollm3/step120k:  78%|███████▊  | 351/451 [29:06<05:46,  3.46s/it]smollm3/step120k:  78%|███████▊  | 352/451 [29:08<05:10,  3.13s/it]smollm3/step120k:  78%|███████▊  | 353/451 [29:16<07:10,  4.40s/it]smollm3/step120k:  78%|███████▊  | 354/451 [29:22<07:59,  4.95s/it]smollm3/step120k:  79%|███████▊  | 355/451 [29:26<07:36,  4.75s/it]smollm3/step120k:  79%|███████▉  | 356/451 [29:35<09:19,  5.89s/it]smollm3/step120k:  79%|███████▉  | 357/451 [29:43<10:13,  6.53s/it]smollm3/step120k:  79%|███████▉  | 358/451 [29:45<08:02,  5.19s/it]smollm3/step120k:  80%|███████▉  | 359/451 [29:47<06:23,  4.17s/it]smollm3/step120k:  80%|███████▉  | 360/451 [29:49<05:18,  3.50s/it]smollm3/step120k:  80%|████████  | 361/451 [29:51<04:32,  3.03s/it]smollm3/step120k:  80%|████████  | 362/451 [29:54<04:34,  3.08s/it]smollm3/step120k:  80%|████████  | 363/451 [29:56<04:06,  2.81s/it]smollm3/step120k:  81%|████████  | 364/451 [30:05<06:44,  4.64s/it]smollm3/step120k:  81%|████████  | 365/451 [30:11<07:21,  5.14s/it]smollm3/step120k:  81%|████████  | 366/451 [30:16<06:57,  4.91s/it]smollm3/step120k:  81%|████████▏ | 367/451 [30:25<08:33,  6.11s/it]smollm3/step120k:  82%|████████▏ | 368/451 [30:34<10:03,  7.27s/it]smollm3/step120k:  82%|████████▏ | 369/451 [30:36<07:45,  5.68s/it]smollm3/step120k:  82%|████████▏ | 370/451 [30:38<06:01,  4.46s/it]smollm3/step120k:  82%|████████▏ | 371/451 [30:40<04:57,  3.72s/it]smollm3/step120k:  82%|████████▏ | 372/451 [30:43<04:25,  3.35s/it]smollm3/step120k:  83%|████████▎ | 373/451 [30:46<04:18,  3.32s/it]smollm3/step120k:  83%|████████▎ | 374/451 [30:48<03:48,  2.97s/it]smollm3/step120k:  83%|████████▎ | 375/451 [30:56<05:51,  4.62s/it]smollm3/step120k:  83%|████████▎ | 376/451 [31:03<06:23,  5.11s/it]smollm3/step120k:  84%|████████▎ | 377/451 [31:07<05:58,  4.84s/it]smollm3/step120k:  84%|████████▍ | 378/451 [31:16<07:17,  6.00s/it]smollm3/step120k:  84%|████████▍ | 379/451 [31:25<08:30,  7.09s/it]smollm3/step120k:  84%|████████▍ | 380/451 [31:27<06:39,  5.63s/it]smollm3/step120k:  84%|████████▍ | 381/451 [31:30<05:30,  4.72s/it]smollm3/step120k:  85%|████████▍ | 382/451 [31:32<04:32,  3.94s/it]smollm3/step120k:  85%|████████▍ | 383/451 [31:34<03:51,  3.40s/it]smollm3/step120k:  85%|████████▌ | 384/451 [31:37<03:42,  3.32s/it]smollm3/step120k:  85%|████████▌ | 385/451 [31:39<03:11,  2.90s/it]smollm3/step120k:  86%|████████▌ | 386/451 [31:48<04:59,  4.60s/it]smollm3/step120k:  86%|████████▌ | 387/451 [31:54<05:30,  5.17s/it]smollm3/step120k:  86%|████████▌ | 388/451 [31:59<05:08,  4.90s/it]smollm3/step120k:  86%|████████▋ | 389/451 [32:08<06:19,  6.12s/it]smollm3/step120k:  86%|████████▋ | 390/451 [32:18<07:35,  7.46s/it]smollm3/step120k:  87%|████████▋ | 391/451 [32:20<05:51,  5.86s/it]smollm3/step120k:  87%|████████▋ | 392/451 [32:24<05:00,  5.09s/it]smollm3/step120k:  87%|████████▋ | 393/451 [32:26<04:03,  4.20s/it]smollm3/step120k:  87%|████████▋ | 394/451 [32:28<03:29,  3.68s/it]smollm3/step120k:  88%|████████▊ | 395/451 [32:32<03:20,  3.59s/it]smollm3/step120k:  88%|████████▊ | 396/451 [32:34<02:53,  3.15s/it]smollm3/step120k:  88%|████████▊ | 397/451 [32:44<04:42,  5.23s/it]smollm3/step120k:  88%|████████▊ | 398/451 [32:51<05:13,  5.91s/it]smollm3/step120k:  88%|████████▊ | 399/451 [32:56<04:49,  5.56s/it]smollm3/step120k:  89%|████████▊ | 400/451 [33:05<05:42,  6.71s/it]smollm3/step120k:  89%|████████▉ | 401/451 [33:15<06:21,  7.63s/it]smollm3/step120k:  89%|████████▉ | 402/451 [33:17<04:53,  6.00s/it]smollm3/step120k:  89%|████████▉ | 403/451 [33:20<03:55,  4.92s/it]smollm3/step120k:  90%|████████▉ | 404/451 [33:22<03:11,  4.07s/it]smollm3/step120k:  90%|████████▉ | 405/451 [33:24<02:40,  3.50s/it]smollm3/step120k:  90%|█████████ | 406/451 [33:27<02:32,  3.38s/it]smollm3/step120k:  90%|█████████ | 407/451 [33:29<02:09,  2.95s/it]smollm3/step120k:  90%|█████████ | 408/451 [33:39<03:30,  4.90s/it]smollm3/step120k:  91%|█████████ | 409/451 [33:46<04:00,  5.72s/it]smollm3/step120k:  91%|█████████ | 410/451 [33:50<03:36,  5.28s/it]smollm3/step120k:  91%|█████████ | 411/451 [33:59<04:11,  6.28s/it]smollm3/step120k:  91%|█████████▏| 412/451 [34:10<04:54,  7.56s/it]smollm3/step120k:  92%|█████████▏| 413/451 [34:12<03:48,  6.02s/it]smollm3/step120k:  92%|█████████▏| 414/451 [34:15<03:10,  5.15s/it]smollm3/step120k:  92%|█████████▏| 415/451 [34:18<02:35,  4.32s/it]smollm3/step120k:  92%|█████████▏| 416/451 [34:20<02:11,  3.75s/it]smollm3/step120k:  92%|█████████▏| 417/451 [34:24<02:04,  3.67s/it]smollm3/step120k:  93%|█████████▎| 418/451 [34:26<01:47,  3.25s/it]smollm3/step120k:  93%|█████████▎| 419/451 [34:36<02:54,  5.45s/it]smollm3/step120k:  93%|█████████▎| 420/451 [34:44<03:12,  6.20s/it]smollm3/step120k:  93%|█████████▎| 421/451 [34:49<02:52,  5.74s/it]smollm3/step120k:  94%|█████████▎| 422/451 [34:59<03:24,  7.06s/it]smollm3/step120k:  94%|█████████▍| 423/451 [35:10<03:49,  8.19s/it]smollm3/step120k:  94%|█████████▍| 424/451 [35:12<02:54,  6.47s/it]smollm3/step120k:  94%|█████████▍| 425/451 [35:16<02:28,  5.73s/it]smollm3/step120k:  94%|█████████▍| 426/451 [35:19<01:56,  4.67s/it]smollm3/step120k:  95%|█████████▍| 427/451 [35:21<01:35,  4.00s/it]smollm3/step120k:  95%|█████████▍| 428/451 [35:24<01:27,  3.80s/it]smollm3/step120k:  95%|█████████▌| 429/451 [35:27<01:13,  3.33s/it]smollm3/step120k:  95%|█████████▌| 430/451 [35:35<01:44,  4.98s/it]smollm3/step120k:  96%|█████████▌| 431/451 [35:42<01:50,  5.51s/it]smollm3/step120k:  96%|█████████▌| 432/451 [35:46<01:37,  5.15s/it]smollm3/step120k:  96%|█████████▌| 433/451 [35:55<01:53,  6.28s/it]smollm3/step120k:  96%|█████████▌| 434/451 [36:06<02:06,  7.45s/it]smollm3/step120k:  96%|█████████▋| 435/451 [36:08<01:34,  5.90s/it]smollm3/step120k:  97%|█████████▋| 436/451 [36:11<01:17,  5.15s/it]smollm3/step120k:  97%|█████████▋| 437/451 [36:13<00:59,  4.25s/it]smollm3/step120k:  97%|█████████▋| 438/451 [36:16<00:48,  3.72s/it]smollm3/step120k:  97%|█████████▋| 439/451 [36:19<00:43,  3.65s/it]smollm3/step120k:  98%|█████████▊| 440/451 [36:22<00:35,  3.23s/it]smollm3/step120k:  98%|█████████▊| 441/451 [36:30<00:47,  4.73s/it]smollm3/step120k:  98%|█████████▊| 442/451 [36:38<00:50,  5.65s/it]smollm3/step120k:  98%|█████████▊| 443/451 [36:42<00:43,  5.38s/it]smollm3/step120k:  98%|█████████▊| 444/451 [36:52<00:45,  6.54s/it]smollm3/step120k:  99%|█████████▊| 445/451 [37:02<00:45,  7.63s/it]smollm3/step120k:  99%|█████████▉| 446/451 [37:04<00:29,  5.91s/it]smollm3/step120k:  99%|█████████▉| 447/451 [37:06<00:19,  4.89s/it]smollm3/step120k:  99%|█████████▉| 448/451 [37:08<00:12,  4.06s/it]smollm3/step120k: 100%|█████████▉| 449/451 [37:11<00:06,  3.48s/it]smollm3/step120k: 100%|█████████▉| 450/451 [37:14<00:03,  3.37s/it]smollm3/step120k: 100%|██████████| 451/451 [37:16<00:00,  2.93s/it]smollm3/step120k: 100%|██████████| 451/451 [37:16<00:00,  4.96s/it]
  ✅ Saved 451 records → data/results/binding_smollm3_45/smollm3_step120k_binding_smollm3.jsonl

Loading SmolLM3-3B @ step400k ...
Loading checkpoint shards:   0%|          | 0/2 [00:00<?, ?it/s]Loading checkpoint shards:  50%|█████     | 1/2 [00:08<00:08,  8.74s/it]Loading checkpoint shards: 100%|██████████| 2/2 [00:11<00:00,  5.09s/it]Loading checkpoint shards: 100%|██████████| 2/2 [00:11<00:00,  5.64s/it]
smollm3/step400k:   0%|          | 0/451 [00:00<?, ?it/s]smollm3/step400k:   0%|          | 1/451 [00:08<1:05:49,  8.78s/it]smollm3/step400k:   0%|          | 2/451 [00:15<55:54,  7.47s/it]  smollm3/step400k:   1%|          | 3/451 [00:19<44:50,  6.01s/it]smollm3/step400k:   1%|          | 4/451 [00:28<52:42,  7.07s/it]smollm3/step400k:   1%|          | 5/451 [00:38<1:01:24,  8.26s/it]smollm3/step400k:   1%|▏         | 6/451 [00:40<45:47,  6.17s/it]  smollm3/step400k:   2%|▏         | 7/451 [00:43<36:18,  4.91s/it]smollm3/step400k:   2%|▏         | 8/451 [00:45<29:48,  4.04s/it]smollm3/step400k:   2%|▏         | 9/451 [00:47<26:08,  3.55s/it]smollm3/step400k:   2%|▏         | 10/451 [00:51<25:36,  3.48s/it]smollm3/step400k:   2%|▏         | 11/451 [00:53<22:48,  3.11s/it]smollm3/step400k:   3%|▎         | 12/451 [00:59<29:59,  4.10s/it]smollm3/step400k:   3%|▎         | 13/451 [01:07<38:20,  5.25s/it]smollm3/step400k:   3%|▎         | 14/451 [01:11<35:30,  4.88s/it]smollm3/step400k:   3%|▎         | 15/451 [01:19<42:55,  5.91s/it]smollm3/step400k:   4%|▎         | 16/451 [01:29<50:06,  6.91s/it]smollm3/step400k:   4%|▍         | 17/451 [01:31<39:04,  5.40s/it]smollm3/step400k:   4%|▍         | 18/451 [01:32<31:14,  4.33s/it]smollm3/step400k:   4%|▍         | 19/451 [01:35<26:57,  3.74s/it]smollm3/step400k:   4%|▍         | 20/451 [01:37<24:11,  3.37s/it]smollm3/step400k:   5%|▍         | 21/451 [01:40<22:57,  3.20s/it]smollm3/step400k:   5%|▍         | 22/451 [01:42<20:16,  2.83s/it]smollm3/step400k:   5%|▌         | 23/451 [01:49<29:52,  4.19s/it]smollm3/step400k:   5%|▌         | 24/451 [01:56<35:08,  4.94s/it]smollm3/step400k:   6%|▌         | 25/451 [02:00<32:20,  4.56s/it]smollm3/step400k:   6%|▌         | 26/451 [02:07<38:10,  5.39s/it]smollm3/step400k:   6%|▌         | 27/451 [02:16<45:11,  6.40s/it]smollm3/step400k:   6%|▌         | 28/451 [02:18<36:13,  5.14s/it]smollm3/step400k:   6%|▋         | 29/451 [02:20<28:51,  4.10s/it]smollm3/step400k:   7%|▋         | 30/451 [02:22<24:11,  3.45s/it]smollm3/step400k:   7%|▋         | 31/451 [02:24<21:25,  3.06s/it]smollm3/step400k:   7%|▋         | 32/451 [02:26<19:55,  2.85s/it]smollm3/step400k:   7%|▋         | 33/451 [02:28<18:10,  2.61s/it]smollm3/step400k:   8%|▊         | 34/451 [02:36<29:52,  4.30s/it]smollm3/step400k:   8%|▊         | 35/451 [02:43<35:09,  5.07s/it]smollm3/step400k:   8%|▊         | 36/451 [02:48<33:55,  4.91s/it]smollm3/step400k:   8%|▊         | 37/451 [02:57<42:02,  6.09s/it]smollm3/step400k:   8%|▊         | 38/451 [03:07<50:04,  7.28s/it]smollm3/step400k:   9%|▊         | 39/451 [03:09<39:14,  5.71s/it]smollm3/step400k:   9%|▉         | 40/451 [03:12<33:36,  4.91s/it]smollm3/step400k:   9%|▉         | 41/451 [03:14<27:44,  4.06s/it]smollm3/step400k:   9%|▉         | 42/451 [03:16<23:52,  3.50s/it]smollm3/step400k:  10%|▉         | 43/451 [03:19<23:20,  3.43s/it]smollm3/step400k:  10%|▉         | 44/451 [03:21<20:10,  2.98s/it]smollm3/step400k:  10%|▉         | 45/451 [03:30<31:54,  4.72s/it]smollm3/step400k:  10%|█         | 46/451 [03:38<38:46,  5.75s/it]smollm3/step400k:  10%|█         | 47/451 [03:43<36:04,  5.36s/it]smollm3/step400k:  11%|█         | 48/451 [03:51<42:52,  6.38s/it]smollm3/step400k:  11%|█         | 49/451 [04:02<50:22,  7.52s/it]smollm3/step400k:  11%|█         | 50/451 [04:04<39:29,  5.91s/it]smollm3/step400k:  11%|█▏        | 51/451 [04:06<32:46,  4.92s/it]smollm3/step400k:  12%|█▏        | 52/451 [04:09<27:18,  4.11s/it]smollm3/step400k:  12%|█▏        | 53/451 [04:11<23:49,  3.59s/it]smollm3/step400k:  12%|█▏        | 54/451 [04:14<23:23,  3.53s/it]smollm3/step400k:  12%|█▏        | 55/451 [04:17<20:36,  3.12s/it]smollm3/step400k:  12%|█▏        | 56/451 [04:25<31:28,  4.78s/it]smollm3/step400k:  13%|█▎        | 57/451 [04:32<35:00,  5.33s/it]smollm3/step400k:  13%|█▎        | 58/451 [04:36<33:04,  5.05s/it]smollm3/step400k:  13%|█▎        | 59/451 [04:45<41:14,  6.31s/it]smollm3/step400k:  13%|█▎        | 60/451 [04:56<49:32,  7.60s/it]smollm3/step400k:  14%|█▎        | 61/451 [04:58<39:00,  6.00s/it]smollm3/step400k:  14%|█▎        | 62/451 [05:00<30:29,  4.70s/it]smollm3/step400k:  14%|█▍        | 63/451 [05:02<25:27,  3.94s/it]smollm3/step400k:  14%|█▍        | 64/451 [05:04<22:16,  3.45s/it]smollm3/step400k:  14%|█▍        | 65/451 [05:08<21:56,  3.41s/it]smollm3/step400k:  15%|█▍        | 66/451 [05:10<19:16,  3.00s/it]smollm3/step400k:  15%|█▍        | 67/451 [05:18<29:05,  4.55s/it]smollm3/step400k:  15%|█▌        | 68/451 [05:25<32:48,  5.14s/it]smollm3/step400k:  15%|█▌        | 69/451 [05:29<32:21,  5.08s/it]smollm3/step400k:  16%|█▌        | 70/451 [05:38<39:37,  6.24s/it]smollm3/step400k:  16%|█▌        | 71/451 [05:48<46:08,  7.29s/it]smollm3/step400k:  16%|█▌        | 72/451 [05:50<35:48,  5.67s/it]smollm3/step400k:  16%|█▌        | 73/451 [05:52<28:40,  4.55s/it]smollm3/step400k:  16%|█▋        | 74/451 [05:54<23:41,  3.77s/it]smollm3/step400k:  17%|█▋        | 75/451 [05:56<20:33,  3.28s/it]smollm3/step400k:  17%|█▋        | 76/451 [05:59<20:14,  3.24s/it]smollm3/step400k:  17%|█▋        | 77/451 [06:01<17:42,  2.84s/it]smollm3/step400k:  17%|█▋        | 78/451 [06:08<25:04,  4.03s/it]smollm3/step400k:  18%|█▊        | 79/451 [06:14<29:35,  4.77s/it]smollm3/step400k:  18%|█▊        | 80/451 [06:18<27:57,  4.52s/it]smollm3/step400k:  18%|█▊        | 81/451 [06:27<36:22,  5.90s/it]smollm3/step400k:  18%|█▊        | 82/451 [06:37<43:03,  7.00s/it]smollm3/step400k:  18%|█▊        | 83/451 [06:39<33:34,  5.47s/it]smollm3/step400k:  19%|█▊        | 84/451 [06:41<27:18,  4.46s/it]smollm3/step400k:  19%|█▉        | 85/451 [06:43<23:05,  3.78s/it]smollm3/step400k:  19%|█▉        | 86/451 [06:46<21:28,  3.53s/it]smollm3/step400k:  19%|█▉        | 87/451 [06:49<19:55,  3.28s/it]smollm3/step400k:  20%|█▉        | 88/451 [06:51<18:14,  3.01s/it]smollm3/step400k:  20%|█▉        | 89/451 [07:01<30:04,  4.99s/it]smollm3/step400k:  20%|█▉        | 90/451 [07:08<34:02,  5.66s/it]smollm3/step400k:  20%|██        | 91/451 [07:13<31:54,  5.32s/it]smollm3/step400k:  20%|██        | 92/451 [07:21<37:44,  6.31s/it]smollm3/step400k:  21%|██        | 93/451 [07:32<45:35,  7.64s/it]smollm3/step400k:  21%|██        | 94/451 [07:34<35:33,  5.98s/it]smollm3/step400k:  21%|██        | 95/451 [07:36<28:44,  4.85s/it]smollm3/step400k:  21%|██▏       | 96/451 [07:38<23:38,  4.00s/it]smollm3/step400k:  22%|██▏       | 97/451 [07:40<20:17,  3.44s/it]smollm3/step400k:  22%|██▏       | 98/451 [07:44<19:45,  3.36s/it]smollm3/step400k:  22%|██▏       | 99/451 [07:46<17:10,  2.93s/it]smollm3/step400k:  22%|██▏       | 100/451 [07:54<27:25,  4.69s/it]smollm3/step400k:  22%|██▏       | 101/451 [08:01<30:03,  5.15s/it]smollm3/step400k:  23%|██▎       | 102/451 [08:05<28:36,  4.92s/it]smollm3/step400k:  23%|██▎       | 103/451 [08:14<35:18,  6.09s/it]smollm3/step400k:  23%|██▎       | 104/451 [08:23<41:25,  7.16s/it]smollm3/step400k:  23%|██▎       | 105/451 [08:25<32:19,  5.60s/it]smollm3/step400k:  24%|██▎       | 106/451 [08:27<25:44,  4.48s/it]smollm3/step400k:  24%|██▎       | 107/451 [08:29<21:18,  3.72s/it]smollm3/step400k:  24%|██▍       | 108/451 [08:31<18:39,  3.26s/it]smollm3/step400k:  24%|██▍       | 109/451 [08:35<18:39,  3.27s/it]smollm3/step400k:  24%|██▍       | 110/451 [08:37<16:33,  2.91s/it]smollm3/step400k:  25%|██▍       | 111/451 [08:46<26:57,  4.76s/it]smollm3/step400k:  25%|██▍       | 112/451 [08:54<32:31,  5.76s/it]smollm3/step400k:  25%|██▌       | 113/451 [08:58<30:13,  5.37s/it]smollm3/step400k:  25%|██▌       | 114/451 [09:07<35:53,  6.39s/it]smollm3/step400k:  25%|██▌       | 115/451 [09:17<41:21,  7.39s/it]smollm3/step400k:  26%|██▌       | 116/451 [09:19<32:04,  5.74s/it]smollm3/step400k:  26%|██▌       | 117/451 [09:21<26:51,  4.82s/it]smollm3/step400k:  26%|██▌       | 118/451 [09:24<23:11,  4.18s/it]smollm3/step400k:  26%|██▋       | 119/451 [09:26<19:57,  3.61s/it]smollm3/step400k:  27%|██▋       | 120/451 [09:30<19:22,  3.51s/it]smollm3/step400k:  27%|██▋       | 121/451 [09:32<16:54,  3.07s/it]smollm3/step400k:  27%|██▋       | 122/451 [09:38<22:47,  4.16s/it]smollm3/step400k:  27%|██▋       | 123/451 [09:45<25:52,  4.73s/it]smollm3/step400k:  27%|██▋       | 124/451 [09:48<24:20,  4.47s/it]smollm3/step400k:  28%|██▊       | 125/451 [09:56<30:15,  5.57s/it]smollm3/step400k:  28%|██▊       | 126/451 [10:05<34:35,  6.39s/it]smollm3/step400k:  28%|██▊       | 127/451 [10:07<27:19,  5.06s/it]smollm3/step400k:  28%|██▊       | 128/451 [10:09<21:53,  4.07s/it]smollm3/step400k:  29%|██▊       | 129/451 [10:10<18:22,  3.42s/it]smollm3/step400k:  29%|██▉       | 130/451 [10:13<16:41,  3.12s/it]smollm3/step400k:  29%|██▉       | 131/451 [10:15<15:26,  2.90s/it]smollm3/step400k:  29%|██▉       | 132/451 [10:18<14:45,  2.78s/it]smollm3/step400k:  29%|██▉       | 133/451 [10:26<23:29,  4.43s/it]smollm3/step400k:  30%|██▉       | 134/451 [10:32<26:09,  4.95s/it]smollm3/step400k:  30%|██▉       | 135/451 [10:37<25:12,  4.78s/it]smollm3/step400k:  30%|███       | 136/451 [10:46<31:53,  6.07s/it]smollm3/step400k:  30%|███       | 137/451 [10:56<38:09,  7.29s/it]smollm3/step400k:  31%|███       | 138/451 [10:58<30:11,  5.79s/it]smollm3/step400k:  31%|███       | 139/451 [11:00<23:33,  4.53s/it]smollm3/step400k:  31%|███       | 140/451 [11:02<19:40,  3.79s/it]smollm3/step400k:  31%|███▏      | 141/451 [11:04<17:24,  3.37s/it]smollm3/step400k:  31%|███▏      | 142/451 [11:07<17:10,  3.34s/it]smollm3/step400k:  32%|███▏      | 143/451 [11:09<15:03,  2.93s/it]smollm3/step400k:  32%|███▏      | 144/451 [11:19<24:43,  4.83s/it]smollm3/step400k:  32%|███▏      | 145/451 [11:26<27:56,  5.48s/it]smollm3/step400k:  32%|███▏      | 146/451 [11:30<26:51,  5.28s/it]smollm3/step400k:  33%|███▎      | 147/451 [11:39<31:57,  6.31s/it]smollm3/step400k:  33%|███▎      | 148/451 [11:49<37:09,  7.36s/it]smollm3/step400k:  33%|███▎      | 149/451 [11:51<28:52,  5.74s/it]smollm3/step400k:  33%|███▎      | 150/451 [11:53<22:44,  4.53s/it]smollm3/step400k:  33%|███▎      | 151/451 [11:55<18:50,  3.77s/it]smollm3/step400k:  34%|███▎      | 152/451 [11:57<16:39,  3.34s/it]smollm3/step400k:  34%|███▍      | 153/451 [12:00<16:19,  3.29s/it]smollm3/step400k:  34%|███▍      | 154/451 [12:02<14:21,  2.90s/it]smollm3/step400k:  34%|███▍      | 155/451 [12:11<22:28,  4.56s/it]smollm3/step400k:  35%|███▍      | 156/451 [12:19<27:53,  5.67s/it]smollm3/step400k:  35%|███▍      | 157/451 [12:23<26:07,  5.33s/it]smollm3/step400k:  35%|███▌      | 158/451 [12:32<31:29,  6.45s/it]smollm3/step400k:  35%|███▌      | 159/451 [12:43<37:56,  7.79s/it]smollm3/step400k:  35%|███▌      | 160/451 [12:46<30:06,  6.21s/it]smollm3/step400k:  36%|███▌      | 161/451 [12:50<26:23,  5.46s/it]smollm3/step400k:  36%|███▌      | 162/451 [12:52<22:11,  4.61s/it]smollm3/step400k:  36%|███▌      | 163/451 [12:55<19:47,  4.12s/it]smollm3/step400k:  36%|███▋      | 164/451 [12:59<19:17,  4.03s/it]smollm3/step400k:  37%|███▋      | 165/451 [13:03<19:05,  4.00s/it]smollm3/step400k:  37%|███▋      | 166/451 [13:10<23:04,  4.86s/it]smollm3/step400k:  37%|███▋      | 167/451 [13:17<26:41,  5.64s/it]smollm3/step400k:  37%|███▋      | 168/451 [13:22<25:57,  5.50s/it]smollm3/step400k:  37%|███▋      | 169/451 [13:32<31:10,  6.63s/it]smollm3/step400k:  38%|███▊      | 170/451 [13:40<33:12,  7.09s/it]smollm3/step400k:  38%|███▊      | 171/451 [13:42<25:36,  5.49s/it]smollm3/step400k:  38%|███▊      | 172/451 [13:43<20:01,  4.31s/it]smollm3/step400k:  38%|███▊      | 173/451 [13:45<17:02,  3.68s/it]smollm3/step400k:  39%|███▊      | 174/451 [13:48<15:22,  3.33s/it]smollm3/step400k:  39%|███▉      | 175/451 [13:50<14:02,  3.05s/it]smollm3/step400k:  39%|███▉      | 176/451 [13:52<12:33,  2.74s/it]smollm3/step400k:  39%|███▉      | 177/451 [14:00<19:36,  4.29s/it]smollm3/step400k:  39%|███▉      | 178/451 [14:07<23:00,  5.06s/it]smollm3/step400k:  40%|███▉      | 179/451 [14:11<21:47,  4.81s/it]smollm3/step400k:  40%|███▉      | 180/451 [14:20<26:50,  5.94s/it]smollm3/step400k:  40%|████      | 181/451 [14:30<32:38,  7.25s/it]smollm3/step400k:  40%|████      | 182/451 [14:33<25:53,  5.77s/it]smollm3/step400k:  41%|████      | 183/451 [14:36<22:23,  5.01s/it]smollm3/step400k:  41%|████      | 184/451 [14:38<18:44,  4.21s/it]smollm3/step400k:  41%|████      | 185/451 [14:41<16:24,  3.70s/it]smollm3/step400k:  41%|████      | 186/451 [14:44<16:19,  3.70s/it]smollm3/step400k:  41%|████▏     | 187/451 [14:46<14:17,  3.25s/it]smollm3/step400k:  42%|████▏     | 188/451 [14:56<22:36,  5.16s/it]smollm3/step400k:  42%|████▏     | 189/451 [15:04<25:42,  5.89s/it]smollm3/step400k:  42%|████▏     | 190/451 [15:08<23:40,  5.44s/it]smollm3/step400k:  42%|████▏     | 191/451 [15:17<27:40,  6.39s/it]smollm3/step400k:  43%|████▎     | 192/451 [15:27<32:19,  7.49s/it]smollm3/step400k:  43%|████▎     | 193/451 [15:29<25:00,  5.82s/it]smollm3/step400k:  43%|████▎     | 194/451 [15:31<20:18,  4.74s/it]smollm3/step400k:  43%|████▎     | 195/451 [15:33<17:02,  3.99s/it]smollm3/step400k:  43%|████▎     | 196/451 [15:35<14:39,  3.45s/it]smollm3/step400k:  44%|████▎     | 197/451 [15:38<14:14,  3.37s/it]smollm3/step400k:  44%|████▍     | 198/451 [15:40<12:25,  2.95s/it]smollm3/step400k:  44%|████▍     | 199/451 [15:49<18:58,  4.52s/it]smollm3/step400k:  44%|████▍     | 200/451 [15:56<22:57,  5.49s/it]smollm3/step400k:  45%|████▍     | 201/451 [16:01<21:19,  5.12s/it]smollm3/step400k:  45%|████▍     | 202/451 [16:09<25:42,  6.19s/it]smollm3/step400k:  45%|████▌     | 203/451 [16:19<29:54,  7.24s/it]smollm3/step400k:  45%|████▌     | 204/451 [16:21<23:12,  5.64s/it]smollm3/step400k:  45%|████▌     | 205/451 [16:24<19:36,  4.78s/it]smollm3/step400k:  46%|████▌     | 206/451 [16:26<16:02,  3.93s/it]smollm3/step400k:  46%|████▌     | 207/451 [16:28<14:05,  3.47s/it]smollm3/step400k:  46%|████▌     | 208/451 [16:31<13:40,  3.38s/it]smollm3/step400k:  46%|████▋     | 209/451 [16:34<12:21,  3.06s/it]smollm3/step400k:  47%|████▋     | 210/451 [16:42<18:53,  4.70s/it]smollm3/step400k:  47%|████▋     | 211/451 [16:49<21:34,  5.39s/it]smollm3/step400k:  47%|████▋     | 212/451 [16:54<20:29,  5.15s/it]smollm3/step400k:  47%|████▋     | 213/451 [17:03<24:59,  6.30s/it]smollm3/step400k:  47%|████▋     | 214/451 [17:13<29:16,  7.41s/it]smollm3/step400k:  48%|████▊     | 215/451 [17:15<22:42,  5.77s/it]smollm3/step400k:  48%|████▊     | 216/451 [17:16<17:56,  4.58s/it]smollm3/step400k:  48%|████▊     | 217/451 [17:19<15:34,  3.99s/it]smollm3/step400k:  48%|████▊     | 218/451 [17:21<13:34,  3.50s/it]smollm3/step400k:  49%|████▊     | 219/451 [17:25<13:25,  3.47s/it]smollm3/step400k:  49%|████▉     | 220/451 [17:27<11:52,  3.08s/it]smollm3/step400k:  49%|████▉     | 221/451 [17:34<16:19,  4.26s/it]smollm3/step400k:  49%|████▉     | 222/451 [17:41<19:35,  5.13s/it]smollm3/step400k:  49%|████▉     | 223/451 [17:45<18:20,  4.83s/it]smollm3/step400k:  50%|████▉     | 224/451 [17:54<22:22,  5.92s/it]smollm3/step400k:  50%|████▉     | 225/451 [18:02<24:44,  6.57s/it]smollm3/step400k:  50%|█████     | 226/451 [18:04<19:23,  5.17s/it]smollm3/step400k:  50%|█████     | 227/451 [18:05<15:25,  4.13s/it]smollm3/step400k:  51%|█████     | 228/451 [18:07<12:43,  3.42s/it]smollm3/step400k:  51%|█████     | 229/451 [18:10<11:42,  3.16s/it]smollm3/step400k:  51%|█████     | 230/451 [18:12<10:52,  2.95s/it]smollm3/step400k:  51%|█████     | 231/451 [18:14<09:55,  2.71s/it]smollm3/step400k:  51%|█████▏    | 232/451 [18:23<16:23,  4.49s/it]smollm3/step400k:  52%|█████▏    | 233/451 [18:30<18:34,  5.11s/it]smollm3/step400k:  52%|█████▏    | 234/451 [18:34<17:48,  4.92s/it]smollm3/step400k:  52%|█████▏    | 235/451 [18:43<22:07,  6.15s/it]smollm3/step400k:  52%|█████▏    | 236/451 [18:53<26:31,  7.40s/it]smollm3/step400k:  53%|█████▎    | 237/451 [18:55<20:40,  5.80s/it]smollm3/step400k:  53%|█████▎    | 238/451 [18:59<17:43,  4.99s/it]smollm3/step400k:  53%|█████▎    | 239/451 [19:01<14:34,  4.13s/it]smollm3/step400k:  53%|█████▎    | 240/451 [19:03<12:54,  3.67s/it]smollm3/step400k:  53%|█████▎    | 241/451 [19:06<12:22,  3.54s/it]smollm3/step400k:  54%|█████▎    | 242/451 [19:09<10:47,  3.10s/it]smollm3/step400k:  54%|█████▍    | 243/451 [19:18<16:59,  4.90s/it]smollm3/step400k:  54%|█████▍    | 244/451 [19:26<20:00,  5.80s/it]smollm3/step400k:  54%|█████▍    | 245/451 [19:30<18:41,  5.44s/it]smollm3/step400k:  55%|█████▍    | 246/451 [19:39<21:48,  6.38s/it]smollm3/step400k:  55%|█████▍    | 247/451 [19:48<25:05,  7.38s/it]smollm3/step400k:  55%|█████▍    | 248/451 [19:50<19:27,  5.75s/it]smollm3/step400k:  55%|█████▌    | 249/451 [19:54<17:33,  5.21s/it]smollm3/step400k:  55%|█████▌    | 250/451 [19:56<14:10,  4.23s/it]smollm3/step400k:  56%|█████▌    | 251/451 [19:59<12:09,  3.65s/it]smollm3/step400k:  56%|█████▌    | 252/451 [20:02<11:32,  3.48s/it]smollm3/step400k:  56%|█████▌    | 253/451 [20:04<10:05,  3.06s/it]smollm3/step400k:  56%|█████▋    | 254/451 [20:14<16:52,  5.14s/it]smollm3/step400k:  57%|█████▋    | 255/451 [20:21<19:11,  5.88s/it]smollm3/step400k:  57%|█████▋    | 256/451 [20:26<17:54,  5.51s/it]smollm3/step400k:  57%|█████▋    | 257/451 [20:35<21:34,  6.67s/it]smollm3/step400k:  57%|█████▋    | 258/451 [20:46<25:38,  7.97s/it]smollm3/step400k:  57%|█████▋    | 259/451 [20:49<20:23,  6.37s/it]smollm3/step400k:  58%|█████▊    | 260/451 [20:51<16:06,  5.06s/it]smollm3/step400k:  58%|█████▊    | 261/451 [20:54<13:50,  4.37s/it]smollm3/step400k:  58%|█████▊    | 262/451 [20:56<12:11,  3.87s/it]smollm3/step400k:  58%|█████▊    | 263/451 [21:00<12:06,  3.87s/it]smollm3/step400k:  59%|█████▊    | 264/451 [21:03<10:49,  3.47s/it]smollm3/step400k:  59%|█████▉    | 265/451 [21:12<16:18,  5.26s/it]smollm3/step400k:  59%|█████▉    | 266/451 [21:21<19:19,  6.27s/it]smollm3/step400k:  59%|█████▉    | 267/451 [21:26<17:58,  5.86s/it]smollm3/step400k:  59%|█████▉    | 268/451 [21:35<20:51,  6.84s/it]smollm3/step400k:  60%|█████▉    | 269/451 [21:45<23:37,  7.79s/it]smollm3/step400k:  60%|█████▉    | 270/451 [21:47<18:15,  6.05s/it]smollm3/step400k:  60%|██████    | 271/451 [21:48<14:05,  4.70s/it]smollm3/step400k:  60%|██████    | 272/451 [21:51<11:37,  3.90s/it]smollm3/step400k:  61%|██████    | 273/451 [21:53<10:10,  3.43s/it]smollm3/step400k:  61%|██████    | 274/451 [21:56<09:49,  3.33s/it]smollm3/step400k:  61%|██████    | 275/451 [21:58<08:46,  2.99s/it]smollm3/step400k:  61%|██████    | 276/451 [22:07<13:25,  4.60s/it]smollm3/step400k:  61%|██████▏   | 277/451 [22:13<15:16,  5.27s/it]smollm3/step400k:  62%|██████▏   | 278/451 [22:18<14:23,  4.99s/it]smollm3/step400k:  62%|██████▏   | 279/451 [22:26<17:24,  6.07s/it]smollm3/step400k:  62%|██████▏   | 280/451 [22:37<20:58,  7.36s/it]smollm3/step400k:  62%|██████▏   | 281/451 [22:39<16:24,  5.79s/it]smollm3/step400k:  63%|██████▎   | 282/451 [22:41<13:25,  4.76s/it]smollm3/step400k:  63%|██████▎   | 283/451 [22:44<11:24,  4.08s/it]smollm3/step400k:  63%|██████▎   | 284/451 [22:46<09:58,  3.58s/it]smollm3/step400k:  63%|██████▎   | 285/451 [22:50<09:54,  3.58s/it]smollm3/step400k:  63%|██████▎   | 286/451 [22:52<08:41,  3.16s/it]smollm3/step400k:  64%|██████▎   | 287/451 [23:01<13:52,  5.08s/it]smollm3/step400k:  64%|██████▍   | 288/451 [23:09<15:32,  5.72s/it]smollm3/step400k:  64%|██████▍   | 289/451 [23:13<14:23,  5.33s/it]smollm3/step400k:  64%|██████▍   | 290/451 [23:22<17:30,  6.52s/it]smollm3/step400k:  65%|██████▍   | 291/451 [23:33<20:29,  7.69s/it]smollm3/step400k:  65%|██████▍   | 292/451 [23:35<15:48,  5.97s/it]smollm3/step400k:  65%|██████▍   | 293/451 [23:37<12:56,  4.91s/it]smollm3/step400k:  65%|██████▌   | 294/451 [23:39<10:35,  4.05s/it]smollm3/step400k:  65%|██████▌   | 295/451 [23:41<09:03,  3.48s/it]smollm3/step400k:  66%|██████▌   | 296/451 [23:45<08:50,  3.42s/it]smollm3/step400k:  66%|██████▌   | 297/451 [23:47<07:38,  2.98s/it]smollm3/step400k:  66%|██████▌   | 298/451 [23:56<12:29,  4.90s/it]smollm3/step400k:  66%|██████▋   | 299/451 [24:03<14:25,  5.69s/it]smollm3/step400k:  67%|██████▋   | 300/451 [24:08<13:27,  5.35s/it]smollm3/step400k:  67%|██████▋   | 301/451 [24:17<16:04,  6.43s/it]smollm3/step400k:  67%|██████▋   | 302/451 [24:27<18:37,  7.50s/it]smollm3/step400k:  67%|██████▋   | 303/451 [24:29<14:33,  5.90s/it]smollm3/step400k:  67%|██████▋   | 304/451 [24:32<11:57,  4.88s/it]smollm3/step400k:  68%|██████▊   | 305/451 [24:34<10:12,  4.19s/it]smollm3/step400k:  68%|██████▊   | 306/451 [24:37<09:04,  3.76s/it]smollm3/step400k:  68%|██████▊   | 307/451 [24:41<08:56,  3.72s/it]smollm3/step400k:  68%|██████▊   | 308/451 [24:43<08:02,  3.37s/it]smollm3/step400k:  69%|██████▊   | 309/451 [24:53<12:19,  5.21s/it]smollm3/step400k:  69%|██████▊   | 310/451 [24:59<13:12,  5.62s/it]smollm3/step400k:  69%|██████▉   | 311/451 [25:04<12:37,  5.41s/it]smollm3/step400k:  69%|██████▉   | 312/451 [25:13<15:07,  6.53s/it]smollm3/step400k:  69%|██████▉   | 313/451 [25:24<17:44,  7.71s/it]smollm3/step400k:  70%|██████▉   | 314/451 [25:26<13:59,  6.13s/it]smollm3/step400k:  70%|██████▉   | 315/451 [25:29<11:42,  5.16s/it]smollm3/step400k:  70%|███████   | 316/451 [25:31<09:45,  4.34s/it]smollm3/step400k:  70%|███████   | 317/451 [25:34<08:43,  3.91s/it]smollm3/step400k:  71%|███████   | 318/451 [25:38<08:20,  3.77s/it]smollm3/step400k:  71%|███████   | 319/451 [25:40<07:15,  3.30s/it]smollm3/step400k:  71%|███████   | 320/451 [25:48<09:56,  4.56s/it]smollm3/step400k:  71%|███████   | 321/451 [25:54<10:54,  5.03s/it]smollm3/step400k:  71%|███████▏  | 322/451 [25:58<10:30,  4.89s/it]smollm3/step400k:  72%|███████▏  | 323/451 [26:05<11:30,  5.40s/it]smollm3/step400k:  72%|███████▏  | 324/451 [26:14<14:05,  6.66s/it]smollm3/step400k:  72%|███████▏  | 325/451 [26:16<11:00,  5.24s/it]smollm3/step400k:  72%|███████▏  | 326/451 [26:18<08:51,  4.25s/it]smollm3/step400k:  73%|███████▎  | 327/451 [26:20<07:21,  3.56s/it]smollm3/step400k:  73%|███████▎  | 328/451 [26:23<06:37,  3.23s/it]smollm3/step400k:  73%|███████▎  | 329/451 [26:26<06:46,  3.33s/it]smollm3/step400k:  73%|███████▎  | 330/451 [26:29<06:17,  3.12s/it]smollm3/step400k:  73%|███████▎  | 331/451 [26:38<09:39,  4.83s/it]smollm3/step400k:  74%|███████▎  | 332/451 [26:46<11:32,  5.82s/it]smollm3/step400k:  74%|███████▍  | 333/451 [26:51<10:46,  5.48s/it]smollm3/step400k:  74%|███████▍  | 334/451 [26:59<12:43,  6.52s/it]smollm3/step400k:  74%|███████▍  | 335/451 [27:10<14:44,  7.62s/it]smollm3/step400k:  75%|███████▍  | 336/451 [27:12<11:21,  5.92s/it]smollm3/step400k:  75%|███████▍  | 337/451 [27:14<09:01,  4.75s/it]smollm3/step400k:  75%|███████▍  | 338/451 [27:16<07:22,  3.92s/it]smollm3/step400k:  75%|███████▌  | 339/451 [27:18<06:35,  3.53s/it]smollm3/step400k:  75%|███████▌  | 340/451 [27:22<06:25,  3.47s/it]smollm3/step400k:  76%|███████▌  | 341/451 [27:24<05:37,  3.07s/it]smollm3/step400k:  76%|███████▌  | 342/451 [27:33<08:55,  4.91s/it]smollm3/step400k:  76%|███████▌  | 343/451 [27:40<10:08,  5.63s/it]smollm3/step400k:  76%|███████▋  | 344/451 [27:45<09:28,  5.31s/it]smollm3/step400k:  76%|███████▋  | 345/451 [27:53<11:09,  6.32s/it]smollm3/step400k:  77%|███████▋  | 346/451 [28:03<12:52,  7.36s/it]smollm3/step400k:  77%|███████▋  | 347/451 [28:05<09:55,  5.73s/it]smollm3/step400k:  77%|███████▋  | 348/451 [28:07<07:47,  4.53s/it]smollm3/step400k:  77%|███████▋  | 349/451 [28:09<06:25,  3.78s/it]smollm3/step400k:  78%|███████▊  | 350/451 [28:11<05:34,  3.31s/it]smollm3/step400k:  78%|███████▊  | 351/451 [28:14<05:25,  3.25s/it]smollm3/step400k:  78%|███████▊  | 352/451 [28:16<04:46,  2.89s/it]smollm3/step400k:  78%|███████▊  | 353/451 [28:24<06:51,  4.20s/it]smollm3/step400k:  78%|███████▊  | 354/451 [28:29<07:36,  4.71s/it]smollm3/step400k:  79%|███████▊  | 355/451 [28:34<07:24,  4.63s/it]smollm3/step400k:  79%|███████▉  | 356/451 [28:42<09:11,  5.80s/it]smollm3/step400k:  79%|███████▉  | 357/451 [28:50<10:03,  6.42s/it]smollm3/step400k:  79%|███████▉  | 358/451 [28:52<07:57,  5.14s/it]smollm3/step400k:  80%|███████▉  | 359/451 [28:54<06:20,  4.14s/it]smollm3/step400k:  80%|███████▉  | 360/451 [28:56<05:19,  3.51s/it]smollm3/step400k:  80%|████████  | 361/451 [28:59<04:42,  3.14s/it]smollm3/step400k:  80%|████████  | 362/451 [29:02<04:40,  3.15s/it]smollm3/step400k:  80%|████████  | 363/451 [29:04<04:15,  2.91s/it]smollm3/step400k:  81%|████████  | 364/451 [29:13<06:40,  4.61s/it]smollm3/step400k:  81%|████████  | 365/451 [29:19<07:18,  5.10s/it]smollm3/step400k:  81%|████████  | 366/451 [29:23<06:57,  4.91s/it]smollm3/step400k:  81%|████████▏ | 367/451 [29:32<08:30,  6.08s/it]smollm3/step400k:  82%|████████▏ | 368/451 [29:42<09:56,  7.19s/it]smollm3/step400k:  82%|████████▏ | 369/451 [29:44<07:40,  5.61s/it]smollm3/step400k:  82%|████████▏ | 370/451 [29:45<05:54,  4.38s/it]smollm3/step400k:  82%|████████▏ | 371/451 [29:47<04:54,  3.69s/it]smollm3/step400k:  82%|████████▏ | 372/451 [29:50<04:15,  3.23s/it]smollm3/step400k:  83%|████████▎ | 373/451 [29:53<04:10,  3.21s/it]smollm3/step400k:  83%|████████▎ | 374/451 [29:55<03:39,  2.84s/it]smollm3/step400k:  83%|████████▎ | 375/451 [30:03<05:47,  4.57s/it]smollm3/step400k:  83%|████████▎ | 376/451 [30:10<06:21,  5.09s/it]smollm3/step400k:  84%|████████▎ | 377/451 [30:14<05:58,  4.84s/it]smollm3/step400k:  84%|████████▍ | 378/451 [30:23<07:15,  5.97s/it]smollm3/step400k:  84%|████████▍ | 379/451 [30:33<08:42,  7.25s/it]smollm3/step400k:  84%|████████▍ | 380/451 [30:35<06:44,  5.70s/it]smollm3/step400k:  84%|████████▍ | 381/451 [30:38<05:40,  4.87s/it]smollm3/step400k:  85%|████████▍ | 382/451 [30:40<04:37,  4.02s/it]smollm3/step400k:  85%|████████▍ | 383/451 [30:42<04:01,  3.56s/it]smollm3/step400k:  85%|████████▌ | 384/451 [30:46<03:51,  3.46s/it]smollm3/step400k:  85%|████████▌ | 385/451 [30:48<03:26,  3.12s/it]smollm3/step400k:  86%|████████▌ | 386/451 [30:57<05:20,  4.93s/it]smollm3/step400k:  86%|████████▌ | 387/451 [31:04<05:57,  5.58s/it]smollm3/step400k:  86%|████████▌ | 388/451 [31:09<05:30,  5.25s/it]smollm3/step400k:  86%|████████▋ | 389/451 [31:17<06:27,  6.25s/it]smollm3/step400k:  86%|████████▋ | 390/451 [31:28<07:46,  7.64s/it]smollm3/step400k:  87%|████████▋ | 391/451 [31:30<05:59,  5.99s/it]smollm3/step400k:  87%|████████▋ | 392/451 [31:34<05:05,  5.19s/it]smollm3/step400k:  87%|████████▋ | 393/451 [31:35<04:04,  4.21s/it]smollm3/step400k:  87%|████████▋ | 394/451 [31:38<03:29,  3.67s/it]smollm3/step400k:  88%|████████▊ | 395/451 [31:41<03:15,  3.49s/it]smollm3/step400k:  88%|████████▊ | 396/451 [31:43<02:48,  3.07s/it]smollm3/step400k:  88%|████████▊ | 397/451 [31:53<04:36,  5.12s/it]smollm3/step400k:  88%|████████▊ | 398/451 [32:00<04:57,  5.61s/it]smollm3/step400k:  88%|████████▊ | 399/451 [32:04<04:30,  5.20s/it]smollm3/step400k:  89%|████████▊ | 400/451 [32:13<05:22,  6.33s/it]smollm3/step400k:  89%|████████▉ | 401/451 [32:23<06:07,  7.34s/it]smollm3/step400k:  89%|████████▉ | 402/451 [32:25<04:40,  5.73s/it]smollm3/step400k:  89%|████████▉ | 403/451 [32:27<03:46,  4.73s/it]smollm3/step400k:  90%|████████▉ | 404/451 [32:29<03:06,  3.96s/it]smollm3/step400k:  90%|████████▉ | 405/451 [32:31<02:37,  3.43s/it]smollm3/step400k:  90%|█████████ | 406/451 [32:35<02:38,  3.52s/it]smollm3/step400k:  90%|█████████ | 407/451 [32:38<02:20,  3.20s/it]smollm3/step400k:  90%|█████████ | 408/451 [32:47<03:42,  5.16s/it]smollm3/step400k:  91%|█████████ | 409/451 [32:55<04:13,  6.03s/it]smollm3/step400k:  91%|█████████ | 410/451 [33:00<03:53,  5.70s/it]smollm3/step400k:  91%|█████████ | 411/451 [33:09<04:28,  6.71s/it]smollm3/step400k:  91%|█████████▏| 412/451 [33:19<05:02,  7.75s/it]smollm3/step400k:  92%|█████████▏| 413/451 [33:21<03:48,  6.01s/it]smollm3/step400k:  92%|█████████▏| 414/451 [33:25<03:12,  5.20s/it]smollm3/step400k:  92%|█████████▏| 415/451 [33:27<02:33,  4.27s/it]smollm3/step400k:  92%|█████████▏| 416/451 [33:29<02:09,  3.70s/it]smollm3/step400k:  92%|█████████▏| 417/451 [33:33<02:02,  3.60s/it]smollm3/step400k:  93%|█████████▎| 418/451 [33:35<01:43,  3.13s/it]smollm3/step400k:  93%|█████████▎| 419/451 [33:44<02:41,  5.05s/it]smollm3/step400k:  93%|█████████▎| 420/451 [33:52<03:01,  5.84s/it]smollm3/step400k:  93%|█████████▎| 421/451 [33:56<02:42,  5.40s/it]smollm3/step400k:  94%|█████████▎| 422/451 [34:05<03:06,  6.44s/it]smollm3/step400k:  94%|█████████▍| 423/451 [34:15<03:31,  7.56s/it]smollm3/step400k:  94%|█████████▍| 424/451 [34:17<02:40,  5.96s/it]smollm3/step400k:  94%|█████████▍| 425/451 [34:21<02:19,  5.35s/it]smollm3/step400k:  94%|█████████▍| 426/451 [34:24<01:51,  4.46s/it]smollm3/step400k:  95%|█████████▍| 427/451 [34:26<01:32,  3.84s/it]smollm3/step400k:  95%|█████████▍| 428/451 [34:30<01:26,  3.78s/it]smollm3/step400k:  95%|█████████▌| 429/451 [34:32<01:13,  3.34s/it]smollm3/step400k:  95%|█████████▌| 430/451 [34:41<01:45,  5.03s/it]smollm3/step400k:  96%|█████████▌| 431/451 [34:48<01:51,  5.59s/it]smollm3/step400k:  96%|█████████▌| 432/451 [34:52<01:39,  5.22s/it]smollm3/step400k:  96%|█████████▌| 433/451 [35:01<01:53,  6.29s/it]smollm3/step400k:  96%|█████████▌| 434/451 [35:11<02:05,  7.40s/it]smollm3/step400k:  96%|█████████▋| 435/451 [35:13<01:32,  5.80s/it]smollm3/step400k:  97%|█████████▋| 436/451 [35:16<01:14,  4.99s/it]smollm3/step400k:  97%|█████████▋| 437/451 [35:18<00:57,  4.08s/it]smollm3/step400k:  97%|█████████▋| 438/451 [35:20<00:45,  3.51s/it]smollm3/step400k:  97%|█████████▋| 439/451 [35:24<00:41,  3.45s/it]smollm3/step400k:  98%|█████████▊| 440/451 [35:26<00:33,  3.06s/it]smollm3/step400k:  98%|█████████▊| 441/451 [35:34<00:46,  4.60s/it]smollm3/step400k:  98%|█████████▊| 442/451 [35:42<00:49,  5.49s/it]smollm3/step400k:  98%|█████████▊| 443/451 [35:46<00:40,  5.10s/it]smollm3/step400k:  98%|█████████▊| 444/451 [35:54<00:43,  6.15s/it]smollm3/step400k:  99%|█████████▊| 445/451 [36:05<00:44,  7.34s/it]smollm3/step400k:  99%|█████████▉| 446/451 [36:06<00:28,  5.71s/it]smollm3/step400k:  99%|█████████▉| 447/451 [36:09<00:18,  4.75s/it]smollm3/step400k:  99%|█████████▉| 448/451 [36:11<00:11,  3.91s/it]smollm3/step400k: 100%|█████████▉| 449/451 [36:13<00:06,  3.45s/it]smollm3/step400k: 100%|█████████▉| 450/451 [36:16<00:03,  3.33s/it]smollm3/step400k: 100%|██████████| 451/451 [36:19<00:00,  3.00s/it]smollm3/step400k: 100%|██████████| 451/451 [36:19<00:00,  4.83s/it]
  ✅ Saved 451 records → data/results/binding_smollm3_45/smollm3_step400k_binding_smollm3.jsonl

Loading SmolLM3-3B @ step800k ...
Loading checkpoint shards:   0%|          | 0/2 [00:00<?, ?it/s]Loading checkpoint shards:  50%|█████     | 1/2 [00:09<00:09,  9.51s/it]Loading checkpoint shards: 100%|██████████| 2/2 [00:11<00:00,  5.05s/it]Loading checkpoint shards: 100%|██████████| 2/2 [00:11<00:00,  5.72s/it]
smollm3/step800k:   0%|          | 0/451 [00:00<?, ?it/s]smollm3/step800k:   0%|          | 1/451 [00:08<1:07:00,  8.93s/it]smollm3/step800k:   0%|          | 2/451 [00:15<57:18,  7.66s/it]  smollm3/step800k:   1%|          | 3/451 [00:20<46:19,  6.20s/it]smollm3/step800k:   1%|          | 4/451 [00:29<54:12,  7.28s/it]smollm3/step800k:   1%|          | 5/451 [00:39<1:01:47,  8.31s/it]smollm3/step800k:   1%|▏         | 6/451 [00:41<45:38,  6.15s/it]  smollm3/step800k:   2%|▏         | 7/451 [00:43<35:20,  4.78s/it]smollm3/step800k:   2%|▏         | 8/451 [00:45<29:00,  3.93s/it]smollm3/step800k:   2%|▏         | 9/451 [00:47<24:54,  3.38s/it]smollm3/step800k:   2%|▏         | 10/451 [00:50<24:23,  3.32s/it]smollm3/step800k:   2%|▏         | 11/451 [00:52<21:21,  2.91s/it]smollm3/step800k:   3%|▎         | 12/451 [00:58<28:37,  3.91s/it]smollm3/step800k:   3%|▎         | 13/451 [01:07<39:16,  5.38s/it]smollm3/step800k:   3%|▎         | 14/451 [01:13<39:49,  5.47s/it]smollm3/step800k:   3%|▎         | 15/451 [01:22<48:23,  6.66s/it]smollm3/step800k:   4%|▎         | 16/451 [01:33<56:45,  7.83s/it]smollm3/step800k:   4%|▍         | 17/451 [01:36<46:44,  6.46s/it]smollm3/step800k:   4%|▍         | 18/451 [01:39<38:28,  5.33s/it]smollm3/step800k:   4%|▍         | 19/451 [01:42<34:15,  4.76s/it]smollm3/step800k:   4%|▍         | 20/451 [01:46<31:22,  4.37s/it]smollm3/step800k:   5%|▍         | 21/451 [01:49<30:12,  4.22s/it]smollm3/step800k:   5%|▍         | 22/451 [01:52<27:37,  3.86s/it]smollm3/step800k:   5%|▌         | 23/451 [02:02<38:48,  5.44s/it]smollm3/step800k:   5%|▌         | 24/451 [02:09<43:47,  6.15s/it]smollm3/step800k:   6%|▌         | 25/451 [02:13<38:47,  5.46s/it]smollm3/step800k:   6%|▌         | 26/451 [02:21<43:52,  6.19s/it]smollm3/step800k:   6%|▌         | 27/451 [02:30<50:02,  7.08s/it]smollm3/step800k:   6%|▌         | 28/451 [02:32<39:18,  5.58s/it]smollm3/step800k:   6%|▋         | 29/451 [02:34<31:50,  4.53s/it]smollm3/step800k:   7%|▋         | 30/451 [02:37<26:33,  3.79s/it]smollm3/step800k:   7%|▋         | 31/451 [02:39<23:10,  3.31s/it]smollm3/step800k:   7%|▋         | 32/451 [02:41<21:25,  3.07s/it]smollm3/step800k:   7%|▋         | 33/451 [02:43<19:02,  2.73s/it]smollm3/step800k:   8%|▊         | 34/451 [02:52<31:43,  4.56s/it]smollm3/step800k:   8%|▊         | 35/451 [02:59<36:41,  5.29s/it]smollm3/step800k:   8%|▊         | 36/451 [03:03<34:56,  5.05s/it]smollm3/step800k:   8%|▊         | 37/451 [03:12<42:18,  6.13s/it]smollm3/step800k:   8%|▊         | 38/451 [03:22<50:09,  7.29s/it]smollm3/step800k:   9%|▊         | 39/451 [03:24<39:18,  5.72s/it]smollm3/step800k:   9%|▉         | 40/451 [03:27<33:17,  4.86s/it]smollm3/step800k:   9%|▉         | 41/451 [03:29<27:46,  4.06s/it]smollm3/step800k:   9%|▉         | 42/451 [03:31<23:48,  3.49s/it]smollm3/step800k:  10%|▉         | 43/451 [03:35<23:07,  3.40s/it]smollm3/step800k:  10%|▉         | 44/451 [03:36<20:02,  2.95s/it]smollm3/step800k:  10%|▉         | 45/451 [03:45<31:04,  4.59s/it]smollm3/step800k:  10%|█         | 46/451 [03:53<37:06,  5.50s/it]smollm3/step800k:  10%|█         | 47/451 [03:57<35:24,  5.26s/it]smollm3/step800k:  11%|█         | 48/451 [04:07<43:33,  6.48s/it]smollm3/step800k:  11%|█         | 49/451 [04:18<52:36,  7.85s/it]smollm3/step800k:  11%|█         | 50/451 [04:21<42:31,  6.36s/it]smollm3/step800k:  11%|█▏        | 51/451 [04:24<35:52,  5.38s/it]smollm3/step800k:  12%|█▏        | 52/451 [04:26<30:30,  4.59s/it]smollm3/step800k:  12%|█▏        | 53/451 [04:30<28:05,  4.24s/it]smollm3/step800k:  12%|█▏        | 54/451 [04:34<27:07,  4.10s/it]smollm3/step800k:  12%|█▏        | 55/451 [04:36<23:34,  3.57s/it]smollm3/step800k:  12%|█▏        | 56/451 [04:45<33:53,  5.15s/it]smollm3/step800k:  13%|█▎        | 57/451 [04:51<36:48,  5.60s/it]smollm3/step800k:  13%|█▎        | 58/451 [04:56<35:27,  5.41s/it]smollm3/step800k:  13%|█▎        | 59/451 [05:06<44:03,  6.74s/it]smollm3/step800k:  13%|█▎        | 60/451 [05:18<53:17,  8.18s/it]smollm3/step800k:  14%|█▎        | 61/451 [05:21<43:45,  6.73s/it]smollm3/step800k:  14%|█▎        | 62/451 [05:24<35:55,  5.54s/it]smollm3/step800k:  14%|█▍        | 63/451 [05:27<31:43,  4.91s/it]smollm3/step800k:  14%|█▍        | 64/451 [05:31<29:32,  4.58s/it]smollm3/step800k:  14%|█▍        | 65/451 [05:35<29:08,  4.53s/it]smollm3/step800k:  15%|█▍        | 66/451 [05:39<26:32,  4.14s/it]smollm3/step800k:  15%|█▍        | 67/451 [05:49<37:33,  5.87s/it]smollm3/step800k:  15%|█▌        | 68/451 [05:56<41:04,  6.44s/it]smollm3/step800k:  15%|█▌        | 69/451 [06:02<39:03,  6.14s/it]smollm3/step800k:  16%|█▌        | 70/451 [06:11<45:18,  7.13s/it]smollm3/step800k:  16%|█▌        | 71/451 [06:22<51:09,  8.08s/it]smollm3/step800k:  16%|█▌        | 72/451 [06:24<39:57,  6.32s/it]smollm3/step800k:  16%|█▌        | 73/451 [06:26<31:50,  5.06s/it]smollm3/step800k:  16%|█▋        | 74/451 [06:28<26:28,  4.21s/it]smollm3/step800k:  17%|█▋        | 75/451 [06:31<24:06,  3.85s/it]smollm3/step800k:  17%|█▋        | 76/451 [06:35<23:36,  3.78s/it]smollm3/step800k:  17%|█▋        | 77/451 [06:37<20:45,  3.33s/it]smollm3/step800k:  17%|█▋        | 78/451 [06:45<29:10,  4.69s/it]smollm3/step800k:  18%|█▊        | 79/451 [06:52<33:49,  5.45s/it]smollm3/step800k:  18%|█▊        | 80/451 [06:57<31:47,  5.14s/it]smollm3/step800k:  18%|█▊        | 81/451 [07:06<39:43,  6.44s/it]smollm3/step800k:  18%|█▊        | 82/451 [07:16<45:40,  7.43s/it]smollm3/step800k:  18%|█▊        | 83/451 [07:17<35:02,  5.71s/it]smollm3/step800k:  19%|█▊        | 84/451 [07:20<28:40,  4.69s/it]smollm3/step800k:  19%|█▉        | 85/451 [07:22<23:36,  3.87s/it]smollm3/step800k:  19%|█▉        | 86/451 [07:24<21:27,  3.53s/it]smollm3/step800k:  19%|█▉        | 87/451 [07:27<19:29,  3.21s/it]smollm3/step800k:  20%|█▉        | 88/451 [07:29<17:48,  2.94s/it]smollm3/step800k:  20%|█▉        | 89/451 [07:38<28:08,  4.66s/it]smollm3/step800k:  20%|█▉        | 90/451 [07:45<31:51,  5.30s/it]smollm3/step800k:  20%|██        | 91/451 [07:49<30:01,  5.00s/it]smollm3/step800k:  20%|██        | 92/451 [07:58<36:44,  6.14s/it]smollm3/step800k:  21%|██        | 93/451 [08:09<45:05,  7.56s/it]smollm3/step800k:  21%|██        | 94/451 [08:11<35:17,  5.93s/it]smollm3/step800k:  21%|██        | 95/451 [08:13<28:54,  4.87s/it]smollm3/step800k:  21%|██▏       | 96/451 [08:16<24:18,  4.11s/it]smollm3/step800k:  22%|██▏       | 97/451 [08:18<21:20,  3.62s/it]smollm3/step800k:  22%|██▏       | 98/451 [08:22<21:06,  3.59s/it]smollm3/step800k:  22%|██▏       | 99/451 [08:24<18:39,  3.18s/it]smollm3/step800k:  22%|██▏       | 100/451 [08:33<29:19,  5.01s/it]smollm3/step800k:  22%|██▏       | 101/451 [08:40<32:24,  5.56s/it]smollm3/step800k:  23%|██▎       | 102/451 [08:44<30:30,  5.24s/it]smollm3/step800k:  23%|██▎       | 103/451 [08:53<36:40,  6.32s/it]smollm3/step800k:  23%|██▎       | 104/451 [09:04<44:15,  7.65s/it]smollm3/step800k:  23%|██▎       | 105/451 [09:07<36:32,  6.34s/it]smollm3/step800k:  24%|██▎       | 106/451 [09:11<31:08,  5.42s/it]smollm3/step800k:  24%|██▎       | 107/451 [09:14<27:03,  4.72s/it]smollm3/step800k:  24%|██▍       | 108/451 [09:17<24:34,  4.30s/it]smollm3/step800k:  24%|██▍       | 109/451 [09:21<24:43,  4.34s/it]smollm3/step800k:  24%|██▍       | 110/451 [09:25<22:55,  4.03s/it]smollm3/step800k:  25%|██▍       | 111/451 [09:35<33:13,  5.86s/it]smollm3/step800k:  25%|██▍       | 112/451 [09:44<39:09,  6.93s/it]smollm3/step800k:  25%|██▌       | 113/451 [09:50<36:28,  6.47s/it]smollm3/step800k:  25%|██▌       | 114/451 [10:00<43:02,  7.66s/it]smollm3/step800k:  25%|██▌       | 115/451 [10:12<49:26,  8.83s/it]smollm3/step800k:  26%|██▌       | 116/451 [10:14<38:06,  6.83s/it]smollm3/step800k:  26%|██▌       | 117/451 [10:17<31:13,  5.61s/it]smollm3/step800k:  26%|██▌       | 118/451 [10:19<25:13,  4.54s/it]smollm3/step800k:  26%|██▋       | 119/451 [10:21<21:24,  3.87s/it]smollm3/step800k:  27%|██▋       | 120/451 [10:24<20:21,  3.69s/it]smollm3/step800k:  27%|██▋       | 121/451 [10:26<17:36,  3.20s/it]smollm3/step800k:  27%|██▋       | 122/451 [10:33<23:08,  4.22s/it]smollm3/step800k:  27%|██▋       | 123/451 [10:39<26:24,  4.83s/it]smollm3/step800k:  27%|██▋       | 124/451 [10:43<24:32,  4.50s/it]smollm3/step800k:  28%|██▊       | 125/451 [10:51<30:39,  5.64s/it]smollm3/step800k:  28%|██▊       | 126/451 [11:00<35:16,  6.51s/it]smollm3/step800k:  28%|██▊       | 127/451 [11:02<27:50,  5.16s/it]smollm3/step800k:  28%|██▊       | 128/451 [11:03<22:18,  4.15s/it]smollm3/step800k:  29%|██▊       | 129/451 [11:05<18:45,  3.50s/it]smollm3/step800k:  29%|██▉       | 130/451 [11:08<16:32,  3.09s/it]smollm3/step800k:  29%|██▉       | 131/451 [11:10<15:52,  2.98s/it]smollm3/step800k:  29%|██▉       | 132/451 [11:12<14:35,  2.74s/it]smollm3/step800k:  29%|██▉       | 133/451 [11:21<23:17,  4.39s/it]smollm3/step800k:  30%|██▉       | 134/451 [11:27<25:51,  4.89s/it]smollm3/step800k:  30%|██▉       | 135/451 [11:31<25:02,  4.76s/it]smollm3/step800k:  30%|███       | 136/451 [11:40<30:55,  5.89s/it]smollm3/step800k:  30%|███       | 137/451 [11:49<36:50,  7.04s/it]smollm3/step800k:  31%|███       | 138/451 [11:51<28:40,  5.50s/it]smollm3/step800k:  31%|███       | 139/451 [11:53<22:17,  4.29s/it]smollm3/step800k:  31%|███       | 140/451 [11:55<18:48,  3.63s/it]smollm3/step800k:  31%|███▏      | 141/451 [11:57<16:35,  3.21s/it]smollm3/step800k:  31%|███▏      | 142/451 [12:01<16:51,  3.27s/it]smollm3/step800k:  32%|███▏      | 143/451 [12:03<14:52,  2.90s/it]smollm3/step800k:  32%|███▏      | 144/451 [12:12<24:56,  4.87s/it]smollm3/step800k:  32%|███▏      | 145/451 [12:19<28:12,  5.53s/it]smollm3/step800k:  32%|███▏      | 146/451 [12:23<26:14,  5.16s/it]smollm3/step800k:  33%|███▎      | 147/451 [12:32<31:31,  6.22s/it]smollm3/step800k:  33%|███▎      | 148/451 [12:42<36:55,  7.31s/it]smollm3/step800k:  33%|███▎      | 149/451 [12:44<28:49,  5.73s/it]smollm3/step800k:  33%|███▎      | 150/451 [12:46<22:24,  4.47s/it]smollm3/step800k:  33%|███▎      | 151/451 [12:48<18:34,  3.72s/it]smollm3/step800k:  34%|███▎      | 152/451 [12:50<16:18,  3.27s/it]smollm3/step800k:  34%|███▍      | 153/451 [12:53<15:59,  3.22s/it]smollm3/step800k:  34%|███▍      | 154/451 [12:55<14:13,  2.87s/it]smollm3/step800k:  34%|███▍      | 155/451 [13:04<23:10,  4.70s/it]smollm3/step800k:  35%|███▍      | 156/451 [13:14<31:32,  6.42s/it]smollm3/step800k:  35%|███▍      | 157/451 [13:20<30:25,  6.21s/it]smollm3/step800k:  35%|███▌      | 158/451 [13:31<36:35,  7.49s/it]smollm3/step800k:  35%|███▌      | 159/451 [13:42<42:37,  8.76s/it]smollm3/step800k:  35%|███▌      | 160/451 [13:46<34:57,  7.21s/it]smollm3/step800k:  36%|███▌      | 161/451 [13:50<30:56,  6.40s/it]smollm3/step800k:  36%|███▌      | 162/451 [13:54<26:32,  5.51s/it]smollm3/step800k:  36%|███▌      | 163/451 [13:58<24:05,  5.02s/it]smollm3/step800k:  36%|███▋      | 164/451 [14:03<24:40,  5.16s/it]smollm3/step800k:  37%|███▋      | 165/451 [14:07<22:42,  4.77s/it]smollm3/step800k:  37%|███▋      | 166/451 [14:16<28:41,  6.04s/it]smollm3/step800k:  37%|███▋      | 167/451 [14:25<33:05,  6.99s/it]smollm3/step800k:  37%|███▋      | 168/451 [14:32<32:29,  6.89s/it]smollm3/step800k:  37%|███▋      | 169/451 [14:43<38:02,  8.09s/it]smollm3/step800k:  38%|███▊      | 170/451 [14:53<40:49,  8.72s/it]smollm3/step800k:  38%|███▊      | 171/451 [14:57<34:13,  7.34s/it]smollm3/step800k:  38%|███▊      | 172/451 [15:00<28:14,  6.07s/it]smollm3/step800k:  38%|███▊      | 173/451 [15:04<24:49,  5.36s/it]smollm3/step800k:  39%|███▊      | 174/451 [15:07<22:19,  4.83s/it]smollm3/step800k:  39%|███▉      | 175/451 [15:11<21:01,  4.57s/it]smollm3/step800k:  39%|███▉      | 176/451 [15:15<19:01,  4.15s/it]smollm3/step800k:  39%|███▉      | 177/451 [15:23<24:39,  5.40s/it]smollm3/step800k:  39%|███▉      | 178/451 [15:29<26:04,  5.73s/it]smollm3/step800k:  40%|███▉      | 179/451 [15:34<23:54,  5.27s/it]smollm3/step800k:  40%|███▉      | 180/451 [15:42<28:38,  6.34s/it]smollm3/step800k:  40%|████      | 181/451 [15:53<33:32,  7.45s/it]smollm3/step800k:  40%|████      | 182/451 [15:55<26:30,  5.91s/it]smollm3/step800k:  41%|████      | 183/451 [15:58<22:29,  5.04s/it]smollm3/step800k:  41%|████      | 184/451 [16:00<19:05,  4.29s/it]smollm3/step800k:  41%|████      | 185/451 [16:03<16:44,  3.78s/it]smollm3/step800k:  41%|████      | 186/451 [16:07<16:54,  3.83s/it]smollm3/step800k:  41%|████▏     | 187/451 [16:09<15:12,  3.46s/it]smollm3/step800k:  42%|████▏     | 188/451 [16:19<23:04,  5.26s/it]smollm3/step800k:  42%|████▏     | 189/451 [16:26<25:44,  5.89s/it]smollm3/step800k:  42%|████▏     | 190/451 [16:31<23:52,  5.49s/it]smollm3/step800k:  42%|████▏     | 191/451 [16:40<28:39,  6.61s/it]smollm3/step800k:  43%|████▎     | 192/451 [16:50<32:52,  7.62s/it]smollm3/step800k:  43%|████▎     | 193/451 [16:52<25:23,  5.90s/it]smollm3/step800k:  43%|████▎     | 194/451 [16:54<20:36,  4.81s/it]smollm3/step800k:  43%|████▎     | 195/451 [16:56<16:48,  3.94s/it]smollm3/step800k:  43%|████▎     | 196/451 [16:59<14:47,  3.48s/it]smollm3/step800k:  44%|████▎     | 197/451 [17:02<14:18,  3.38s/it]smollm3/step800k:  44%|████▍     | 198/451 [17:04<12:46,  3.03s/it]smollm3/step800k:  44%|████▍     | 199/451 [17:13<20:23,  4.86s/it]smollm3/step800k:  44%|████▍     | 200/451 [17:21<23:38,  5.65s/it]smollm3/step800k:  45%|████▍     | 201/451 [17:25<21:48,  5.24s/it]smollm3/step800k:  45%|████▍     | 202/451 [17:33<25:51,  6.23s/it]smollm3/step800k:  45%|████▌     | 203/451 [17:43<30:01,  7.27s/it]smollm3/step800k:  45%|████▌     | 204/451 [17:45<23:26,  5.70s/it]smollm3/step800k:  45%|████▌     | 205/451 [17:48<19:36,  4.78s/it]smollm3/step800k:  46%|████▌     | 206/451 [17:50<16:17,  3.99s/it]smollm3/step800k:  46%|████▌     | 207/451 [17:52<13:58,  3.44s/it]smollm3/step800k:  46%|████▌     | 208/451 [17:55<13:46,  3.40s/it]smollm3/step800k:  46%|████▋     | 209/451 [17:57<11:59,  2.97s/it]smollm3/step800k:  47%|████▋     | 210/451 [18:06<18:22,  4.58s/it]smollm3/step800k:  47%|████▋     | 211/451 [18:12<20:48,  5.20s/it]smollm3/step800k:  47%|████▋     | 212/451 [18:17<19:51,  4.98s/it]smollm3/step800k:  47%|████▋     | 213/451 [18:25<24:06,  6.08s/it]smollm3/step800k:  47%|████▋     | 214/451 [18:36<29:07,  7.37s/it]smollm3/step800k:  48%|████▊     | 215/451 [18:38<22:52,  5.82s/it]smollm3/step800k:  48%|████▊     | 216/451 [18:40<18:40,  4.77s/it]smollm3/step800k:  48%|████▊     | 217/451 [18:42<15:31,  3.98s/it]smollm3/step800k:  48%|████▊     | 218/451 [18:45<13:51,  3.57s/it]smollm3/step800k:  49%|████▊     | 219/451 [18:48<13:33,  3.50s/it]smollm3/step800k:  49%|████▉     | 220/451 [18:50<11:51,  3.08s/it]smollm3/step800k:  49%|████▉     | 221/451 [18:57<16:03,  4.19s/it]smollm3/step800k:  49%|████▉     | 222/451 [19:05<20:16,  5.31s/it]smollm3/step800k:  49%|████▉     | 223/451 [19:10<19:28,  5.12s/it]smollm3/step800k:  50%|████▉     | 224/451 [19:19<23:51,  6.31s/it]smollm3/step800k:  50%|████▉     | 225/451 [19:27<25:52,  6.87s/it]smollm3/step800k:  50%|█████     | 226/451 [19:29<20:22,  5.44s/it]smollm3/step800k:  50%|█████     | 227/451 [19:31<16:09,  4.33s/it]smollm3/step800k:  51%|█████     | 228/451 [19:33<13:09,  3.54s/it]smollm3/step800k:  51%|█████     | 229/451 [19:35<12:05,  3.27s/it]smollm3/step800k:  51%|█████     | 230/451 [19:38<11:04,  3.01s/it]smollm3/step800k:  51%|█████     | 231/451 [19:40<10:09,  2.77s/it]smollm3/step800k:  51%|█████▏    | 232/451 [19:48<16:29,  4.52s/it]smollm3/step800k:  52%|█████▏    | 233/451 [19:55<18:36,  5.12s/it]smollm3/step800k:  52%|█████▏    | 234/451 [19:59<17:48,  4.92s/it]smollm3/step800k:  52%|█████▏    | 235/451 [20:09<22:32,  6.26s/it]smollm3/step800k:  52%|█████▏    | 236/451 [20:19<26:42,  7.45s/it]smollm3/step800k:  53%|█████▎    | 237/451 [20:21<20:50,  5.84s/it]smollm3/step800k:  53%|█████▎    | 238/451 [20:24<17:53,  5.04s/it]smollm3/step800k:  53%|█████▎    | 239/451 [20:26<14:38,  4.15s/it]smollm3/step800k:  53%|█████▎    | 240/451 [20:29<12:43,  3.62s/it]smollm3/step800k:  53%|█████▎    | 241/451 [20:32<12:15,  3.50s/it]smollm3/step800k:  54%|█████▎    | 242/451 [20:34<10:59,  3.16s/it]smollm3/step800k:  54%|█████▍    | 243/451 [20:44<17:48,  5.14s/it]smollm3/step800k:  54%|█████▍    | 244/451 [20:52<20:27,  5.93s/it]smollm3/step800k:  54%|█████▍    | 245/451 [20:57<19:00,  5.53s/it]smollm3/step800k:  55%|█████▍    | 246/451 [21:06<23:03,  6.75s/it]smollm3/step800k:  55%|█████▍    | 247/451 [21:18<27:48,  8.18s/it]smollm3/step800k:  55%|█████▍    | 248/451 [21:21<22:44,  6.72s/it]smollm3/step800k:  55%|█████▌    | 249/451 [21:26<20:58,  6.23s/it]smollm3/step800k:  55%|█████▌    | 250/451 [21:29<17:44,  5.30s/it]smollm3/step800k:  56%|█████▌    | 251/451 [21:32<15:33,  4.67s/it]smollm3/step800k:  56%|█████▌    | 252/451 [21:37<15:12,  4.58s/it]smollm3/step800k:  56%|█████▌    | 253/451 [21:40<13:38,  4.13s/it]smollm3/step800k:  56%|█████▋    | 254/451 [21:51<20:54,  6.37s/it]smollm3/step800k:  57%|█████▋    | 255/451 [22:00<23:21,  7.15s/it]smollm3/step800k:  57%|█████▋    | 256/451 [22:06<22:09,  6.82s/it]smollm3/step800k:  57%|█████▋    | 257/451 [22:16<24:51,  7.69s/it]smollm3/step800k:  57%|█████▋    | 258/451 [22:27<27:29,  8.55s/it]smollm3/step800k:  57%|█████▋    | 259/451 [22:29<21:30,  6.72s/it]smollm3/step800k:  58%|█████▊    | 260/451 [22:31<16:42,  5.25s/it]smollm3/step800k:  58%|█████▊    | 261/451 [22:33<13:48,  4.36s/it]smollm3/step800k:  58%|█████▊    | 262/451 [22:36<12:06,  3.85s/it]smollm3/step800k:  58%|█████▊    | 263/451 [22:39<11:41,  3.73s/it]smollm3/step800k:  59%|█████▊    | 264/451 [22:42<10:14,  3.29s/it]smollm3/step800k:  59%|█████▉    | 265/451 [22:51<16:06,  5.20s/it]smollm3/step800k:  59%|█████▉    | 266/451 [22:59<18:21,  5.95s/it]smollm3/step800k:  59%|█████▉    | 267/451 [23:04<17:01,  5.55s/it]smollm3/step800k:  59%|█████▉    | 268/451 [23:13<20:24,  6.69s/it]smollm3/step800k:  60%|█████▉    | 269/451 [23:23<23:13,  7.66s/it]smollm3/step800k:  60%|█████▉    | 270/451 [23:25<18:00,  5.97s/it]smollm3/step800k:  60%|██████    | 271/451 [23:26<13:53,  4.63s/it]smollm3/step800k:  60%|██████    | 272/451 [23:28<11:28,  3.85s/it]smollm3/step800k:  61%|██████    | 273/451 [23:31<10:00,  3.37s/it]smollm3/step800k:  61%|██████    | 274/451 [23:34<09:42,  3.29s/it]smollm3/step800k:  61%|██████    | 275/451 [23:36<08:27,  2.88s/it]smollm3/step800k:  61%|██████    | 276/451 [23:44<13:17,  4.56s/it]smollm3/step800k:  61%|██████▏   | 277/451 [23:51<15:08,  5.22s/it]smollm3/step800k:  62%|██████▏   | 278/451 [23:55<14:26,  5.01s/it]smollm3/step800k:  62%|██████▏   | 279/451 [24:04<17:33,  6.13s/it]smollm3/step800k:  62%|██████▏   | 280/451 [24:14<20:55,  7.34s/it]smollm3/step800k:  62%|██████▏   | 281/451 [24:16<16:16,  5.74s/it]smollm3/step800k:  63%|██████▎   | 282/451 [24:19<13:16,  4.71s/it]smollm3/step800k:  63%|██████▎   | 283/451 [24:21<10:58,  3.92s/it]smollm3/step800k:  63%|██████▎   | 284/451 [24:23<09:31,  3.42s/it]smollm3/step800k:  63%|██████▎   | 285/451 [24:26<09:22,  3.39s/it]smollm3/step800k:  63%|██████▎   | 286/451 [24:28<08:18,  3.02s/it]smollm3/step800k:  64%|██████▎   | 287/451 [24:38<13:15,  4.85s/it]smollm3/step800k:  64%|██████▍   | 288/451 [24:45<14:59,  5.52s/it]smollm3/step800k:  64%|██████▍   | 289/451 [24:49<14:06,  5.23s/it]smollm3/step800k:  64%|██████▍   | 290/451 [24:58<17:02,  6.35s/it]smollm3/step800k:  65%|██████▍   | 291/451 [25:09<20:18,  7.62s/it]smollm3/step800k:  65%|██████▍   | 292/451 [25:11<15:55,  6.01s/it]smollm3/step800k:  65%|██████▍   | 293/451 [25:14<13:16,  5.04s/it]smollm3/step800k:  65%|██████▌   | 294/451 [25:16<11:08,  4.26s/it]smollm3/step800k:  65%|██████▌   | 295/451 [25:19<09:54,  3.81s/it]smollm3/step800k:  66%|██████▌   | 296/451 [25:22<09:21,  3.62s/it]smollm3/step800k:  66%|██████▌   | 297/451 [25:24<08:07,  3.17s/it]smollm3/step800k:  66%|██████▌   | 298/451 [25:34<12:45,  5.00s/it]smollm3/step800k:  66%|██████▋   | 299/451 [25:41<14:46,  5.83s/it]smollm3/step800k:  67%|██████▋   | 300/451 [25:46<13:52,  5.51s/it]smollm3/step800k:  67%|██████▋   | 301/451 [25:55<16:14,  6.50s/it]smollm3/step800k:  67%|██████▋   | 302/451 [26:05<18:59,  7.65s/it]smollm3/step800k:  67%|██████▋   | 303/451 [26:08<14:52,  6.03s/it]smollm3/step800k:  67%|██████▋   | 304/451 [26:10<12:16,  5.01s/it]smollm3/step800k:  68%|██████▊   | 305/451 [26:12<10:09,  4.17s/it]smollm3/step800k:  68%|██████▊   | 306/451 [26:15<09:02,  3.74s/it]smollm3/step800k:  68%|██████▊   | 307/451 [26:19<08:46,  3.66s/it]smollm3/step800k:  68%|██████▊   | 308/451 [26:21<07:59,  3.36s/it]smollm3/step800k:  69%|██████▊   | 309/451 [26:31<12:10,  5.14s/it]smollm3/step800k:  69%|██████▊   | 310/451 [26:37<13:10,  5.61s/it]smollm3/step800k:  69%|██████▉   | 311/451 [26:42<12:31,  5.37s/it]smollm3/step800k:  69%|██████▉   | 312/451 [26:51<15:02,  6.49s/it]smollm3/step800k:  69%|██████▉   | 313/451 [27:01<17:36,  7.66s/it]smollm3/step800k:  70%|██████▉   | 314/451 [27:04<14:06,  6.18s/it]smollm3/step800k:  70%|██████▉   | 315/451 [27:07<11:28,  5.06s/it]smollm3/step800k:  70%|███████   | 316/451 [27:09<09:30,  4.22s/it]smollm3/step800k:  70%|███████   | 317/451 [27:11<08:11,  3.67s/it]smollm3/step800k:  71%|███████   | 318/451 [27:15<07:58,  3.60s/it]smollm3/step800k:  71%|███████   | 319/451 [27:17<06:57,  3.16s/it]smollm3/step800k:  71%|███████   | 320/451 [27:25<09:53,  4.53s/it]smollm3/step800k:  71%|███████   | 321/451 [27:31<11:01,  5.09s/it]smollm3/step800k:  71%|███████▏  | 322/451 [27:36<10:41,  4.97s/it]smollm3/step800k:  72%|███████▏  | 323/451 [27:42<11:42,  5.49s/it]smollm3/step800k:  72%|███████▏  | 324/451 [27:52<14:15,  6.74s/it]smollm3/step800k:  72%|███████▏  | 325/451 [27:54<11:20,  5.40s/it]smollm3/step800k:  72%|███████▏  | 326/451 [27:56<08:55,  4.28s/it]smollm3/step800k:  73%|███████▎  | 327/451 [27:58<07:22,  3.57s/it]smollm3/step800k:  73%|███████▎  | 328/451 [28:01<06:52,  3.36s/it]smollm3/step800k:  73%|███████▎  | 329/451 [28:04<06:57,  3.42s/it]smollm3/step800k:  73%|███████▎  | 330/451 [28:06<06:07,  3.04s/it]smollm3/step800k:  73%|███████▎  | 331/451 [28:15<09:28,  4.73s/it]smollm3/step800k:  74%|███████▎  | 332/451 [28:23<11:11,  5.64s/it]smollm3/step800k:  74%|███████▍  | 333/451 [28:27<10:21,  5.26s/it]smollm3/step800k:  74%|███████▍  | 334/451 [28:36<12:16,  6.30s/it]smollm3/step800k:  74%|███████▍  | 335/451 [28:46<14:21,  7.43s/it]smollm3/step800k:  75%|███████▍  | 336/451 [28:48<11:10,  5.83s/it]smollm3/step800k:  75%|███████▍  | 337/451 [28:51<09:08,  4.81s/it]smollm3/step800k:  75%|███████▍  | 338/451 [28:53<07:28,  3.97s/it]smollm3/step800k:  75%|███████▌  | 339/451 [28:55<06:35,  3.53s/it]smollm3/step800k:  75%|███████▌  | 340/451 [28:58<06:17,  3.40s/it]smollm3/step800k:  76%|███████▌  | 341/451 [29:01<05:35,  3.05s/it]smollm3/step800k:  76%|███████▌  | 342/451 [29:09<08:38,  4.76s/it]smollm3/step800k:  76%|███████▌  | 343/451 [29:17<09:58,  5.54s/it]smollm3/step800k:  76%|███████▋  | 344/451 [29:21<09:24,  5.28s/it]smollm3/step800k:  76%|███████▋  | 345/451 [29:30<11:10,  6.33s/it]smollm3/step800k:  77%|███████▋  | 346/451 [29:40<12:52,  7.36s/it]smollm3/step800k:  77%|███████▋  | 347/451 [29:42<09:54,  5.72s/it]smollm3/step800k:  77%|███████▋  | 348/451 [29:44<07:50,  4.57s/it]smollm3/step800k:  77%|███████▋  | 349/451 [29:46<06:33,  3.86s/it]smollm3/step800k:  78%|███████▊  | 350/451 [29:48<05:36,  3.34s/it]smollm3/step800k:  78%|███████▊  | 351/451 [29:51<05:29,  3.29s/it]smollm3/step800k:  78%|███████▊  | 352/451 [29:53<04:45,  2.88s/it]smollm3/step800k:  78%|███████▊  | 353/451 [30:00<06:45,  4.13s/it]smollm3/step800k:  78%|███████▊  | 354/451 [30:06<07:38,  4.72s/it]smollm3/step800k:  79%|███████▊  | 355/451 [30:11<07:38,  4.78s/it]smollm3/step800k:  79%|███████▉  | 356/451 [30:21<10:10,  6.42s/it]smollm3/step800k:  79%|███████▉  | 357/451 [30:31<11:28,  7.33s/it]smollm3/step800k:  79%|███████▉  | 358/451 [30:34<09:38,  6.22s/it]smollm3/step800k:  80%|███████▉  | 359/451 [30:37<08:02,  5.25s/it]smollm3/step800k:  80%|███████▉  | 360/451 [30:41<07:13,  4.76s/it]smollm3/step800k:  80%|████████  | 361/451 [30:44<06:31,  4.35s/it]smollm3/step800k:  80%|████████  | 362/451 [30:49<06:29,  4.38s/it]smollm3/step800k:  80%|████████  | 363/451 [30:52<05:59,  4.08s/it]smollm3/step800k:  81%|████████  | 364/451 [31:03<08:52,  6.12s/it]smollm3/step800k:  81%|████████  | 365/451 [31:11<09:29,  6.62s/it]smollm3/step800k:  81%|████████  | 366/451 [31:17<08:58,  6.34s/it]smollm3/step800k:  81%|████████▏ | 367/451 [31:26<10:19,  7.38s/it]smollm3/step800k:  82%|████████▏ | 368/451 [31:36<11:09,  8.06s/it]smollm3/step800k:  82%|████████▏ | 369/451 [31:38<08:29,  6.21s/it]smollm3/step800k:  82%|████████▏ | 370/451 [31:39<06:28,  4.80s/it]smollm3/step800k:  82%|████████▏ | 371/451 [31:41<05:16,  3.96s/it]smollm3/step800k:  82%|████████▏ | 372/451 [31:44<04:32,  3.45s/it]smollm3/step800k:  83%|████████▎ | 373/451 [31:47<04:21,  3.35s/it]smollm3/step800k:  83%|████████▎ | 374/451 [31:49<03:48,  2.96s/it]smollm3/step800k:  83%|████████▎ | 375/451 [31:58<05:56,  4.70s/it]smollm3/step800k:  83%|████████▎ | 376/451 [32:04<06:33,  5.25s/it]smollm3/step800k:  84%|████████▎ | 377/451 [32:08<06:06,  4.95s/it]smollm3/step800k:  84%|████████▍ | 378/451 [32:17<07:25,  6.10s/it]smollm3/step800k:  84%|████████▍ | 379/451 [32:28<08:51,  7.38s/it]smollm3/step800k:  84%|████████▍ | 380/451 [32:30<06:57,  5.87s/it]smollm3/step800k:  84%|████████▍ | 381/451 [32:33<05:47,  4.97s/it]smollm3/step800k:  85%|████████▍ | 382/451 [32:35<04:51,  4.22s/it]smollm3/step800k:  85%|████████▍ | 383/451 [32:38<04:10,  3.69s/it]smollm3/step800k:  85%|████████▌ | 384/451 [32:41<04:03,  3.64s/it]smollm3/step800k:  85%|████████▌ | 385/451 [32:43<03:29,  3.17s/it]smollm3/step800k:  86%|████████▌ | 386/451 [32:52<05:20,  4.93s/it]smollm3/step800k:  86%|████████▌ | 387/451 [32:59<05:50,  5.48s/it]smollm3/step800k:  86%|████████▌ | 388/451 [33:03<05:21,  5.10s/it]smollm3/step800k:  86%|████████▋ | 389/451 [33:12<06:28,  6.27s/it]smollm3/step800k:  86%|████████▋ | 390/451 [33:23<07:47,  7.66s/it]smollm3/step800k:  87%|████████▋ | 391/451 [33:25<05:56,  5.94s/it]smollm3/step800k:  87%|████████▋ | 392/451 [33:28<04:56,  5.03s/it]smollm3/step800k:  87%|████████▋ | 393/451 [33:30<04:02,  4.18s/it]smollm3/step800k:  87%|████████▋ | 394/451 [33:32<03:23,  3.56s/it]smollm3/step800k:  88%|████████▊ | 395/451 [33:36<03:14,  3.47s/it]smollm3/step800k:  88%|████████▊ | 396/451 [33:38<02:45,  3.01s/it]smollm3/step800k:  88%|████████▊ | 397/451 [33:47<04:34,  5.08s/it]smollm3/step800k:  88%|████████▊ | 398/451 [33:54<04:57,  5.62s/it]smollm3/step800k:  88%|████████▊ | 399/451 [33:59<04:29,  5.19s/it]smollm3/step800k:  89%|████████▊ | 400/451 [34:07<05:19,  6.27s/it]smollm3/step800k:  89%|████████▉ | 401/451 [34:17<06:08,  7.37s/it]smollm3/step800k:  89%|████████▉ | 402/451 [34:19<04:44,  5.81s/it]smollm3/step800k:  89%|████████▉ | 403/451 [34:22<03:50,  4.81s/it]smollm3/step800k:  90%|████████▉ | 404/451 [34:24<03:07,  3.99s/it]smollm3/step800k:  90%|████████▉ | 405/451 [34:26<02:39,  3.47s/it]smollm3/step800k:  90%|█████████ | 406/451 [34:29<02:32,  3.39s/it]smollm3/step800k:  90%|█████████ | 407/451 [34:31<02:10,  2.97s/it]smollm3/step800k:  90%|█████████ | 408/451 [34:41<03:34,  4.98s/it]smollm3/step800k:  91%|█████████ | 409/451 [34:49<04:08,  5.92s/it]smollm3/step800k:  91%|█████████ | 410/451 [34:54<03:42,  5.44s/it]smollm3/step800k:  91%|█████████ | 411/451 [35:02<04:15,  6.39s/it]smollm3/step800k:  91%|█████████▏| 412/451 [35:12<04:51,  7.48s/it]smollm3/step800k:  92%|█████████▏| 413/451 [35:14<03:43,  5.88s/it]smollm3/step800k:  92%|█████████▏| 414/451 [35:17<03:04,  4.98s/it]smollm3/step800k:  92%|█████████▏| 415/451 [35:19<02:29,  4.16s/it]smollm3/step800k:  92%|█████████▏| 416/451 [35:22<02:04,  3.56s/it]smollm3/step800k:  92%|█████████▏| 417/451 [35:25<01:57,  3.46s/it]smollm3/step800k:  93%|█████████▎| 418/451 [35:27<01:38,  2.99s/it]smollm3/step800k:  93%|█████████▎| 419/451 [35:36<02:37,  4.91s/it]smollm3/step800k:  93%|█████████▎| 420/451 [35:44<02:59,  5.78s/it]smollm3/step800k:  93%|█████████▎| 421/451 [35:48<02:41,  5.38s/it]smollm3/step800k:  94%|█████████▎| 422/451 [35:57<03:06,  6.43s/it]smollm3/step800k:  94%|█████████▍| 423/451 [36:08<03:35,  7.68s/it]smollm3/step800k:  94%|█████████▍| 424/451 [36:10<02:44,  6.07s/it]smollm3/step800k:  94%|█████████▍| 425/451 [36:14<02:23,  5.52s/it]smollm3/step800k:  94%|█████████▍| 426/451 [36:17<01:53,  4.55s/it]smollm3/step800k:  95%|█████████▍| 427/451 [36:19<01:34,  3.95s/it]smollm3/step800k:  95%|█████████▍| 428/451 [36:23<01:26,  3.77s/it]smollm3/step800k:  95%|█████████▌| 429/451 [36:25<01:14,  3.41s/it]smollm3/step800k:  95%|█████████▌| 430/451 [36:34<01:46,  5.06s/it]smollm3/step800k:  96%|█████████▌| 431/451 [36:41<01:52,  5.61s/it]smollm3/step800k:  96%|█████████▌| 432/451 [36:45<01:39,  5.21s/it]smollm3/step800k:  96%|█████████▌| 433/451 [36:54<01:51,  6.21s/it]smollm3/step800k:  96%|█████████▌| 434/451 [37:04<02:05,  7.36s/it]smollm3/step800k:  96%|█████████▋| 435/451 [37:06<01:31,  5.73s/it]smollm3/step800k:  97%|█████████▋| 436/451 [37:09<01:14,  4.97s/it]smollm3/step800k:  97%|█████████▋| 437/451 [37:11<00:56,  4.07s/it]smollm3/step800k:  97%|█████████▋| 438/451 [37:13<00:45,  3.51s/it]smollm3/step800k:  97%|█████████▋| 439/451 [37:16<00:41,  3.42s/it]smollm3/step800k:  98%|█████████▊| 440/451 [37:18<00:32,  2.97s/it]smollm3/step800k:  98%|█████████▊| 441/451 [37:26<00:44,  4.46s/it]smollm3/step800k:  98%|█████████▊| 442/451 [37:34<00:47,  5.33s/it]smollm3/step800k:  98%|█████████▊| 443/451 [37:38<00:39,  5.00s/it]smollm3/step800k:  98%|█████████▊| 444/451 [37:46<00:42,  6.12s/it]smollm3/step800k:  99%|█████████▊| 445/451 [37:57<00:44,  7.34s/it]smollm3/step800k:  99%|█████████▉| 446/451 [37:59<00:28,  5.73s/it]smollm3/step800k:  99%|█████████▉| 447/451 [38:01<00:19,  4.80s/it]smollm3/step800k:  99%|█████████▉| 448/451 [38:03<00:11,  4.00s/it]smollm3/step800k: 100%|█████████▉| 449/451 [38:06<00:07,  3.50s/it]smollm3/step800k: 100%|█████████▉| 450/451 [38:09<00:03,  3.42s/it]smollm3/step800k: 100%|██████████| 451/451 [38:11<00:00,  3.01s/it]smollm3/step800k: 100%|██████████| 451/451 [38:11<00:00,  5.08s/it]
  ✅ Saved 451 records → data/results/binding_smollm3_45/smollm3_step800k_binding_smollm3.jsonl

Loading SmolLM3-3B @ step1200k ...
Loading checkpoint shards:   0%|          | 0/2 [00:00<?, ?it/s]Loading checkpoint shards:  50%|█████     | 1/2 [00:07<00:07,  7.37s/it]Loading checkpoint shards: 100%|██████████| 2/2 [00:09<00:00,  4.26s/it]Loading checkpoint shards: 100%|██████████| 2/2 [00:09<00:00,  4.73s/it]
smollm3/step1200k:   0%|          | 0/451 [00:00<?, ?it/s]smollm3/step1200k:   0%|          | 1/451 [00:09<1:10:51,  9.45s/it]smollm3/step1200k:   0%|          | 2/451 [00:16<1:00:03,  8.03s/it]smollm3/step1200k:   1%|          | 3/451 [00:21<48:20,  6.47s/it]  smollm3/step1200k:   1%|          | 4/451 [00:30<56:10,  7.54s/it]smollm3/step1200k:   1%|          | 5/451 [00:39<1:01:27,  8.27s/it]smollm3/step1200k:   1%|▏         | 6/451 [00:42<46:25,  6.26s/it]  smollm3/step1200k:   2%|▏         | 7/451 [00:44<35:59,  4.86s/it]smollm3/step1200k:   2%|▏         | 8/451 [00:46<30:58,  4.20s/it]smollm3/step1200k:   2%|▏         | 9/451 [00:49<26:58,  3.66s/it]smollm3/step1200k:   2%|▏         | 10/451 [00:53<27:13,  3.71s/it]smollm3/step1200k:   2%|▏         | 11/451 [00:55<23:41,  3.23s/it]smollm3/step1200k:   3%|▎         | 12/451 [01:01<30:31,  4.17s/it]smollm3/step1200k:   3%|▎         | 13/451 [01:09<37:50,  5.18s/it]smollm3/step1200k:   3%|▎         | 14/451 [01:13<34:52,  4.79s/it]smollm3/step1200k:   3%|▎         | 15/451 [01:20<41:32,  5.72s/it]smollm3/step1200k:   4%|▎         | 16/451 [01:29<48:06,  6.64s/it]smollm3/step1200k:   4%|▍         | 17/451 [01:31<37:30,  5.19s/it]smollm3/step1200k:   4%|▍         | 18/451 [01:33<29:25,  4.08s/it]smollm3/step1200k:   4%|▍         | 19/451 [01:35<25:12,  3.50s/it]smollm3/step1200k:   4%|▍         | 20/451 [01:37<22:34,  3.14s/it]smollm3/step1200k:   5%|▍         | 21/451 [01:40<21:38,  3.02s/it]smollm3/step1200k:   5%|▍         | 22/451 [01:42<20:15,  2.83s/it]smollm3/step1200k:   5%|▌         | 23/451 [01:51<32:03,  4.49s/it]smollm3/step1200k:   5%|▌         | 24/451 [01:59<41:05,  5.77s/it]smollm3/step1200k:   6%|▌         | 25/451 [02:05<40:16,  5.67s/it]smollm3/step1200k:   6%|▌         | 26/451 [02:14<47:50,  6.75s/it]smollm3/step1200k:   6%|▌         | 27/451 [02:25<56:52,  8.05s/it]smollm3/step1200k:   6%|▌         | 28/451 [02:29<47:02,  6.67s/it]smollm3/step1200k:   6%|▋         | 29/451 [02:32<40:51,  5.81s/it]smollm3/step1200k:   7%|▋         | 30/451 [02:36<35:24,  5.05s/it]smollm3/step1200k:   7%|▋         | 31/451 [02:39<31:27,  4.49s/it]smollm3/step1200k:   7%|▋         | 32/451 [02:43<31:28,  4.51s/it]smollm3/step1200k:   7%|▋         | 33/451 [02:47<30:21,  4.36s/it]smollm3/step1200k:   8%|▊         | 34/451 [02:58<42:45,  6.15s/it]smollm3/step1200k:   8%|▊         | 35/451 [03:06<46:38,  6.73s/it]smollm3/step1200k:   8%|▊         | 36/451 [03:12<44:34,  6.44s/it]smollm3/step1200k:   8%|▊         | 37/451 [03:22<52:15,  7.57s/it]smollm3/step1200k:   8%|▊         | 38/451 [03:34<1:00:50,  8.84s/it]smollm3/step1200k:   9%|▊         | 39/451 [03:37<50:28,  7.35s/it]  smollm3/step1200k:   9%|▉         | 40/451 [03:42<44:40,  6.52s/it]smollm3/step1200k:   9%|▉         | 41/451 [03:45<38:13,  5.59s/it]smollm3/step1200k:   9%|▉         | 42/451 [03:49<34:22,  5.04s/it]smollm3/step1200k:  10%|▉         | 43/451 [03:54<33:17,  4.90s/it]smollm3/step1200k:  10%|▉         | 44/451 [03:56<27:49,  4.10s/it]smollm3/step1200k:  10%|▉         | 45/451 [04:05<37:33,  5.55s/it]smollm3/step1200k:  10%|█         | 46/451 [04:13<42:56,  6.36s/it]smollm3/step1200k:  10%|█         | 47/451 [04:18<39:40,  5.89s/it]smollm3/step1200k:  11%|█         | 48/451 [04:27<46:35,  6.94s/it]smollm3/step1200k:  11%|█         | 49/451 [04:38<53:36,  8.00s/it]smollm3/step1200k:  11%|█         | 50/451 [04:40<41:58,  6.28s/it]smollm3/step1200k:  11%|█▏        | 51/451 [04:43<35:28,  5.32s/it]smollm3/step1200k:  12%|█▏        | 52/451 [04:46<30:33,  4.59s/it]smollm3/step1200k:  12%|█▏        | 53/451 [04:49<26:42,  4.03s/it]smollm3/step1200k:  12%|█▏        | 54/451 [04:53<26:08,  3.95s/it]smollm3/step1200k:  12%|█▏        | 55/451 [04:55<23:11,  3.52s/it]smollm3/step1200k:  12%|█▏        | 56/451 [05:04<34:31,  5.25s/it]smollm3/step1200k:  13%|█▎        | 57/451 [05:11<37:07,  5.65s/it]smollm3/step1200k:  13%|█▎        | 58/451 [05:15<34:09,  5.21s/it]smollm3/step1200k:  13%|█▎        | 59/451 [05:24<41:26,  6.34s/it]smollm3/step1200k:  13%|█▎        | 60/451 [05:34<48:25,  7.43s/it]smollm3/step1200k:  14%|█▎        | 61/451 [05:36<38:15,  5.89s/it]smollm3/step1200k:  14%|█▎        | 62/451 [05:38<29:59,  4.63s/it]smollm3/step1200k:  14%|█▍        | 63/451 [05:40<25:03,  3.87s/it]smollm3/step1200k:  14%|█▍        | 64/451 [05:42<21:59,  3.41s/it]smollm3/step1200k:  14%|█▍        | 65/451 [05:46<21:56,  3.41s/it]smollm3/step1200k:  15%|█▍        | 66/451 [05:48<19:24,  3.03s/it]smollm3/step1200k:  15%|█▍        | 67/451 [05:57<30:23,  4.75s/it]smollm3/step1200k:  15%|█▌        | 68/451 [06:04<34:11,  5.36s/it]smollm3/step1200k:  15%|█▌        | 69/451 [06:08<32:33,  5.12s/it]smollm3/step1200k:  16%|█▌        | 70/451 [06:18<40:55,  6.45s/it]smollm3/step1200k:  16%|█▌        | 71/451 [06:28<48:29,  7.66s/it]smollm3/step1200k:  16%|█▌        | 72/451 [06:30<38:00,  6.02s/it]smollm3/step1200k:  16%|█▌        | 73/451 [06:32<30:33,  4.85s/it]smollm3/step1200k:  16%|█▋        | 74/451 [06:34<25:04,  3.99s/it]smollm3/step1200k:  17%|█▋        | 75/451 [06:37<21:50,  3.48s/it]smollm3/step1200k:  17%|█▋        | 76/451 [06:41<22:36,  3.62s/it]smollm3/step1200k:  17%|█▋        | 77/451 [06:44<22:16,  3.57s/it]smollm3/step1200k:  17%|█▋        | 78/451 [06:53<31:49,  5.12s/it]smollm3/step1200k:  18%|█▊        | 79/451 [07:01<38:03,  6.14s/it]smollm3/step1200k:  18%|█▊        | 80/451 [07:07<36:05,  5.84s/it]smollm3/step1200k:  18%|█▊        | 81/451 [07:17<44:32,  7.22s/it]smollm3/step1200k:  18%|█▊        | 82/451 [07:28<50:56,  8.28s/it]smollm3/step1200k:  18%|█▊        | 83/451 [07:31<40:51,  6.66s/it]smollm3/step1200k:  19%|█▊        | 84/451 [07:34<34:15,  5.60s/it]smollm3/step1200k:  19%|█▉        | 85/451 [07:37<30:41,  5.03s/it]smollm3/step1200k:  19%|█▉        | 86/451 [07:42<29:01,  4.77s/it]smollm3/step1200k:  19%|█▉        | 87/451 [07:44<24:47,  4.09s/it]smollm3/step1200k:  20%|█▉        | 88/451 [07:46<21:33,  3.56s/it]smollm3/step1200k:  20%|█▉        | 89/451 [07:55<30:44,  5.10s/it]smollm3/step1200k:  20%|█▉        | 90/451 [08:02<33:47,  5.62s/it]smollm3/step1200k:  20%|██        | 91/451 [08:06<31:22,  5.23s/it]smollm3/step1200k:  20%|██        | 92/451 [08:15<37:29,  6.27s/it]smollm3/step1200k:  21%|██        | 93/451 [08:25<44:13,  7.41s/it]smollm3/step1200k:  21%|██        | 94/451 [08:27<34:24,  5.78s/it]smollm3/step1200k:  21%|██        | 95/451 [08:29<27:53,  4.70s/it]smollm3/step1200k:  21%|██▏       | 96/451 [08:32<23:35,  3.99s/it]smollm3/step1200k:  22%|██▏       | 97/451 [08:34<20:16,  3.44s/it]smollm3/step1200k:  22%|██▏       | 98/451 [08:37<19:54,  3.38s/it]smollm3/step1200k:  22%|██▏       | 99/451 [08:39<17:19,  2.95s/it]smollm3/step1200k:  22%|██▏       | 100/451 [08:48<27:59,  4.79s/it]smollm3/step1200k:  22%|██▏       | 101/451 [08:54<30:55,  5.30s/it]smollm3/step1200k:  23%|██▎       | 102/451 [08:59<29:06,  5.01s/it]smollm3/step1200k:  23%|██▎       | 103/451 [09:07<35:26,  6.11s/it]smollm3/step1200k:  23%|██▎       | 104/451 [09:17<41:30,  7.18s/it]smollm3/step1200k:  23%|██▎       | 105/451 [09:19<32:14,  5.59s/it]smollm3/step1200k:  24%|██▎       | 106/451 [09:21<25:41,  4.47s/it]smollm3/step1200k:  24%|██▎       | 107/451 [09:23<21:15,  3.71s/it]smollm3/step1200k:  24%|██▍       | 108/451 [09:25<18:36,  3.25s/it]smollm3/step1200k:  24%|██▍       | 109/451 [09:28<18:23,  3.23s/it]smollm3/step1200k:  24%|██▍       | 110/451 [09:30<16:12,  2.85s/it]smollm3/step1200k:  25%|██▍       | 111/451 [09:39<26:27,  4.67s/it]smollm3/step1200k:  25%|██▍       | 112/451 [09:47<31:31,  5.58s/it]smollm3/step1200k:  25%|██▌       | 113/451 [09:51<29:17,  5.20s/it]smollm3/step1200k:  25%|██▌       | 114/451 [10:00<35:10,  6.26s/it]smollm3/step1200k:  25%|██▌       | 115/451 [10:10<41:09,  7.35s/it]smollm3/step1200k:  26%|██▌       | 116/451 [10:12<32:25,  5.81s/it]smollm3/step1200k:  26%|██▌       | 117/451 [10:15<27:08,  4.88s/it]smollm3/step1200k:  26%|██▌       | 118/451 [10:17<22:24,  4.04s/it]smollm3/step1200k:  26%|██▋       | 119/451 [10:19<19:26,  3.52s/it]smollm3/step1200k:  27%|██▋       | 120/451 [10:22<19:03,  3.45s/it]smollm3/step1200k:  27%|██▋       | 121/451 [10:24<16:37,  3.02s/it]smollm3/step1200k:  27%|██▋       | 122/451 [10:31<22:48,  4.16s/it]smollm3/step1200k:  27%|██▋       | 123/451 [10:37<26:15,  4.80s/it]smollm3/step1200k:  27%|██▋       | 124/451 [10:41<24:47,  4.55s/it]smollm3/step1200k:  28%|██▊       | 125/451 [10:50<31:00,  5.71s/it]smollm3/step1200k:  28%|██▊       | 126/451 [10:58<35:40,  6.58s/it]smollm3/step1200k:  28%|██▊       | 127/451 [11:00<28:14,  5.23s/it]smollm3/step1200k:  28%|██▊       | 128/451 [11:02<22:36,  4.20s/it]smollm3/step1200k:  29%|██▊       | 129/451 [11:04<18:57,  3.53s/it]smollm3/step1200k:  29%|██▉       | 130/451 [11:07<16:51,  3.15s/it]smollm3/step1200k:  29%|██▉       | 131/451 [11:09<15:39,  2.94s/it]smollm3/step1200k:  29%|██▉       | 132/451 [11:11<14:33,  2.74s/it]smollm3/step1200k:  29%|██▉       | 133/451 [11:19<22:59,  4.34s/it]smollm3/step1200k:  30%|██▉       | 134/451 [11:26<25:53,  4.90s/it]smollm3/step1200k:  30%|██▉       | 135/451 [11:30<24:36,  4.67s/it]smollm3/step1200k:  30%|███       | 136/451 [11:38<31:04,  5.92s/it]smollm3/step1200k:  30%|███       | 137/451 [11:49<37:34,  7.18s/it]smollm3/step1200k:  31%|███       | 138/451 [11:52<32:01,  6.14s/it]smollm3/step1200k:  31%|███       | 139/451 [11:55<27:07,  5.22s/it]smollm3/step1200k:  31%|███       | 140/451 [11:59<24:08,  4.66s/it]smollm3/step1200k:  31%|███▏      | 141/451 [12:02<22:39,  4.39s/it]smollm3/step1200k:  31%|███▏      | 142/451 [12:07<22:50,  4.44s/it]smollm3/step1200k:  32%|███▏      | 143/451 [12:10<21:06,  4.11s/it]smollm3/step1200k:  32%|███▏      | 144/451 [12:22<32:17,  6.31s/it]smollm3/step1200k:  32%|███▏      | 145/451 [12:30<35:28,  6.96s/it]smollm3/step1200k:  32%|███▏      | 146/451 [12:36<33:12,  6.53s/it]smollm3/step1200k:  33%|███▎      | 147/451 [12:46<39:13,  7.74s/it]smollm3/step1200k:  33%|███▎      | 148/451 [12:58<44:54,  8.89s/it]smollm3/step1200k:  33%|███▎      | 149/451 [13:01<36:10,  7.19s/it]smollm3/step1200k:  33%|███▎      | 150/451 [13:04<29:01,  5.79s/it]smollm3/step1200k:  33%|███▎      | 151/451 [13:07<25:20,  5.07s/it]smollm3/step1200k:  34%|███▎      | 152/451 [13:10<22:30,  4.52s/it]smollm3/step1200k:  34%|███▍      | 153/451 [13:15<22:03,  4.44s/it]smollm3/step1200k:  34%|███▍      | 154/451 [13:18<20:16,  4.10s/it]smollm3/step1200k:  34%|███▍      | 155/451 [13:28<28:48,  5.84s/it]smollm3/step1200k:  35%|███▍      | 156/451 [13:38<34:30,  7.02s/it]smollm3/step1200k:  35%|███▍      | 157/451 [13:44<32:57,  6.72s/it]smollm3/step1200k:  35%|███▌      | 158/451 [13:54<38:27,  7.87s/it]smollm3/step1200k:  35%|███▌      | 159/451 [14:05<41:59,  8.63s/it]smollm3/step1200k:  35%|███▌      | 160/451 [14:07<32:58,  6.80s/it]smollm3/step1200k:  36%|███▌      | 161/451 [14:10<27:40,  5.73s/it]smollm3/step1200k:  36%|███▌      | 162/451 [14:13<22:38,  4.70s/it]smollm3/step1200k:  36%|███▌      | 163/451 [14:15<19:30,  4.06s/it]smollm3/step1200k:  36%|███▋      | 164/451 [14:19<18:35,  3.89s/it]smollm3/step1200k:  37%|███▋      | 165/451 [14:21<16:34,  3.48s/it]smollm3/step1200k:  37%|███▋      | 166/451 [14:28<21:48,  4.59s/it]smollm3/step1200k:  37%|███▋      | 167/451 [14:35<25:07,  5.31s/it]smollm3/step1200k:  37%|███▋      | 168/451 [14:40<24:14,  5.14s/it]smollm3/step1200k:  37%|███▋      | 169/451 [14:49<29:36,  6.30s/it]smollm3/step1200k:  38%|███▊      | 170/451 [14:58<32:40,  6.98s/it]smollm3/step1200k:  38%|███▊      | 171/451 [14:59<25:15,  5.41s/it]smollm3/step1200k:  38%|███▊      | 172/451 [15:01<19:55,  4.29s/it]smollm3/step1200k:  38%|███▊      | 173/451 [15:03<16:53,  3.65s/it]smollm3/step1200k:  39%|███▊      | 174/451 [15:05<14:48,  3.21s/it]smollm3/step1200k:  39%|███▉      | 175/451 [15:08<13:40,  2.97s/it]smollm3/step1200k:  39%|███▉      | 176/451 [15:10<12:15,  2.67s/it]smollm3/step1200k:  39%|███▉      | 177/451 [15:18<19:18,  4.23s/it]smollm3/step1200k:  39%|███▉      | 178/451 [15:24<22:25,  4.93s/it]smollm3/step1200k:  40%|███▉      | 179/451 [15:29<21:46,  4.80s/it]smollm3/step1200k:  40%|███▉      | 180/451 [15:37<26:50,  5.94s/it]smollm3/step1200k:  40%|████      | 181/451 [15:47<32:17,  7.18s/it]smollm3/step1200k:  40%|████      | 182/451 [15:49<25:12,  5.62s/it]smollm3/step1200k:  41%|████      | 183/451 [15:53<21:45,  4.87s/it]smollm3/step1200k:  41%|████      | 184/451 [15:55<17:50,  4.01s/it]smollm3/step1200k:  41%|████      | 185/451 [15:57<15:38,  3.53s/it]smollm3/step1200k:  41%|████      | 186/451 [16:00<15:24,  3.49s/it]smollm3/step1200k:  41%|████▏     | 187/451 [16:02<13:31,  3.07s/it]smollm3/step1200k:  42%|████▏     | 188/451 [16:11<20:49,  4.75s/it]smollm3/step1200k:  42%|████▏     | 189/451 [16:19<24:24,  5.59s/it]smollm3/step1200k:  42%|████▏     | 190/451 [16:23<22:55,  5.27s/it]smollm3/step1200k:  42%|████▏     | 191/451 [16:32<27:45,  6.41s/it]smollm3/step1200k:  43%|████▎     | 192/451 [16:42<32:08,  7.45s/it]smollm3/step1200k:  43%|████▎     | 193/451 [16:44<25:05,  5.84s/it]smollm3/step1200k:  43%|████▎     | 194/451 [16:47<20:50,  4.86s/it]smollm3/step1200k:  43%|████▎     | 195/451 [16:49<17:12,  4.03s/it]smollm3/step1200k:  43%|████▎     | 196/451 [16:51<15:19,  3.61s/it]smollm3/step1200k:  44%|████▎     | 197/451 [16:55<14:52,  3.51s/it]smollm3/step1200k:  44%|████▍     | 198/451 [16:57<13:22,  3.17s/it]smollm3/step1200k:  44%|████▍     | 199/451 [17:05<19:38,  4.68s/it]smollm3/step1200k:  44%|████▍     | 200/451 [17:13<23:05,  5.52s/it]smollm3/step1200k:  45%|████▍     | 201/451 [17:17<21:42,  5.21s/it]smollm3/step1200k:  45%|████▍     | 202/451 [17:26<25:48,  6.22s/it]smollm3/step1200k:  45%|████▌     | 203/451 [17:36<30:05,  7.28s/it]smollm3/step1200k:  45%|████▌     | 204/451 [17:38<23:39,  5.75s/it]smollm3/step1200k:  45%|████▌     | 205/451 [17:41<20:05,  4.90s/it]smollm3/step1200k:  46%|████▌     | 206/451 [17:43<16:34,  4.06s/it]smollm3/step1200k:  46%|████▌     | 207/451 [17:45<14:25,  3.55s/it]smollm3/step1200k:  46%|████▌     | 208/451 [17:49<14:09,  3.50s/it]smollm3/step1200k:  46%|████▋     | 209/451 [17:51<12:39,  3.14s/it]smollm3/step1200k:  47%|████▋     | 210/451 [17:59<19:03,  4.74s/it]smollm3/step1200k:  47%|████▋     | 211/451 [18:06<21:49,  5.46s/it]smollm3/step1200k:  47%|████▋     | 212/451 [18:12<21:35,  5.42s/it]smollm3/step1200k:  47%|████▋     | 213/451 [18:21<25:51,  6.52s/it]smollm3/step1200k:  47%|████▋     | 214/451 [18:31<29:58,  7.59s/it]smollm3/step1200k:  48%|████▊     | 215/451 [18:33<23:20,  5.93s/it]smollm3/step1200k:  48%|████▊     | 216/451 [18:35<18:19,  4.68s/it]smollm3/step1200k:  48%|████▊     | 217/451 [18:37<15:16,  3.92s/it]smollm3/step1200k:  48%|████▊     | 218/451 [18:39<13:14,  3.41s/it]smollm3/step1200k:  49%|████▊     | 219/451 [18:43<13:07,  3.40s/it]smollm3/step1200k:  49%|████▉     | 220/451 [18:44<11:25,  2.97s/it]smollm3/step1200k:  49%|████▉     | 221/451 [18:52<16:34,  4.32s/it]smollm3/step1200k:  49%|████▉     | 222/451 [19:00<20:24,  5.35s/it]smollm3/step1200k:  49%|████▉     | 223/451 [19:04<18:56,  4.99s/it]smollm3/step1200k:  50%|████▉     | 224/451 [19:12<22:53,  6.05s/it]smollm3/step1200k:  50%|████▉     | 225/451 [19:21<25:26,  6.75s/it]smollm3/step1200k:  50%|█████     | 226/451 [19:23<20:02,  5.35s/it]smollm3/step1200k:  50%|█████     | 227/451 [19:25<15:53,  4.26s/it]smollm3/step1200k:  51%|█████     | 228/451 [19:27<13:16,  3.57s/it]smollm3/step1200k:  51%|█████     | 229/451 [19:29<11:58,  3.24s/it]smollm3/step1200k:  51%|█████     | 230/451 [19:32<11:09,  3.03s/it]smollm3/step1200k:  51%|█████     | 231/451 [19:34<10:11,  2.78s/it]smollm3/step1200k:  51%|█████▏    | 232/451 [19:43<16:50,  4.61s/it]smollm3/step1200k:  52%|█████▏    | 233/451 [19:49<19:11,  5.28s/it]smollm3/step1200k:  52%|█████▏    | 234/451 [19:54<18:22,  5.08s/it]smollm3/step1200k:  52%|█████▏    | 235/451 [20:03<22:41,  6.30s/it]smollm3/step1200k:  52%|█████▏    | 236/451 [20:13<26:50,  7.49s/it]smollm3/step1200k:  53%|█████▎    | 237/451 [20:16<20:59,  5.89s/it]smollm3/step1200k:  53%|█████▎    | 238/451 [20:19<18:08,  5.11s/it]smollm3/step1200k:  53%|█████▎    | 239/451 [20:21<15:03,  4.26s/it]smollm3/step1200k:  53%|█████▎    | 240/451 [20:24<12:57,  3.69s/it]smollm3/step1200k:  53%|█████▎    | 241/451 [20:27<12:39,  3.62s/it]smollm3/step1200k:  54%|█████▎    | 242/451 [20:29<10:55,  3.14s/it]smollm3/step1200k:  54%|█████▍    | 243/451 [20:38<17:10,  4.95s/it]smollm3/step1200k:  54%|█████▍    | 244/451 [20:46<19:57,  5.79s/it]smollm3/step1200k:  54%|█████▍    | 245/451 [20:50<18:30,  5.39s/it]smollm3/step1200k:  55%|█████▍    | 246/451 [20:59<21:59,  6.44s/it]smollm3/step1200k:  55%|█████▍    | 247/451 [21:09<25:38,  7.54s/it]smollm3/step1200k:  55%|█████▍    | 248/451 [21:12<20:10,  5.96s/it]smollm3/step1200k:  55%|█████▌    | 249/451 [21:16<17:53,  5.32s/it]smollm3/step1200k:  55%|█████▌    | 250/451 [21:17<14:25,  4.31s/it]smollm3/step1200k:  56%|█████▌    | 251/451 [21:20<12:13,  3.67s/it]smollm3/step1200k:  56%|█████▌    | 252/451 [21:23<11:43,  3.53s/it]smollm3/step1200k:  56%|█████▌    | 253/451 [21:25<10:05,  3.06s/it]smollm3/step1200k:  56%|█████▋    | 254/451 [21:35<17:05,  5.20s/it]smollm3/step1200k:  57%|█████▋    | 255/451 [21:43<20:02,  6.14s/it]smollm3/step1200k:  57%|█████▋    | 256/451 [21:50<19:59,  6.15s/it]smollm3/step1200k:  57%|█████▋    | 257/451 [22:00<24:28,  7.57s/it]smollm3/step1200k:  57%|█████▋    | 258/451 [22:13<28:59,  9.01s/it]smollm3/step1200k:  57%|█████▋    | 259/451 [22:17<23:55,  7.47s/it]smollm3/step1200k:  58%|█████▊    | 260/451 [22:20<19:38,  6.17s/it]smollm3/step1200k:  58%|█████▊    | 261/451 [22:24<17:17,  5.46s/it]smollm3/step1200k:  58%|█████▊    | 262/451 [22:28<16:04,  5.10s/it]smollm3/step1200k:  58%|█████▊    | 263/451 [22:33<16:08,  5.15s/it]smollm3/step1200k:  59%|█████▊    | 264/451 [22:37<14:29,  4.65s/it]smollm3/step1200k:  59%|█████▉    | 265/451 [22:48<20:30,  6.62s/it]smollm3/step1200k:  59%|█████▉    | 266/451 [22:57<23:10,  7.52s/it]smollm3/step1200k:  59%|█████▉    | 267/451 [23:03<21:34,  7.04s/it]smollm3/step1200k:  59%|█████▉    | 268/451 [23:14<24:33,  8.05s/it]smollm3/step1200k:  60%|█████▉    | 269/451 [23:26<28:07,  9.27s/it]smollm3/step1200k:  60%|█████▉    | 270/451 [23:29<22:20,  7.41s/it]smollm3/step1200k:  60%|██████    | 271/451 [23:32<18:08,  6.05s/it]smollm3/step1200k:  60%|██████    | 272/451 [23:35<15:34,  5.22s/it]smollm3/step1200k:  61%|██████    | 273/451 [23:39<14:38,  4.94s/it]smollm3/step1200k:  61%|██████    | 274/451 [23:44<14:26,  4.89s/it]smollm3/step1200k:  61%|██████    | 275/451 [23:48<13:11,  4.50s/it]smollm3/step1200k:  61%|██████    | 276/451 [23:58<18:04,  6.20s/it]smollm3/step1200k:  61%|██████▏   | 277/451 [24:05<19:01,  6.56s/it]smollm3/step1200k:  62%|██████▏   | 278/451 [24:10<17:03,  5.92s/it]smollm3/step1200k:  62%|██████▏   | 279/451 [24:19<19:35,  6.83s/it]smollm3/step1200k:  62%|██████▏   | 280/451 [24:29<22:33,  7.92s/it]smollm3/step1200k:  62%|██████▏   | 281/451 [24:32<17:45,  6.27s/it]smollm3/step1200k:  63%|██████▎   | 282/451 [24:34<14:16,  5.07s/it]smollm3/step1200k:  63%|██████▎   | 283/451 [24:36<11:48,  4.22s/it]smollm3/step1200k:  63%|██████▎   | 284/451 [24:38<10:04,  3.62s/it]smollm3/step1200k:  63%|██████▎   | 285/451 [24:41<09:37,  3.48s/it]smollm3/step1200k:  63%|██████▎   | 286/451 [24:43<08:21,  3.04s/it]smollm3/step1200k:  64%|██████▎   | 287/451 [24:53<13:46,  5.04s/it]smollm3/step1200k:  64%|██████▍   | 288/451 [25:00<15:29,  5.70s/it]smollm3/step1200k:  64%|██████▍   | 289/451 [25:05<14:10,  5.25s/it]smollm3/step1200k:  64%|██████▍   | 290/451 [25:13<16:48,  6.26s/it]smollm3/step1200k:  65%|██████▍   | 291/451 [25:23<19:28,  7.31s/it]smollm3/step1200k:  65%|██████▍   | 292/451 [25:25<15:06,  5.70s/it]smollm3/step1200k:  65%|██████▍   | 293/451 [25:27<12:26,  4.73s/it]smollm3/step1200k:  65%|██████▌   | 294/451 [25:29<10:13,  3.91s/it]smollm3/step1200k:  65%|██████▌   | 295/451 [25:32<08:53,  3.42s/it]smollm3/step1200k:  66%|██████▌   | 296/451 [25:35<08:38,  3.34s/it]smollm3/step1200k:  66%|██████▌   | 297/451 [25:37<07:40,  2.99s/it]smollm3/step1200k:  66%|██████▌   | 298/451 [25:47<12:53,  5.06s/it]smollm3/step1200k:  66%|██████▋   | 299/451 [25:56<16:03,  6.34s/it]smollm3/step1200k:  67%|██████▋   | 300/451 [26:02<15:53,  6.31s/it]smollm3/step1200k:  67%|██████▋   | 301/451 [26:13<19:15,  7.70s/it]smollm3/step1200k:  67%|██████▋   | 302/451 [26:25<22:20,  8.99s/it]smollm3/step1200k:  67%|██████▋   | 303/451 [26:29<18:11,  7.38s/it]smollm3/step1200k:  67%|██████▋   | 304/451 [26:33<15:39,  6.39s/it]smollm3/step1200k:  68%|██████▊   | 305/451 [26:37<13:39,  5.61s/it]smollm3/step1200k:  68%|██████▊   | 306/451 [26:41<12:11,  5.05s/it]smollm3/step1200k:  68%|██████▊   | 307/451 [26:45<11:44,  4.89s/it]smollm3/step1200k:  68%|██████▊   | 308/451 [26:49<10:58,  4.61s/it]smollm3/step1200k:  69%|██████▊   | 309/451 [27:00<15:14,  6.44s/it]smollm3/step1200k:  69%|██████▊   | 310/451 [27:08<16:17,  6.94s/it]smollm3/step1200k:  69%|██████▉   | 311/451 [27:14<15:23,  6.60s/it]smollm3/step1200k:  69%|██████▉   | 312/451 [27:25<18:13,  7.87s/it]smollm3/step1200k:  69%|██████▉   | 313/451 [27:37<20:55,  9.10s/it]smollm3/step1200k:  70%|██████▉   | 314/451 [27:40<16:48,  7.36s/it]smollm3/step1200k:  70%|██████▉   | 315/451 [27:44<14:29,  6.39s/it]smollm3/step1200k:  70%|███████   | 316/451 [27:48<12:51,  5.71s/it]smollm3/step1200k:  70%|███████   | 317/451 [27:52<11:34,  5.18s/it]smollm3/step1200k:  71%|███████   | 318/451 [27:57<11:27,  5.17s/it]smollm3/step1200k:  71%|███████   | 319/451 [28:00<09:43,  4.42s/it]smollm3/step1200k:  71%|███████   | 320/451 [28:08<11:54,  5.46s/it]smollm3/step1200k:  71%|███████   | 321/451 [28:14<12:24,  5.72s/it]smollm3/step1200k:  71%|███████▏  | 322/451 [28:19<11:40,  5.43s/it]smollm3/step1200k:  72%|███████▏  | 323/451 [28:26<12:38,  5.93s/it]smollm3/step1200k:  72%|███████▏  | 324/451 [28:36<15:09,  7.16s/it]smollm3/step1200k:  72%|███████▏  | 325/451 [28:38<11:48,  5.62s/it]smollm3/step1200k:  72%|███████▏  | 326/451 [28:40<09:17,  4.46s/it]smollm3/step1200k:  73%|███████▎  | 327/451 [28:42<07:44,  3.74s/it]smollm3/step1200k:  73%|███████▎  | 328/451 [28:44<06:51,  3.34s/it]smollm3/step1200k:  73%|███████▎  | 329/451 [28:48<06:58,  3.43s/it]smollm3/step1200k:  73%|███████▎  | 330/451 [28:50<06:10,  3.06s/it]smollm3/step1200k:  73%|███████▎  | 331/451 [28:59<09:51,  4.93s/it]smollm3/step1200k:  74%|███████▎  | 332/451 [29:08<11:55,  6.01s/it]smollm3/step1200k:  74%|███████▍  | 333/451 [29:12<10:49,  5.50s/it]smollm3/step1200k:  74%|███████▍  | 334/451 [29:21<12:32,  6.43s/it]smollm3/step1200k:  74%|███████▍  | 335/451 [29:31<14:29,  7.49s/it]smollm3/step1200k:  75%|███████▍  | 336/451 [29:33<11:10,  5.83s/it]smollm3/step1200k:  75%|███████▍  | 337/451 [29:35<08:53,  4.68s/it]smollm3/step1200k:  75%|███████▍  | 338/451 [29:37<07:21,  3.91s/it]smollm3/step1200k:  75%|███████▌  | 339/451 [29:39<06:19,  3.39s/it]smollm3/step1200k:  75%|███████▌  | 340/451 [29:42<06:15,  3.38s/it]smollm3/step1200k:  76%|███████▌  | 341/451 [29:44<05:23,  2.94s/it]smollm3/step1200k:  76%|███████▌  | 342/451 [29:53<08:43,  4.80s/it]smollm3/step1200k:  76%|███████▌  | 343/451 [30:01<10:09,  5.64s/it]smollm3/step1200k:  76%|███████▋  | 344/451 [30:06<09:28,  5.32s/it]smollm3/step1200k:  76%|███████▋  | 345/451 [30:15<11:29,  6.50s/it]smollm3/step1200k:  77%|███████▋  | 346/451 [30:25<13:18,  7.60s/it]smollm3/step1200k:  77%|███████▋  | 347/451 [30:27<10:19,  5.96s/it]smollm3/step1200k:  77%|███████▋  | 348/451 [30:29<08:09,  4.75s/it]smollm3/step1200k:  77%|███████▋  | 349/451 [30:32<06:54,  4.06s/it]smollm3/step1200k:  78%|███████▊  | 350/451 [30:34<05:59,  3.56s/it]smollm3/step1200k:  78%|███████▊  | 351/451 [30:37<05:51,  3.51s/it]smollm3/step1200k:  78%|███████▊  | 352/451 [30:39<05:06,  3.10s/it]smollm3/step1200k:  78%|███████▊  | 353/451 [30:47<07:10,  4.39s/it]smollm3/step1200k:  78%|███████▊  | 354/451 [30:53<07:54,  4.89s/it]smollm3/step1200k:  79%|███████▊  | 355/451 [30:58<07:51,  4.91s/it]smollm3/step1200k:  79%|███████▉  | 356/451 [31:07<09:57,  6.29s/it]smollm3/step1200k:  79%|███████▉  | 357/451 [31:15<10:37,  6.78s/it]smollm3/step1200k:  79%|███████▉  | 358/451 [31:17<08:15,  5.33s/it]smollm3/step1200k:  80%|███████▉  | 359/451 [31:19<06:30,  4.24s/it]smollm3/step1200k:  80%|███████▉  | 360/451 [31:21<05:27,  3.60s/it]smollm3/step1200k:  80%|████████  | 361/451 [31:23<04:39,  3.11s/it]smollm3/step1200k:  80%|████████  | 362/451 [31:26<04:38,  3.13s/it]smollm3/step1200k:  80%|████████  | 363/451 [31:28<04:10,  2.84s/it]smollm3/step1200k:  81%|████████  | 364/451 [31:37<06:37,  4.57s/it]smollm3/step1200k:  81%|████████  | 365/451 [31:43<07:13,  5.04s/it]smollm3/step1200k:  81%|████████  | 366/451 [31:48<07:00,  4.95s/it]smollm3/step1200k:  81%|████████▏ | 367/451 [31:58<09:05,  6.49s/it]smollm3/step1200k:  82%|████████▏ | 368/451 [32:10<11:19,  8.18s/it]smollm3/step1200k:  82%|████████▏ | 369/451 [32:14<09:18,  6.81s/it]smollm3/step1200k:  82%|████████▏ | 370/451 [32:17<07:50,  5.81s/it]smollm3/step1200k:  82%|████████▏ | 371/451 [32:21<06:51,  5.14s/it]smollm3/step1200k:  82%|████████▏ | 372/451 [32:25<06:16,  4.77s/it]smollm3/step1200k:  83%|████████▎ | 373/451 [32:30<06:15,  4.81s/it]smollm3/step1200k:  83%|████████▎ | 374/451 [32:33<05:47,  4.52s/it]smollm3/step1200k:  83%|████████▎ | 375/451 [32:45<08:16,  6.53s/it]smollm3/step1200k:  83%|████████▎ | 376/451 [32:53<08:42,  6.97s/it]smollm3/step1200k:  84%|████████▎ | 377/451 [32:58<08:05,  6.56s/it]smollm3/step1200k:  84%|████████▍ | 378/451 [33:09<09:41,  7.97s/it]smollm3/step1200k:  84%|████████▍ | 379/451 [33:22<11:03,  9.21s/it]smollm3/step1200k:  84%|████████▍ | 380/451 [33:25<08:45,  7.39s/it]smollm3/step1200k:  84%|████████▍ | 381/451 [33:29<07:26,  6.38s/it]smollm3/step1200k:  85%|████████▍ | 382/451 [33:32<06:15,  5.44s/it]smollm3/step1200k:  85%|████████▍ | 383/451 [33:35<05:27,  4.82s/it]smollm3/step1200k:  85%|████████▌ | 384/451 [33:40<05:17,  4.73s/it]smollm3/step1200k:  85%|████████▌ | 385/451 [33:43<04:44,  4.31s/it]smollm3/step1200k:  86%|████████▌ | 386/451 [33:54<06:45,  6.24s/it]smollm3/step1200k:  86%|████████▌ | 387/451 [34:03<07:24,  6.95s/it]smollm3/step1200k:  86%|████████▌ | 388/451 [34:08<06:56,  6.62s/it]smollm3/step1200k:  86%|████████▋ | 389/451 [34:18<07:51,  7.60s/it]smollm3/step1200k:  86%|████████▋ | 390/451 [34:29<08:44,  8.59s/it]smollm3/step1200k:  87%|████████▋ | 391/451 [34:31<06:40,  6.68s/it]smollm3/step1200k:  87%|████████▋ | 392/451 [34:35<05:30,  5.61s/it]smollm3/step1200k:  87%|████████▋ | 393/451 [34:37<04:28,  4.63s/it]smollm3/step1200k:  87%|████████▋ | 394/451 [34:39<03:45,  3.96s/it]smollm3/step1200k:  88%|████████▊ | 395/451 [34:43<03:33,  3.82s/it]smollm3/step1200k:  88%|████████▊ | 396/451 [34:45<03:03,  3.34s/it]smollm3/step1200k:  88%|████████▊ | 397/451 [34:55<04:52,  5.41s/it]smollm3/step1200k:  88%|████████▊ | 398/451 [35:02<05:08,  5.81s/it]smollm3/step1200k:  88%|████████▊ | 399/451 [35:07<04:49,  5.57s/it]smollm3/step1200k:  89%|████████▊ | 400/451 [35:16<05:39,  6.65s/it]smollm3/step1200k:  89%|████████▉ | 401/451 [35:26<06:24,  7.69s/it]smollm3/step1200k:  89%|████████▉ | 402/451 [35:28<04:52,  5.97s/it]smollm3/step1200k:  89%|████████▉ | 403/451 [35:31<04:01,  5.02s/it]smollm3/step1200k:  90%|████████▉ | 404/451 [35:33<03:12,  4.10s/it]smollm3/step1200k:  90%|████████▉ | 405/451 [35:35<02:42,  3.53s/it]smollm3/step1200k:  90%|█████████ | 406/451 [35:38<02:33,  3.40s/it]smollm3/step1200k:  90%|█████████ | 407/451 [35:40<02:10,  2.97s/it]smollm3/step1200k:  90%|█████████ | 408/451 [35:50<03:32,  4.95s/it]smollm3/step1200k:  91%|█████████ | 409/451 [35:58<04:13,  6.04s/it]smollm3/step1200k:  91%|█████████ | 410/451 [36:03<03:50,  5.63s/it]smollm3/step1200k:  91%|█████████ | 411/451 [36:14<04:46,  7.15s/it]smollm3/step1200k:  91%|█████████▏| 412/451 [36:26<05:38,  8.67s/it]smollm3/step1200k:  92%|█████████▏| 413/451 [36:29<04:29,  7.10s/it]smollm3/step1200k:  92%|█████████▏| 414/451 [36:34<03:55,  6.36s/it]smollm3/step1200k:  92%|█████████▏| 415/451 [36:38<03:20,  5.56s/it]smollm3/step1200k:  92%|█████████▏| 416/451 [36:42<02:58,  5.11s/it]smollm3/step1200k:  92%|█████████▏| 417/451 [36:47<02:52,  5.07s/it]smollm3/step1200k:  93%|█████████▎| 418/451 [36:51<02:34,  4.67s/it]smollm3/step1200k:  93%|█████████▎| 419/451 [37:02<03:36,  6.76s/it]smollm3/step1200k:  93%|█████████▎| 420/451 [37:12<03:58,  7.70s/it]smollm3/step1200k:  93%|█████████▎| 421/451 [37:18<03:36,  7.23s/it]smollm3/step1200k:  94%|█████████▎| 422/451 [37:29<04:04,  8.42s/it]smollm3/step1200k:  94%|█████████▍| 423/451 [37:42<04:28,  9.59s/it]smollm3/step1200k:  94%|█████████▍| 424/451 [37:45<03:28,  7.71s/it]smollm3/step1200k:  94%|█████████▍| 425/451 [37:50<03:02,  7.01s/it]smollm3/step1200k:  94%|█████████▍| 426/451 [37:54<02:31,  6.05s/it]smollm3/step1200k:  95%|█████████▍| 427/451 [37:59<02:14,  5.61s/it]smollm3/step1200k:  95%|█████████▍| 428/451 [38:04<02:05,  5.44s/it]smollm3/step1200k:  95%|█████████▌| 429/451 [38:08<01:51,  5.05s/it]smollm3/step1200k:  95%|█████████▌| 430/451 [38:19<02:20,  6.71s/it]smollm3/step1200k:  96%|█████████▌| 431/451 [38:26<02:18,  6.94s/it]smollm3/step1200k:  96%|█████████▌| 432/451 [38:31<01:58,  6.25s/it]smollm3/step1200k:  96%|█████████▌| 433/451 [38:40<02:10,  7.23s/it]smollm3/step1200k:  96%|█████████▌| 434/451 [38:51<02:20,  8.27s/it]smollm3/step1200k:  96%|█████████▋| 435/451 [38:53<01:43,  6.45s/it]smollm3/step1200k:  97%|█████████▋| 436/451 [38:57<01:23,  5.57s/it]smollm3/step1200k:  97%|█████████▋| 437/451 [38:59<01:02,  4.48s/it]smollm3/step1200k:  97%|█████████▋| 438/451 [39:01<00:50,  3.88s/it]smollm3/step1200k:  97%|█████████▋| 439/451 [39:04<00:43,  3.64s/it]smollm3/step1200k:  98%|█████████▊| 440/451 [39:07<00:36,  3.28s/it]smollm3/step1200k:  98%|█████████▊| 441/451 [39:15<00:49,  4.90s/it]smollm3/step1200k:  98%|█████████▊| 442/451 [39:24<00:53,  5.99s/it]smollm3/step1200k:  98%|█████████▊| 443/451 [39:28<00:44,  5.57s/it]smollm3/step1200k:  98%|█████████▊| 444/451 [39:37<00:45,  6.49s/it]smollm3/step1200k:  99%|█████████▊| 445/451 [39:47<00:45,  7.60s/it]smollm3/step1200k:  99%|█████████▉| 446/451 [39:49<00:29,  5.91s/it]smollm3/step1200k:  99%|█████████▉| 447/451 [39:52<00:19,  4.94s/it]smollm3/step1200k:  99%|█████████▉| 448/451 [39:54<00:12,  4.15s/it]smollm3/step1200k: 100%|█████████▉| 449/451 [39:57<00:07,  3.77s/it]smollm3/step1200k: 100%|█████████▉| 450/451 [40:01<00:03,  3.78s/it]smollm3/step1200k: 100%|██████████| 451/451 [40:03<00:00,  3.36s/it]smollm3/step1200k: 100%|██████████| 451/451 [40:03<00:00,  5.33s/it]
  ✅ Saved 451 records → data/results/binding_smollm3_45/smollm3_step1200k_binding_smollm3.jsonl

Loading SmolLM3-3B @ step1600k ...
Loading checkpoint shards:   0%|          | 0/2 [00:00<?, ?it/s]Loading checkpoint shards:  50%|█████     | 1/2 [00:08<00:08,  8.21s/it]Loading checkpoint shards: 100%|██████████| 2/2 [00:10<00:00,  4.44s/it]Loading checkpoint shards: 100%|██████████| 2/2 [00:10<00:00,  5.00s/it]
smollm3/step1600k:   0%|          | 0/451 [00:00<?, ?it/s]smollm3/step1600k:   0%|          | 1/451 [00:10<1:16:08, 10.15s/it]smollm3/step1600k:   0%|          | 2/451 [00:17<1:03:27,  8.48s/it]smollm3/step1600k:   1%|          | 3/451 [00:22<50:55,  6.82s/it]  smollm3/step1600k:   1%|          | 4/451 [00:31<58:58,  7.92s/it]smollm3/step1600k:   1%|          | 5/451 [00:41<1:04:10,  8.63s/it]smollm3/step1600k:   1%|▏         | 6/451 [00:43<47:27,  6.40s/it]  smollm3/step1600k:   2%|▏         | 7/451 [00:46<38:57,  5.27s/it]smollm3/step1600k:   2%|▏         | 8/451 [00:49<32:07,  4.35s/it]smollm3/step1600k:   2%|▏         | 9/451 [00:51<28:06,  3.82s/it]smollm3/step1600k:   2%|▏         | 10/451 [00:55<27:47,  3.78s/it]smollm3/step1600k:   2%|▏         | 11/451 [00:57<24:19,  3.32s/it]smollm3/step1600k:   3%|▎         | 12/451 [01:04<32:08,  4.39s/it]smollm3/step1600k:   3%|▎         | 13/451 [01:12<39:02,  5.35s/it]smollm3/step1600k:   3%|▎         | 14/451 [01:16<36:05,  4.95s/it]smollm3/step1600k:   3%|▎         | 15/451 [01:24<42:32,  5.85s/it]smollm3/step1600k:   4%|▎         | 16/451 [01:33<50:07,  6.91s/it]smollm3/step1600k:   4%|▍         | 17/451 [01:35<40:02,  5.54s/it]smollm3/step1600k:   4%|▍         | 18/451 [01:37<31:42,  4.39s/it]smollm3/step1600k:   4%|▍         | 19/451 [01:40<27:59,  3.89s/it]smollm3/step1600k:   4%|▍         | 20/451 [01:42<24:46,  3.45s/it]smollm3/step1600k:   5%|▍         | 21/451 [01:45<24:06,  3.36s/it]smollm3/step1600k:   5%|▍         | 22/451 [01:48<21:53,  3.06s/it]smollm3/step1600k:   5%|▌         | 23/451 [01:56<32:06,  4.50s/it]smollm3/step1600k:   5%|▌         | 24/451 [02:03<38:45,  5.45s/it]smollm3/step1600k:   6%|▌         | 25/451 [02:08<36:49,  5.19s/it]smollm3/step1600k:   6%|▌         | 26/451 [02:16<43:42,  6.17s/it]smollm3/step1600k:   6%|▌         | 27/451 [02:26<50:36,  7.16s/it]smollm3/step1600k:   6%|▌         | 28/451 [02:28<39:31,  5.61s/it]smollm3/step1600k:   6%|▋         | 29/451 [02:30<31:23,  4.46s/it]smollm3/step1600k:   7%|▋         | 30/451 [02:32<26:11,  3.73s/it]smollm3/step1600k:   7%|▋         | 31/451 [02:34<22:57,  3.28s/it]smollm3/step1600k:   7%|▋         | 32/451 [02:37<22:26,  3.21s/it]smollm3/step1600k:   7%|▋         | 33/451 [02:39<20:15,  2.91s/it]smollm3/step1600k:   8%|▊         | 34/451 [02:48<33:42,  4.85s/it]smollm3/step1600k:   8%|▊         | 35/451 [02:55<38:03,  5.49s/it]smollm3/step1600k:   8%|▊         | 36/451 [03:00<35:29,  5.13s/it]smollm3/step1600k:   8%|▊         | 37/451 [03:09<43:06,  6.25s/it]smollm3/step1600k:   8%|▊         | 38/451 [03:19<50:33,  7.35s/it]smollm3/step1600k:   9%|▊         | 39/451 [03:21<40:09,  5.85s/it]smollm3/step1600k:   9%|▉         | 40/451 [03:24<34:48,  5.08s/it]smollm3/step1600k:   9%|▉         | 41/451 [03:26<29:02,  4.25s/it]smollm3/step1600k:   9%|▉         | 42/451 [03:29<25:39,  3.76s/it]smollm3/step1600k:  10%|▉         | 43/451 [03:33<25:14,  3.71s/it]smollm3/step1600k:  10%|▉         | 44/451 [03:35<22:22,  3.30s/it]smollm3/step1600k:  10%|▉         | 45/451 [03:45<35:02,  5.18s/it]smollm3/step1600k:  10%|█         | 46/451 [03:53<41:21,  6.13s/it]smollm3/step1600k:  10%|█         | 47/451 [03:58<40:05,  5.95s/it]smollm3/step1600k:  11%|█         | 48/451 [04:09<48:19,  7.20s/it]smollm3/step1600k:  11%|█         | 49/451 [04:20<55:47,  8.33s/it]smollm3/step1600k:  11%|█         | 50/451 [04:22<43:18,  6.48s/it]smollm3/step1600k:  11%|█▏        | 51/451 [04:24<35:33,  5.33s/it]smollm3/step1600k:  12%|█▏        | 52/451 [04:27<29:57,  4.51s/it]smollm3/step1600k:  12%|█▏        | 53/451 [04:30<26:31,  4.00s/it]smollm3/step1600k:  12%|█▏        | 54/451 [04:34<26:06,  3.94s/it]smollm3/step1600k:  12%|█▏        | 55/451 [04:36<23:49,  3.61s/it]smollm3/step1600k:  12%|█▏        | 56/451 [04:47<36:40,  5.57s/it]smollm3/step1600k:  13%|█▎        | 57/451 [04:53<38:50,  5.92s/it]smollm3/step1600k:  13%|█▎        | 58/451 [04:58<35:46,  5.46s/it]smollm3/step1600k:  13%|█▎        | 59/451 [05:06<41:56,  6.42s/it]smollm3/step1600k:  13%|█▎        | 60/451 [05:16<48:28,  7.44s/it]smollm3/step1600k:  14%|█▎        | 61/451 [05:18<37:39,  5.79s/it]smollm3/step1600k:  14%|█▎        | 62/451 [05:20<29:37,  4.57s/it]smollm3/step1600k:  14%|█▍        | 63/451 [05:22<25:38,  3.97s/it]smollm3/step1600k:  14%|█▍        | 64/451 [05:25<23:31,  3.65s/it]smollm3/step1600k:  14%|█▍        | 65/451 [05:29<23:19,  3.62s/it]smollm3/step1600k:  15%|█▍        | 66/451 [05:32<21:44,  3.39s/it]smollm3/step1600k:  15%|█▍        | 67/451 [05:41<33:04,  5.17s/it]smollm3/step1600k:  15%|█▌        | 68/451 [05:48<37:01,  5.80s/it]smollm3/step1600k:  15%|█▌        | 69/451 [05:53<35:37,  5.60s/it]smollm3/step1600k:  16%|█▌        | 70/451 [06:03<43:25,  6.84s/it]smollm3/step1600k:  16%|█▌        | 71/451 [06:14<51:43,  8.17s/it]smollm3/step1600k:  16%|█▌        | 72/451 [06:17<40:12,  6.37s/it]smollm3/step1600k:  16%|█▌        | 73/451 [06:19<32:00,  5.08s/it]smollm3/step1600k:  16%|█▋        | 74/451 [06:21<26:20,  4.19s/it]smollm3/step1600k:  17%|█▋        | 75/451 [06:23<22:28,  3.59s/it]smollm3/step1600k:  17%|█▋        | 76/451 [06:26<21:37,  3.46s/it]smollm3/step1600k:  17%|█▋        | 77/451 [06:28<18:45,  3.01s/it]smollm3/step1600k:  17%|█▋        | 78/451 [06:35<26:56,  4.33s/it]smollm3/step1600k:  18%|█▊        | 79/451 [06:43<32:36,  5.26s/it]smollm3/step1600k:  18%|█▊        | 80/451 [06:47<30:50,  4.99s/it]smollm3/step1600k:  18%|█▊        | 81/451 [06:57<39:01,  6.33s/it]smollm3/step1600k:  18%|█▊        | 82/451 [07:06<44:13,  7.19s/it]smollm3/step1600k:  18%|█▊        | 83/451 [07:08<34:05,  5.56s/it]smollm3/step1600k:  19%|█▊        | 84/451 [07:10<27:35,  4.51s/it]smollm3/step1600k:  19%|█▉        | 85/451 [07:12<22:54,  3.75s/it]smollm3/step1600k:  19%|█▉        | 86/451 [07:14<20:51,  3.43s/it]smollm3/step1600k:  19%|█▉        | 87/451 [07:17<18:59,  3.13s/it]smollm3/step1600k:  20%|█▉        | 88/451 [07:19<17:37,  2.91s/it]smollm3/step1600k:  20%|█▉        | 89/451 [07:29<29:58,  4.97s/it]smollm3/step1600k:  20%|█▉        | 90/451 [07:36<34:07,  5.67s/it]smollm3/step1600k:  20%|██        | 91/451 [07:41<32:31,  5.42s/it]smollm3/step1600k:  20%|██        | 92/451 [07:51<40:09,  6.71s/it]smollm3/step1600k:  21%|██        | 93/451 [08:02<47:55,  8.03s/it]smollm3/step1600k:  21%|██        | 94/451 [08:04<37:35,  6.32s/it]smollm3/step1600k:  21%|██        | 95/451 [08:07<30:58,  5.22s/it]smollm3/step1600k:  21%|██▏       | 96/451 [08:09<25:41,  4.34s/it]smollm3/step1600k:  22%|██▏       | 97/451 [08:12<22:44,  3.86s/it]smollm3/step1600k:  22%|██▏       | 98/451 [08:15<21:56,  3.73s/it]smollm3/step1600k:  22%|██▏       | 99/451 [08:18<19:02,  3.24s/it]smollm3/step1600k:  22%|██▏       | 100/451 [08:27<29:12,  4.99s/it]smollm3/step1600k:  22%|██▏       | 101/451 [08:33<31:23,  5.38s/it]smollm3/step1600k:  23%|██▎       | 102/451 [08:38<30:14,  5.20s/it]smollm3/step1600k:  23%|██▎       | 103/451 [08:47<37:21,  6.44s/it]smollm3/step1600k:  23%|██▎       | 104/451 [08:57<43:51,  7.58s/it]smollm3/step1600k:  23%|██▎       | 105/451 [08:59<34:00,  5.90s/it]smollm3/step1600k:  24%|██▎       | 106/451 [09:01<26:59,  4.70s/it]smollm3/step1600k:  24%|██▎       | 107/451 [09:03<22:09,  3.87s/it]smollm3/step1600k:  24%|██▍       | 108/451 [09:05<19:16,  3.37s/it]smollm3/step1600k:  24%|██▍       | 109/451 [09:08<18:48,  3.30s/it]smollm3/step1600k:  24%|██▍       | 110/451 [09:10<16:39,  2.93s/it]smollm3/step1600k:  25%|██▍       | 111/451 [09:19<26:10,  4.62s/it]smollm3/step1600k:  25%|██▍       | 112/451 [09:27<31:43,  5.62s/it]smollm3/step1600k:  25%|██▌       | 113/451 [09:32<30:19,  5.38s/it]smollm3/step1600k:  25%|██▌       | 114/451 [09:42<37:40,  6.71s/it]smollm3/step1600k:  25%|██▌       | 115/451 [09:53<44:51,  8.01s/it]smollm3/step1600k:  26%|██▌       | 116/451 [09:55<35:09,  6.30s/it]smollm3/step1600k:  26%|██▌       | 117/451 [09:58<29:35,  5.32s/it]smollm3/step1600k:  26%|██▌       | 118/451 [10:00<24:44,  4.46s/it]smollm3/step1600k:  26%|██▋       | 119/451 [10:03<21:21,  3.86s/it]smollm3/step1600k:  27%|██▋       | 120/451 [10:06<20:51,  3.78s/it]smollm3/step1600k:  27%|██▋       | 121/451 [10:09<18:22,  3.34s/it]smollm3/step1600k:  27%|██▋       | 122/451 [10:16<25:07,  4.58s/it]smollm3/step1600k:  27%|██▋       | 123/451 [10:23<28:36,  5.23s/it]smollm3/step1600k:  27%|██▋       | 124/451 [10:28<27:20,  5.02s/it]smollm3/step1600k:  28%|██▊       | 125/451 [10:36<33:03,  6.08s/it]smollm3/step1600k:  28%|██▊       | 126/451 [10:45<37:12,  6.87s/it]smollm3/step1600k:  28%|██▊       | 127/451 [10:47<29:27,  5.45s/it]smollm3/step1600k:  28%|██▊       | 128/451 [10:49<23:43,  4.41s/it]smollm3/step1600k:  29%|██▊       | 129/451 [10:51<20:26,  3.81s/it]smollm3/step1600k:  29%|██▉       | 130/451 [10:54<18:20,  3.43s/it]smollm3/step1600k:  29%|██▉       | 131/451 [10:57<17:32,  3.29s/it]smollm3/step1600k:  29%|██▉       | 132/451 [10:59<16:24,  3.09s/it]smollm3/step1600k:  29%|██▉       | 133/451 [11:08<25:06,  4.74s/it]smollm3/step1600k:  30%|██▉       | 134/451 [11:14<27:13,  5.15s/it]smollm3/step1600k:  30%|██▉       | 135/451 [11:18<25:38,  4.87s/it]smollm3/step1600k:  30%|███       | 136/451 [11:27<31:48,  6.06s/it]smollm3/step1600k:  30%|███       | 137/451 [11:37<38:11,  7.30s/it]smollm3/step1600k:  31%|███       | 138/451 [11:40<30:10,  5.78s/it]smollm3/step1600k:  31%|███       | 139/451 [11:42<24:18,  4.67s/it]smollm3/step1600k:  31%|███       | 140/451 [11:44<20:44,  4.00s/it]smollm3/step1600k:  31%|███▏      | 141/451 [11:47<19:16,  3.73s/it]smollm3/step1600k:  31%|███▏      | 142/451 [11:51<19:37,  3.81s/it]smollm3/step1600k:  32%|███▏      | 143/451 [11:54<17:18,  3.37s/it]smollm3/step1600k:  32%|███▏      | 144/451 [12:05<29:04,  5.68s/it]smollm3/step1600k:  32%|███▏      | 145/451 [12:13<32:35,  6.39s/it]smollm3/step1600k:  32%|███▏      | 146/451 [12:18<30:28,  6.00s/it]smollm3/step1600k:  33%|███▎      | 147/451 [12:28<36:12,  7.15s/it]smollm3/step1600k:  33%|███▎      | 148/451 [12:39<42:22,  8.39s/it]smollm3/step1600k:  33%|███▎      | 149/451 [12:41<32:44,  6.50s/it]smollm3/step1600k:  33%|███▎      | 150/451 [12:43<25:06,  5.00s/it]smollm3/step1600k:  33%|███▎      | 151/451 [12:45<20:41,  4.14s/it]smollm3/step1600k:  34%|███▎      | 152/451 [12:47<17:53,  3.59s/it]smollm3/step1600k:  34%|███▍      | 153/451 [12:50<17:18,  3.49s/it]smollm3/step1600k:  34%|███▍      | 154/451 [12:52<15:01,  3.03s/it]smollm3/step1600k:  34%|███▍      | 155/451 [13:02<24:40,  5.00s/it]smollm3/step1600k:  35%|███▍      | 156/451 [13:11<30:53,  6.28s/it]smollm3/step1600k:  35%|███▍      | 157/451 [13:16<29:01,  5.92s/it]smollm3/step1600k:  35%|███▌      | 158/451 [13:25<33:14,  6.81s/it]smollm3/step1600k:  35%|███▌      | 159/451 [13:35<38:11,  7.85s/it]smollm3/step1600k:  35%|███▌      | 160/451 [13:37<29:49,  6.15s/it]smollm3/step1600k:  36%|███▌      | 161/451 [13:41<25:24,  5.26s/it]smollm3/step1600k:  36%|███▌      | 162/451 [13:43<20:55,  4.34s/it]smollm3/step1600k:  36%|███▌      | 163/451 [13:45<18:20,  3.82s/it]smollm3/step1600k:  36%|███▋      | 164/451 [13:49<17:48,  3.72s/it]smollm3/step1600k:  37%|███▋      | 165/451 [13:52<16:33,  3.47s/it]smollm3/step1600k:  37%|███▋      | 166/451 [14:00<23:03,  4.85s/it]smollm3/step1600k:  37%|███▋      | 167/451 [14:09<29:32,  6.24s/it]smollm3/step1600k:  37%|███▋      | 168/451 [14:16<30:22,  6.44s/it]smollm3/step1600k:  37%|███▋      | 169/451 [14:28<37:15,  7.93s/it]smollm3/step1600k:  38%|███▊      | 170/451 [14:39<41:29,  8.86s/it]smollm3/step1600k:  38%|███▊      | 171/451 [14:43<34:48,  7.46s/it]smollm3/step1600k:  38%|███▊      | 172/451 [14:47<29:56,  6.44s/it]smollm3/step1600k:  38%|███▊      | 173/451 [14:51<26:48,  5.79s/it]smollm3/step1600k:  39%|███▊      | 174/451 [14:55<24:27,  5.30s/it]smollm3/step1600k:  39%|███▉      | 175/451 [14:59<22:17,  4.85s/it]smollm3/step1600k:  39%|███▉      | 176/451 [15:02<19:14,  4.20s/it]smollm3/step1600k:  39%|███▉      | 177/451 [15:10<24:48,  5.43s/it]smollm3/step1600k:  39%|███▉      | 178/451 [15:17<27:12,  5.98s/it]smollm3/step1600k:  40%|███▉      | 179/451 [15:23<26:43,  5.90s/it]smollm3/step1600k:  40%|███▉      | 180/451 [15:33<32:10,  7.12s/it]smollm3/step1600k:  40%|████      | 181/451 [15:44<37:12,  8.27s/it]smollm3/step1600k:  40%|████      | 182/451 [15:46<28:32,  6.36s/it]smollm3/step1600k:  41%|████      | 183/451 [15:49<23:45,  5.32s/it]smollm3/step1600k:  41%|████      | 184/451 [15:51<19:50,  4.46s/it]smollm3/step1600k:  41%|████      | 185/451 [15:54<16:44,  3.78s/it]smollm3/step1600k:  41%|████      | 186/451 [15:57<16:00,  3.63s/it]smollm3/step1600k:  41%|████▏     | 187/451 [15:59<13:57,  3.17s/it]smollm3/step1600k:  42%|████▏     | 188/451 [16:07<20:52,  4.76s/it]smollm3/step1600k:  42%|████▏     | 189/451 [16:15<24:27,  5.60s/it]smollm3/step1600k:  42%|████▏     | 190/451 [16:21<25:00,  5.75s/it]smollm3/step1600k:  42%|████▏     | 191/451 [16:32<31:37,  7.30s/it]smollm3/step1600k:  43%|████▎     | 192/451 [16:45<38:38,  8.95s/it]smollm3/step1600k:  43%|████▎     | 193/451 [16:48<31:35,  7.35s/it]smollm3/step1600k:  43%|████▎     | 194/451 [16:53<27:51,  6.50s/it]smollm3/step1600k:  43%|████▎     | 195/451 [16:57<24:32,  5.75s/it]smollm3/step1600k:  43%|████▎     | 196/451 [17:01<22:42,  5.34s/it]smollm3/step1600k:  44%|████▎     | 197/451 [17:07<22:27,  5.31s/it]smollm3/step1600k:  44%|████▍     | 198/451 [17:10<20:39,  4.90s/it]smollm3/step1600k:  44%|████▍     | 199/451 [17:21<28:18,  6.74s/it]smollm3/step1600k:  44%|████▍     | 200/451 [17:31<31:21,  7.50s/it]smollm3/step1600k:  45%|████▍     | 201/451 [17:35<27:34,  6.62s/it]smollm3/step1600k:  45%|████▍     | 202/451 [17:44<30:38,  7.38s/it]smollm3/step1600k:  45%|████▌     | 203/451 [17:56<35:38,  8.62s/it]smollm3/step1600k:  45%|████▌     | 204/451 [17:58<27:44,  6.74s/it]smollm3/step1600k:  45%|████▌     | 205/451 [18:02<23:59,  5.85s/it]smollm3/step1600k:  46%|████▌     | 206/451 [18:05<19:51,  4.86s/it]smollm3/step1600k:  46%|████▌     | 207/451 [18:07<16:56,  4.17s/it]smollm3/step1600k:  46%|████▌     | 208/451 [18:10<15:35,  3.85s/it]smollm3/step1600k:  46%|████▋     | 209/451 [18:12<13:15,  3.29s/it]smollm3/step1600k:  47%|████▋     | 210/451 [18:21<19:35,  4.88s/it]smollm3/step1600k:  47%|████▋     | 211/451 [18:27<21:30,  5.38s/it]smollm3/step1600k:  47%|████▋     | 212/451 [18:32<20:09,  5.06s/it]smollm3/step1600k:  47%|████▋     | 213/451 [18:40<24:24,  6.15s/it]smollm3/step1600k:  47%|████▋     | 214/451 [18:52<31:13,  7.90s/it]smollm3/step1600k:  48%|████▊     | 215/451 [18:56<26:18,  6.69s/it]smollm3/step1600k:  48%|████▊     | 216/451 [19:00<22:39,  5.79s/it]smollm3/step1600k:  48%|████▊     | 217/451 [19:04<20:05,  5.15s/it]smollm3/step1600k:  48%|████▊     | 218/451 [19:08<18:55,  4.88s/it]smollm3/step1600k:  49%|████▊     | 219/451 [19:13<19:15,  4.98s/it]smollm3/step1600k:  49%|████▉     | 220/451 [19:17<18:06,  4.70s/it]smollm3/step1600k:  49%|████▉     | 221/451 [19:26<22:55,  5.98s/it]smollm3/step1600k:  49%|████▉     | 222/451 [19:36<27:36,  7.24s/it]smollm3/step1600k:  49%|████▉     | 223/451 [19:42<26:16,  6.91s/it]smollm3/step1600k:  50%|████▉     | 224/451 [19:53<30:23,  8.03s/it]smollm3/step1600k:  50%|████▉     | 225/451 [20:03<31:49,  8.45s/it]smollm3/step1600k:  50%|█████     | 226/451 [20:05<24:31,  6.54s/it]smollm3/step1600k:  50%|█████     | 227/451 [20:07<19:21,  5.19s/it]smollm3/step1600k:  51%|█████     | 228/451 [20:08<15:28,  4.16s/it]smollm3/step1600k:  51%|█████     | 229/451 [20:11<13:54,  3.76s/it]smollm3/step1600k:  51%|█████     | 230/451 [20:14<12:21,  3.36s/it]smollm3/step1600k:  51%|█████     | 231/451 [20:16<11:34,  3.16s/it]smollm3/step1600k:  51%|█████▏    | 232/451 [20:26<18:45,  5.14s/it]smollm3/step1600k:  52%|█████▏    | 233/451 [20:34<21:20,  5.87s/it]smollm3/step1600k:  52%|█████▏    | 234/451 [20:39<20:26,  5.65s/it]smollm3/step1600k:  52%|█████▏    | 235/451 [20:48<23:50,  6.62s/it]smollm3/step1600k:  52%|█████▏    | 236/451 [20:57<27:05,  7.56s/it]smollm3/step1600k:  53%|█████▎    | 237/451 [21:00<21:07,  5.92s/it]smollm3/step1600k:  53%|█████▎    | 238/451 [21:03<17:54,  5.04s/it]smollm3/step1600k:  53%|█████▎    | 239/451 [21:05<14:40,  4.15s/it]smollm3/step1600k:  53%|█████▎    | 240/451 [21:07<12:38,  3.59s/it]smollm3/step1600k:  53%|█████▎    | 241/451 [21:10<12:09,  3.47s/it]smollm3/step1600k:  54%|█████▎    | 242/451 [21:12<10:41,  3.07s/it]smollm3/step1600k:  54%|█████▍    | 243/451 [21:23<18:17,  5.27s/it]smollm3/step1600k:  54%|█████▍    | 244/451 [21:32<22:42,  6.58s/it]smollm3/step1600k:  54%|█████▍    | 245/451 [21:39<22:18,  6.50s/it]smollm3/step1600k:  55%|█████▍    | 246/451 [21:50<26:42,  7.82s/it]smollm3/step1600k:  55%|█████▍    | 247/451 [22:02<31:16,  9.20s/it]smollm3/step1600k:  55%|█████▍    | 248/451 [22:06<25:46,  7.62s/it]smollm3/step1600k:  55%|█████▌    | 249/451 [22:12<23:46,  7.06s/it]smollm3/step1600k:  55%|█████▌    | 250/451 [22:16<20:29,  6.12s/it]smollm3/step1600k:  56%|█████▌    | 251/451 [22:19<18:13,  5.47s/it]smollm3/step1600k:  56%|█████▌    | 252/451 [22:25<17:41,  5.33s/it]smollm3/step1600k:  56%|█████▌    | 253/451 [22:28<16:08,  4.89s/it]smollm3/step1600k:  56%|█████▋    | 254/451 [22:39<21:58,  6.69s/it]smollm3/step1600k:  57%|█████▋    | 255/451 [22:47<22:52,  7.00s/it]smollm3/step1600k:  57%|█████▋    | 256/451 [22:52<20:32,  6.32s/it]smollm3/step1600k:  57%|█████▋    | 257/451 [23:02<24:24,  7.55s/it]smollm3/step1600k:  57%|█████▋    | 258/451 [23:14<28:05,  8.73s/it]smollm3/step1600k:  57%|█████▋    | 259/451 [23:16<21:50,  6.83s/it]smollm3/step1600k:  58%|█████▊    | 260/451 [23:18<16:50,  5.29s/it]smollm3/step1600k:  58%|█████▊    | 261/451 [23:20<14:14,  4.49s/it]smollm3/step1600k:  58%|█████▊    | 262/451 [23:23<12:16,  3.89s/it]smollm3/step1600k:  58%|█████▊    | 263/451 [23:27<11:58,  3.82s/it]smollm3/step1600k:  59%|█████▊    | 264/451 [23:29<10:30,  3.37s/it]smollm3/step1600k:  59%|█████▉    | 265/451 [23:38<16:08,  5.21s/it]smollm3/step1600k:  59%|█████▉    | 266/451 [23:46<18:21,  5.95s/it]smollm3/step1600k:  59%|█████▉    | 267/451 [23:50<16:47,  5.47s/it]smollm3/step1600k:  59%|█████▉    | 268/451 [23:59<19:57,  6.54s/it]smollm3/step1600k:  60%|█████▉    | 269/451 [24:11<24:04,  7.94s/it]smollm3/step1600k:  60%|█████▉    | 270/451 [24:13<18:50,  6.24s/it]smollm3/step1600k:  60%|██████    | 271/451 [24:15<15:11,  5.06s/it]smollm3/step1600k:  60%|██████    | 272/451 [24:18<12:45,  4.28s/it]smollm3/step1600k:  61%|██████    | 273/451 [24:21<11:31,  3.89s/it]smollm3/step1600k:  61%|██████    | 274/451 [24:24<11:17,  3.83s/it]smollm3/step1600k:  61%|██████    | 275/451 [24:27<10:13,  3.49s/it]smollm3/step1600k:  61%|██████    | 276/451 [24:37<15:45,  5.40s/it]smollm3/step1600k:  61%|██████▏   | 277/451 [24:45<17:44,  6.12s/it]smollm3/step1600k:  62%|██████▏   | 278/451 [24:49<16:21,  5.67s/it]smollm3/step1600k:  62%|██████▏   | 279/451 [24:59<19:35,  6.84s/it]smollm3/step1600k:  62%|██████▏   | 280/451 [25:10<23:10,  8.13s/it]smollm3/step1600k:  62%|██████▏   | 281/451 [25:12<18:02,  6.37s/it]smollm3/step1600k:  63%|██████▎   | 282/451 [25:15<14:35,  5.18s/it]smollm3/step1600k:  63%|██████▎   | 283/451 [25:17<11:57,  4.27s/it]smollm3/step1600k:  63%|██████▎   | 284/451 [25:19<10:08,  3.64s/it]smollm3/step1600k:  63%|██████▎   | 285/451 [25:22<09:41,  3.50s/it]smollm3/step1600k:  63%|██████▎   | 286/451 [25:24<08:22,  3.05s/it]smollm3/step1600k:  64%|██████▎   | 287/451 [25:34<13:45,  5.03s/it]smollm3/step1600k:  64%|██████▍   | 288/451 [25:41<15:47,  5.81s/it]smollm3/step1600k:  64%|██████▍   | 289/451 [25:46<14:59,  5.55s/it]smollm3/step1600k:  64%|██████▍   | 290/451 [25:56<18:28,  6.89s/it]smollm3/step1600k:  65%|██████▍   | 291/451 [26:06<20:44,  7.78s/it]smollm3/step1600k:  65%|██████▍   | 292/451 [26:08<15:59,  6.04s/it]smollm3/step1600k:  65%|██████▍   | 293/451 [26:11<13:20,  5.07s/it]smollm3/step1600k:  65%|██████▌   | 294/451 [26:13<10:52,  4.15s/it]smollm3/step1600k:  65%|██████▌   | 295/451 [26:16<09:39,  3.71s/it]smollm3/step1600k:  66%|██████▌   | 296/451 [26:19<09:06,  3.53s/it]smollm3/step1600k:  66%|██████▌   | 297/451 [26:21<08:00,  3.12s/it]smollm3/step1600k:  66%|██████▌   | 298/451 [26:30<12:41,  4.98s/it]smollm3/step1600k:  66%|██████▋   | 299/451 [26:38<14:47,  5.84s/it]smollm3/step1600k:  67%|██████▋   | 300/451 [26:44<14:32,  5.78s/it]smollm3/step1600k:  67%|██████▋   | 301/451 [26:54<17:36,  7.05s/it]smollm3/step1600k:  67%|██████▋   | 302/451 [27:05<20:42,  8.34s/it]smollm3/step1600k:  67%|██████▋   | 303/451 [27:08<16:25,  6.66s/it]smollm3/step1600k:  67%|██████▋   | 304/451 [27:11<13:33,  5.53s/it]smollm3/step1600k:  68%|██████▊   | 305/451 [27:13<11:17,  4.64s/it]smollm3/step1600k:  68%|██████▊   | 306/451 [27:17<10:09,  4.20s/it]smollm3/step1600k:  68%|██████▊   | 307/451 [27:21<10:07,  4.22s/it]smollm3/step1600k:  68%|██████▊   | 308/451 [27:23<08:51,  3.72s/it]smollm3/step1600k:  69%|██████▊   | 309/451 [27:34<13:23,  5.66s/it]smollm3/step1600k:  69%|██████▊   | 310/451 [27:41<14:21,  6.11s/it]smollm3/step1600k:  69%|██████▉   | 311/451 [27:46<13:29,  5.78s/it]smollm3/step1600k:  69%|██████▉   | 312/451 [27:55<15:59,  6.91s/it]smollm3/step1600k:  69%|██████▉   | 313/451 [28:06<18:23,  8.00s/it]smollm3/step1600k:  70%|██████▉   | 314/451 [28:08<14:16,  6.25s/it]smollm3/step1600k:  70%|██████▉   | 315/451 [28:11<11:59,  5.29s/it]smollm3/step1600k:  70%|███████   | 316/451 [28:13<09:47,  4.35s/it]smollm3/step1600k:  70%|███████   | 317/451 [28:16<08:41,  3.89s/it]smollm3/step1600k:  71%|███████   | 318/451 [28:19<08:15,  3.72s/it]smollm3/step1600k:  71%|███████   | 319/451 [28:22<07:39,  3.48s/it]smollm3/step1600k:  71%|███████   | 320/451 [28:31<10:54,  5.00s/it]smollm3/step1600k:  71%|███████   | 321/451 [28:38<12:15,  5.65s/it]smollm3/step1600k:  71%|███████▏  | 322/451 [28:43<12:04,  5.62s/it]smollm3/step1600k:  72%|███████▏  | 323/451 [28:51<13:08,  6.16s/it]smollm3/step1600k:  72%|███████▏  | 324/451 [29:00<15:11,  7.17s/it]smollm3/step1600k:  72%|███████▏  | 325/451 [29:02<11:50,  5.64s/it]smollm3/step1600k:  72%|███████▏  | 326/451 [29:04<09:19,  4.48s/it]smollm3/step1600k:  73%|███████▎  | 327/451 [29:07<08:00,  3.88s/it]smollm3/step1600k:  73%|███████▎  | 328/451 [29:09<07:05,  3.46s/it]smollm3/step1600k:  73%|███████▎  | 329/451 [29:13<07:07,  3.51s/it]smollm3/step1600k:  73%|███████▎  | 330/451 [29:15<06:23,  3.17s/it]smollm3/step1600k:  73%|███████▎  | 331/451 [29:24<09:40,  4.84s/it]smollm3/step1600k:  74%|███████▎  | 332/451 [29:32<11:46,  5.94s/it]smollm3/step1600k:  74%|███████▍  | 333/451 [29:38<11:13,  5.71s/it]smollm3/step1600k:  74%|███████▍  | 334/451 [29:47<13:28,  6.91s/it]smollm3/step1600k:  74%|███████▍  | 335/451 [29:59<16:04,  8.31s/it]smollm3/step1600k:  75%|███████▍  | 336/451 [30:01<12:30,  6.52s/it]smollm3/step1600k:  75%|███████▍  | 337/451 [30:04<10:05,  5.31s/it]smollm3/step1600k:  75%|███████▍  | 338/451 [30:06<08:28,  4.50s/it]smollm3/step1600k:  75%|███████▌  | 339/451 [30:09<07:21,  3.94s/it]smollm3/step1600k:  75%|███████▌  | 340/451 [30:13<07:10,  3.88s/it]smollm3/step1600k:  76%|███████▌  | 341/451 [30:15<06:27,  3.52s/it]smollm3/step1600k:  76%|███████▌  | 342/451 [30:25<09:52,  5.43s/it]smollm3/step1600k:  76%|███████▌  | 343/451 [30:34<11:16,  6.26s/it]smollm3/step1600k:  76%|███████▋  | 344/451 [30:38<10:20,  5.80s/it]smollm3/step1600k:  76%|███████▋  | 345/451 [30:48<12:25,  7.04s/it]smollm3/step1600k:  77%|███████▋  | 346/451 [30:59<14:09,  8.09s/it]smollm3/step1600k:  77%|███████▋  | 347/451 [31:01<10:51,  6.27s/it]smollm3/step1600k:  77%|███████▋  | 348/451 [31:03<08:28,  4.93s/it]smollm3/step1600k:  77%|███████▋  | 349/451 [31:05<06:54,  4.07s/it]smollm3/step1600k:  78%|███████▊  | 350/451 [31:07<06:03,  3.60s/it]smollm3/step1600k:  78%|███████▊  | 351/451 [31:10<05:45,  3.45s/it]smollm3/step1600k:  78%|███████▊  | 352/451 [31:12<05:00,  3.03s/it]smollm3/step1600k:  78%|███████▊  | 353/451 [31:20<07:23,  4.53s/it]smollm3/step1600k:  78%|███████▊  | 354/451 [31:27<08:15,  5.11s/it]smollm3/step1600k:  79%|███████▊  | 355/451 [31:31<08:00,  5.00s/it]smollm3/step1600k:  79%|███████▉  | 356/451 [31:41<09:54,  6.26s/it]smollm3/step1600k:  79%|███████▉  | 357/451 [31:48<10:29,  6.69s/it]smollm3/step1600k:  79%|███████▉  | 358/451 [31:51<08:16,  5.34s/it]smollm3/step1600k:  80%|███████▉  | 359/451 [31:52<06:34,  4.29s/it]smollm3/step1600k:  80%|███████▉  | 360/451 [31:54<05:27,  3.60s/it]smollm3/step1600k:  80%|████████  | 361/451 [31:56<04:42,  3.13s/it]smollm3/step1600k:  80%|████████  | 362/451 [32:00<04:38,  3.13s/it]smollm3/step1600k:  80%|████████  | 363/451 [32:02<04:13,  2.88s/it]smollm3/step1600k:  81%|████████  | 364/451 [32:11<06:48,  4.70s/it]smollm3/step1600k:  81%|████████  | 365/451 [32:17<07:24,  5.17s/it]smollm3/step1600k:  81%|████████  | 366/451 [32:21<06:57,  4.91s/it]smollm3/step1600k:  81%|████████▏ | 367/451 [32:30<08:37,  6.16s/it]smollm3/step1600k:  82%|████████▏ | 368/451 [32:41<10:25,  7.54s/it]smollm3/step1600k:  82%|████████▏ | 369/451 [32:43<08:07,  5.95s/it]smollm3/step1600k:  82%|████████▏ | 370/451 [32:45<06:22,  4.72s/it]smollm3/step1600k:  82%|████████▏ | 371/451 [32:48<05:18,  3.98s/it]smollm3/step1600k:  82%|████████▏ | 372/451 [32:50<04:39,  3.53s/it]smollm3/step1600k:  83%|████████▎ | 373/451 [32:54<04:37,  3.56s/it]smollm3/step1600k:  83%|████████▎ | 374/451 [32:56<04:10,  3.25s/it]smollm3/step1600k:  83%|████████▎ | 375/451 [33:06<06:26,  5.08s/it]smollm3/step1600k:  83%|████████▎ | 376/451 [33:12<07:00,  5.60s/it]smollm3/step1600k:  84%|████████▎ | 377/451 [33:17<06:36,  5.35s/it]smollm3/step1600k:  84%|████████▍ | 378/451 [33:27<08:17,  6.82s/it]smollm3/step1600k:  84%|████████▍ | 379/451 [33:39<09:54,  8.26s/it]smollm3/step1600k:  84%|████████▍ | 380/451 [33:42<07:43,  6.54s/it]smollm3/step1600k:  84%|████████▍ | 381/451 [33:45<06:34,  5.64s/it]smollm3/step1600k:  85%|████████▍ | 382/451 [33:47<05:22,  4.67s/it]smollm3/step1600k:  85%|████████▍ | 383/451 [33:51<04:49,  4.26s/it]smollm3/step1600k:  85%|████████▌ | 384/451 [33:55<04:36,  4.12s/it]smollm3/step1600k:  85%|████████▌ | 385/451 [33:57<03:57,  3.60s/it]smollm3/step1600k:  86%|████████▌ | 386/451 [34:07<05:55,  5.46s/it]smollm3/step1600k:  86%|████████▌ | 387/451 [34:14<06:17,  5.90s/it]smollm3/step1600k:  86%|████████▌ | 388/451 [34:18<05:42,  5.43s/it]smollm3/step1600k:  86%|████████▋ | 389/451 [34:28<06:59,  6.76s/it]smollm3/step1600k:  86%|████████▋ | 390/451 [34:39<08:13,  8.09s/it]smollm3/step1600k:  87%|████████▋ | 391/451 [34:41<06:20,  6.34s/it]smollm3/step1600k:  87%|████████▋ | 392/451 [34:45<05:31,  5.63s/it]smollm3/step1600k:  87%|████████▋ | 393/451 [34:47<04:23,  4.55s/it]smollm3/step1600k:  87%|████████▋ | 394/451 [34:50<03:44,  3.94s/it]smollm3/step1600k:  88%|████████▊ | 395/451 [34:53<03:27,  3.71s/it]smollm3/step1600k:  88%|████████▊ | 396/451 [34:55<03:00,  3.27s/it]smollm3/step1600k:  88%|████████▊ | 397/451 [35:05<04:42,  5.23s/it]smollm3/step1600k:  88%|████████▊ | 398/451 [35:12<05:02,  5.70s/it]smollm3/step1600k:  88%|████████▊ | 399/451 [35:16<04:36,  5.31s/it]smollm3/step1600k:  89%|████████▊ | 400/451 [35:25<05:20,  6.29s/it]smollm3/step1600k:  89%|████████▉ | 401/451 [35:35<06:09,  7.40s/it]smollm3/step1600k:  89%|████████▉ | 402/451 [35:37<04:49,  5.91s/it]smollm3/step1600k:  89%|████████▉ | 403/451 [35:40<04:04,  5.10s/it]smollm3/step1600k:  90%|████████▉ | 404/451 [35:43<03:19,  4.24s/it]smollm3/step1600k:  90%|████████▉ | 405/451 [35:46<02:56,  3.84s/it]smollm3/step1600k:  90%|█████████ | 406/451 [35:49<02:50,  3.78s/it]smollm3/step1600k:  90%|█████████ | 407/451 [35:52<02:32,  3.46s/it]smollm3/step1600k:  90%|█████████ | 408/451 [36:03<04:01,  5.62s/it]smollm3/step1600k:  91%|█████████ | 409/451 [36:11<04:33,  6.50s/it]smollm3/step1600k:  91%|█████████ | 410/451 [36:16<04:06,  6.00s/it]smollm3/step1600k:  91%|█████████ | 411/451 [36:26<04:43,  7.09s/it]smollm3/step1600k:  91%|█████████▏| 412/451 [36:36<05:17,  8.14s/it]smollm3/step1600k:  92%|█████████▏| 413/451 [36:39<04:03,  6.40s/it]smollm3/step1600k:  92%|█████████▏| 414/451 [36:42<03:22,  5.48s/it]smollm3/step1600k:  92%|█████████▏| 415/451 [36:44<02:42,  4.51s/it]smollm3/step1600k:  92%|█████████▏| 416/451 [36:47<02:17,  3.94s/it]smollm3/step1600k:  92%|█████████▏| 417/451 [36:50<02:11,  3.87s/it]smollm3/step1600k:  93%|█████████▎| 418/451 [36:53<01:52,  3.41s/it]smollm3/step1600k:  93%|█████████▎| 419/451 [37:04<03:04,  5.76s/it]smollm3/step1600k:  93%|█████████▎| 420/451 [37:13<03:24,  6.61s/it]smollm3/step1600k:  93%|█████████▎| 421/451 [37:18<03:04,  6.15s/it]smollm3/step1600k:  94%|█████████▎| 422/451 [37:27<03:24,  7.05s/it]smollm3/step1600k:  94%|█████████▍| 423/451 [37:39<03:58,  8.51s/it]smollm3/step1600k:  94%|█████████▍| 424/451 [37:42<03:03,  6.81s/it]smollm3/step1600k:  94%|█████████▍| 425/451 [37:46<02:40,  6.19s/it]smollm3/step1600k:  94%|█████████▍| 426/451 [37:49<02:07,  5.10s/it]smollm3/step1600k:  95%|█████████▍| 427/451 [37:52<01:47,  4.48s/it]smollm3/step1600k:  95%|█████████▍| 428/451 [37:56<01:39,  4.32s/it]smollm3/step1600k:  95%|█████████▌| 429/451 [37:58<01:21,  3.71s/it]smollm3/step1600k:  95%|█████████▌| 430/451 [38:07<01:52,  5.37s/it]smollm3/step1600k:  96%|█████████▌| 431/451 [38:14<01:57,  5.88s/it]smollm3/step1600k:  96%|█████████▌| 432/451 [38:19<01:42,  5.40s/it]smollm3/step1600k:  96%|█████████▌| 433/451 [38:27<01:55,  6.39s/it]smollm3/step1600k:  96%|█████████▌| 434/451 [38:37<02:06,  7.41s/it]smollm3/step1600k:  96%|█████████▋| 435/451 [38:39<01:33,  5.82s/it]smollm3/step1600k:  97%|█████████▋| 436/451 [38:43<01:17,  5.15s/it]smollm3/step1600k:  97%|█████████▋| 437/451 [38:45<00:58,  4.20s/it]smollm3/step1600k:  97%|█████████▋| 438/451 [38:47<00:47,  3.65s/it]smollm3/step1600k:  97%|█████████▋| 439/451 [38:51<00:42,  3.54s/it]smollm3/step1600k:  98%|█████████▊| 440/451 [38:53<00:33,  3.06s/it]smollm3/step1600k:  98%|█████████▊| 441/451 [39:01<00:46,  4.61s/it]smollm3/step1600k:  98%|█████████▊| 442/451 [39:09<00:50,  5.60s/it]smollm3/step1600k:  98%|█████████▊| 443/451 [39:13<00:42,  5.34s/it]smollm3/step1600k:  98%|█████████▊| 444/451 [39:23<00:45,  6.52s/it]smollm3/step1600k:  99%|█████████▊| 445/451 [39:34<00:47,  7.98s/it]smollm3/step1600k:  99%|█████████▉| 446/451 [39:36<00:31,  6.26s/it]smollm3/step1600k:  99%|█████████▉| 447/451 [39:39<00:20,  5.23s/it]smollm3/step1600k:  99%|█████████▉| 448/451 [39:41<00:13,  4.36s/it]smollm3/step1600k: 100%|█████████▉| 449/451 [39:44<00:07,  3.81s/it]smollm3/step1600k: 100%|█████████▉| 450/451 [39:48<00:03,  3.78s/it]smollm3/step1600k: 100%|██████████| 451/451 [39:50<00:00,  3.46s/it]smollm3/step1600k: 100%|██████████| 451/451 [39:50<00:00,  5.30s/it]
  ✅ Saved 451 records → data/results/binding_smollm3_45/smollm3_step1600k_binding_smollm3.jsonl

Loading SmolLM3-3B @ step2400k ...
Loading checkpoint shards:   0%|          | 0/2 [00:00<?, ?it/s]Loading checkpoint shards:  50%|█████     | 1/2 [00:07<00:07,  7.33s/it]Loading checkpoint shards: 100%|██████████| 2/2 [00:09<00:00,  4.29s/it]Loading checkpoint shards: 100%|██████████| 2/2 [00:09<00:00,  4.74s/it]
smollm3/step2400k:   0%|          | 0/451 [00:00<?, ?it/s]smollm3/step2400k:   0%|          | 1/451 [00:09<1:14:37,  9.95s/it]smollm3/step2400k:   0%|          | 2/451 [00:16<1:01:34,  8.23s/it]smollm3/step2400k:   1%|          | 3/451 [00:21<49:22,  6.61s/it]  smollm3/step2400k:   1%|          | 4/451 [00:31<58:43,  7.88s/it]smollm3/step2400k:   1%|          | 5/451 [00:42<1:07:01,  9.02s/it]smollm3/step2400k:   1%|▏         | 6/451 [00:44<49:18,  6.65s/it]  smollm3/step2400k:   2%|▏         | 7/451 [00:46<38:04,  5.14s/it]smollm3/step2400k:   2%|▏         | 8/451 [00:49<31:58,  4.33s/it]smollm3/step2400k:   2%|▏         | 9/451 [00:51<27:00,  3.67s/it]smollm3/step2400k:   2%|▏         | 10/451 [00:54<26:03,  3.55s/it]smollm3/step2400k:   2%|▏         | 11/451 [00:56<22:39,  3.09s/it]smollm3/step2400k:   3%|▎         | 12/451 [01:03<29:49,  4.08s/it]smollm3/step2400k:   3%|▎         | 13/451 [01:11<39:58,  5.48s/it]smollm3/step2400k:   3%|▎         | 14/451 [01:16<37:28,  5.15s/it]smollm3/step2400k:   3%|▎         | 15/451 [01:25<45:29,  6.26s/it]smollm3/step2400k:   4%|▎         | 16/451 [01:34<51:45,  7.14s/it]smollm3/step2400k:   4%|▍         | 17/451 [01:36<40:08,  5.55s/it]smollm3/step2400k:   4%|▍         | 18/451 [01:37<31:49,  4.41s/it]smollm3/step2400k:   4%|▍         | 19/451 [01:40<27:02,  3.76s/it]smollm3/step2400k:   4%|▍         | 20/451 [01:42<23:11,  3.23s/it]smollm3/step2400k:   5%|▍         | 21/451 [01:44<22:13,  3.10s/it]smollm3/step2400k:   5%|▍         | 22/451 [01:46<19:37,  2.74s/it]smollm3/step2400k:   5%|▌         | 23/451 [01:53<29:14,  4.10s/it]smollm3/step2400k:   5%|▌         | 24/451 [02:00<34:57,  4.91s/it]smollm3/step2400k:   6%|▌         | 25/451 [02:04<32:56,  4.64s/it]smollm3/step2400k:   6%|▌         | 26/451 [02:12<38:53,  5.49s/it]smollm3/step2400k:   6%|▌         | 27/451 [02:21<46:01,  6.51s/it]smollm3/step2400k:   6%|▌         | 28/451 [02:23<36:18,  5.15s/it]smollm3/step2400k:   6%|▋         | 29/451 [02:24<29:01,  4.13s/it]smollm3/step2400k:   7%|▋         | 30/451 [02:27<24:57,  3.56s/it]smollm3/step2400k:   7%|▋         | 31/451 [02:29<21:43,  3.10s/it]smollm3/step2400k:   7%|▋         | 32/451 [02:31<20:32,  2.94s/it]smollm3/step2400k:   7%|▋         | 33/451 [02:33<18:55,  2.72s/it]smollm3/step2400k:   8%|▊         | 34/451 [02:42<30:29,  4.39s/it]smollm3/step2400k:   8%|▊         | 35/451 [02:49<36:03,  5.20s/it]smollm3/step2400k:   8%|▊         | 36/451 [02:53<34:24,  4.97s/it]smollm3/step2400k:   8%|▊         | 37/451 [03:02<42:38,  6.18s/it]smollm3/step2400k:   8%|▊         | 38/451 [03:12<50:48,  7.38s/it]smollm3/step2400k:   9%|▊         | 39/451 [03:15<40:04,  5.83s/it]smollm3/step2400k:   9%|▉         | 40/451 [03:18<34:29,  5.03s/it]smollm3/step2400k:   9%|▉         | 41/451 [03:20<28:36,  4.19s/it]smollm3/step2400k:   9%|▉         | 42/451 [03:22<24:52,  3.65s/it]smollm3/step2400k:  10%|▉         | 43/451 [03:26<24:17,  3.57s/it]smollm3/step2400k:  10%|▉         | 44/451 [03:28<22:02,  3.25s/it]smollm3/step2400k:  10%|▉         | 45/451 [03:37<33:18,  4.92s/it]smollm3/step2400k:  10%|█         | 46/451 [03:45<38:53,  5.76s/it]smollm3/step2400k:  10%|█         | 47/451 [03:50<36:57,  5.49s/it]smollm3/step2400k:  11%|█         | 48/451 [03:59<44:04,  6.56s/it]smollm3/step2400k:  11%|█         | 49/451 [04:09<51:21,  7.67s/it]smollm3/step2400k:  11%|█         | 50/451 [04:11<40:19,  6.03s/it]smollm3/step2400k:  11%|█▏        | 51/451 [04:14<34:31,  5.18s/it]smollm3/step2400k:  12%|█▏        | 52/451 [04:17<28:31,  4.29s/it]smollm3/step2400k:  12%|█▏        | 53/451 [04:19<25:01,  3.77s/it]smollm3/step2400k:  12%|█▏        | 54/451 [04:23<24:36,  3.72s/it]smollm3/step2400k:  12%|█▏        | 55/451 [04:25<21:34,  3.27s/it]smollm3/step2400k:  12%|█▏        | 56/451 [04:34<32:47,  4.98s/it]smollm3/step2400k:  13%|█▎        | 57/451 [04:41<36:07,  5.50s/it]smollm3/step2400k:  13%|█▎        | 58/451 [04:45<34:00,  5.19s/it]smollm3/step2400k:  13%|█▎        | 59/451 [04:54<41:36,  6.37s/it]smollm3/step2400k:  13%|█▎        | 60/451 [05:04<48:12,  7.40s/it]smollm3/step2400k:  14%|█▎        | 61/451 [05:06<37:23,  5.75s/it]smollm3/step2400k:  14%|█▎        | 62/451 [05:08<29:46,  4.59s/it]smollm3/step2400k:  14%|█▍        | 63/451 [05:10<24:42,  3.82s/it]smollm3/step2400k:  14%|█▍        | 64/451 [05:13<22:17,  3.46s/it]smollm3/step2400k:  14%|█▍        | 65/451 [05:16<21:47,  3.39s/it]smollm3/step2400k:  15%|█▍        | 66/451 [05:18<20:04,  3.13s/it]smollm3/step2400k:  15%|█▍        | 67/451 [05:27<30:38,  4.79s/it]smollm3/step2400k:  15%|█▌        | 68/451 [05:34<34:22,  5.38s/it]smollm3/step2400k:  15%|█▌        | 69/451 [05:38<32:44,  5.14s/it]smollm3/step2400k:  16%|█▌        | 70/451 [05:47<39:38,  6.24s/it]smollm3/step2400k:  16%|█▌        | 71/451 [05:57<46:26,  7.33s/it]smollm3/step2400k:  16%|█▌        | 72/451 [05:59<36:06,  5.72s/it]smollm3/step2400k:  16%|█▌        | 73/451 [06:01<28:57,  4.60s/it]smollm3/step2400k:  16%|█▋        | 74/451 [06:03<24:38,  3.92s/it]smollm3/step2400k:  17%|█▋        | 75/451 [06:06<21:48,  3.48s/it]smollm3/step2400k:  17%|█▋        | 76/451 [06:09<21:21,  3.42s/it]smollm3/step2400k:  17%|█▋        | 77/451 [06:11<18:48,  3.02s/it]smollm3/step2400k:  17%|█▋        | 78/451 [06:18<26:11,  4.21s/it]smollm3/step2400k:  18%|█▊        | 79/451 [06:27<34:01,  5.49s/it]smollm3/step2400k:  18%|█▊        | 80/451 [06:32<33:22,  5.40s/it]smollm3/step2400k:  18%|█▊        | 81/451 [06:43<44:51,  7.27s/it]smollm3/step2400k:  18%|█▊        | 82/451 [06:54<51:44,  8.41s/it]smollm3/step2400k:  18%|█▊        | 83/451 [06:58<43:27,  7.09s/it]smollm3/step2400k:  19%|█▊        | 84/451 [07:02<37:01,  6.05s/it]smollm3/step2400k:  19%|█▉        | 85/451 [07:06<32:13,  5.28s/it]smollm3/step2400k:  19%|█▉        | 86/451 [07:10<31:04,  5.11s/it]smollm3/step2400k:  19%|█▉        | 87/451 [07:15<29:26,  4.85s/it]smollm3/step2400k:  20%|█▉        | 88/451 [07:19<28:23,  4.69s/it]smollm3/step2400k:  20%|█▉        | 89/451 [07:30<39:22,  6.53s/it]smollm3/step2400k:  20%|█▉        | 90/451 [07:37<40:01,  6.65s/it]smollm3/step2400k:  20%|██        | 91/451 [07:41<35:44,  5.96s/it]smollm3/step2400k:  20%|██        | 92/451 [07:50<41:04,  6.87s/it]smollm3/step2400k:  21%|██        | 93/451 [08:01<47:47,  8.01s/it]smollm3/step2400k:  21%|██        | 94/451 [08:03<37:41,  6.33s/it]smollm3/step2400k:  21%|██        | 95/451 [08:05<30:39,  5.17s/it]smollm3/step2400k:  21%|██▏       | 96/451 [08:08<25:24,  4.29s/it]smollm3/step2400k:  22%|██▏       | 97/451 [08:10<22:03,  3.74s/it]smollm3/step2400k:  22%|██▏       | 98/451 [08:13<21:11,  3.60s/it]smollm3/step2400k:  22%|██▏       | 99/451 [08:15<18:16,  3.12s/it]smollm3/step2400k:  22%|██▏       | 100/451 [08:25<29:15,  5.00s/it]smollm3/step2400k:  22%|██▏       | 101/451 [08:31<32:04,  5.50s/it]smollm3/step2400k:  23%|██▎       | 102/451 [08:36<29:57,  5.15s/it]smollm3/step2400k:  23%|██▎       | 103/451 [08:45<36:34,  6.31s/it]smollm3/step2400k:  23%|██▎       | 104/451 [08:55<44:00,  7.61s/it]smollm3/step2400k:  23%|██▎       | 105/451 [08:58<35:14,  6.11s/it]smollm3/step2400k:  24%|██▎       | 106/451 [09:00<28:12,  4.90s/it]smollm3/step2400k:  24%|██▎       | 107/451 [09:03<24:03,  4.20s/it]smollm3/step2400k:  24%|██▍       | 108/451 [09:05<20:50,  3.64s/it]smollm3/step2400k:  24%|██▍       | 109/451 [09:09<20:33,  3.61s/it]smollm3/step2400k:  24%|██▍       | 110/451 [09:11<18:02,  3.18s/it]smollm3/step2400k:  25%|██▍       | 111/451 [09:20<29:02,  5.13s/it]smollm3/step2400k:  25%|██▍       | 112/451 [09:29<35:14,  6.24s/it]smollm3/step2400k:  25%|██▌       | 113/451 [09:34<33:03,  5.87s/it]smollm3/step2400k:  25%|██▌       | 114/451 [09:44<39:15,  6.99s/it]smollm3/step2400k:  25%|██▌       | 115/451 [09:56<47:04,  8.41s/it]smollm3/step2400k:  26%|██▌       | 116/451 [10:00<39:41,  7.11s/it]smollm3/step2400k:  26%|██▌       | 117/451 [10:04<34:57,  6.28s/it]smollm3/step2400k:  26%|██▌       | 118/451 [10:07<29:55,  5.39s/it]smollm3/step2400k:  26%|██▋       | 119/451 [10:11<26:47,  4.84s/it]smollm3/step2400k:  27%|██▋       | 120/451 [10:16<26:30,  4.81s/it]smollm3/step2400k:  27%|██▋       | 121/451 [10:20<25:38,  4.66s/it]smollm3/step2400k:  27%|██▋       | 122/451 [10:28<31:39,  5.77s/it]smollm3/step2400k:  27%|██▋       | 123/451 [10:36<35:25,  6.48s/it]smollm3/step2400k:  27%|██▋       | 124/451 [10:42<33:39,  6.18s/it]smollm3/step2400k:  28%|██▊       | 125/451 [10:52<39:48,  7.33s/it]smollm3/step2400k:  28%|██▊       | 126/451 [11:02<43:34,  8.05s/it]smollm3/step2400k:  28%|██▊       | 127/451 [11:04<33:42,  6.24s/it]smollm3/step2400k:  28%|██▊       | 128/451 [11:05<26:18,  4.89s/it]smollm3/step2400k:  29%|██▊       | 129/451 [11:08<22:20,  4.16s/it]smollm3/step2400k:  29%|██▉       | 130/451 [11:10<19:06,  3.57s/it]smollm3/step2400k:  29%|██▉       | 131/451 [11:13<17:49,  3.34s/it]smollm3/step2400k:  29%|██▉       | 132/451 [11:15<15:55,  3.00s/it]smollm3/step2400k:  29%|██▉       | 133/451 [11:24<24:41,  4.66s/it]smollm3/step2400k:  30%|██▉       | 134/451 [11:30<27:31,  5.21s/it]smollm3/step2400k:  30%|██▉       | 135/451 [11:35<27:10,  5.16s/it]smollm3/step2400k:  30%|███       | 136/451 [11:44<33:38,  6.41s/it]smollm3/step2400k:  30%|███       | 137/451 [11:55<40:05,  7.66s/it]smollm3/step2400k:  31%|███       | 138/451 [11:58<32:03,  6.15s/it]smollm3/step2400k:  31%|███       | 139/451 [11:59<25:07,  4.83s/it]smollm3/step2400k:  31%|███       | 140/451 [12:02<21:05,  4.07s/it]smollm3/step2400k:  31%|███▏      | 141/451 [12:04<18:53,  3.66s/it]smollm3/step2400k:  31%|███▏      | 142/451 [12:08<18:45,  3.64s/it]smollm3/step2400k:  32%|███▏      | 143/451 [12:10<16:36,  3.24s/it]smollm3/step2400k:  32%|███▏      | 144/451 [12:20<27:13,  5.32s/it]smollm3/step2400k:  32%|███▏      | 145/451 [12:28<30:27,  5.97s/it]smollm3/step2400k:  32%|███▏      | 146/451 [12:32<27:58,  5.50s/it]smollm3/step2400k:  33%|███▎      | 147/451 [12:41<32:50,  6.48s/it]smollm3/step2400k:  33%|███▎      | 148/451 [12:51<38:26,  7.61s/it]smollm3/step2400k:  33%|███▎      | 149/451 [12:54<30:07,  5.99s/it]smollm3/step2400k:  33%|███▎      | 150/451 [12:55<23:42,  4.73s/it]smollm3/step2400k:  33%|███▎      | 151/451 [12:58<20:17,  4.06s/it]smollm3/step2400k:  34%|███▎      | 152/451 [13:00<17:44,  3.56s/it]smollm3/step2400k:  34%|███▍      | 153/451 [13:04<18:12,  3.67s/it]smollm3/step2400k:  34%|███▍      | 154/451 [13:06<15:50,  3.20s/it]smollm3/step2400k:  34%|███▍      | 155/451 [13:15<24:10,  4.90s/it]smollm3/step2400k:  35%|███▍      | 156/451 [13:24<29:30,  6.00s/it]smollm3/step2400k:  35%|███▍      | 157/451 [13:28<27:14,  5.56s/it]smollm3/step2400k:  35%|███▌      | 158/451 [13:37<32:06,  6.57s/it]smollm3/step2400k:  35%|███▌      | 159/451 [13:47<37:11,  7.64s/it]smollm3/step2400k:  35%|███▌      | 160/451 [13:51<31:15,  6.45s/it]smollm3/step2400k:  36%|███▌      | 161/451 [13:56<29:10,  6.04s/it]smollm3/step2400k:  36%|███▌      | 162/451 [14:00<26:02,  5.41s/it]smollm3/step2400k:  36%|███▌      | 163/451 [14:05<24:36,  5.13s/it]smollm3/step2400k:  36%|███▋      | 164/451 [14:10<24:45,  5.18s/it]smollm3/step2400k:  37%|███▋      | 165/451 [14:14<22:59,  4.82s/it]smollm3/step2400k:  37%|███▋      | 166/451 [14:22<28:25,  5.99s/it]smollm3/step2400k:  37%|███▋      | 167/451 [14:32<33:17,  7.03s/it]smollm3/step2400k:  37%|███▋      | 168/451 [14:39<32:33,  6.90s/it]smollm3/step2400k:  37%|███▋      | 169/451 [14:50<38:17,  8.15s/it]smollm3/step2400k:  38%|███▊      | 170/451 [15:00<41:07,  8.78s/it]smollm3/step2400k:  38%|███▊      | 171/451 [15:02<31:36,  6.77s/it]smollm3/step2400k:  38%|███▊      | 172/451 [15:04<24:16,  5.22s/it]smollm3/step2400k:  38%|███▊      | 173/451 [15:06<20:10,  4.35s/it]smollm3/step2400k:  39%|███▊      | 174/451 [15:08<17:26,  3.78s/it]smollm3/step2400k:  39%|███▉      | 175/451 [15:11<15:42,  3.41s/it]smollm3/step2400k:  39%|███▉      | 176/451 [15:13<13:55,  3.04s/it]smollm3/step2400k:  39%|███▉      | 177/451 [15:22<21:24,  4.69s/it]smollm3/step2400k:  39%|███▉      | 178/451 [15:29<24:34,  5.40s/it]smollm3/step2400k:  40%|███▉      | 179/451 [15:33<23:26,  5.17s/it]smollm3/step2400k:  40%|███▉      | 180/451 [15:42<28:29,  6.31s/it]smollm3/step2400k:  40%|████      | 181/451 [15:52<33:27,  7.43s/it]smollm3/step2400k:  40%|████      | 182/451 [15:54<26:11,  5.84s/it]smollm3/step2400k:  41%|████      | 183/451 [15:57<22:17,  4.99s/it]smollm3/step2400k:  41%|████      | 184/451 [15:59<18:12,  4.09s/it]smollm3/step2400k:  41%|████      | 185/451 [16:02<15:44,  3.55s/it]smollm3/step2400k:  41%|████      | 186/451 [16:05<15:13,  3.45s/it]smollm3/step2400k:  41%|████▏     | 187/451 [16:07<13:38,  3.10s/it]smollm3/step2400k:  42%|████▏     | 188/451 [16:16<20:37,  4.71s/it]smollm3/step2400k:  42%|████▏     | 189/451 [16:23<23:53,  5.47s/it]smollm3/step2400k:  42%|████▏     | 190/451 [16:28<22:45,  5.23s/it]smollm3/step2400k:  42%|████▏     | 191/451 [16:37<27:51,  6.43s/it]smollm3/step2400k:  43%|████▎     | 192/451 [16:47<32:49,  7.60s/it]smollm3/step2400k:  43%|████▎     | 193/451 [16:49<25:43,  5.98s/it]smollm3/step2400k:  43%|████▎     | 194/451 [16:52<21:07,  4.93s/it]smollm3/step2400k:  43%|████▎     | 195/451 [16:54<18:00,  4.22s/it]smollm3/step2400k:  43%|████▎     | 196/451 [16:57<15:54,  3.74s/it]smollm3/step2400k:  44%|████▎     | 197/451 [17:01<15:45,  3.72s/it]smollm3/step2400k:  44%|████▍     | 198/451 [17:03<14:07,  3.35s/it]smollm3/step2400k:  44%|████▍     | 199/451 [17:12<20:53,  4.98s/it]smollm3/step2400k:  44%|████▍     | 200/451 [17:20<25:00,  5.98s/it]smollm3/step2400k:  45%|████▍     | 201/451 [17:25<23:27,  5.63s/it]smollm3/step2400k:  45%|████▍     | 202/451 [17:34<27:48,  6.70s/it]smollm3/step2400k:  45%|████▌     | 203/451 [17:45<32:10,  7.78s/it]smollm3/step2400k:  45%|████▌     | 204/451 [17:47<24:52,  6.04s/it]smollm3/step2400k:  45%|████▌     | 205/451 [17:50<21:41,  5.29s/it]smollm3/step2400k:  46%|████▌     | 206/451 [17:52<17:56,  4.39s/it]smollm3/step2400k:  46%|████▌     | 207/451 [17:55<15:37,  3.84s/it]smollm3/step2400k:  46%|████▌     | 208/451 [17:59<15:16,  3.77s/it]smollm3/step2400k:  46%|████▋     | 209/451 [18:01<13:19,  3.30s/it]smollm3/step2400k:  47%|████▋     | 210/451 [18:10<20:22,  5.07s/it]smollm3/step2400k:  47%|████▋     | 211/451 [18:17<22:33,  5.64s/it]smollm3/step2400k:  47%|████▋     | 212/451 [18:21<20:46,  5.22s/it]smollm3/step2400k:  47%|████▋     | 213/451 [18:30<25:03,  6.32s/it]smollm3/step2400k:  47%|████▋     | 214/451 [18:40<29:18,  7.42s/it]smollm3/step2400k:  48%|████▊     | 215/451 [18:42<22:56,  5.83s/it]smollm3/step2400k:  48%|████▊     | 216/451 [18:44<18:05,  4.62s/it]smollm3/step2400k:  48%|████▊     | 217/451 [18:46<15:16,  3.92s/it]smollm3/step2400k:  48%|████▊     | 218/451 [18:49<13:34,  3.50s/it]smollm3/step2400k:  49%|████▊     | 219/451 [18:52<13:06,  3.39s/it]smollm3/step2400k:  49%|████▉     | 220/451 [18:54<11:58,  3.11s/it]smollm3/step2400k:  49%|████▉     | 221/451 [19:02<16:42,  4.36s/it]smollm3/step2400k:  49%|████▉     | 222/451 [19:09<20:25,  5.35s/it]smollm3/step2400k:  49%|████▉     | 223/451 [19:14<19:22,  5.10s/it]smollm3/step2400k:  50%|████▉     | 224/451 [19:22<23:18,  6.16s/it]smollm3/step2400k:  50%|████▉     | 225/451 [19:31<26:03,  6.92s/it]smollm3/step2400k:  50%|█████     | 226/451 [19:33<20:35,  5.49s/it]smollm3/step2400k:  50%|█████     | 227/451 [19:35<16:30,  4.42s/it]smollm3/step2400k:  51%|█████     | 228/451 [19:38<14:21,  3.86s/it]smollm3/step2400k:  51%|█████     | 229/451 [19:40<12:56,  3.50s/it]smollm3/step2400k:  51%|█████     | 230/451 [19:43<11:54,  3.24s/it]smollm3/step2400k:  51%|█████     | 231/451 [19:45<10:42,  2.92s/it]smollm3/step2400k:  51%|█████▏    | 232/451 [19:54<17:15,  4.73s/it]smollm3/step2400k:  52%|█████▏    | 233/451 [20:01<19:10,  5.28s/it]smollm3/step2400k:  52%|█████▏    | 234/451 [20:05<18:16,  5.05s/it]smollm3/step2400k:  52%|█████▏    | 235/451 [20:14<22:05,  6.13s/it]smollm3/step2400k:  52%|█████▏    | 236/451 [20:24<26:04,  7.28s/it]smollm3/step2400k:  53%|█████▎    | 237/451 [20:26<20:14,  5.68s/it]smollm3/step2400k:  53%|█████▎    | 238/451 [20:29<17:43,  4.99s/it]smollm3/step2400k:  53%|█████▎    | 239/451 [20:31<14:26,  4.09s/it]smollm3/step2400k:  53%|█████▎    | 240/451 [20:34<12:42,  3.62s/it]smollm3/step2400k:  53%|█████▎    | 241/451 [20:37<12:08,  3.47s/it]smollm3/step2400k:  54%|█████▎    | 242/451 [20:39<10:36,  3.04s/it]smollm3/step2400k:  54%|█████▍    | 243/451 [20:48<17:10,  4.96s/it]smollm3/step2400k:  54%|█████▍    | 244/451 [20:56<20:01,  5.81s/it]smollm3/step2400k:  54%|█████▍    | 245/451 [21:01<18:30,  5.39s/it]smollm3/step2400k:  55%|█████▍    | 246/451 [21:10<22:10,  6.49s/it]smollm3/step2400k:  55%|█████▍    | 247/451 [21:22<27:59,  8.23s/it]smollm3/step2400k:  55%|█████▍    | 248/451 [21:24<21:43,  6.42s/it]smollm3/step2400k:  55%|█████▌    | 249/451 [21:28<19:01,  5.65s/it]smollm3/step2400k:  55%|█████▌    | 250/451 [21:30<15:16,  4.56s/it]smollm3/step2400k:  56%|█████▌    | 251/451 [21:32<12:56,  3.88s/it]smollm3/step2400k:  56%|█████▌    | 252/451 [21:35<12:13,  3.68s/it]smollm3/step2400k:  56%|█████▌    | 253/451 [21:38<10:42,  3.24s/it]smollm3/step2400k:  56%|█████▋    | 254/451 [21:48<17:31,  5.34s/it]smollm3/step2400k:  57%|█████▋    | 255/451 [21:56<19:55,  6.10s/it]smollm3/step2400k:  57%|█████▋    | 256/451 [22:01<19:06,  5.88s/it]smollm3/step2400k:  57%|█████▋    | 257/451 [22:10<22:17,  6.89s/it]smollm3/step2400k:  57%|█████▋    | 258/451 [22:21<25:34,  7.95s/it]smollm3/step2400k:  57%|█████▋    | 259/451 [22:23<20:08,  6.29s/it]smollm3/step2400k:  58%|█████▊    | 260/451 [22:25<15:41,  4.93s/it]smollm3/step2400k:  58%|█████▊    | 261/451 [22:27<13:03,  4.12s/it]smollm3/step2400k:  58%|█████▊    | 262/451 [22:30<11:37,  3.69s/it]smollm3/step2400k:  58%|█████▊    | 263/451 [22:33<11:19,  3.61s/it]smollm3/step2400k:  59%|█████▊    | 264/451 [22:36<10:04,  3.23s/it]smollm3/step2400k:  59%|█████▉    | 265/451 [22:46<16:19,  5.26s/it]smollm3/step2400k:  59%|█████▉    | 266/451 [22:56<20:40,  6.70s/it]smollm3/step2400k:  59%|█████▉    | 267/451 [23:03<20:47,  6.78s/it]smollm3/step2400k:  59%|█████▉    | 268/451 [23:14<24:36,  8.07s/it]smollm3/step2400k:  60%|█████▉    | 269/451 [23:26<28:31,  9.41s/it]smollm3/step2400k:  60%|█████▉    | 270/451 [23:30<23:11,  7.69s/it]smollm3/step2400k:  60%|██████    | 271/451 [23:33<19:01,  6.34s/it]smollm3/step2400k:  60%|██████    | 272/451 [23:37<16:26,  5.51s/it]smollm3/step2400k:  61%|██████    | 273/451 [23:40<14:34,  4.91s/it]smollm3/step2400k:  61%|██████    | 274/451 [23:45<14:09,  4.80s/it]smollm3/step2400k:  61%|██████    | 275/451 [23:48<12:45,  4.35s/it]smollm3/step2400k:  61%|██████    | 276/451 [23:58<17:56,  6.15s/it]smollm3/step2400k:  61%|██████▏   | 277/451 [24:07<20:00,  6.90s/it]smollm3/step2400k:  62%|██████▏   | 278/451 [24:12<18:20,  6.36s/it]smollm3/step2400k:  62%|██████▏   | 279/451 [24:21<20:13,  7.06s/it]smollm3/step2400k:  62%|██████▏   | 280/451 [24:31<23:02,  8.09s/it]smollm3/step2400k:  62%|██████▏   | 281/451 [24:34<17:56,  6.33s/it]smollm3/step2400k:  63%|██████▎   | 282/451 [24:36<14:26,  5.13s/it]smollm3/step2400k:  63%|██████▎   | 283/451 [24:38<11:55,  4.26s/it]smollm3/step2400k:  63%|██████▎   | 284/451 [24:41<10:16,  3.69s/it]smollm3/step2400k:  63%|██████▎   | 285/451 [24:44<10:14,  3.70s/it]smollm3/step2400k:  63%|██████▎   | 286/451 [24:46<08:46,  3.19s/it]smollm3/step2400k:  64%|██████▎   | 287/451 [24:56<13:51,  5.07s/it]smollm3/step2400k:  64%|██████▍   | 288/451 [25:04<16:02,  5.90s/it]smollm3/step2400k:  64%|██████▍   | 289/451 [25:08<14:55,  5.52s/it]smollm3/step2400k:  64%|██████▍   | 290/451 [25:18<18:11,  6.78s/it]smollm3/step2400k:  65%|██████▍   | 291/451 [25:28<20:53,  7.83s/it]smollm3/step2400k:  65%|██████▍   | 292/451 [25:30<16:18,  6.15s/it]smollm3/step2400k:  65%|██████▍   | 293/451 [25:33<13:26,  5.11s/it]smollm3/step2400k:  65%|██████▌   | 294/451 [25:35<11:02,  4.22s/it]smollm3/step2400k:  65%|██████▌   | 295/451 [25:38<09:27,  3.64s/it]smollm3/step2400k:  66%|██████▌   | 296/451 [25:41<09:04,  3.51s/it]smollm3/step2400k:  66%|██████▌   | 297/451 [25:43<08:13,  3.20s/it]smollm3/step2400k:  66%|██████▌   | 298/451 [25:53<13:07,  5.15s/it]smollm3/step2400k:  66%|██████▋   | 299/451 [26:01<15:16,  6.03s/it]smollm3/step2400k:  67%|██████▋   | 300/451 [26:06<14:24,  5.73s/it]smollm3/step2400k:  67%|██████▋   | 301/451 [26:15<17:01,  6.81s/it]smollm3/step2400k:  67%|██████▋   | 302/451 [26:26<19:37,  7.90s/it]smollm3/step2400k:  67%|██████▋   | 303/451 [26:29<15:37,  6.33s/it]smollm3/step2400k:  67%|██████▋   | 304/451 [26:31<12:40,  5.18s/it]smollm3/step2400k:  68%|██████▊   | 305/451 [26:33<10:35,  4.35s/it]smollm3/step2400k:  68%|██████▊   | 306/451 [26:36<09:18,  3.85s/it]smollm3/step2400k:  68%|██████▊   | 307/451 [26:40<09:12,  3.83s/it]smollm3/step2400k:  68%|██████▊   | 308/451 [26:43<08:29,  3.56s/it]smollm3/step2400k:  69%|██████▊   | 309/451 [26:52<12:31,  5.30s/it]smollm3/step2400k:  69%|██████▊   | 310/451 [26:59<13:24,  5.71s/it]smollm3/step2400k:  69%|██████▉   | 311/451 [27:04<12:42,  5.45s/it]smollm3/step2400k:  69%|██████▉   | 312/451 [27:13<15:11,  6.56s/it]smollm3/step2400k:  69%|██████▉   | 313/451 [27:23<17:33,  7.64s/it]smollm3/step2400k:  70%|██████▉   | 314/451 [27:25<13:47,  6.04s/it]smollm3/step2400k:  70%|██████▉   | 315/451 [27:28<11:26,  5.05s/it]smollm3/step2400k:  70%|███████   | 316/451 [27:30<09:30,  4.23s/it]smollm3/step2400k:  70%|███████   | 317/451 [27:33<08:17,  3.71s/it]smollm3/step2400k:  71%|███████   | 318/451 [27:36<08:05,  3.65s/it]smollm3/step2400k:  71%|███████   | 319/451 [27:39<07:09,  3.25s/it]smollm3/step2400k:  71%|███████   | 320/451 [27:46<09:55,  4.54s/it]smollm3/step2400k:  71%|███████   | 321/451 [27:52<10:52,  5.02s/it]smollm3/step2400k:  71%|███████▏  | 322/451 [27:57<10:17,  4.79s/it]smollm3/step2400k:  72%|███████▏  | 323/451 [28:03<11:29,  5.38s/it]smollm3/step2400k:  72%|███████▏  | 324/451 [28:13<14:16,  6.75s/it]smollm3/step2400k:  72%|███████▏  | 325/451 [28:15<11:18,  5.39s/it]smollm3/step2400k:  72%|███████▏  | 326/451 [28:18<09:19,  4.47s/it]smollm3/step2400k:  73%|███████▎  | 327/451 [28:20<07:48,  3.78s/it]smollm3/step2400k:  73%|███████▎  | 328/451 [28:23<07:08,  3.48s/it]smollm3/step2400k:  73%|███████▎  | 329/451 [28:27<07:18,  3.59s/it]smollm3/step2400k:  73%|███████▎  | 330/451 [28:29<06:32,  3.24s/it]smollm3/step2400k:  73%|███████▎  | 331/451 [28:38<09:50,  4.92s/it]smollm3/step2400k:  74%|███████▎  | 332/451 [28:46<11:38,  5.87s/it]smollm3/step2400k:  74%|███████▍  | 333/451 [28:51<10:46,  5.48s/it]smollm3/step2400k:  74%|███████▍  | 334/451 [28:59<12:41,  6.51s/it]smollm3/step2400k:  74%|███████▍  | 335/451 [29:09<14:37,  7.56s/it]smollm3/step2400k:  75%|███████▍  | 336/451 [29:12<11:22,  5.93s/it]smollm3/step2400k:  75%|███████▍  | 337/451 [29:14<09:06,  4.80s/it]smollm3/step2400k:  75%|███████▍  | 338/451 [29:16<07:29,  3.98s/it]smollm3/step2400k:  75%|███████▌  | 339/451 [29:18<06:32,  3.51s/it]smollm3/step2400k:  75%|███████▌  | 340/451 [29:21<06:18,  3.41s/it]smollm3/step2400k:  76%|███████▌  | 341/451 [29:24<05:50,  3.18s/it]smollm3/step2400k:  76%|███████▌  | 342/451 [29:33<09:11,  5.06s/it]smollm3/step2400k:  76%|███████▌  | 343/451 [29:41<10:23,  5.77s/it]smollm3/step2400k:  76%|███████▋  | 344/451 [29:45<09:36,  5.39s/it]smollm3/step2400k:  76%|███████▋  | 345/451 [29:54<11:18,  6.40s/it]smollm3/step2400k:  77%|███████▋  | 346/451 [30:04<13:06,  7.49s/it]smollm3/step2400k:  77%|███████▋  | 347/451 [30:06<10:05,  5.83s/it]smollm3/step2400k:  77%|███████▋  | 348/451 [30:09<08:16,  4.82s/it]smollm3/step2400k:  77%|███████▋  | 349/451 [30:11<06:44,  3.96s/it]smollm3/step2400k:  78%|███████▊  | 350/451 [30:14<06:07,  3.64s/it]smollm3/step2400k:  78%|███████▊  | 351/451 [30:17<05:49,  3.49s/it]smollm3/step2400k:  78%|███████▊  | 352/451 [30:19<05:02,  3.06s/it]smollm3/step2400k:  78%|███████▊  | 353/451 [30:26<06:54,  4.23s/it]smollm3/step2400k:  78%|███████▊  | 354/451 [30:32<07:49,  4.84s/it]smollm3/step2400k:  79%|███████▊  | 355/451 [30:36<07:25,  4.64s/it]smollm3/step2400k:  79%|███████▉  | 356/451 [30:45<09:12,  5.81s/it]smollm3/step2400k:  79%|███████▉  | 357/451 [30:52<09:56,  6.35s/it]smollm3/step2400k:  79%|███████▉  | 358/451 [30:54<07:49,  5.05s/it]smollm3/step2400k:  80%|███████▉  | 359/451 [30:56<06:12,  4.05s/it]smollm3/step2400k:  80%|███████▉  | 360/451 [30:58<05:25,  3.58s/it]smollm3/step2400k:  80%|████████  | 361/451 [31:00<04:37,  3.09s/it]smollm3/step2400k:  80%|████████  | 362/451 [31:04<04:40,  3.15s/it]smollm3/step2400k:  80%|████████  | 363/451 [31:06<04:11,  2.86s/it]smollm3/step2400k:  81%|████████  | 364/451 [31:15<06:44,  4.65s/it]smollm3/step2400k:  81%|████████  | 365/451 [31:21<07:25,  5.18s/it]smollm3/step2400k:  81%|████████  | 366/451 [31:26<07:10,  5.06s/it]smollm3/step2400k:  81%|████████▏ | 367/451 [31:35<08:48,  6.29s/it]smollm3/step2400k:  82%|████████▏ | 368/451 [31:46<10:33,  7.64s/it]smollm3/step2400k:  82%|████████▏ | 369/451 [31:48<08:13,  6.02s/it]smollm3/step2400k:  82%|████████▏ | 370/451 [31:50<06:18,  4.68s/it]smollm3/step2400k:  82%|████████▏ | 371/451 [31:52<05:09,  3.87s/it]smollm3/step2400k:  82%|████████▏ | 372/451 [31:54<04:30,  3.43s/it]smollm3/step2400k:  83%|████████▎ | 373/451 [31:57<04:20,  3.34s/it]smollm3/step2400k:  83%|████████▎ | 374/451 [31:59<03:45,  2.92s/it]smollm3/step2400k:  83%|████████▎ | 375/451 [32:08<06:02,  4.77s/it]smollm3/step2400k:  83%|████████▎ | 376/451 [32:15<06:34,  5.26s/it]smollm3/step2400k:  84%|████████▎ | 377/451 [32:19<06:14,  5.06s/it]smollm3/step2400k:  84%|████████▍ | 378/451 [32:28<07:29,  6.16s/it]smollm3/step2400k:  84%|████████▍ | 379/451 [32:38<08:43,  7.27s/it]smollm3/step2400k:  84%|████████▍ | 380/451 [32:40<06:43,  5.68s/it]smollm3/step2400k:  84%|████████▍ | 381/451 [32:42<05:36,  4.80s/it]smollm3/step2400k:  85%|████████▍ | 382/451 [32:45<04:38,  4.04s/it]smollm3/step2400k:  85%|████████▍ | 383/451 [32:47<03:58,  3.51s/it]smollm3/step2400k:  85%|████████▌ | 384/451 [32:50<03:48,  3.41s/it]smollm3/step2400k:  85%|████████▌ | 385/451 [32:53<03:23,  3.09s/it]smollm3/step2400k:  86%|████████▌ | 386/451 [33:01<05:08,  4.75s/it]smollm3/step2400k:  86%|████████▌ | 387/451 [33:08<05:40,  5.32s/it]smollm3/step2400k:  86%|████████▌ | 388/451 [33:12<05:19,  5.08s/it]smollm3/step2400k:  86%|████████▋ | 389/451 [33:21<06:23,  6.19s/it]smollm3/step2400k:  86%|████████▋ | 390/451 [33:32<07:41,  7.56s/it]smollm3/step2400k:  87%|████████▋ | 391/451 [33:34<05:54,  5.91s/it]smollm3/step2400k:  87%|████████▋ | 392/451 [33:37<05:04,  5.16s/it]smollm3/step2400k:  87%|████████▋ | 393/451 [33:39<04:06,  4.25s/it]smollm3/step2400k:  87%|████████▋ | 394/451 [33:42<03:32,  3.73s/it]smollm3/step2400k:  88%|████████▊ | 395/451 [33:45<03:21,  3.61s/it]smollm3/step2400k:  88%|████████▊ | 396/451 [33:48<02:58,  3.24s/it]smollm3/step2400k:  88%|████████▊ | 397/451 [33:57<04:41,  5.22s/it]smollm3/step2400k:  88%|████████▊ | 398/451 [34:04<05:03,  5.73s/it]smollm3/step2400k:  88%|████████▊ | 399/451 [34:09<04:40,  5.39s/it]smollm3/step2400k:  89%|████████▊ | 400/451 [34:18<05:31,  6.50s/it]smollm3/step2400k:  89%|████████▉ | 401/451 [34:28<06:13,  7.46s/it]smollm3/step2400k:  89%|████████▉ | 402/451 [34:30<04:44,  5.81s/it]smollm3/step2400k:  89%|████████▉ | 403/451 [34:32<03:51,  4.83s/it]smollm3/step2400k:  90%|████████▉ | 404/451 [34:34<03:08,  4.01s/it]smollm3/step2400k:  90%|████████▉ | 405/451 [34:37<02:39,  3.46s/it]smollm3/step2400k:  90%|█████████ | 406/451 [34:40<02:32,  3.40s/it]smollm3/step2400k:  90%|█████████ | 407/451 [34:42<02:10,  2.97s/it]smollm3/step2400k:  90%|█████████ | 408/451 [34:51<03:33,  4.97s/it]smollm3/step2400k:  91%|█████████ | 409/451 [34:59<04:02,  5.77s/it]smollm3/step2400k:  91%|█████████ | 410/451 [35:03<03:38,  5.33s/it]smollm3/step2400k:  91%|█████████ | 411/451 [35:12<04:13,  6.33s/it]smollm3/step2400k:  91%|█████████▏| 412/451 [35:22<04:48,  7.40s/it]smollm3/step2400k:  92%|█████████▏| 413/451 [35:24<03:41,  5.82s/it]smollm3/step2400k:  92%|█████████▏| 414/451 [35:27<03:05,  5.02s/it]smollm3/step2400k:  92%|█████████▏| 415/451 [35:29<02:29,  4.14s/it]smollm3/step2400k:  92%|█████████▏| 416/451 [35:32<02:05,  3.59s/it]smollm3/step2400k:  92%|█████████▏| 417/451 [35:35<01:59,  3.51s/it]smollm3/step2400k:  93%|█████████▎| 418/451 [35:38<01:48,  3.30s/it]smollm3/step2400k:  93%|█████████▎| 419/451 [35:48<02:48,  5.27s/it]smollm3/step2400k:  93%|█████████▎| 420/451 [35:55<03:06,  6.02s/it]smollm3/step2400k:  93%|█████████▎| 421/451 [36:00<02:50,  5.68s/it]smollm3/step2400k:  94%|█████████▎| 422/451 [36:10<03:18,  6.86s/it]smollm3/step2400k:  94%|█████████▍| 423/451 [36:21<03:43,  7.98s/it]smollm3/step2400k:  94%|█████████▍| 424/451 [36:23<02:52,  6.41s/it]smollm3/step2400k:  94%|█████████▍| 425/451 [36:27<02:28,  5.72s/it]smollm3/step2400k:  94%|█████████▍| 426/451 [36:30<01:56,  4.66s/it]smollm3/step2400k:  95%|█████████▍| 427/451 [36:32<01:36,  4.01s/it]smollm3/step2400k:  95%|█████████▍| 428/451 [36:35<01:27,  3.81s/it]smollm3/step2400k:  95%|█████████▌| 429/451 [36:38<01:15,  3.42s/it]smollm3/step2400k:  95%|█████████▌| 430/451 [36:47<01:48,  5.18s/it]smollm3/step2400k:  96%|█████████▌| 431/451 [36:54<01:54,  5.74s/it]smollm3/step2400k:  96%|█████████▌| 432/451 [36:59<01:41,  5.35s/it]smollm3/step2400k:  96%|█████████▌| 433/451 [37:07<01:54,  6.33s/it]smollm3/step2400k:  96%|█████████▌| 434/451 [37:17<02:06,  7.42s/it]smollm3/step2400k:  96%|█████████▋| 435/451 [37:19<01:32,  5.79s/it]smollm3/step2400k:  97%|█████████▋| 436/451 [37:23<01:17,  5.18s/it]smollm3/step2400k:  97%|█████████▋| 437/451 [37:25<01:00,  4.35s/it]smollm3/step2400k:  97%|█████████▋| 438/451 [37:28<00:51,  3.96s/it]smollm3/step2400k:  97%|█████████▋| 439/451 [37:32<00:45,  3.78s/it]smollm3/step2400k:  98%|█████████▊| 440/451 [37:34<00:36,  3.33s/it]smollm3/step2400k:  98%|█████████▊| 441/451 [37:43<00:49,  4.95s/it]smollm3/step2400k:  98%|█████████▊| 442/451 [37:51<00:52,  5.82s/it]smollm3/step2400k:  98%|█████████▊| 443/451 [37:55<00:42,  5.37s/it]smollm3/step2400k:  98%|█████████▊| 444/451 [38:04<00:45,  6.47s/it]smollm3/step2400k:  99%|█████████▊| 445/451 [38:14<00:45,  7.65s/it]smollm3/step2400k:  99%|█████████▉| 446/451 [38:17<00:30,  6.06s/it]smollm3/step2400k:  99%|█████████▉| 447/451 [38:19<00:19,  4.98s/it]smollm3/step2400k:  99%|█████████▉| 448/451 [38:21<00:12,  4.12s/it]smollm3/step2400k: 100%|█████████▉| 449/451 [38:24<00:07,  3.60s/it]smollm3/step2400k: 100%|█████████▉| 450/451 [38:27<00:03,  3.48s/it]smollm3/step2400k: 100%|██████████| 451/451 [38:29<00:00,  3.03s/it]smollm3/step2400k: 100%|██████████| 451/451 [38:29<00:00,  5.12s/it]
  ✅ Saved 451 records → data/results/binding_smollm3_45/smollm3_step2400k_binding_smollm3.jsonl

Loading SmolLM3-3B @ step3440k ...
Loading checkpoint shards:   0%|          | 0/2 [00:00<?, ?it/s]Loading checkpoint shards:  50%|█████     | 1/2 [00:07<00:07,  7.87s/it]Loading checkpoint shards: 100%|██████████| 2/2 [00:09<00:00,  4.28s/it]Loading checkpoint shards: 100%|██████████| 2/2 [00:09<00:00,  4.81s/it]
smollm3/step3440k:   0%|          | 0/451 [00:00<?, ?it/s]smollm3/step3440k:   0%|          | 1/451 [00:09<1:09:25,  9.26s/it]smollm3/step3440k:   0%|          | 2/451 [00:15<57:27,  7.68s/it]  smollm3/step3440k:   1%|          | 3/451 [00:20<45:48,  6.13s/it]smollm3/step3440k:   1%|          | 4/451 [00:28<53:27,  7.18s/it]smollm3/step3440k:   1%|          | 5/451 [00:38<59:45,  8.04s/it]smollm3/step3440k:   1%|▏         | 6/451 [00:40<44:40,  6.02s/it]smollm3/step3440k:   2%|▏         | 7/451 [00:43<36:39,  4.95s/it]smollm3/step3440k:   2%|▏         | 8/451 [00:45<30:12,  4.09s/it]smollm3/step3440k:   2%|▏         | 9/451 [00:48<26:49,  3.64s/it]smollm3/step3440k:   2%|▏         | 10/451 [00:51<25:54,  3.53s/it]smollm3/step3440k:   2%|▏         | 11/451 [00:53<23:05,  3.15s/it]smollm3/step3440k:   3%|▎         | 12/451 [01:00<29:54,  4.09s/it]smollm3/step3440k:   3%|▎         | 13/451 [01:08<39:06,  5.36s/it]smollm3/step3440k:   3%|▎         | 14/451 [01:12<36:00,  4.94s/it]smollm3/step3440k:   3%|▎         | 15/451 [01:20<42:34,  5.86s/it]smollm3/step3440k:   4%|▎         | 16/451 [01:29<50:08,  6.92s/it]smollm3/step3440k:   4%|▍         | 17/451 [01:31<39:50,  5.51s/it]smollm3/step3440k:   4%|▍         | 18/451 [01:33<31:28,  4.36s/it]smollm3/step3440k:   4%|▍         | 19/451 [01:35<27:09,  3.77s/it]smollm3/step3440k:   4%|▍         | 20/451 [01:37<23:18,  3.24s/it]smollm3/step3440k:   5%|▍         | 21/451 [01:40<22:15,  3.11s/it]smollm3/step3440k:   5%|▍         | 22/451 [01:43<20:23,  2.85s/it]smollm3/step3440k:   5%|▌         | 23/451 [01:50<29:19,  4.11s/it]smollm3/step3440k:   5%|▌         | 24/451 [01:57<35:35,  5.00s/it]smollm3/step3440k:   6%|▌         | 25/451 [02:00<32:37,  4.60s/it]smollm3/step3440k:   6%|▌         | 26/451 [02:08<38:49,  5.48s/it]smollm3/step3440k:   6%|▌         | 27/451 [02:17<46:06,  6.52s/it]smollm3/step3440k:   6%|▌         | 28/451 [02:19<36:17,  5.15s/it]smollm3/step3440k:   6%|▋         | 29/451 [02:20<28:58,  4.12s/it]smollm3/step3440k:   7%|▋         | 30/451 [02:23<25:23,  3.62s/it]smollm3/step3440k:   7%|▋         | 31/451 [02:25<22:05,  3.16s/it]smollm3/step3440k:   7%|▋         | 32/451 [02:27<20:35,  2.95s/it]smollm3/step3440k:   7%|▋         | 33/451 [02:30<18:58,  2.72s/it]smollm3/step3440k:   8%|▊         | 34/451 [02:38<30:27,  4.38s/it]smollm3/step3440k:   8%|▊         | 35/451 [02:45<36:29,  5.26s/it]smollm3/step3440k:   8%|▊         | 36/451 [02:50<35:23,  5.12s/it]smollm3/step3440k:   8%|▊         | 37/451 [03:00<44:32,  6.45s/it]smollm3/step3440k:   8%|▊         | 38/451 [03:10<52:12,  7.58s/it]smollm3/step3440k:   9%|▊         | 39/451 [03:12<40:32,  5.90s/it]smollm3/step3440k:   9%|▉         | 40/451 [03:15<34:30,  5.04s/it]smollm3/step3440k:   9%|▉         | 41/451 [03:17<28:45,  4.21s/it]smollm3/step3440k:   9%|▉         | 42/451 [03:19<24:24,  3.58s/it]smollm3/step3440k:  10%|▉         | 43/451 [03:23<23:59,  3.53s/it]smollm3/step3440k:  10%|▉         | 44/451 [03:25<20:59,  3.09s/it]smollm3/step3440k:  10%|▉         | 45/451 [03:34<33:07,  4.90s/it]smollm3/step3440k:  10%|█         | 46/451 [03:41<38:40,  5.73s/it]smollm3/step3440k:  10%|█         | 47/451 [03:46<36:20,  5.40s/it]smollm3/step3440k:  11%|█         | 48/451 [03:55<43:28,  6.47s/it]smollm3/step3440k:  11%|█         | 49/451 [04:06<51:35,  7.70s/it]smollm3/step3440k:  11%|█         | 50/451 [04:08<40:14,  6.02s/it]smollm3/step3440k:  11%|█▏        | 51/451 [04:10<33:31,  5.03s/it]smollm3/step3440k:  12%|█▏        | 52/451 [04:13<27:50,  4.19s/it]smollm3/step3440k:  12%|█▏        | 53/451 [04:15<24:07,  3.64s/it]smollm3/step3440k:  12%|█▏        | 54/451 [04:19<24:21,  3.68s/it]smollm3/step3440k:  12%|█▏        | 55/451 [04:21<22:02,  3.34s/it]smollm3/step3440k:  12%|█▏        | 56/451 [04:30<32:39,  4.96s/it]smollm3/step3440k:  13%|█▎        | 57/451 [04:37<36:13,  5.52s/it]smollm3/step3440k:  13%|█▎        | 58/451 [04:41<34:01,  5.19s/it]smollm3/step3440k:  13%|█▎        | 59/451 [04:50<40:53,  6.26s/it]smollm3/step3440k:  13%|█▎        | 60/451 [05:00<48:15,  7.41s/it]smollm3/step3440k:  14%|█▎        | 61/451 [05:03<38:23,  5.91s/it]smollm3/step3440k:  14%|█▎        | 62/451 [05:04<29:45,  4.59s/it]smollm3/step3440k:  14%|█▍        | 63/451 [05:06<25:19,  3.92s/it]smollm3/step3440k:  14%|█▍        | 64/451 [05:09<21:50,  3.39s/it]smollm3/step3440k:  14%|█▍        | 65/451 [05:12<21:19,  3.32s/it]smollm3/step3440k:  15%|█▍        | 66/451 [05:14<18:35,  2.90s/it]smollm3/step3440k:  15%|█▍        | 67/451 [05:22<29:05,  4.54s/it]smollm3/step3440k:  15%|█▌        | 68/451 [05:28<32:34,  5.10s/it]smollm3/step3440k:  15%|█▌        | 69/451 [05:33<31:19,  4.92s/it]smollm3/step3440k:  16%|█▌        | 70/451 [05:41<38:08,  6.01s/it]smollm3/step3440k:  16%|█▌        | 71/451 [05:52<45:58,  7.26s/it]smollm3/step3440k:  16%|█▌        | 72/451 [05:54<35:43,  5.66s/it]smollm3/step3440k:  16%|█▌        | 73/451 [05:56<28:40,  4.55s/it]smollm3/step3440k:  16%|█▋        | 74/451 [05:58<23:57,  3.81s/it]smollm3/step3440k:  17%|█▋        | 75/451 [06:00<20:58,  3.35s/it]smollm3/step3440k:  17%|█▋        | 76/451 [06:03<20:46,  3.32s/it]smollm3/step3440k:  17%|█▋        | 77/451 [06:05<18:08,  2.91s/it]smollm3/step3440k:  17%|█▋        | 78/451 [06:12<25:32,  4.11s/it]smollm3/step3440k:  18%|█▊        | 79/451 [06:19<30:00,  4.84s/it]smollm3/step3440k:  18%|█▊        | 80/451 [06:22<28:02,  4.53s/it]smollm3/step3440k:  18%|█▊        | 81/451 [06:32<36:40,  5.95s/it]smollm3/step3440k:  18%|█▊        | 82/451 [06:41<42:29,  6.91s/it]smollm3/step3440k:  18%|█▊        | 83/451 [06:43<32:57,  5.37s/it]smollm3/step3440k:  19%|█▊        | 84/451 [06:45<26:50,  4.39s/it]smollm3/step3440k:  19%|█▉        | 85/451 [06:47<23:34,  3.86s/it]smollm3/step3440k:  19%|█▉        | 86/451 [06:50<21:23,  3.52s/it]smollm3/step3440k:  19%|█▉        | 87/451 [06:53<20:10,  3.33s/it]smollm3/step3440k:  20%|█▉        | 88/451 [06:55<18:12,  3.01s/it]smollm3/step3440k:  20%|█▉        | 89/451 [07:04<28:46,  4.77s/it]smollm3/step3440k:  20%|█▉        | 90/451 [07:11<32:47,  5.45s/it]smollm3/step3440k:  20%|██        | 91/451 [07:15<30:32,  5.09s/it]smollm3/step3440k:  20%|██        | 92/451 [07:24<36:43,  6.14s/it]smollm3/step3440k:  21%|██        | 93/451 [07:34<43:44,  7.33s/it]smollm3/step3440k:  21%|██        | 94/451 [07:36<34:20,  5.77s/it]smollm3/step3440k:  21%|██        | 95/451 [07:38<28:04,  4.73s/it]smollm3/step3440k:  21%|██▏       | 96/451 [07:40<23:00,  3.89s/it]smollm3/step3440k:  22%|██▏       | 97/451 [07:43<20:53,  3.54s/it]smollm3/step3440k:  22%|██▏       | 98/451 [07:46<20:06,  3.42s/it]smollm3/step3440k:  22%|██▏       | 99/451 [07:48<17:31,  2.99s/it]smollm3/step3440k:  22%|██▏       | 100/451 [07:57<27:42,  4.74s/it]smollm3/step3440k:  22%|██▏       | 101/451 [08:03<30:28,  5.23s/it]smollm3/step3440k:  23%|██▎       | 102/451 [08:08<28:41,  4.93s/it]smollm3/step3440k:  23%|██▎       | 103/451 [08:16<34:57,  6.03s/it]smollm3/step3440k:  23%|██▎       | 104/451 [08:26<41:09,  7.12s/it]smollm3/step3440k:  23%|██▎       | 105/451 [08:28<32:16,  5.60s/it]smollm3/step3440k:  24%|██▎       | 106/451 [08:30<25:22,  4.41s/it]smollm3/step3440k:  24%|██▎       | 107/451 [08:32<21:56,  3.83s/it]smollm3/step3440k:  24%|██▍       | 108/451 [08:34<18:59,  3.32s/it]smollm3/step3440k:  24%|██▍       | 109/451 [08:38<19:28,  3.42s/it]smollm3/step3440k:  24%|██▍       | 110/451 [08:40<16:53,  2.97s/it]smollm3/step3440k:  25%|██▍       | 111/451 [08:48<26:30,  4.68s/it]smollm3/step3440k:  25%|██▍       | 112/451 [08:56<31:26,  5.57s/it]smollm3/step3440k:  25%|██▌       | 113/451 [09:00<29:06,  5.17s/it]smollm3/step3440k:  25%|██▌       | 114/451 [09:09<34:58,  6.23s/it]smollm3/step3440k:  25%|██▌       | 115/451 [09:19<41:01,  7.33s/it]smollm3/step3440k:  26%|██▌       | 116/451 [09:21<32:07,  5.75s/it]smollm3/step3440k:  26%|██▌       | 117/451 [09:24<27:11,  4.89s/it]smollm3/step3440k:  26%|██▌       | 118/451 [09:26<22:13,  4.00s/it]smollm3/step3440k:  26%|██▋       | 119/451 [09:28<19:24,  3.51s/it]smollm3/step3440k:  27%|██▋       | 120/451 [09:31<18:43,  3.39s/it]smollm3/step3440k:  27%|██▋       | 121/451 [09:33<16:11,  2.94s/it]smollm3/step3440k:  27%|██▋       | 122/451 [09:40<22:27,  4.09s/it]smollm3/step3440k:  27%|██▋       | 123/451 [09:46<25:37,  4.69s/it]smollm3/step3440k:  27%|██▋       | 124/451 [09:50<24:08,  4.43s/it]smollm3/step3440k:  28%|██▊       | 125/451 [09:58<30:41,  5.65s/it]smollm3/step3440k:  28%|██▊       | 126/451 [10:07<35:04,  6.48s/it]smollm3/step3440k:  28%|██▊       | 127/451 [10:09<27:59,  5.18s/it]smollm3/step3440k:  28%|██▊       | 128/451 [10:11<22:42,  4.22s/it]smollm3/step3440k:  29%|██▊       | 129/451 [10:13<19:31,  3.64s/it]smollm3/step3440k:  29%|██▉       | 130/451 [10:16<17:23,  3.25s/it]smollm3/step3440k:  29%|██▉       | 131/451 [10:18<16:21,  3.07s/it]smollm3/step3440k:  29%|██▉       | 132/451 [10:20<15:07,  2.85s/it]smollm3/step3440k:  29%|██▉       | 133/451 [10:29<23:58,  4.52s/it]smollm3/step3440k:  30%|██▉       | 134/451 [10:35<26:21,  4.99s/it]smollm3/step3440k:  30%|██▉       | 135/451 [10:39<25:07,  4.77s/it]smollm3/step3440k:  30%|███       | 136/451 [10:48<31:37,  6.02s/it]smollm3/step3440k:  30%|███       | 137/451 [10:58<37:21,  7.14s/it]smollm3/step3440k:  31%|███       | 138/451 [11:00<29:02,  5.57s/it]smollm3/step3440k:  31%|███       | 139/451 [11:02<22:53,  4.40s/it]smollm3/step3440k:  31%|███       | 140/451 [11:04<19:23,  3.74s/it]smollm3/step3440k:  31%|███▏      | 141/451 [11:06<17:16,  3.34s/it]smollm3/step3440k:  31%|███▏      | 142/451 [11:09<16:49,  3.27s/it]smollm3/step3440k:  32%|███▏      | 143/451 [11:12<15:19,  2.99s/it]smollm3/step3440k:  32%|███▏      | 144/451 [11:21<25:02,  4.89s/it]smollm3/step3440k:  32%|███▏      | 145/451 [11:28<27:51,  5.46s/it]smollm3/step3440k:  32%|███▏      | 146/451 [11:32<25:53,  5.09s/it]smollm3/step3440k:  33%|███▎      | 147/451 [11:40<31:04,  6.13s/it]smollm3/step3440k:  33%|███▎      | 148/451 [11:50<36:22,  7.20s/it]smollm3/step3440k:  33%|███▎      | 149/451 [11:53<28:55,  5.75s/it]smollm3/step3440k:  33%|███▎      | 150/451 [11:54<22:34,  4.50s/it]smollm3/step3440k:  33%|███▎      | 151/451 [11:57<19:20,  3.87s/it]smollm3/step3440k:  34%|███▎      | 152/451 [11:59<16:53,  3.39s/it]smollm3/step3440k:  34%|███▍      | 153/451 [12:02<16:33,  3.33s/it]smollm3/step3440k:  34%|███▍      | 154/451 [12:04<14:34,  2.95s/it]smollm3/step3440k:  34%|███▍      | 155/451 [12:13<23:14,  4.71s/it]smollm3/step3440k:  35%|███▍      | 156/451 [12:21<28:10,  5.73s/it]smollm3/step3440k:  35%|███▍      | 157/451 [12:26<26:22,  5.38s/it]smollm3/step3440k:  35%|███▌      | 158/451 [12:34<31:19,  6.42s/it]smollm3/step3440k:  35%|███▌      | 159/451 [12:45<36:51,  7.57s/it]smollm3/step3440k:  35%|███▌      | 160/451 [12:47<29:19,  6.05s/it]smollm3/step3440k:  36%|███▌      | 161/451 [12:50<24:54,  5.16s/it]smollm3/step3440k:  36%|███▌      | 162/451 [12:52<20:35,  4.27s/it]smollm3/step3440k:  36%|███▌      | 163/451 [12:55<17:50,  3.72s/it]smollm3/step3440k:  36%|███▋      | 164/451 [12:58<17:34,  3.67s/it]smollm3/step3440k:  37%|███▋      | 165/451 [13:01<15:47,  3.31s/it]smollm3/step3440k:  37%|███▋      | 166/451 [13:08<20:50,  4.39s/it]smollm3/step3440k:  37%|███▋      | 167/451 [13:15<24:51,  5.25s/it]smollm3/step3440k:  37%|███▋      | 168/451 [13:20<24:04,  5.11s/it]smollm3/step3440k:  37%|███▋      | 169/451 [13:29<29:34,  6.29s/it]smollm3/step3440k:  38%|███▊      | 170/451 [13:37<32:18,  6.90s/it]smollm3/step3440k:  38%|███▊      | 171/451 [13:39<24:59,  5.35s/it]smollm3/step3440k:  38%|███▊      | 172/451 [13:41<19:40,  4.23s/it]smollm3/step3440k:  38%|███▊      | 173/451 [13:43<16:58,  3.66s/it]smollm3/step3440k:  39%|███▊      | 174/451 [13:45<14:51,  3.22s/it]smollm3/step3440k:  39%|███▉      | 175/451 [13:48<14:14,  3.10s/it]smollm3/step3440k:  39%|███▉      | 176/451 [13:50<12:36,  2.75s/it]smollm3/step3440k:  39%|███▉      | 177/451 [13:58<19:59,  4.38s/it]smollm3/step3440k:  39%|███▉      | 178/451 [14:04<22:48,  5.01s/it]smollm3/step3440k:  40%|███▉      | 179/451 [14:09<22:06,  4.88s/it]smollm3/step3440k:  40%|███▉      | 180/451 [14:18<27:36,  6.11s/it]smollm3/step3440k:  40%|████      | 181/451 [14:28<32:49,  7.29s/it]smollm3/step3440k:  40%|████      | 182/451 [14:30<25:29,  5.69s/it]smollm3/step3440k:  41%|████      | 183/451 [14:33<21:50,  4.89s/it]smollm3/step3440k:  41%|████      | 184/451 [14:35<17:53,  4.02s/it]smollm3/step3440k:  41%|████      | 185/451 [14:38<15:58,  3.60s/it]smollm3/step3440k:  41%|████      | 186/451 [14:41<15:25,  3.49s/it]smollm3/step3440k:  41%|████▏     | 187/451 [14:43<13:50,  3.15s/it]smollm3/step3440k:  42%|████▏     | 188/451 [14:52<20:44,  4.73s/it]smollm3/step3440k:  42%|████▏     | 189/451 [14:58<23:23,  5.36s/it]smollm3/step3440k:  42%|████▏     | 190/451 [15:03<21:49,  5.02s/it]smollm3/step3440k:  42%|████▏     | 191/451 [15:11<26:34,  6.13s/it]smollm3/step3440k:  43%|████▎     | 192/451 [15:21<31:10,  7.22s/it]smollm3/step3440k:  43%|████▎     | 193/451 [15:23<24:20,  5.66s/it]smollm3/step3440k:  43%|████▎     | 194/451 [15:25<19:43,  4.61s/it]smollm3/step3440k:  43%|████▎     | 195/451 [15:28<16:46,  3.93s/it]smollm3/step3440k:  43%|████▎     | 196/451 [15:30<14:25,  3.39s/it]smollm3/step3440k:  44%|████▎     | 197/451 [15:33<14:23,  3.40s/it]smollm3/step3440k:  44%|████▍     | 198/451 [15:35<12:38,  3.00s/it]smollm3/step3440k:  44%|████▍     | 199/451 [15:44<19:11,  4.57s/it]smollm3/step3440k:  44%|████▍     | 200/451 [15:51<22:40,  5.42s/it]smollm3/step3440k:  45%|████▍     | 201/451 [15:55<21:08,  5.08s/it]smollm3/step3440k:  45%|████▍     | 202/451 [16:04<25:27,  6.13s/it]smollm3/step3440k:  45%|████▌     | 203/451 [16:14<30:02,  7.27s/it]smollm3/step3440k:  45%|████▌     | 204/451 [16:16<23:34,  5.73s/it]smollm3/step3440k:  45%|████▌     | 205/451 [16:19<20:02,  4.89s/it]smollm3/step3440k:  46%|████▌     | 206/451 [16:21<16:28,  4.03s/it]smollm3/step3440k:  46%|████▌     | 207/451 [16:23<14:08,  3.48s/it]smollm3/step3440k:  46%|████▌     | 208/451 [16:26<13:38,  3.37s/it]smollm3/step3440k:  46%|████▋     | 209/451 [16:28<12:03,  2.99s/it]smollm3/step3440k:  47%|████▋     | 210/451 [16:36<18:09,  4.52s/it]smollm3/step3440k:  47%|████▋     | 211/451 [16:43<20:53,  5.22s/it]smollm3/step3440k:  47%|████▋     | 212/451 [16:48<19:45,  4.96s/it]smollm3/step3440k:  47%|████▋     | 213/451 [16:56<24:07,  6.08s/it]smollm3/step3440k:  47%|████▋     | 214/451 [17:06<28:22,  7.18s/it]smollm3/step3440k:  48%|████▊     | 215/451 [17:08<22:05,  5.62s/it]smollm3/step3440k:  48%|████▊     | 216/451 [17:10<17:25,  4.45s/it]smollm3/step3440k:  48%|████▊     | 217/451 [17:12<14:59,  3.85s/it]smollm3/step3440k:  48%|████▊     | 218/451 [17:14<12:57,  3.34s/it]smollm3/step3440k:  49%|████▊     | 219/451 [17:18<13:18,  3.44s/it]smollm3/step3440k:  49%|████▉     | 220/451 [17:20<11:32,  3.00s/it]smollm3/step3440k:  49%|████▉     | 221/451 [17:27<16:02,  4.18s/it]smollm3/step3440k:  49%|████▉     | 222/451 [17:34<19:25,  5.09s/it]smollm3/step3440k:  49%|████▉     | 223/451 [17:39<18:33,  4.88s/it]smollm3/step3440k:  50%|████▉     | 224/451 [17:47<22:08,  5.85s/it]smollm3/step3440k:  50%|████▉     | 225/451 [17:55<24:55,  6.62s/it]smollm3/step3440k:  50%|█████     | 226/451 [17:57<19:42,  5.25s/it]smollm3/step3440k:  50%|█████     | 227/451 [17:59<15:42,  4.21s/it]smollm3/step3440k:  51%|█████     | 228/451 [18:01<12:56,  3.48s/it]smollm3/step3440k:  51%|█████     | 229/451 [18:03<11:50,  3.20s/it]smollm3/step3440k:  51%|█████     | 230/451 [18:06<10:54,  2.96s/it]smollm3/step3440k:  51%|█████     | 231/451 [18:08<10:03,  2.74s/it]smollm3/step3440k:  51%|█████▏    | 232/451 [18:16<16:28,  4.52s/it]smollm3/step3440k:  52%|█████▏    | 233/451 [18:23<18:40,  5.14s/it]smollm3/step3440k:  52%|█████▏    | 234/451 [18:27<17:37,  4.87s/it]smollm3/step3440k:  52%|█████▏    | 235/451 [18:36<21:34,  5.99s/it]smollm3/step3440k:  52%|█████▏    | 236/451 [18:46<25:29,  7.11s/it]smollm3/step3440k:  53%|█████▎    | 237/451 [18:48<19:59,  5.60s/it]smollm3/step3440k:  53%|█████▎    | 238/451 [18:51<17:09,  4.83s/it]smollm3/step3440k:  53%|█████▎    | 239/451 [18:53<14:28,  4.10s/it]smollm3/step3440k:  53%|█████▎    | 240/451 [18:55<12:28,  3.55s/it]smollm3/step3440k:  53%|█████▎    | 241/451 [18:59<12:23,  3.54s/it]smollm3/step3440k:  54%|█████▎    | 242/451 [19:01<10:43,  3.08s/it]smollm3/step3440k:  54%|█████▍    | 243/451 [19:10<16:52,  4.87s/it]smollm3/step3440k:  54%|█████▍    | 244/451 [19:17<19:27,  5.64s/it]smollm3/step3440k:  54%|█████▍    | 245/451 [19:22<17:58,  5.24s/it]smollm3/step3440k:  55%|█████▍    | 246/451 [19:30<21:24,  6.27s/it]smollm3/step3440k:  55%|█████▍    | 247/451 [19:40<24:47,  7.29s/it]smollm3/step3440k:  55%|█████▍    | 248/451 [19:42<19:16,  5.70s/it]smollm3/step3440k:  55%|█████▌    | 249/451 [19:46<17:31,  5.20s/it]smollm3/step3440k:  55%|█████▌    | 250/451 [19:48<14:15,  4.26s/it]smollm3/step3440k:  56%|█████▌    | 251/451 [19:50<12:07,  3.64s/it]smollm3/step3440k:  56%|█████▌    | 252/451 [19:54<11:47,  3.56s/it]smollm3/step3440k:  56%|█████▌    | 253/451 [19:56<10:12,  3.09s/it]smollm3/step3440k:  56%|█████▋    | 254/451 [20:06<16:57,  5.17s/it]smollm3/step3440k:  57%|█████▋    | 255/451 [20:13<18:57,  5.81s/it]smollm3/step3440k:  57%|█████▋    | 256/451 [20:18<17:56,  5.52s/it]smollm3/step3440k:  57%|█████▋    | 257/451 [20:27<21:22,  6.61s/it]smollm3/step3440k:  57%|█████▋    | 258/451 [20:37<24:28,  7.61s/it]smollm3/step3440k:  57%|█████▋    | 259/451 [20:39<19:18,  6.04s/it]smollm3/step3440k:  58%|█████▊    | 260/451 [20:41<15:22,  4.83s/it]smollm3/step3440k:  58%|█████▊    | 261/451 [20:44<13:01,  4.11s/it]smollm3/step3440k:  58%|█████▊    | 262/451 [20:46<11:30,  3.65s/it]smollm3/step3440k:  58%|█████▊    | 263/451 [20:50<11:20,  3.62s/it]smollm3/step3440k:  59%|█████▊    | 264/451 [20:52<10:12,  3.28s/it]smollm3/step3440k:  59%|█████▉    | 265/451 [21:02<15:47,  5.09s/it]smollm3/step3440k:  59%|█████▉    | 266/451 [21:09<18:07,  5.88s/it]smollm3/step3440k:  59%|█████▉    | 267/451 [21:14<16:56,  5.52s/it]smollm3/step3440k:  59%|█████▉    | 268/451 [21:23<19:51,  6.51s/it]smollm3/step3440k:  60%|█████▉    | 269/451 [21:33<22:57,  7.57s/it]smollm3/step3440k:  60%|█████▉    | 270/451 [21:35<17:49,  5.91s/it]smollm3/step3440k:  60%|██████    | 271/451 [21:37<14:09,  4.72s/it]smollm3/step3440k:  60%|██████    | 272/451 [21:39<11:37,  3.90s/it]smollm3/step3440k:  61%|██████    | 273/451 [21:42<10:23,  3.50s/it]smollm3/step3440k:  61%|██████    | 274/451 [21:45<09:56,  3.37s/it]smollm3/step3440k:  61%|██████    | 275/451 [21:47<09:00,  3.07s/it]smollm3/step3440k:  61%|██████    | 276/451 [21:55<13:36,  4.66s/it]smollm3/step3440k:  61%|██████▏   | 277/451 [22:02<15:24,  5.31s/it]smollm3/step3440k:  62%|██████▏   | 278/451 [22:07<14:32,  5.05s/it]smollm3/step3440k:  62%|██████▏   | 279/451 [22:15<17:36,  6.14s/it]smollm3/step3440k:  62%|██████▏   | 280/451 [22:25<20:41,  7.26s/it]smollm3/step3440k:  62%|██████▏   | 281/451 [22:27<16:18,  5.76s/it]smollm3/step3440k:  63%|██████▎   | 282/451 [22:30<13:11,  4.69s/it]smollm3/step3440k:  63%|██████▎   | 283/451 [22:32<11:05,  3.96s/it]smollm3/step3440k:  63%|██████▎   | 284/451 [22:34<09:32,  3.43s/it]smollm3/step3440k:  63%|██████▎   | 285/451 [22:37<09:26,  3.41s/it]smollm3/step3440k:  63%|██████▎   | 286/451 [22:39<08:15,  3.00s/it]smollm3/step3440k:  64%|██████▎   | 287/451 [22:49<13:25,  4.91s/it]smollm3/step3440k:  64%|██████▍   | 288/451 [22:56<15:14,  5.61s/it]smollm3/step3440k:  64%|██████▍   | 289/451 [23:00<14:04,  5.22s/it]smollm3/step3440k:  64%|██████▍   | 290/451 [23:09<16:39,  6.21s/it]smollm3/step3440k:  65%|██████▍   | 291/451 [23:19<19:28,  7.30s/it]smollm3/step3440k:  65%|██████▍   | 292/451 [23:21<15:16,  5.76s/it]smollm3/step3440k:  65%|██████▍   | 293/451 [23:24<12:47,  4.86s/it]smollm3/step3440k:  65%|██████▌   | 294/451 [23:26<10:25,  3.99s/it]smollm3/step3440k:  65%|██████▌   | 295/451 [23:28<09:00,  3.47s/it]smollm3/step3440k:  66%|██████▌   | 296/451 [23:31<08:42,  3.37s/it]smollm3/step3440k:  66%|██████▌   | 297/451 [23:33<07:35,  2.96s/it]smollm3/step3440k:  66%|██████▌   | 298/451 [23:42<12:18,  4.83s/it]smollm3/step3440k:  66%|██████▋   | 299/451 [23:50<14:25,  5.69s/it]smollm3/step3440k:  67%|██████▋   | 300/451 [23:55<13:32,  5.38s/it]smollm3/step3440k:  67%|██████▋   | 301/451 [24:04<16:09,  6.47s/it]smollm3/step3440k:  67%|██████▋   | 302/451 [24:14<18:42,  7.53s/it]smollm3/step3440k:  67%|██████▋   | 303/451 [24:16<14:54,  6.05s/it]smollm3/step3440k:  67%|██████▋   | 304/451 [24:19<12:09,  4.96s/it]smollm3/step3440k:  68%|██████▊   | 305/451 [24:21<10:07,  4.16s/it]smollm3/step3440k:  68%|██████▊   | 306/451 [24:24<09:00,  3.73s/it]smollm3/step3440k:  68%|██████▊   | 307/451 [24:27<08:43,  3.64s/it]smollm3/step3440k:  68%|██████▊   | 308/451 [24:29<07:36,  3.20s/it]smollm3/step3440k:  69%|██████▊   | 309/451 [24:38<11:43,  4.96s/it]smollm3/step3440k:  69%|██████▊   | 310/451 [24:44<12:29,  5.31s/it]smollm3/step3440k:  69%|██████▉   | 311/451 [24:49<12:06,  5.19s/it]smollm3/step3440k:  69%|██████▉   | 312/451 [24:58<14:44,  6.37s/it]smollm3/step3440k:  69%|██████▉   | 313/451 [25:08<17:07,  7.44s/it]smollm3/step3440k:  70%|██████▉   | 314/451 [25:11<13:22,  5.86s/it]smollm3/step3440k:  70%|██████▉   | 315/451 [25:13<11:08,  4.91s/it]smollm3/step3440k:  70%|███████   | 316/451 [25:15<09:13,  4.10s/it]smollm3/step3440k:  70%|███████   | 317/451 [25:18<08:05,  3.62s/it]smollm3/step3440k:  71%|███████   | 318/451 [25:21<07:51,  3.54s/it]smollm3/step3440k:  71%|███████   | 319/451 [25:24<06:57,  3.16s/it]smollm3/step3440k:  71%|███████   | 320/451 [25:31<09:44,  4.46s/it]smollm3/step3440k:  71%|███████   | 321/451 [25:37<10:44,  4.96s/it]smollm3/step3440k:  71%|███████▏  | 322/451 [25:41<10:12,  4.75s/it]smollm3/step3440k:  72%|███████▏  | 323/451 [25:48<11:20,  5.31s/it]smollm3/step3440k:  72%|███████▏  | 324/451 [25:58<13:51,  6.55s/it]smollm3/step3440k:  72%|███████▏  | 325/451 [26:00<10:52,  5.18s/it]smollm3/step3440k:  72%|███████▏  | 326/451 [26:02<08:50,  4.25s/it]smollm3/step3440k:  73%|███████▎  | 327/451 [26:04<07:24,  3.58s/it]smollm3/step3440k:  73%|███████▎  | 328/451 [26:06<06:39,  3.25s/it]smollm3/step3440k:  73%|███████▎  | 329/451 [26:10<06:46,  3.33s/it]smollm3/step3440k:  73%|███████▎  | 330/451 [26:12<06:11,  3.07s/it]smollm3/step3440k:  73%|███████▎  | 331/451 [26:21<09:39,  4.83s/it]smollm3/step3440k:  74%|███████▎  | 332/451 [26:29<11:15,  5.68s/it]smollm3/step3440k:  74%|███████▍  | 333/451 [26:33<10:30,  5.34s/it]smollm3/step3440k:  74%|███████▍  | 334/451 [26:42<12:20,  6.33s/it]smollm3/step3440k:  74%|███████▍  | 335/451 [26:52<14:23,  7.44s/it]smollm3/step3440k:  75%|███████▍  | 336/451 [26:54<11:08,  5.81s/it]smollm3/step3440k:  75%|███████▍  | 337/451 [26:56<09:10,  4.83s/it]smollm3/step3440k:  75%|███████▍  | 338/451 [26:59<07:32,  4.00s/it]smollm3/step3440k:  75%|███████▌  | 339/451 [27:01<06:35,  3.53s/it]smollm3/step3440k:  75%|███████▌  | 340/451 [27:04<06:27,  3.49s/it]smollm3/step3440k:  76%|███████▌  | 341/451 [27:07<05:51,  3.20s/it]smollm3/step3440k:  76%|███████▌  | 342/451 [27:16<08:51,  4.87s/it]smollm3/step3440k:  76%|███████▌  | 343/451 [27:23<10:08,  5.63s/it]smollm3/step3440k:  76%|███████▋  | 344/451 [27:27<09:18,  5.22s/it]smollm3/step3440k:  76%|███████▋  | 345/451 [27:36<10:57,  6.21s/it]smollm3/step3440k:  77%|███████▋  | 346/451 [27:45<12:40,  7.24s/it]smollm3/step3440k:  77%|███████▋  | 347/451 [27:47<09:46,  5.64s/it]smollm3/step3440k:  77%|███████▋  | 348/451 [27:49<07:38,  4.45s/it]smollm3/step3440k:  77%|███████▋  | 349/451 [27:51<06:17,  3.71s/it]smollm3/step3440k:  78%|███████▊  | 350/451 [27:53<05:27,  3.24s/it]smollm3/step3440k:  78%|███████▊  | 351/451 [27:56<05:20,  3.21s/it]smollm3/step3440k:  78%|███████▊  | 352/451 [27:58<04:39,  2.82s/it]smollm3/step3440k:  78%|███████▊  | 353/451 [28:05<06:39,  4.08s/it]smollm3/step3440k:  78%|███████▊  | 354/451 [28:11<07:26,  4.60s/it]smollm3/step3440k:  79%|███████▊  | 355/451 [28:15<07:08,  4.47s/it]smollm3/step3440k:  79%|███████▉  | 356/451 [28:24<08:53,  5.62s/it]smollm3/step3440k:  79%|███████▉  | 357/451 [28:31<09:49,  6.27s/it]smollm3/step3440k:  79%|███████▉  | 358/451 [28:33<07:42,  4.97s/it]smollm3/step3440k:  80%|███████▉  | 359/451 [28:35<06:07,  4.00s/it]smollm3/step3440k:  80%|███████▉  | 360/451 [28:37<05:19,  3.52s/it]smollm3/step3440k:  80%|████████  | 361/451 [28:39<04:36,  3.08s/it]smollm3/step3440k:  80%|████████  | 362/451 [28:43<04:49,  3.25s/it]smollm3/step3440k:  80%|████████  | 363/451 [28:45<04:21,  2.97s/it]smollm3/step3440k:  81%|████████  | 364/451 [28:55<07:03,  4.86s/it]smollm3/step3440k:  81%|████████  | 365/451 [29:01<07:42,  5.38s/it]smollm3/step3440k:  81%|████████  | 366/451 [29:05<07:06,  5.02s/it]smollm3/step3440k:  81%|████████▏ | 367/451 [29:14<08:41,  6.20s/it]smollm3/step3440k:  82%|████████▏ | 368/451 [29:24<10:07,  7.31s/it]smollm3/step3440k:  82%|████████▏ | 369/451 [29:27<07:56,  5.82s/it]smollm3/step3440k:  82%|████████▏ | 370/451 [29:28<06:06,  4.52s/it]smollm3/step3440k:  82%|████████▏ | 371/451 [29:30<05:02,  3.79s/it]smollm3/step3440k:  82%|████████▏ | 372/451 [29:33<04:26,  3.38s/it]smollm3/step3440k:  83%|████████▎ | 373/451 [29:36<04:17,  3.31s/it]smollm3/step3440k:  83%|████████▎ | 374/451 [29:38<03:46,  2.94s/it]smollm3/step3440k:  83%|████████▎ | 375/451 [29:47<05:58,  4.71s/it]smollm3/step3440k:  83%|████████▎ | 376/451 [29:53<06:28,  5.18s/it]smollm3/step3440k:  84%|████████▎ | 377/451 [29:57<06:04,  4.93s/it]smollm3/step3440k:  84%|████████▍ | 378/451 [30:06<07:21,  6.05s/it]smollm3/step3440k:  84%|████████▍ | 379/451 [30:16<08:36,  7.17s/it]smollm3/step3440k:  84%|████████▍ | 380/451 [30:18<06:39,  5.62s/it]smollm3/step3440k:  84%|████████▍ | 381/451 [30:21<05:34,  4.78s/it]smollm3/step3440k:  85%|████████▍ | 382/451 [30:23<04:35,  3.99s/it]smollm3/step3440k:  85%|████████▍ | 383/451 [30:25<03:57,  3.49s/it]smollm3/step3440k:  85%|████████▌ | 384/451 [30:28<03:51,  3.46s/it]smollm3/step3440k:  85%|████████▌ | 385/451 [30:30<03:18,  3.01s/it]smollm3/step3440k:  86%|████████▌ | 386/451 [30:39<05:08,  4.75s/it]smollm3/step3440k:  86%|████████▌ | 387/451 [30:47<05:53,  5.52s/it]smollm3/step3440k:  86%|████████▌ | 388/451 [30:51<05:29,  5.23s/it]smollm3/step3440k:  86%|████████▋ | 389/451 [31:01<06:41,  6.48s/it]smollm3/step3440k:  86%|████████▋ | 390/451 [31:10<07:38,  7.52s/it]smollm3/step3440k:  87%|████████▋ | 391/451 [31:13<05:56,  5.94s/it]smollm3/step3440k:  87%|████████▋ | 392/451 [31:16<04:58,  5.05s/it]smollm3/step3440k:  87%|████████▋ | 393/451 [31:18<04:01,  4.17s/it]smollm3/step3440k:  87%|████████▋ | 394/451 [31:20<03:26,  3.62s/it]smollm3/step3440k:  88%|████████▊ | 395/451 [31:24<03:19,  3.57s/it]smollm3/step3440k:  88%|████████▊ | 396/451 [31:26<02:49,  3.09s/it]smollm3/step3440k:  88%|████████▊ | 397/451 [31:36<04:40,  5.19s/it]smollm3/step3440k:  88%|████████▊ | 398/451 [31:42<04:59,  5.65s/it]smollm3/step3440k:  88%|████████▊ | 399/451 [31:47<04:34,  5.28s/it]smollm3/step3440k:  89%|████████▊ | 400/451 [31:55<05:20,  6.28s/it]smollm3/step3440k:  89%|████████▉ | 401/451 [32:05<06:05,  7.31s/it]smollm3/step3440k:  89%|████████▉ | 402/451 [32:07<04:42,  5.76s/it]smollm3/step3440k:  89%|████████▉ | 403/451 [32:10<03:49,  4.78s/it]smollm3/step3440k:  90%|████████▉ | 404/451 [32:12<03:07,  4.00s/it]smollm3/step3440k:  90%|████████▉ | 405/451 [32:14<02:40,  3.48s/it]smollm3/step3440k:  90%|█████████ | 406/451 [32:17<02:33,  3.41s/it]smollm3/step3440k:  90%|█████████ | 407/451 [32:19<02:11,  2.99s/it]smollm3/step3440k:  90%|█████████ | 408/451 [32:29<03:35,  5.01s/it]smollm3/step3440k:  91%|█████████ | 409/451 [32:37<04:08,  5.92s/it]smollm3/step3440k:  91%|█████████ | 410/451 [32:42<03:42,  5.43s/it]smollm3/step3440k:  91%|█████████ | 411/451 [32:50<04:19,  6.49s/it]smollm3/step3440k:  91%|█████████▏| 412/451 [33:00<04:51,  7.46s/it]smollm3/step3440k:  92%|█████████▏| 413/451 [33:02<03:44,  5.90s/it]smollm3/step3440k:  92%|█████████▏| 414/451 [33:05<03:04,  5.00s/it]smollm3/step3440k:  92%|█████████▏| 415/451 [33:07<02:28,  4.11s/it]smollm3/step3440k:  92%|█████████▏| 416/451 [33:10<02:03,  3.53s/it]smollm3/step3440k:  92%|█████████▏| 417/451 [33:13<02:00,  3.54s/it]smollm3/step3440k:  93%|█████████▎| 418/451 [33:15<01:41,  3.06s/it]smollm3/step3440k:  93%|█████████▎| 419/451 [33:25<02:41,  5.03s/it]smollm3/step3440k:  93%|█████████▎| 420/451 [33:33<03:03,  5.92s/it]smollm3/step3440k:  93%|█████████▎| 421/451 [33:37<02:45,  5.52s/it]smollm3/step3440k:  94%|█████████▎| 422/451 [33:47<03:14,  6.72s/it]smollm3/step3440k:  94%|█████████▍| 423/451 [33:58<03:43,  7.99s/it]smollm3/step3440k:  94%|█████████▍| 424/451 [34:00<02:50,  6.33s/it]smollm3/step3440k:  94%|█████████▍| 425/451 [34:05<02:33,  5.91s/it]smollm3/step3440k:  94%|█████████▍| 426/451 [34:08<02:03,  4.93s/it]smollm3/step3440k:  95%|█████████▍| 427/451 [34:10<01:41,  4.24s/it]smollm3/step3440k:  95%|█████████▍| 428/451 [34:14<01:33,  4.08s/it]smollm3/step3440k:  95%|█████████▌| 429/451 [34:17<01:19,  3.60s/it]smollm3/step3440k:  95%|█████████▌| 430/451 [34:26<01:49,  5.20s/it]smollm3/step3440k:  96%|█████████▌| 431/451 [34:33<01:55,  5.79s/it]smollm3/step3440k:  96%|█████████▌| 432/451 [34:37<01:42,  5.40s/it]smollm3/step3440k:  96%|█████████▌| 433/451 [34:46<01:57,  6.52s/it]smollm3/step3440k:  96%|█████████▌| 434/451 [34:56<02:07,  7.51s/it]smollm3/step3440k:  96%|█████████▋| 435/451 [34:58<01:34,  5.90s/it]smollm3/step3440k:  97%|█████████▋| 436/451 [35:01<01:16,  5.07s/it]smollm3/step3440k:  97%|█████████▋| 437/451 [35:03<00:58,  4.16s/it]smollm3/step3440k:  97%|█████████▋| 438/451 [35:06<00:46,  3.61s/it]smollm3/step3440k:  97%|█████████▋| 439/451 [35:09<00:41,  3.48s/it]smollm3/step3440k:  98%|█████████▊| 440/451 [35:11<00:33,  3.06s/it]smollm3/step3440k:  98%|█████████▊| 441/451 [35:19<00:45,  4.56s/it]smollm3/step3440k:  98%|█████████▊| 442/451 [35:27<00:49,  5.51s/it]smollm3/step3440k:  98%|█████████▊| 443/451 [35:31<00:41,  5.14s/it]smollm3/step3440k:  98%|█████████▊| 444/451 [35:40<00:43,  6.17s/it]smollm3/step3440k:  99%|█████████▊| 445/451 [35:50<00:45,  7.55s/it]smollm3/step3440k:  99%|█████████▉| 446/451 [35:53<00:29,  5.90s/it]smollm3/step3440k:  99%|█████████▉| 447/451 [35:55<00:19,  4.94s/it]smollm3/step3440k:  99%|█████████▉| 448/451 [35:58<00:12,  4.16s/it]smollm3/step3440k: 100%|█████████▉| 449/451 [36:00<00:07,  3.62s/it]smollm3/step3440k: 100%|█████████▉| 450/451 [36:03<00:03,  3.57s/it]smollm3/step3440k: 100%|██████████| 451/451 [36:05<00:00,  3.11s/it]smollm3/step3440k: 100%|██████████| 451/451 [36:05<00:00,  4.80s/it]
  ✅ Saved 451 records → data/results/binding_smollm3_45/smollm3_step3440k_binding_smollm3.jsonl

============================================================
STEP: SmolLM3 beh 45
CMD:  python src/eval_behavior_smollm3.py --all --prompts data/prompts/canonical_45terms.jsonl --outdir data/results/behavioral_smollm3_45
============================================================

Loading SmolLM3-3B @ step40k ...
Loading checkpoint shards:   0%|          | 0/2 [00:00<?, ?it/s]Loading checkpoint shards:  50%|█████     | 1/2 [00:06<00:06,  6.97s/it]Loading checkpoint shards: 100%|██████████| 2/2 [00:08<00:00,  3.89s/it]Loading checkpoint shards: 100%|██████████| 2/2 [00:08<00:00,  4.36s/it]
behavioral smollm3/step40k:   0%|          | 0/451 [00:00<?, ?it/s]behavioral smollm3/step40k:   0%|          | 1/451 [00:39<4:54:05, 39.21s/it]behavioral smollm3/step40k:   0%|          | 2/451 [01:08<4:10:45, 33.51s/it]behavioral smollm3/step40k:   1%|          | 3/451 [01:17<2:47:06, 22.38s/it]behavioral smollm3/step40k:   1%|          | 4/451 [01:56<3:35:22, 28.91s/it]behavioral smollm3/step40k:   1%|          | 5/451 [02:40<4:14:18, 34.21s/it]Setting `pad_token_id` to `eos_token_id`:128001 for open-end generation.
behavioral smollm3/step40k:   1%|▏         | 6/451 [02:48<3:06:43, 25.18s/it]Setting `pad_token_id` to `eos_token_id`:128001 for open-end generation.
behavioral smollm3/step40k:   2%|▏         | 7/451 [02:55<2:23:17, 19.36s/it]Setting `pad_token_id` to `eos_token_id`:128001 for open-end generation.
behavioral smollm3/step40k:   2%|▏         | 8/451 [03:04<1:58:36, 16.06s/it]Setting `pad_token_id` to `eos_token_id`:128001 for open-end generation.
behavioral smollm3/step40k:   2%|▏         | 9/451 [03:13<1:42:43, 13.95s/it]Setting `pad_token_id` to `eos_token_id`:128001 for open-end generation.
behavioral smollm3/step40k:   2%|▏         | 10/451 [03:23<1:33:45, 12.76s/it]Setting `pad_token_id` to `eos_token_id`:128001 for open-end generation.
behavioral smollm3/step40k:   2%|▏         | 11/451 [03:32<1:25:16, 11.63s/it]behavioral smollm3/step40k:   3%|▎         | 12/451 [03:58<1:56:35, 15.94s/it]behavioral smollm3/step40k:   3%|▎         | 13/451 [04:32<2:36:07, 21.39s/it]behavioral smollm3/step40k:   3%|▎         | 14/451 [04:40<2:06:30, 17.37s/it]behavioral smollm3/step40k:   3%|▎         | 15/451 [05:16<2:46:47, 22.95s/it]behavioral smollm3/step40k:   4%|▎         | 16/451 [05:56<3:23:11, 28.03s/it]Setting `pad_token_id` to `eos_token_id`:128001 for open-end generation.
behavioral smollm3/step40k:   4%|▍         | 17/451 [06:03<2:37:54, 21.83s/it]Setting `pad_token_id` to `eos_token_id`:128001 for open-end generation.
behavioral smollm3/step40k:   4%|▍         | 18/451 [06:11<2:07:30, 17.67s/it]Setting `pad_token_id` to `eos_token_id`:128001 for open-end generation.
behavioral smollm3/step40k:   4%|▍         | 19/451 [06:23<1:53:57, 15.83s/it]Setting `pad_token_id` to `eos_token_id`:128001 for open-end generation.
behavioral smollm3/step40k:   4%|▍         | 20/451 [06:34<1:42:57, 14.33s/it]Setting `pad_token_id` to `eos_token_id`:128001 for open-end generation.
behavioral smollm3/step40k:   5%|▍         | 21/451 [06:43<1:32:40, 12.93s/it]Setting `pad_token_id` to `eos_token_id`:128001 for open-end generation.
behavioral smollm3/step40k:   5%|▍         | 22/451 [06:53<1:25:11, 11.92s/it]behavioral smollm3/step40k:   5%|▌         | 23/451 [07:24<2:05:29, 17.59s/it]behavioral smollm3/step40k:   5%|▌         | 24/451 [07:54<2:31:36, 21.30s/it]behavioral smollm3/step40k:   6%|▌         | 25/451 [08:01<2:01:45, 17.15s/it]behavioral smollm3/step40k:   6%|▌         | 26/451 [08:35<2:37:45, 22.27s/it]behavioral smollm3/step40k:   6%|▌         | 27/451 [09:15<3:14:12, 27.48s/it]Setting `pad_token_id` to `eos_token_id`:128001 for open-end generation.
behavioral smollm3/step40k:   6%|▌         | 28/451 [09:23<2:31:57, 21.55s/it]Setting `pad_token_id` to `eos_token_id`:128001 for open-end generation.
behavioral smollm3/step40k:   6%|▋         | 29/451 [09:30<2:01:58, 17.34s/it]Setting `pad_token_id` to `eos_token_id`:128001 for open-end generation.
behavioral smollm3/step40k:   7%|▋         | 30/451 [09:39<1:44:09, 14.84s/it]Setting `pad_token_id` to `eos_token_id`:128001 for open-end generation.
behavioral smollm3/step40k:   7%|▋         | 31/451 [09:48<1:31:23, 13.06s/it]Setting `pad_token_id` to `eos_token_id`:128001 for open-end generation.
behavioral smollm3/step40k:   7%|▋         | 32/451 [09:58<1:23:32, 11.96s/it]Setting `pad_token_id` to `eos_token_id`:128001 for open-end generation.
behavioral smollm3/step40k:   7%|▋         | 33/451 [10:07<1:17:03, 11.06s/it]behavioral smollm3/step40k:   8%|▊         | 34/451 [10:43<2:10:51, 18.83s/it]behavioral smollm3/step40k:   8%|▊         | 35/451 [11:13<2:31:52, 21.91s/it]behavioral smollm3/step40k:   8%|▊         | 36/451 [11:21<2:04:33, 18.01s/it]behavioral smollm3/step40k:   8%|▊         | 37/451 [12:01<2:48:10, 24.37s/it]behavioral smollm3/step40k:   8%|▊         | 38/451 [12:45<3:29:02, 30.37s/it]Setting `pad_token_id` to `eos_token_id`:128001 for open-end generation.
behavioral smollm3/step40k:   9%|▊         | 39/451 [12:53<2:42:45, 23.70s/it]Setting `pad_token_id` to `eos_token_id`:128001 for open-end generation.
behavioral smollm3/step40k:   9%|▉         | 40/451 [13:01<2:10:40, 19.08s/it]Setting `pad_token_id` to `eos_token_id`:128001 for open-end generation.
behavioral smollm3/step40k:   9%|▉         | 41/451 [13:11<1:50:15, 16.14s/it]Setting `pad_token_id` to `eos_token_id`:128001 for open-end generation.
behavioral smollm3/step40k:   9%|▉         | 42/451 [13:20<1:35:54, 14.07s/it]Setting `pad_token_id` to `eos_token_id`:128001 for open-end generation.
behavioral smollm3/step40k:  10%|▉         | 43/451 [13:30<1:27:38, 12.89s/it]Setting `pad_token_id` to `eos_token_id`:128001 for open-end generation.
behavioral smollm3/step40k:  10%|▉         | 44/451 [13:39<1:19:37, 11.74s/it]behavioral smollm3/step40k:  10%|▉         | 45/451 [14:17<2:12:45, 19.62s/it]behavioral smollm3/step40k:  10%|█         | 46/451 [14:57<2:53:09, 25.65s/it]behavioral smollm3/step40k:  10%|█         | 47/451 [15:08<2:23:59, 21.38s/it]behavioral smollm3/step40k:  11%|█         | 48/451 [15:50<3:04:52, 27.53s/it]behavioral smollm3/step40k:  11%|█         | 49/451 [16:42<3:52:36, 34.72s/it]Setting `pad_token_id` to `eos_token_id`:128001 for open-end generation.
behavioral smollm3/step40k:  11%|█         | 50/451 [16:52<3:02:46, 27.35s/it]Setting `pad_token_id` to `eos_token_id`:128001 for open-end generation.
behavioral smollm3/step40k:  11%|█▏        | 51/451 [17:03<2:30:06, 22.52s/it]Setting `pad_token_id` to `eos_token_id`:128001 for open-end generation.
behavioral smollm3/step40k:  12%|█▏        | 52/451 [17:14<2:06:35, 19.04s/it]Setting `pad_token_id` to `eos_token_id`:128001 for open-end generation.
behavioral smollm3/step40k:  12%|█▏        | 53/451 [17:25<1:49:47, 16.55s/it]Setting `pad_token_id` to `eos_token_id`:128001 for open-end generation.
behavioral smollm3/step40k:  12%|█▏        | 54/451 [17:36<1:39:40, 15.06s/it]Setting `pad_token_id` to `eos_token_id`:128001 for open-end generation.
behavioral smollm3/step40k:  12%|█▏        | 55/451 [17:48<1:32:13, 13.97s/it]behavioral smollm3/step40k:  12%|█▏        | 56/451 [18:31<2:29:15, 22.67s/it]behavioral smollm3/step40k:  13%|█▎        | 57/451 [19:04<2:50:24, 25.95s/it]behavioral smollm3/step40k:  13%|█▎        | 58/451 [19:14<2:17:38, 21.02s/it]behavioral smollm3/step40k:  13%|█▎        | 59/451 [19:54<2:54:54, 26.77s/it]behavioral smollm3/step40k:  13%|█▎        | 60/451 [20:44<3:39:11, 33.63s/it]Setting `pad_token_id` to `eos_token_id`:128001 for open-end generation.
behavioral smollm3/step40k:  14%|█▎        | 61/451 [20:54<2:53:58, 26.77s/it]Setting `pad_token_id` to `eos_token_id`:128001 for open-end generation.
behavioral smollm3/step40k:  14%|█▎        | 62/451 [21:04<2:20:56, 21.74s/it]Setting `pad_token_id` to `eos_token_id`:128001 for open-end generation.
behavioral smollm3/step40k:  14%|█▍        | 63/451 [21:15<1:59:26, 18.47s/it]Setting `pad_token_id` to `eos_token_id`:128001 for open-end generation.
behavioral smollm3/step40k:  14%|█▍        | 64/451 [21:26<1:43:39, 16.07s/it]Setting `pad_token_id` to `eos_token_id`:128001 for open-end generation.
behavioral smollm3/step40k:  14%|█▍        | 65/451 [21:37<1:33:50, 14.59s/it]Setting `pad_token_id` to `eos_token_id`:128001 for open-end generation.
behavioral smollm3/step40k:  15%|█▍        | 66/451 [21:48<1:26:16, 13.45s/it]behavioral smollm3/step40k:  15%|█▍        | 67/451 [22:29<2:18:37, 21.66s/it]behavioral smollm3/step40k:  15%|█▌        | 68/451 [23:00<2:36:30, 24.52s/it]behavioral smollm3/step40k:  15%|█▌        | 69/451 [23:10<2:08:09, 20.13s/it]behavioral smollm3/step40k:  16%|█▌        | 70/451 [23:51<2:47:44, 26.42s/it]behavioral smollm3/step40k:  16%|█▌        | 71/451 [24:38<3:27:47, 32.81s/it]Setting `pad_token_id` to `eos_token_id`:128001 for open-end generation.
behavioral smollm3/step40k:  16%|█▌        | 72/451 [24:48<2:42:47, 25.77s/it]Setting `pad_token_id` to `eos_token_id`:128001 for open-end generation.
behavioral smollm3/step40k:  16%|█▌        | 73/451 [24:57<2:10:50, 20.77s/it]Setting `pad_token_id` to `eos_token_id`:128001 for open-end generation.
behavioral smollm3/step40k:  16%|█▋        | 74/451 [25:06<1:49:24, 17.41s/it]Setting `pad_token_id` to `eos_token_id`:128001 for open-end generation.
behavioral smollm3/step40k:  17%|█▋        | 75/451 [25:16<1:34:48, 15.13s/it]Setting `pad_token_id` to `eos_token_id`:128001 for open-end generation.
behavioral smollm3/step40k:  17%|█▋        | 76/451 [25:27<1:25:50, 13.73s/it]Setting `pad_token_id` to `eos_token_id`:128001 for open-end generation.
behavioral smollm3/step40k:  17%|█▋        | 77/451 [25:36<1:17:45, 12.47s/it]behavioral smollm3/step40k:  17%|█▋        | 78/451 [26:07<1:50:51, 17.83s/it]behavioral smollm3/step40k:  18%|█▊        | 79/451 [26:38<2:16:11, 21.97s/it]behavioral smollm3/step40k:  18%|█▊        | 80/451 [26:46<1:50:07, 17.81s/it]behavioral smollm3/step40k:  18%|█▊        | 81/451 [27:30<2:38:05, 25.64s/it]behavioral smollm3/step40k:  18%|█▊        | 82/451 [28:12<3:07:36, 30.51s/it]Setting `pad_token_id` to `eos_token_id`:128001 for open-end generation.
behavioral smollm3/step40k:  18%|█▊        | 83/451 [28:22<2:29:33, 24.39s/it]Setting `pad_token_id` to `eos_token_id`:128001 for open-end generation.
behavioral smollm3/step40k:  19%|█▊        | 84/451 [28:34<2:06:07, 20.62s/it]Setting `pad_token_id` to `eos_token_id`:128001 for open-end generation.
behavioral smollm3/step40k:  19%|█▉        | 85/451 [28:45<1:47:24, 17.61s/it]Setting `pad_token_id` to `eos_token_id`:128001 for open-end generation.
behavioral smollm3/step40k:  19%|█▉        | 86/451 [28:57<1:38:22, 16.17s/it]Setting `pad_token_id` to `eos_token_id`:128001 for open-end generation.
behavioral smollm3/step40k:  19%|█▉        | 87/451 [29:09<1:29:06, 14.69s/it]Setting `pad_token_id` to `eos_token_id`:128001 for open-end generation.
behavioral smollm3/step40k:  20%|█▉        | 88/451 [29:18<1:20:06, 13.24s/it]behavioral smollm3/step40k:  20%|█▉        | 89/451 [29:57<2:06:12, 20.92s/it]behavioral smollm3/step40k:  20%|█▉        | 90/451 [30:30<2:27:49, 24.57s/it]behavioral smollm3/step40k:  20%|██        | 91/451 [30:40<2:01:14, 20.21s/it]behavioral smollm3/step40k:  20%|██        | 92/451 [31:22<2:39:03, 26.58s/it]behavioral smollm3/step40k:  21%|██        | 93/451 [32:07<3:11:55, 32.16s/it]Setting `pad_token_id` to `eos_token_id`:128001 for open-end generation.
behavioral smollm3/step40k:  21%|██        | 94/451 [32:18<2:32:53, 25.70s/it]Setting `pad_token_id` to `eos_token_id`:128001 for open-end generation.
behavioral smollm3/step40k:  21%|██        | 95/451 [32:30<2:08:00, 21.57s/it]Setting `pad_token_id` to `eos_token_id`:128001 for open-end generation.
behavioral smollm3/step40k:  21%|██▏       | 96/451 [32:42<1:50:56, 18.75s/it]Setting `pad_token_id` to `eos_token_id`:128001 for open-end generation.
behavioral smollm3/step40k:  22%|██▏       | 97/451 [32:52<1:36:04, 16.28s/it]Setting `pad_token_id` to `eos_token_id`:128001 for open-end generation.
behavioral smollm3/step40k:  22%|██▏       | 98/451 [33:03<1:26:41, 14.74s/it]Setting `pad_token_id` to `eos_token_id`:128001 for open-end generation.
behavioral smollm3/step40k:  22%|██▏       | 99/451 [33:13<1:17:27, 13.20s/it]behavioral smollm3/step40k:  22%|██▏       | 100/451 [33:53<2:04:06, 21.22s/it]behavioral smollm3/step40k:  22%|██▏       | 101/451 [34:21<2:15:47, 23.28s/it]behavioral smollm3/step40k:  23%|██▎       | 102/451 [34:30<1:51:09, 19.11s/it]behavioral smollm3/step40k:  23%|██▎       | 103/451 [35:10<2:25:57, 25.16s/it]behavioral smollm3/step40k:  23%|██▎       | 104/451 [35:54<2:57:51, 30.75s/it]Setting `pad_token_id` to `eos_token_id`:128001 for open-end generation.
behavioral smollm3/step40k:  23%|██▎       | 105/451 [36:01<2:17:11, 23.79s/it]Setting `pad_token_id` to `eos_token_id`:128001 for open-end generation.
behavioral smollm3/step40k:  24%|██▎       | 106/451 [36:09<1:48:46, 18.92s/it]Setting `pad_token_id` to `eos_token_id`:128001 for open-end generation.
behavioral smollm3/step40k:  24%|██▎       | 107/451 [36:20<1:35:39, 16.68s/it]Setting `pad_token_id` to `eos_token_id`:128001 for open-end generation.
behavioral smollm3/step40k:  24%|██▍       | 108/451 [36:31<1:25:56, 15.03s/it]Setting `pad_token_id` to `eos_token_id`:128001 for open-end generation.
behavioral smollm3/step40k:  24%|██▍       | 109/451 [36:42<1:18:41, 13.81s/it]Setting `pad_token_id` to `eos_token_id`:128001 for open-end generation.
behavioral smollm3/step40k:  24%|██▍       | 110/451 [36:52<1:10:48, 12.46s/it]behavioral smollm3/step40k:  25%|██▍       | 111/451 [37:30<1:55:24, 20.37s/it]behavioral smollm3/step40k:  25%|██▍       | 112/451 [38:05<2:19:38, 24.72s/it]behavioral smollm3/step40k:  25%|██▌       | 113/451 [38:14<1:52:29, 19.97s/it]behavioral smollm3/step40k:  25%|██▌       | 114/451 [38:53<2:24:32, 25.73s/it]behavioral smollm3/step40k:  25%|██▌       | 115/451 [39:38<2:55:12, 31.29s/it]Setting `pad_token_id` to `eos_token_id`:128001 for open-end generation.
behavioral smollm3/step40k:  26%|██▌       | 116/451 [39:45<2:15:14, 24.22s/it]Setting `pad_token_id` to `eos_token_id`:128001 for open-end generation.
behavioral smollm3/step40k:  26%|██▌       | 117/451 [39:53<1:48:01, 19.41s/it]Setting `pad_token_id` to `eos_token_id`:128001 for open-end generation.
behavioral smollm3/step40k:  26%|██▌       | 118/451 [40:02<1:30:13, 16.26s/it]Setting `pad_token_id` to `eos_token_id`:128001 for open-end generation.
behavioral smollm3/step40k:  26%|██▋       | 119/451 [40:12<1:18:20, 14.16s/it]Setting `pad_token_id` to `eos_token_id`:128001 for open-end generation.
behavioral smollm3/step40k:  27%|██▋       | 120/451 [40:23<1:13:19, 13.29s/it]Setting `pad_token_id` to `eos_token_id`:128001 for open-end generation.
behavioral smollm3/step40k:  27%|██▋       | 121/451 [40:34<1:09:27, 12.63s/it]behavioral smollm3/step40k:  27%|██▋       | 122/451 [41:03<1:35:22, 17.39s/it]behavioral smollm3/step40k:  27%|██▋       | 123/451 [41:29<1:50:15, 20.17s/it]behavioral smollm3/step40k:  27%|██▋       | 124/451 [41:37<1:29:57, 16.51s/it]behavioral smollm3/step40k:  28%|██▊       | 125/451 [42:14<2:03:07, 22.66s/it]behavioral smollm3/step40k:  28%|██▊       | 126/451 [42:52<2:26:45, 27.09s/it]Setting `pad_token_id` to `eos_token_id`:128001 for open-end generation.
behavioral smollm3/step40k:  28%|██▊       | 127/451 [43:00<1:55:32, 21.40s/it]Setting `pad_token_id` to `eos_token_id`:128001 for open-end generation.
behavioral smollm3/step40k:  28%|██▊       | 128/451 [43:07<1:32:34, 17.20s/it]Setting `pad_token_id` to `eos_token_id`:128001 for open-end generation.
behavioral smollm3/step40k:  29%|██▊       | 129/451 [43:17<1:20:08, 14.93s/it]Setting `pad_token_id` to `eos_token_id`:128001 for open-end generation.
behavioral smollm3/step40k:  29%|██▉       | 130/451 [43:26<1:11:25, 13.35s/it]Setting `pad_token_id` to `eos_token_id`:128001 for open-end generation.
behavioral smollm3/step40k:  29%|██▉       | 131/451 [43:36<1:05:28, 12.28s/it]Setting `pad_token_id` to `eos_token_id`:128001 for open-end generation.
behavioral smollm3/step40k:  29%|██▉       | 132/451 [43:46<1:00:38, 11.40s/it]behavioral smollm3/step40k:  29%|██▉       | 133/451 [44:22<1:40:03, 18.88s/it]behavioral smollm3/step40k:  30%|██▉       | 134/451 [44:49<1:52:36, 21.31s/it]behavioral smollm3/step40k:  30%|██▉       | 135/451 [44:58<1:32:46, 17.62s/it]behavioral smollm3/step40k:  30%|███       | 136/451 [45:37<2:06:10, 24.03s/it]behavioral smollm3/step40k:  30%|███       | 137/451 [46:21<2:37:03, 30.01s/it]Setting `pad_token_id` to `eos_token_id`:128001 for open-end generation.
behavioral smollm3/step40k:  31%|███       | 138/451 [46:28<2:01:33, 23.30s/it]Setting `pad_token_id` to `eos_token_id`:128001 for open-end generation.
behavioral smollm3/step40k:  31%|███       | 139/451 [46:36<1:35:56, 18.45s/it]Setting `pad_token_id` to `eos_token_id`:128001 for open-end generation.
behavioral smollm3/step40k:  31%|███       | 140/451 [46:44<1:20:44, 15.58s/it]Setting `pad_token_id` to `eos_token_id`:128001 for open-end generation.
behavioral smollm3/step40k:  31%|███▏      | 141/451 [46:54<1:10:26, 13.63s/it]Setting `pad_token_id` to `eos_token_id`:128001 for open-end generation.
behavioral smollm3/step40k:  31%|███▏      | 142/451 [47:04<1:04:44, 12.57s/it]Setting `pad_token_id` to `eos_token_id`:128001 for open-end generation.
behavioral smollm3/step40k:  32%|███▏      | 143/451 [47:13<58:50, 11.46s/it]  behavioral smollm3/step40k:  32%|███▏      | 144/451 [47:55<1:45:31, 20.62s/it]behavioral smollm3/step40k:  32%|███▏      | 145/451 [48:25<2:00:10, 23.56s/it]behavioral smollm3/step40k:  32%|███▏      | 146/451 [48:34<1:37:33, 19.19s/it]behavioral smollm3/step40k:  33%|███▎      | 147/451 [49:13<2:07:52, 25.24s/it]behavioral smollm3/step40k:  33%|███▎      | 148/451 [49:57<2:35:48, 30.85s/it]Setting `pad_token_id` to `eos_token_id`:128001 for open-end generation.
behavioral smollm3/step40k:  33%|███▎      | 149/451 [50:07<2:03:07, 24.46s/it]Setting `pad_token_id` to `eos_token_id`:128001 for open-end generation.
behavioral smollm3/step40k:  33%|███▎      | 150/451 [50:15<1:38:38, 19.66s/it]Setting `pad_token_id` to `eos_token_id`:128001 for open-end generation.
behavioral smollm3/step40k:  33%|███▎      | 151/451 [50:26<1:25:30, 17.10s/it]Setting `pad_token_id` to `eos_token_id`:128001 for open-end generation.
behavioral smollm3/step40k:  34%|███▎      | 152/451 [50:36<1:13:47, 14.81s/it]Setting `pad_token_id` to `eos_token_id`:128001 for open-end generation.
behavioral smollm3/step40k:  34%|███▍      | 153/451 [50:46<1:06:37, 13.41s/it]Setting `pad_token_id` to `eos_token_id`:128001 for open-end generation.
behavioral smollm3/step40k:  34%|███▍      | 154/451 [50:55<1:00:36, 12.24s/it]behavioral smollm3/step40k:  34%|███▍      | 155/451 [51:33<1:37:23, 19.74s/it]behavioral smollm3/step40k:  35%|███▍      | 156/451 [52:10<2:02:31, 24.92s/it]behavioral smollm3/step40k:  35%|███▍      | 157/451 [52:19<1:39:11, 20.24s/it]behavioral smollm3/step40k:  35%|███▌      | 158/451 [52:59<2:07:35, 26.13s/it]behavioral smollm3/step40k:  35%|███▌      | 159/451 [53:44<2:35:04, 31.87s/it]Setting `pad_token_id` to `eos_token_id`:128001 for open-end generation.
behavioral smollm3/step40k:  35%|███▌      | 160/451 [53:52<1:59:22, 24.61s/it]Setting `pad_token_id` to `eos_token_id`:128001 for open-end generation.
behavioral smollm3/step40k:  36%|███▌      | 161/451 [54:00<1:35:29, 19.76s/it]Setting `pad_token_id` to `eos_token_id`:128001 for open-end generation.
behavioral smollm3/step40k:  36%|███▌      | 162/451 [54:10<1:21:00, 16.82s/it]Setting `pad_token_id` to `eos_token_id`:128001 for open-end generation.
behavioral smollm3/step40k:  36%|███▌      | 163/451 [54:22<1:12:56, 15.19s/it]Setting `pad_token_id` to `eos_token_id`:128001 for open-end generation.
behavioral smollm3/step40k:  36%|███▋      | 164/451 [54:33<1:06:28, 13.90s/it]Setting `pad_token_id` to `eos_token_id`:128001 for open-end generation.
behavioral smollm3/step40k:  37%|███▋      | 165/451 [54:42<59:18, 12.44s/it]  behavioral smollm3/step40k:  37%|███▋      | 166/451 [55:12<1:24:07, 17.71s/it]behavioral smollm3/step40k:  37%|███▋      | 167/451 [55:43<1:43:29, 21.86s/it]behavioral smollm3/step40k:  37%|███▋      | 168/451 [55:53<1:25:52, 18.21s/it]behavioral smollm3/step40k:  37%|███▋      | 169/451 [56:34<1:57:32, 25.01s/it]behavioral smollm3/step40k:  38%|███▊      | 170/451 [57:10<2:13:15, 28.45s/it]Setting `pad_token_id` to `eos_token_id`:128001 for open-end generation.
behavioral smollm3/step40k:  38%|███▊      | 171/451 [57:17<1:43:02, 22.08s/it]Setting `pad_token_id` to `eos_token_id`:128001 for open-end generation.
behavioral smollm3/step40k:  38%|███▊      | 172/451 [57:24<1:21:24, 17.51s/it]Setting `pad_token_id` to `eos_token_id`:128001 for open-end generation.
behavioral smollm3/step40k:  38%|███▊      | 173/451 [57:33<1:09:04, 14.91s/it]Setting `pad_token_id` to `eos_token_id`:128001 for open-end generation.
behavioral smollm3/step40k:  39%|███▊      | 174/451 [57:42<1:00:24, 13.08s/it]Setting `pad_token_id` to `eos_token_id`:128001 for open-end generation.
behavioral smollm3/step40k:  39%|███▉      | 175/451 [57:51<54:44, 11.90s/it]  Setting `pad_token_id` to `eos_token_id`:128001 for open-end generation.
behavioral smollm3/step40k:  39%|███▉      | 176/451 [58:00<50:17, 10.97s/it]behavioral smollm3/step40k:  39%|███▉      | 177/451 [58:35<1:23:33, 18.30s/it]behavioral smollm3/step40k:  39%|███▉      | 178/451 [59:05<1:38:16, 21.60s/it]behavioral smollm3/step40k:  40%|███▉      | 179/451 [59:13<1:20:26, 17.75s/it]behavioral smollm3/step40k:  40%|███▉      | 180/451 [59:52<1:48:34, 24.04s/it]behavioral smollm3/step40k:  40%|████      | 181/451 [1:00:37<2:16:30, 30.34s/it]Setting `pad_token_id` to `eos_token_id`:128001 for open-end generation.
behavioral smollm3/step40k:  40%|████      | 182/451 [1:00:44<1:45:03, 23.43s/it]Setting `pad_token_id` to `eos_token_id`:128001 for open-end generation.
behavioral smollm3/step40k:  41%|████      | 183/451 [1:00:53<1:25:13, 19.08s/it]Setting `pad_token_id` to `eos_token_id`:128001 for open-end generation.
behavioral smollm3/step40k:  41%|████      | 184/451 [1:01:03<1:12:03, 16.19s/it]Setting `pad_token_id` to `eos_token_id`:128001 for open-end generation.
behavioral smollm3/step40k:  41%|████      | 185/451 [1:01:12<1:02:18, 14.05s/it]Setting `pad_token_id` to `eos_token_id`:128001 for open-end generation.
behavioral smollm3/step40k:  41%|████      | 186/451 [1:01:22<56:49, 12.87s/it]  Setting `pad_token_id` to `eos_token_id`:128001 for open-end generation.
behavioral smollm3/step40k:  41%|████▏     | 187/451 [1:01:31<51:16, 11.65s/it]behavioral smollm3/step40k:  42%|████▏     | 188/451 [1:02:08<1:24:55, 19.37s/it]behavioral smollm3/step40k:  42%|████▏     | 189/451 [1:02:38<1:38:57, 22.66s/it]behavioral smollm3/step40k:  42%|████▏     | 190/451 [1:02:47<1:20:35, 18.53s/it]behavioral smollm3/step40k:  42%|████▏     | 191/451 [1:03:26<1:46:39, 24.61s/it]behavioral smollm3/step40k:  43%|████▎     | 192/451 [1:04:10<2:11:27, 30.45s/it]Setting `pad_token_id` to `eos_token_id`:128001 for open-end generation.
behavioral smollm3/step40k:  43%|████▎     | 193/451 [1:04:20<1:43:53, 24.16s/it]Setting `pad_token_id` to `eos_token_id`:128001 for open-end generation.
behavioral smollm3/step40k:  43%|████▎     | 194/451 [1:04:29<1:24:47, 19.80s/it]Setting `pad_token_id` to `eos_token_id`:128001 for open-end generation.
behavioral smollm3/step40k:  43%|████▎     | 195/451 [1:04:40<1:13:09, 17.15s/it]Setting `pad_token_id` to `eos_token_id`:128001 for open-end generation.
behavioral smollm3/step40k:  43%|████▎     | 196/451 [1:04:49<1:02:43, 14.76s/it]Setting `pad_token_id` to `eos_token_id`:128001 for open-end generation.
behavioral smollm3/step40k:  44%|████▎     | 197/451 [1:05:00<57:20, 13.55s/it]  Setting `pad_token_id` to `eos_token_id`:128001 for open-end generation.
behavioral smollm3/step40k:  44%|████▍     | 198/451 [1:05:09<51:33, 12.23s/it]behavioral smollm3/step40k:  44%|████▍     | 199/451 [1:05:46<1:21:45, 19.47s/it]behavioral smollm3/step40k:  44%|████▍     | 200/451 [1:06:19<1:39:20, 23.75s/it]behavioral smollm3/step40k:  45%|████▍     | 201/451 [1:06:29<1:21:02, 19.45s/it]behavioral smollm3/step40k:  45%|████▍     | 202/451 [1:07:08<1:45:17, 25.37s/it]behavioral smollm3/step40k:  45%|████▌     | 203/451 [1:07:52<2:08:29, 31.09s/it]Setting `pad_token_id` to `eos_token_id`:128001 for open-end generation.
behavioral smollm3/step40k:  45%|████▌     | 204/451 [1:08:00<1:38:52, 24.02s/it]Setting `pad_token_id` to `eos_token_id`:128001 for open-end generation.
behavioral smollm3/step40k:  45%|████▌     | 205/451 [1:08:08<1:19:16, 19.34s/it]Setting `pad_token_id` to `eos_token_id`:128001 for open-end generation.
behavioral smollm3/step40k:  46%|████▌     | 206/451 [1:08:19<1:08:46, 16.84s/it]Setting `pad_token_id` to `eos_token_id`:128001 for open-end generation.
behavioral smollm3/step40k:  46%|████▌     | 207/451 [1:08:31<1:02:02, 15.26s/it]Setting `pad_token_id` to `eos_token_id`:128001 for open-end generation.
behavioral smollm3/step40k:  46%|████▌     | 208/451 [1:08:42<56:59, 14.07s/it]  Setting `pad_token_id` to `eos_token_id`:128001 for open-end generation.
behavioral smollm3/step40k:  46%|████▋     | 209/451 [1:08:51<50:26, 12.51s/it]behavioral smollm3/step40k:  47%|████▋     | 210/451 [1:09:28<1:19:00, 19.67s/it]behavioral smollm3/step40k:  47%|████▋     | 211/451 [1:09:56<1:29:48, 22.45s/it]behavioral smollm3/step40k:  47%|████▋     | 212/451 [1:10:05<1:13:11, 18.37s/it]behavioral smollm3/step40k:  47%|████▋     | 213/451 [1:10:45<1:37:47, 24.65s/it]behavioral smollm3/step40k:  47%|████▋     | 214/451 [1:11:29<2:00:19, 30.46s/it]Setting `pad_token_id` to `eos_token_id`:128001 for open-end generation.
behavioral smollm3/step40k:  48%|████▊     | 215/451 [1:11:36<1:32:24, 23.50s/it]Setting `pad_token_id` to `eos_token_id`:128001 for open-end generation.
behavioral smollm3/step40k:  48%|████▊     | 216/451 [1:11:43<1:12:42, 18.56s/it]Setting `pad_token_id` to `eos_token_id`:128001 for open-end generation.
behavioral smollm3/step40k:  48%|████▊     | 217/451 [1:11:52<1:01:08, 15.68s/it]Setting `pad_token_id` to `eos_token_id`:128001 for open-end generation.
behavioral smollm3/step40k:  48%|████▊     | 218/451 [1:12:01<53:06, 13.68s/it]  Setting `pad_token_id` to `eos_token_id`:128001 for open-end generation.
behavioral smollm3/step40k:  49%|████▊     | 219/451 [1:12:12<49:27, 12.79s/it]Setting `pad_token_id` to `eos_token_id`:128001 for open-end generation.
behavioral smollm3/step40k:  49%|████▉     | 220/451 [1:12:23<47:30, 12.34s/it]behavioral smollm3/step40k:  49%|████▉     | 221/451 [1:12:53<1:07:54, 17.72s/it]behavioral smollm3/step40k:  49%|████▉     | 222/451 [1:13:25<1:23:58, 22.00s/it]behavioral smollm3/step40k:  49%|████▉     | 223/451 [1:13:33<1:08:01, 17.90s/it]behavioral smollm3/step40k:  50%|████▉     | 224/451 [1:14:10<1:29:23, 23.63s/it]behavioral smollm3/step40k:  50%|████▉     | 225/451 [1:14:47<1:43:30, 27.48s/it]Setting `pad_token_id` to `eos_token_id`:128001 for open-end generation.
behavioral smollm3/step40k:  50%|█████     | 226/451 [1:14:55<1:21:11, 21.65s/it]Setting `pad_token_id` to `eos_token_id`:128001 for open-end generation.
behavioral smollm3/step40k:  50%|█████     | 227/451 [1:15:03<1:05:07, 17.44s/it]Setting `pad_token_id` to `eos_token_id`:128001 for open-end generation.
behavioral smollm3/step40k:  51%|█████     | 228/451 [1:15:11<55:00, 14.80s/it]  Setting `pad_token_id` to `eos_token_id`:128001 for open-end generation.
behavioral smollm3/step40k:  51%|█████     | 229/451 [1:15:21<48:39, 13.15s/it]Setting `pad_token_id` to `eos_token_id`:128001 for open-end generation.
behavioral smollm3/step40k:  51%|█████     | 230/451 [1:15:30<44:13, 12.00s/it]Setting `pad_token_id` to `eos_token_id`:128001 for open-end generation.
behavioral smollm3/step40k:  51%|█████     | 231/451 [1:15:39<40:46, 11.12s/it]behavioral smollm3/step40k:  51%|█████▏    | 232/451 [1:16:18<1:11:03, 19.47s/it]behavioral smollm3/step40k:  52%|█████▏    | 233/451 [1:16:47<1:21:17, 22.38s/it]behavioral smollm3/step40k:  52%|█████▏    | 234/451 [1:16:56<1:06:22, 18.35s/it]behavioral smollm3/step40k:  52%|█████▏    | 235/451 [1:17:35<1:28:12, 24.50s/it]behavioral smollm3/step40k:  52%|█████▏    | 236/451 [1:18:19<1:48:48, 30.37s/it]Setting `pad_token_id` to `eos_token_id`:128001 for open-end generation.
behavioral smollm3/step40k:  53%|█████▎    | 237/451 [1:18:28<1:25:47, 24.05s/it]Setting `pad_token_id` to `eos_token_id`:128001 for open-end generation.
behavioral smollm3/step40k:  53%|█████▎    | 238/451 [1:18:38<1:10:20, 19.81s/it]Setting `pad_token_id` to `eos_token_id`:128001 for open-end generation.
behavioral smollm3/step40k:  53%|█████▎    | 239/451 [1:18:47<58:46, 16.63s/it]  Setting `pad_token_id` to `eos_token_id`:128001 for open-end generation.
behavioral smollm3/step40k:  53%|█████▎    | 240/451 [1:18:57<51:31, 14.65s/it]Setting `pad_token_id` to `eos_token_id`:128001 for open-end generation.
behavioral smollm3/step40k:  53%|█████▎    | 241/451 [1:19:07<46:23, 13.26s/it]Setting `pad_token_id` to `eos_token_id`:128001 for open-end generation.
behavioral smollm3/step40k:  54%|█████▎    | 242/451 [1:19:16<41:22, 11.88s/it]behavioral smollm3/step40k:  54%|█████▍    | 243/451 [1:19:57<1:11:24, 20.60s/it]behavioral smollm3/step40k:  54%|█████▍    | 244/451 [1:20:31<1:24:46, 24.57s/it]behavioral smollm3/step40k:  54%|█████▍    | 245/451 [1:20:40<1:08:13, 19.87s/it]behavioral smollm3/step40k:  55%|█████▍    | 246/451 [1:21:19<1:27:35, 25.63s/it]behavioral smollm3/step40k:  55%|█████▍    | 247/451 [1:22:03<1:45:46, 31.11s/it]Setting `pad_token_id` to `eos_token_id`:128001 for open-end generation.
behavioral smollm3/step40k:  55%|█████▍    | 248/451 [1:22:11<1:21:56, 24.22s/it]Setting `pad_token_id` to `eos_token_id`:128001 for open-end generation.
behavioral smollm3/step40k:  55%|█████▌    | 249/451 [1:22:22<1:08:06, 20.23s/it]Setting `pad_token_id` to `eos_token_id`:128001 for open-end generation.
behavioral smollm3/step40k:  55%|█████▌    | 250/451 [1:22:33<58:58, 17.61s/it]  Setting `pad_token_id` to `eos_token_id`:128001 for open-end generation.
behavioral smollm3/step40k:  56%|█████▌    | 251/451 [1:22:43<50:46, 15.23s/it]Setting `pad_token_id` to `eos_token_id`:128001 for open-end generation.
behavioral smollm3/step40k:  56%|█████▌    | 252/451 [1:22:53<45:42, 13.78s/it]Setting `pad_token_id` to `eos_token_id`:128001 for open-end generation.
behavioral smollm3/step40k:  56%|█████▌    | 253/451 [1:23:03<41:07, 12.46s/it]behavioral smollm3/step40k:  56%|█████▋    | 254/451 [1:23:48<1:13:13, 22.30s/it]behavioral smollm3/step40k:  57%|█████▋    | 255/451 [1:24:20<1:22:28, 25.25s/it]behavioral smollm3/step40k:  57%|█████▋    | 256/451 [1:24:30<1:06:39, 20.51s/it]behavioral smollm3/step40k:  57%|█████▋    | 257/451 [1:25:10<1:25:12, 26.35s/it]behavioral smollm3/step40k:  57%|█████▋    | 258/451 [1:25:54<1:42:35, 31.89s/it]Setting `pad_token_id` to `eos_token_id`:128001 for open-end generation.
behavioral smollm3/step40k:  57%|█████▋    | 259/451 [1:26:02<1:18:42, 24.60s/it]Setting `pad_token_id` to `eos_token_id`:128001 for open-end generation.
behavioral smollm3/step40k:  58%|█████▊    | 260/451 [1:26:09<1:01:52, 19.44s/it]Setting `pad_token_id` to `eos_token_id`:128001 for open-end generation.
behavioral smollm3/step40k:  58%|█████▊    | 261/451 [1:26:21<54:04, 17.08s/it]  Setting `pad_token_id` to `eos_token_id`:128001 for open-end generation.
behavioral smollm3/step40k:  58%|█████▊    | 262/451 [1:26:32<48:24, 15.37s/it]Setting `pad_token_id` to `eos_token_id`:128001 for open-end generation.
behavioral smollm3/step40k:  58%|█████▊    | 263/451 [1:26:44<44:14, 14.12s/it]Setting `pad_token_id` to `eos_token_id`:128001 for open-end generation.
behavioral smollm3/step40k:  59%|█████▊    | 264/451 [1:26:53<39:48, 12.77s/it]behavioral smollm3/step40k:  59%|█████▉    | 265/451 [1:27:34<1:05:51, 21.24s/it]behavioral smollm3/step40k:  59%|█████▉    | 266/451 [1:28:09<1:17:45, 25.22s/it]behavioral smollm3/step40k:  59%|█████▉    | 267/451 [1:28:18<1:02:23, 20.35s/it]behavioral smollm3/step40k:  59%|█████▉    | 268/451 [1:28:57<1:19:32, 26.08s/it]behavioral smollm3/step40k:  60%|█████▉    | 269/451 [1:29:42<1:36:15, 31.73s/it]Setting `pad_token_id` to `eos_token_id`:128001 for open-end generation.
behavioral smollm3/step40k:  60%|█████▉    | 270/451 [1:29:49<1:13:36, 24.40s/it]Setting `pad_token_id` to `eos_token_id`:128001 for open-end generation.
behavioral smollm3/step40k:  60%|██████    | 271/451 [1:29:56<57:31, 19.17s/it]  Setting `pad_token_id` to `eos_token_id`:128001 for open-end generation.
behavioral smollm3/step40k:  60%|██████    | 272/451 [1:30:05<47:56, 16.07s/it]Setting `pad_token_id` to `eos_token_id`:128001 for open-end generation.
behavioral smollm3/step40k:  61%|██████    | 273/451 [1:30:16<42:56, 14.48s/it]Setting `pad_token_id` to `eos_token_id`:128001 for open-end generation.
behavioral smollm3/step40k:  61%|██████    | 274/451 [1:30:29<41:22, 14.02s/it]Setting `pad_token_id` to `eos_token_id`:128001 for open-end generation.
behavioral smollm3/step40k:  61%|██████    | 275/451 [1:30:40<38:52, 13.25s/it]behavioral smollm3/step40k:  61%|██████    | 276/451 [1:31:20<1:01:46, 21.18s/it]behavioral smollm3/step40k:  61%|██████▏   | 277/451 [1:31:51<1:09:47, 24.07s/it]behavioral smollm3/step40k:  62%|██████▏   | 278/451 [1:32:00<56:36, 19.63s/it]  behavioral smollm3/step40k:  62%|██████▏   | 279/451 [1:32:45<1:18:15, 27.30s/it]behavioral smollm3/step40k:  62%|██████▏   | 280/451 [1:33:33<1:35:17, 33.44s/it]Setting `pad_token_id` to `eos_token_id`:128001 for open-end generation.
behavioral smollm3/step40k:  62%|██████▏   | 281/451 [1:33:42<1:14:01, 26.13s/it]Setting `pad_token_id` to `eos_token_id`:128001 for open-end generation.
behavioral smollm3/step40k:  63%|██████▎   | 282/451 [1:33:51<58:43, 20.85s/it]  Setting `pad_token_id` to `eos_token_id`:128001 for open-end generation.
behavioral smollm3/step40k:  63%|██████▎   | 283/451 [1:34:01<49:29, 17.68s/it]Setting `pad_token_id` to `eos_token_id`:128001 for open-end generation.
behavioral smollm3/step40k:  63%|██████▎   | 284/451 [1:34:13<44:56, 16.15s/it]Setting `pad_token_id` to `eos_token_id`:128001 for open-end generation.
behavioral smollm3/step40k:  63%|██████▎   | 285/451 [1:34:29<43:55, 15.87s/it]Setting `pad_token_id` to `eos_token_id`:128001 for open-end generation.
behavioral smollm3/step40k:  63%|██████▎   | 286/451 [1:34:40<39:39, 14.42s/it]behavioral smollm3/step40k:  64%|██████▎   | 287/451 [1:35:22<1:01:54, 22.65s/it]behavioral smollm3/step40k:  64%|██████▍   | 288/451 [1:35:52<1:08:07, 25.08s/it]behavioral smollm3/step40k:  64%|██████▍   | 289/451 [1:36:01<54:36, 20.22s/it]  behavioral smollm3/step40k:  64%|██████▍   | 290/451 [1:36:45<1:13:26, 27.37s/it]behavioral smollm3/step40k:  65%|██████▍   | 291/451 [1:37:32<1:28:37, 33.24s/it]Setting `pad_token_id` to `eos_token_id`:128001 for open-end generation.
behavioral smollm3/step40k:  65%|██████▍   | 292/451 [1:37:40<1:08:03, 25.68s/it]Setting `pad_token_id` to `eos_token_id`:128001 for open-end generation.
behavioral smollm3/step40k:  65%|██████▍   | 293/451 [1:37:49<54:05, 20.54s/it]  Setting `pad_token_id` to `eos_token_id`:128001 for open-end generation.
behavioral smollm3/step40k:  65%|██████▌   | 294/451 [1:37:59<45:47, 17.50s/it]Setting `pad_token_id` to `eos_token_id`:128001 for open-end generation.
behavioral smollm3/step40k:  65%|██████▌   | 295/451 [1:38:10<40:00, 15.39s/it]Setting `pad_token_id` to `eos_token_id`:128001 for open-end generation.
behavioral smollm3/step40k:  66%|██████▌   | 296/451 [1:38:23<38:15, 14.81s/it]Setting `pad_token_id` to `eos_token_id`:128001 for open-end generation.
behavioral smollm3/step40k:  66%|██████▌   | 297/451 [1:38:42<41:27, 16.15s/it]behavioral smollm3/step40k:  66%|██████▌   | 298/451 [1:39:28<1:03:58, 25.09s/it]behavioral smollm3/step40k:  66%|██████▋   | 299/451 [1:40:03<1:10:29, 27.83s/it]behavioral smollm3/step40k:  67%|██████▋   | 300/451 [1:40:13<56:53, 22.61s/it]  behavioral smollm3/step40k:  67%|██████▋   | 301/451 [1:40:58<1:13:27, 29.38s/it]behavioral smollm3/step40k:  67%|██████▋   | 302/451 [1:41:43<1:24:49, 34.16s/it]Setting `pad_token_id` to `eos_token_id`:128001 for open-end generation.
behavioral smollm3/step40k:  67%|██████▋   | 303/451 [1:41:52<1:05:17, 26.47s/it]Setting `pad_token_id` to `eos_token_id`:128001 for open-end generation.
behavioral smollm3/step40k:  67%|██████▋   | 304/451 [1:42:01<51:53, 21.18s/it]  Setting `pad_token_id` to `eos_token_id`:128001 for open-end generation.
behavioral smollm3/step40k:  68%|██████▊   | 305/451 [1:42:14<45:21, 18.64s/it]Setting `pad_token_id` to `eos_token_id`:128001 for open-end generation.
behavioral smollm3/step40k:  68%|██████▊   | 306/451 [1:42:30<43:16, 17.91s/it]Setting `pad_token_id` to `eos_token_id`:128001 for open-end generation.
behavioral smollm3/step40k:  68%|██████▊   | 307/451 [1:42:45<40:46, 16.99s/it]Setting `pad_token_id` to `eos_token_id`:128001 for open-end generation.
behavioral smollm3/step40k:  68%|██████▊   | 308/451 [1:42:56<36:13, 15.20s/it]behavioral smollm3/step40k:  69%|██████▊   | 309/451 [1:43:36<54:08, 22.88s/it]behavioral smollm3/step40k:  69%|██████▊   | 310/451 [1:44:03<56:25, 24.01s/it]behavioral smollm3/step40k:  69%|██████▉   | 311/451 [1:44:13<46:17, 19.84s/it]behavioral smollm3/step40k:  69%|██████▉   | 312/451 [1:45:00<1:04:23, 27.80s/it]behavioral smollm3/step40k:  69%|██████▉   | 313/451 [1:45:46<1:17:08, 33.54s/it]Setting `pad_token_id` to `eos_token_id`:128001 for open-end generation.
behavioral smollm3/step40k:  70%|██████▉   | 314/451 [1:45:55<59:24, 26.02s/it]  Setting `pad_token_id` to `eos_token_id`:128001 for open-end generation.
behavioral smollm3/step40k:  70%|██████▉   | 315/451 [1:46:04<47:06, 20.78s/it]Setting `pad_token_id` to `eos_token_id`:128001 for open-end generation.
behavioral smollm3/step40k:  70%|███████   | 316/451 [1:46:18<42:31, 18.90s/it]Setting `pad_token_id` to `eos_token_id`:128001 for open-end generation.
behavioral smollm3/step40k:  70%|███████   | 317/451 [1:46:32<39:13, 17.57s/it]Setting `pad_token_id` to `eos_token_id`:128001 for open-end generation.
behavioral smollm3/step40k:  71%|███████   | 318/451 [1:46:46<35:58, 16.23s/it]Setting `pad_token_id` to `eos_token_id`:128001 for open-end generation.
behavioral smollm3/step40k:  71%|███████   | 319/451 [1:46:57<32:18, 14.68s/it]behavioral smollm3/step40k:  71%|███████   | 320/451 [1:47:32<45:33, 20.87s/it]behavioral smollm3/step40k:  71%|███████   | 321/451 [1:47:59<49:03, 22.64s/it]behavioral smollm3/step40k:  71%|███████▏  | 322/451 [1:48:08<39:48, 18.51s/it]behavioral smollm3/step40k:  72%|███████▏  | 323/451 [1:48:40<48:21, 22.67s/it]behavioral smollm3/step40k:  72%|███████▏  | 324/451 [1:49:27<1:03:08, 29.83s/it]Setting `pad_token_id` to `eos_token_id`:128001 for open-end generation.
behavioral smollm3/step40k:  72%|███████▏  | 325/451 [1:49:35<49:20, 23.50s/it]  Setting `pad_token_id` to `eos_token_id`:128001 for open-end generation.
behavioral smollm3/step40k:  72%|███████▏  | 326/451 [1:49:43<39:12, 18.82s/it]Setting `pad_token_id` to `eos_token_id`:128001 for open-end generation.
behavioral smollm3/step40k:  73%|███████▎  | 327/451 [1:49:53<33:28, 16.20s/it]Setting `pad_token_id` to `eos_token_id`:128001 for open-end generation.
behavioral smollm3/step40k:  73%|███████▎  | 328/451 [1:50:03<29:11, 14.24s/it]Setting `pad_token_id` to `eos_token_id`:128001 for open-end generation.
behavioral smollm3/step40k:  73%|███████▎  | 329/451 [1:50:16<28:14, 13.89s/it]Setting `pad_token_id` to `eos_token_id`:128001 for open-end generation.
behavioral smollm3/step40k:  73%|███████▎  | 330/451 [1:50:30<28:20, 14.05s/it]behavioral smollm3/step40k:  73%|███████▎  | 331/451 [1:51:16<46:53, 23.45s/it]behavioral smollm3/step40k:  74%|███████▎  | 332/451 [1:51:51<53:40, 27.06s/it]behavioral smollm3/step40k:  74%|███████▍  | 333/451 [1:52:00<42:38, 21.69s/it]behavioral smollm3/step40k:  74%|███████▍  | 334/451 [1:52:45<55:56, 28.69s/it]behavioral smollm3/step40k:  74%|███████▍  | 335/451 [1:53:38<1:09:18, 35.85s/it]Setting `pad_token_id` to `eos_token_id`:128001 for open-end generation.
behavioral smollm3/step40k:  75%|███████▍  | 336/451 [1:54:11<1:06:53, 34.90s/it]Setting `pad_token_id` to `eos_token_id`:128001 for open-end generation.
behavioral smollm3/step40k:  75%|███████▍  | 337/451 [1:54:51<1:09:28, 36.57s/it]Setting `pad_token_id` to `eos_token_id`:128001 for open-end generation.
behavioral smollm3/step40k:  75%|███████▍  | 338/451 [1:55:27<1:08:18, 36.27s/it]Setting `pad_token_id` to `eos_token_id`:128001 for open-end generation.
behavioral smollm3/step40k:  75%|███████▌  | 339/451 [1:55:37<52:52, 28.32s/it]  Setting `pad_token_id` to `eos_token_id`:128001 for open-end generation.
behavioral smollm3/step40k:  75%|███████▌  | 340/451 [1:55:47<42:18, 22.87s/it]Setting `pad_token_id` to `eos_token_id`:128001 for open-end generation.
behavioral smollm3/step40k:  76%|███████▌  | 341/451 [1:55:56<34:33, 18.85s/it]behavioral smollm3/step40k:  76%|███████▌  | 342/451 [1:56:41<48:13, 26.55s/it]behavioral smollm3/step40k:  76%|███████▌  | 343/451 [1:57:17<53:10, 29.54s/it]behavioral smollm3/step40k:  76%|███████▋  | 344/451 [1:57:29<43:13, 24.24s/it]behavioral smollm3/step40k:  76%|███████▋  | 345/451 [1:58:17<55:08, 31.21s/it]behavioral smollm3/step40k:  77%|███████▋  | 346/451 [1:59:14<1:08:26, 39.11s/it]Setting `pad_token_id` to `eos_token_id`:128001 for open-end generation.
behavioral smollm3/step40k:  77%|███████▋  | 347/451 [1:59:29<55:26, 31.98s/it]  Setting `pad_token_id` to `eos_token_id`:128001 for open-end generation.
behavioral smollm3/step40k:  77%|███████▋  | 348/451 [1:59:38<42:57, 25.02s/it]Setting `pad_token_id` to `eos_token_id`:128001 for open-end generation.
behavioral smollm3/step40k:  77%|███████▋  | 349/451 [1:59:49<35:04, 20.63s/it]Setting `pad_token_id` to `eos_token_id`:128001 for open-end generation.
behavioral smollm3/step40k:  78%|███████▊  | 350/451 [1:59:59<29:25, 17.48s/it]Setting `pad_token_id` to `eos_token_id`:128001 for open-end generation.
behavioral smollm3/step40k:  78%|███████▊  | 351/451 [2:00:11<26:38, 15.98s/it]Setting `pad_token_id` to `eos_token_id`:128001 for open-end generation.
behavioral smollm3/step40k:  78%|███████▊  | 352/451 [2:00:26<25:47, 15.63s/it]behavioral smollm3/step40k:  78%|███████▊  | 353/451 [2:01:03<35:45, 21.89s/it]behavioral smollm3/step40k:  78%|███████▊  | 354/451 [2:01:35<40:44, 25.20s/it]behavioral smollm3/step40k:  79%|███████▊  | 355/451 [2:01:47<33:47, 21.12s/it]behavioral smollm3/step40k:  79%|███████▉  | 356/451 [2:02:31<44:03, 27.83s/it]behavioral smollm3/step40k:  79%|███████▉  | 357/451 [2:03:07<47:28, 30.30s/it]Setting `pad_token_id` to `eos_token_id`:128001 for open-end generation.
behavioral smollm3/step40k:  79%|███████▉  | 358/451 [2:03:19<38:49, 25.04s/it]Setting `pad_token_id` to `eos_token_id`:128001 for open-end generation.
behavioral smollm3/step40k:  80%|███████▉  | 359/451 [2:03:50<41:00, 26.75s/it]Setting `pad_token_id` to `eos_token_id`:128001 for open-end generation.
behavioral smollm3/step40k:  80%|███████▉  | 360/451 [2:04:34<48:35, 32.04s/it]Setting `pad_token_id` to `eos_token_id`:128001 for open-end generation.
behavioral smollm3/step40k:  80%|████████  | 361/451 [2:05:19<53:44, 35.82s/it]Setting `pad_token_id` to `eos_token_id`:128001 for open-end generation.
behavioral smollm3/step40k:  80%|████████  | 362/451 [2:05:35<44:18, 29.87s/it]Setting `pad_token_id` to `eos_token_id`:128001 for open-end generation.
behavioral smollm3/step40k:  80%|████████  | 363/451 [2:05:45<35:01, 23.89s/it]behavioral smollm3/step40k:  81%|████████  | 364/451 [2:06:25<41:33, 28.66s/it]behavioral smollm3/step40k:  81%|████████  | 365/451 [2:06:56<42:02, 29.33s/it]behavioral smollm3/step40k:  81%|████████  | 366/451 [2:07:05<32:51, 23.20s/it]behavioral smollm3/step40k:  81%|████████▏ | 367/451 [2:07:52<42:39, 30.48s/it]behavioral smollm3/step40k:  82%|████████▏ | 368/451 [2:08:45<51:22, 37.14s/it]Setting `pad_token_id` to `eos_token_id`:128001 for open-end generation.
behavioral smollm3/step40k:  82%|████████▏ | 369/451 [2:08:55<39:40, 29.03s/it]Setting `pad_token_id` to `eos_token_id`:128001 for open-end generation.
behavioral smollm3/step40k:  82%|████████▏ | 370/451 [2:09:02<30:25, 22.54s/it]Setting `pad_token_id` to `eos_token_id`:128001 for open-end generation.
behavioral smollm3/step40k:  82%|████████▏ | 371/451 [2:09:13<25:30, 19.13s/it]Setting `pad_token_id` to `eos_token_id`:128001 for open-end generation.
behavioral smollm3/step40k:  82%|████████▏ | 372/451 [2:09:24<21:42, 16.49s/it]Setting `pad_token_id` to `eos_token_id`:128001 for open-end generation.
behavioral smollm3/step40k:  83%|████████▎ | 373/451 [2:09:35<19:13, 14.79s/it]Setting `pad_token_id` to `eos_token_id`:128001 for open-end generation.
behavioral smollm3/step40k:  83%|████████▎ | 374/451 [2:09:45<17:09, 13.36s/it]behavioral smollm3/step40k:  83%|████████▎ | 375/451 [2:10:27<27:47, 21.94s/it]behavioral smollm3/step40k:  83%|████████▎ | 376/451 [2:10:57<30:34, 24.46s/it]behavioral smollm3/step40k:  84%|████████▎ | 377/451 [2:11:07<24:58, 20.24s/it]behavioral smollm3/step40k:  84%|████████▍ | 378/451 [2:11:54<34:26, 28.30s/it]behavioral smollm3/step40k:  84%|████████▍ | 379/451 [2:12:50<43:36, 36.34s/it]Setting `pad_token_id` to `eos_token_id`:128001 for open-end generation.
behavioral smollm3/step40k:  84%|████████▍ | 380/451 [2:13:21<41:21, 34.95s/it]Setting `pad_token_id` to `eos_token_id`:128001 for open-end generation.
behavioral smollm3/step40k:  84%|████████▍ | 381/451 [2:13:30<31:37, 27.11s/it]Setting `pad_token_id` to `eos_token_id`:128001 for open-end generation.
behavioral smollm3/step40k:  85%|████████▍ | 382/451 [2:13:40<25:20, 22.03s/it]Setting `pad_token_id` to `eos_token_id`:128001 for open-end generation.
behavioral smollm3/step40k:  85%|████████▍ | 383/451 [2:13:51<21:03, 18.59s/it]Setting `pad_token_id` to `eos_token_id`:128001 for open-end generation.
behavioral smollm3/step40k:  85%|████████▌ | 384/451 [2:14:02<18:18, 16.40s/it]Setting `pad_token_id` to `eos_token_id`:128001 for open-end generation.
behavioral smollm3/step40k:  85%|████████▌ | 385/451 [2:14:16<17:09, 15.60s/it]behavioral smollm3/step40k:  86%|████████▌ | 386/451 [2:15:01<26:22, 24.35s/it]behavioral smollm3/step40k:  86%|████████▌ | 387/451 [2:15:36<29:35, 27.74s/it]behavioral smollm3/step40k:  86%|████████▌ | 388/451 [2:15:48<24:04, 22.93s/it]behavioral smollm3/step40k:  86%|████████▋ | 389/451 [2:16:35<31:17, 30.29s/it]behavioral smollm3/step40k:  86%|████████▋ | 390/451 [2:17:25<36:37, 36.03s/it]Setting `pad_token_id` to `eos_token_id`:128001 for open-end generation.
behavioral smollm3/step40k:  87%|████████▋ | 391/451 [2:17:34<27:51, 27.85s/it]Setting `pad_token_id` to `eos_token_id`:128001 for open-end generation.
behavioral smollm3/step40k:  87%|████████▋ | 392/451 [2:17:43<21:57, 22.32s/it]Setting `pad_token_id` to `eos_token_id`:128001 for open-end generation.
behavioral smollm3/step40k:  87%|████████▋ | 393/451 [2:17:53<18:01, 18.65s/it]Setting `pad_token_id` to `eos_token_id`:128001 for open-end generation.
behavioral smollm3/step40k:  87%|████████▋ | 394/451 [2:18:03<15:18, 16.12s/it]Setting `pad_token_id` to `eos_token_id`:128001 for open-end generation.
behavioral smollm3/step40k:  88%|████████▊ | 395/451 [2:18:18<14:42, 15.76s/it]Setting `pad_token_id` to `eos_token_id`:128001 for open-end generation.
behavioral smollm3/step40k:  88%|████████▊ | 396/451 [2:18:33<14:16, 15.57s/it]behavioral smollm3/step40k:  88%|████████▊ | 397/451 [2:19:25<23:42, 26.34s/it]behavioral smollm3/step40k:  88%|████████▊ | 398/451 [2:19:55<24:22, 27.60s/it]behavioral smollm3/step40k:  88%|████████▊ | 399/451 [2:20:04<19:02, 21.96s/it]behavioral smollm3/step40k:  89%|████████▊ | 400/451 [2:20:50<24:40, 29.02s/it]behavioral smollm3/step40k:  89%|████████▉ | 401/451 [2:21:41<29:39, 35.59s/it]Setting `pad_token_id` to `eos_token_id`:128001 for open-end generation.
behavioral smollm3/step40k:  89%|████████▉ | 402/451 [2:22:14<28:27, 34.85s/it]Setting `pad_token_id` to `eos_token_id`:128001 for open-end generation.
behavioral smollm3/step40k:  89%|████████▉ | 403/451 [2:22:53<28:59, 36.25s/it]Setting `pad_token_id` to `eos_token_id`:128001 for open-end generation.
behavioral smollm3/step40k:  90%|████████▉ | 404/451 [2:23:27<27:42, 35.37s/it]Setting `pad_token_id` to `eos_token_id`:128001 for open-end generation.
behavioral smollm3/step40k:  90%|████████▉ | 405/451 [2:23:38<21:36, 28.18s/it]Setting `pad_token_id` to `eos_token_id`:128001 for open-end generation.
behavioral smollm3/step40k:  90%|█████████ | 406/451 [2:23:49<17:19, 23.11s/it]Setting `pad_token_id` to `eos_token_id`:128001 for open-end generation.
behavioral smollm3/step40k:  90%|█████████ | 407/451 [2:24:00<14:13, 19.40s/it]behavioral smollm3/step40k:  90%|█████████ | 408/451 [2:24:51<20:37, 28.77s/it]behavioral smollm3/step40k:  91%|█████████ | 409/451 [2:25:30<22:24, 32.01s/it]behavioral smollm3/step40k:  91%|█████████ | 410/451 [2:25:39<17:10, 25.13s/it]behavioral smollm3/step40k:  91%|█████████ | 411/451 [2:26:21<20:05, 30.13s/it]behavioral smollm3/step40k:  91%|█████████▏| 412/451 [2:27:13<23:45, 36.56s/it]Setting `pad_token_id` to `eos_token_id`:128001 for open-end generation.
behavioral smollm3/step40k:  92%|█████████▏| 413/451 [2:27:48<22:50, 36.06s/it]Setting `pad_token_id` to `eos_token_id`:128001 for open-end generation.
behavioral smollm3/step40k:  92%|█████████▏| 414/451 [2:28:24<22:21, 36.27s/it]Setting `pad_token_id` to `eos_token_id`:128001 for open-end generation.
behavioral smollm3/step40k:  92%|█████████▏| 415/451 [2:29:10<23:31, 39.21s/it]Setting `pad_token_id` to `eos_token_id`:128001 for open-end generation.
behavioral smollm3/step40k:  92%|█████████▏| 416/451 [2:29:29<19:19, 33.14s/it]Setting `pad_token_id` to `eos_token_id`:128001 for open-end generation.
behavioral smollm3/step40k:  92%|█████████▏| 417/451 [2:29:40<14:54, 26.30s/it]Setting `pad_token_id` to `eos_token_id`:128001 for open-end generation.
behavioral smollm3/step40k:  93%|█████████▎| 418/451 [2:29:50<11:46, 21.39s/it]behavioral smollm3/step40k:  93%|█████████▎| 419/451 [2:30:32<14:47, 27.75s/it]behavioral smollm3/step40k:  93%|█████████▎| 420/451 [2:31:07<15:24, 29.83s/it]behavioral smollm3/step40k:  93%|█████████▎| 421/451 [2:31:17<12:02, 24.07s/it]behavioral smollm3/step40k:  94%|█████████▎| 422/451 [2:32:03<14:40, 30.36s/it]behavioral smollm3/step40k:  94%|█████████▍| 423/451 [2:33:02<18:10, 38.96s/it]Setting `pad_token_id` to `eos_token_id`:128001 for open-end generation.
behavioral smollm3/step40k:  94%|█████████▍| 424/451 [2:33:20<14:47, 32.85s/it]Setting `pad_token_id` to `eos_token_id`:128001 for open-end generation.
behavioral smollm3/step40k:  94%|█████████▍| 425/451 [2:33:30<11:17, 26.04s/it]Setting `pad_token_id` to `eos_token_id`:128001 for open-end generation.
behavioral smollm3/step40k:  94%|█████████▍| 426/451 [2:33:40<08:48, 21.13s/it]Setting `pad_token_id` to `eos_token_id`:128001 for open-end generation.
behavioral smollm3/step40k:  95%|█████████▍| 427/451 [2:33:53<07:29, 18.75s/it]Setting `pad_token_id` to `eos_token_id`:128001 for open-end generation.
behavioral smollm3/step40k:  95%|█████████▍| 428/451 [2:34:08<06:47, 17.72s/it]Setting `pad_token_id` to `eos_token_id`:128001 for open-end generation.
behavioral smollm3/step40k:  95%|█████████▌| 429/451 [2:34:22<06:00, 16.38s/it]behavioral smollm3/step40k:  95%|█████████▌| 430/451 [2:35:05<08:33, 24.45s/it]behavioral smollm3/step40k:  96%|█████████▌| 431/451 [2:35:36<08:49, 26.50s/it]behavioral smollm3/step40k:  96%|█████████▌| 432/451 [2:35:46<06:45, 21.34s/it]behavioral smollm3/step40k:  96%|█████████▌| 433/451 [2:36:29<08:22, 27.94s/it]behavioral smollm3/step40k:  96%|█████████▌| 434/451 [2:37:20<09:53, 34.92s/it]Setting `pad_token_id` to `eos_token_id`:128001 for open-end generation.
behavioral smollm3/step40k:  96%|█████████▋| 435/451 [2:37:29<07:14, 27.17s/it]Setting `pad_token_id` to `eos_token_id`:128001 for open-end generation.
behavioral smollm3/step40k:  97%|█████████▋| 436/451 [2:37:39<05:30, 22.04s/it]Setting `pad_token_id` to `eos_token_id`:128001 for open-end generation.
behavioral smollm3/step40k:  97%|█████████▋| 437/451 [2:37:49<04:18, 18.43s/it]Setting `pad_token_id` to `eos_token_id`:128001 for open-end generation.
behavioral smollm3/step40k:  97%|█████████▋| 438/451 [2:37:59<03:26, 15.91s/it]Setting `pad_token_id` to `eos_token_id`:128001 for open-end generation.
behavioral smollm3/step40k:  97%|█████████▋| 439/451 [2:38:10<02:53, 14.43s/it]Setting `pad_token_id` to `eos_token_id`:128001 for open-end generation.
behavioral smollm3/step40k:  98%|█████████▊| 440/451 [2:38:23<02:33, 13.94s/it]behavioral smollm3/step40k:  98%|█████████▊| 441/451 [2:39:03<03:36, 21.66s/it]behavioral smollm3/step40k:  98%|█████████▊| 442/451 [2:39:39<03:54, 26.05s/it]behavioral smollm3/step40k:  98%|█████████▊| 443/451 [2:39:49<02:48, 21.07s/it]behavioral smollm3/step40k:  98%|█████████▊| 444/451 [2:40:30<03:10, 27.15s/it]behavioral smollm3/step40k:  99%|█████████▊| 445/451 [2:41:26<03:35, 35.84s/it]Setting `pad_token_id` to `eos_token_id`:128001 for open-end generation.
behavioral smollm3/step40k:  99%|█████████▉| 446/451 [2:42:02<02:58, 35.77s/it]Setting `pad_token_id` to `eos_token_id`:128001 for open-end generation.
behavioral smollm3/step40k:  99%|█████████▉| 447/451 [2:42:39<02:25, 36.36s/it]Setting `pad_token_id` to `eos_token_id`:128001 for open-end generation.
behavioral smollm3/step40k:  99%|█████████▉| 448/451 [2:43:27<01:59, 39.87s/it]Setting `pad_token_id` to `eos_token_id`:128001 for open-end generation.
behavioral smollm3/step40k: 100%|█████████▉| 449/451 [2:43:55<01:12, 36.34s/it]Setting `pad_token_id` to `eos_token_id`:128001 for open-end generation.
behavioral smollm3/step40k: 100%|█████████▉| 450/451 [2:44:06<00:28, 28.74s/it]Setting `pad_token_id` to `eos_token_id`:128001 for open-end generation.
behavioral smollm3/step40k: 100%|██████████| 451/451 [2:44:16<00:00, 23.11s/it]behavioral smollm3/step40k: 100%|██████████| 451/451 [2:44:16<00:00, 21.86s/it]
  ✅ Saved 451 records → data/results/behavioral_smollm3_45/smollm3_step40k_behavioral_smollm3.jsonl

Loading SmolLM3-3B @ step120k ...
Loading checkpoint shards:   0%|          | 0/2 [00:00<?, ?it/s]Loading checkpoint shards:  50%|█████     | 1/2 [00:07<00:07,  7.04s/it]Loading checkpoint shards: 100%|██████████| 2/2 [00:08<00:00,  3.94s/it]Loading checkpoint shards: 100%|██████████| 2/2 [00:08<00:00,  4.40s/it]
behavioral smollm3/step120k:   0%|          | 0/451 [00:00<?, ?it/s]behavioral smollm3/step120k:   0%|          | 1/451 [00:42<5:22:12, 42.96s/it]behavioral smollm3/step120k:   0%|          | 2/451 [01:13<4:28:54, 35.93s/it]behavioral smollm3/step120k:   1%|          | 3/451 [01:24<3:01:57, 24.37s/it]behavioral smollm3/step120k:   1%|          | 4/451 [02:05<3:49:19, 30.78s/it]behavioral smollm3/step120k:   1%|          | 5/451 [02:50<4:28:42, 36.15s/it]Setting `pad_token_id` to `eos_token_id`:128001 for open-end generation.
behavioral smollm3/step120k:   1%|▏         | 6/451 [02:58<3:17:03, 26.57s/it]Setting `pad_token_id` to `eos_token_id`:128001 for open-end generation.
behavioral smollm3/step120k:   2%|▏         | 7/451 [03:06<2:30:36, 20.35s/it]Setting `pad_token_id` to `eos_token_id`:128001 for open-end generation.
behavioral smollm3/step120k:   2%|▏         | 8/451 [03:17<2:09:02, 17.48s/it]Setting `pad_token_id` to `eos_token_id`:128001 for open-end generation.
behavioral smollm3/step120k:   2%|▏         | 9/451 [03:29<1:56:07, 15.76s/it]Setting `pad_token_id` to `eos_token_id`:128001 for open-end generation.
behavioral smollm3/step120k:   2%|▏         | 10/451 [03:40<1:45:19, 14.33s/it]Setting `pad_token_id` to `eos_token_id`:128001 for open-end generation.
behavioral smollm3/step120k:   2%|▏         | 11/451 [03:50<1:35:35, 13.04s/it]behavioral smollm3/step120k:   3%|▎         | 12/451 [04:20<2:13:06, 18.19s/it]behavioral smollm3/step120k:   3%|▎         | 13/451 [04:59<2:57:11, 24.27s/it]behavioral smollm3/step120k:   3%|▎         | 14/451 [05:11<2:30:28, 20.66s/it]behavioral smollm3/step120k:   3%|▎         | 15/451 [05:55<3:21:30, 27.73s/it]behavioral smollm3/step120k:   4%|▎         | 16/451 [06:40<3:57:43, 32.79s/it]Setting `pad_token_id` to `eos_token_id`:128001 for open-end generation.
behavioral smollm3/step120k:   4%|▍         | 17/451 [06:50<3:08:23, 26.04s/it]Setting `pad_token_id` to `eos_token_id`:128001 for open-end generation.
behavioral smollm3/step120k:   4%|▍         | 18/451 [07:00<2:32:34, 21.14s/it]Setting `pad_token_id` to `eos_token_id`:128001 for open-end generation.
behavioral smollm3/step120k:   4%|▍         | 19/451 [07:10<2:09:26, 17.98s/it]Setting `pad_token_id` to `eos_token_id`:128001 for open-end generation.
behavioral smollm3/step120k:   4%|▍         | 20/451 [07:20<1:51:21, 15.50s/it]Setting `pad_token_id` to `eos_token_id`:128001 for open-end generation.
behavioral smollm3/step120k:   5%|▍         | 21/451 [07:30<1:39:20, 13.86s/it]Setting `pad_token_id` to `eos_token_id`:128001 for open-end generation.
behavioral smollm3/step120k:   5%|▍         | 22/451 [07:39<1:28:48, 12.42s/it]behavioral smollm3/step120k:   5%|▌         | 23/451 [08:15<2:18:30, 19.42s/it]behavioral smollm3/step120k:   5%|▌         | 24/451 [08:48<2:48:26, 23.67s/it]behavioral smollm3/step120k:   6%|▌         | 25/451 [09:00<2:21:45, 19.97s/it]behavioral smollm3/step120k:   6%|▌         | 26/451 [09:41<3:05:47, 26.23s/it]behavioral smollm3/step120k:   6%|▌         | 27/451 [10:34<4:03:15, 34.42s/it]Setting `pad_token_id` to `eos_token_id`:128001 for open-end generation.
behavioral smollm3/step120k:   6%|▌         | 28/451 [11:04<3:52:24, 32.97s/it]Setting `pad_token_id` to `eos_token_id`:128001 for open-end generation.
behavioral smollm3/step120k:   6%|▋         | 29/451 [11:12<2:59:30, 25.52s/it]Setting `pad_token_id` to `eos_token_id`:128001 for open-end generation.
behavioral smollm3/step120k:   7%|▋         | 30/451 [11:21<2:25:22, 20.72s/it]Setting `pad_token_id` to `eos_token_id`:128001 for open-end generation.
behavioral smollm3/step120k:   7%|▋         | 31/451 [11:31<2:00:57, 17.28s/it]Setting `pad_token_id` to `eos_token_id`:128001 for open-end generation.
behavioral smollm3/step120k:   7%|▋         | 32/451 [11:41<1:46:10, 15.20s/it]Setting `pad_token_id` to `eos_token_id`:128001 for open-end generation.
behavioral smollm3/step120k:   7%|▋         | 33/451 [11:55<1:42:40, 14.74s/it]behavioral smollm3/step120k:   8%|▊         | 34/451 [12:37<2:39:30, 22.95s/it]behavioral smollm3/step120k:   8%|▊         | 35/451 [13:08<2:55:46, 25.35s/it]behavioral smollm3/step120k:   8%|▊         | 36/451 [13:17<2:21:22, 20.44s/it]behavioral smollm3/step120k:   8%|▊         | 37/451 [13:57<3:02:46, 26.49s/it]behavioral smollm3/step120k:   8%|▊         | 38/451 [14:48<3:52:04, 33.71s/it]Setting `pad_token_id` to `eos_token_id`:128001 for open-end generation.
behavioral smollm3/step120k:   9%|▊         | 39/451 [14:58<3:02:19, 26.55s/it]Setting `pad_token_id` to `eos_token_id`:128001 for open-end generation.
behavioral smollm3/step120k:   9%|▉         | 40/451 [15:09<2:29:23, 21.81s/it]Setting `pad_token_id` to `eos_token_id`:128001 for open-end generation.
behavioral smollm3/step120k:   9%|▉         | 41/451 [15:18<2:04:34, 18.23s/it]Setting `pad_token_id` to `eos_token_id`:128001 for open-end generation.
behavioral smollm3/step120k:   9%|▉         | 42/451 [15:29<1:48:17, 15.89s/it]Setting `pad_token_id` to `eos_token_id`:128001 for open-end generation.
behavioral smollm3/step120k:  10%|▉         | 43/451 [15:40<1:37:43, 14.37s/it]Setting `pad_token_id` to `eos_token_id`:128001 for open-end generation.
behavioral smollm3/step120k:  10%|▉         | 44/451 [16:07<2:04:56, 18.42s/it]behavioral smollm3/step120k:  10%|▉         | 45/451 [16:55<3:04:06, 27.21s/it]behavioral smollm3/step120k:  10%|█         | 46/451 [17:37<3:34:10, 31.73s/it]behavioral smollm3/step120k:  10%|█         | 47/451 [17:51<2:56:50, 26.26s/it]behavioral smollm3/step120k:  11%|█         | 48/451 [18:44<3:49:32, 34.17s/it]behavioral smollm3/step120k:  11%|█         | 49/451 [19:36<4:25:36, 39.64s/it]Setting `pad_token_id` to `eos_token_id`:128001 for open-end generation.
behavioral smollm3/step120k:  11%|█         | 50/451 [19:46<3:26:15, 30.86s/it]Setting `pad_token_id` to `eos_token_id`:128001 for open-end generation.
behavioral smollm3/step120k:  11%|█▏        | 51/451 [19:57<2:46:04, 24.91s/it]Setting `pad_token_id` to `eos_token_id`:128001 for open-end generation.
behavioral smollm3/step120k:  12%|█▏        | 52/451 [20:10<2:21:19, 21.25s/it]Setting `pad_token_id` to `eos_token_id`:128001 for open-end generation.
behavioral smollm3/step120k:  12%|█▏        | 53/451 [20:24<2:06:37, 19.09s/it]Setting `pad_token_id` to `eos_token_id`:128001 for open-end generation.
behavioral smollm3/step120k:  12%|█▏        | 54/451 [20:37<1:54:44, 17.34s/it]Setting `pad_token_id` to `eos_token_id`:128001 for open-end generation.
behavioral smollm3/step120k:  12%|█▏        | 55/451 [20:49<1:42:35, 15.54s/it]behavioral smollm3/step120k:  12%|█▏        | 56/451 [21:30<2:32:47, 23.21s/it]behavioral smollm3/step120k:  13%|█▎        | 57/451 [22:02<2:50:36, 25.98s/it]behavioral smollm3/step120k:  13%|█▎        | 58/451 [22:16<2:25:00, 22.14s/it]behavioral smollm3/step120k:  13%|█▎        | 59/451 [23:05<3:19:10, 30.49s/it]behavioral smollm3/step120k:  13%|█▎        | 60/451 [23:50<3:46:29, 34.76s/it]Setting `pad_token_id` to `eos_token_id`:128001 for open-end generation.
behavioral smollm3/step120k:  14%|█▎        | 61/451 [23:59<2:55:39, 27.03s/it]Setting `pad_token_id` to `eos_token_id`:128001 for open-end generation.
behavioral smollm3/step120k:  14%|█▎        | 62/451 [24:08<2:19:34, 21.53s/it]Setting `pad_token_id` to `eos_token_id`:128001 for open-end generation.
behavioral smollm3/step120k:  14%|█▍        | 63/451 [24:23<2:05:59, 19.48s/it]Setting `pad_token_id` to `eos_token_id`:128001 for open-end generation.
behavioral smollm3/step120k:  14%|█▍        | 64/451 [24:42<2:05:49, 19.51s/it]Setting `pad_token_id` to `eos_token_id`:128001 for open-end generation.
behavioral smollm3/step120k:  14%|█▍        | 65/451 [25:18<2:36:34, 24.34s/it]Setting `pad_token_id` to `eos_token_id`:128001 for open-end generation.
behavioral smollm3/step120k:  15%|█▍        | 66/451 [26:04<3:18:58, 31.01s/it]behavioral smollm3/step120k:  15%|█▍        | 67/451 [26:53<3:51:58, 36.25s/it]behavioral smollm3/step120k:  15%|█▌        | 68/451 [27:31<3:54:11, 36.69s/it]behavioral smollm3/step120k:  15%|█▌        | 69/451 [27:44<3:09:37, 29.78s/it]behavioral smollm3/step120k:  16%|█▌        | 70/451 [28:30<3:39:31, 34.57s/it]behavioral smollm3/step120k:  16%|█▌        | 71/451 [29:23<4:14:57, 40.26s/it]Setting `pad_token_id` to `eos_token_id`:128001 for open-end generation.
behavioral smollm3/step120k:  16%|█▌        | 72/451 [29:44<3:37:23, 34.41s/it]Setting `pad_token_id` to `eos_token_id`:128001 for open-end generation.
behavioral smollm3/step120k:  16%|█▌        | 73/451 [30:21<3:41:57, 35.23s/it]Setting `pad_token_id` to `eos_token_id`:128001 for open-end generation.
behavioral smollm3/step120k:  16%|█▋        | 74/451 [31:08<4:01:59, 38.51s/it]Setting `pad_token_id` to `eos_token_id`:128001 for open-end generation.
behavioral smollm3/step120k:  17%|█▋        | 75/451 [31:56<4:20:19, 41.54s/it]Setting `pad_token_id` to `eos_token_id`:128001 for open-end generation.
behavioral smollm3/step120k:  17%|█▋        | 76/451 [32:37<4:19:08, 41.46s/it]Setting `pad_token_id` to `eos_token_id`:128001 for open-end generation.
behavioral smollm3/step120k:  17%|█▋        | 77/451 [33:25<4:30:31, 43.40s/it]behavioral smollm3/step120k:  17%|█▋        | 78/451 [34:06<4:24:01, 42.47s/it]behavioral smollm3/step120k:  18%|█▊        | 79/451 [34:41<4:09:55, 40.31s/it]behavioral smollm3/step120k:  18%|█▊        | 80/451 [34:49<3:09:16, 30.61s/it]behavioral smollm3/step120k:  18%|█▊        | 81/451 [35:32<3:31:40, 34.32s/it]behavioral smollm3/step120k:  18%|█▊        | 82/451 [36:15<3:46:50, 36.89s/it]Setting `pad_token_id` to `eos_token_id`:128001 for open-end generation.
behavioral smollm3/step120k:  18%|█▊        | 83/451 [36:23<2:53:20, 28.26s/it]Setting `pad_token_id` to `eos_token_id`:128001 for open-end generation.
behavioral smollm3/step120k:  19%|█▊        | 84/451 [36:33<2:19:06, 22.74s/it]Setting `pad_token_id` to `eos_token_id`:128001 for open-end generation.
behavioral smollm3/step120k:  19%|█▉        | 85/451 [36:42<1:53:46, 18.65s/it]Setting `pad_token_id` to `eos_token_id`:128001 for open-end generation.
behavioral smollm3/step120k:  19%|█▉        | 86/451 [36:52<1:38:29, 16.19s/it]Setting `pad_token_id` to `eos_token_id`:128001 for open-end generation.
behavioral smollm3/step120k:  19%|█▉        | 87/451 [37:02<1:26:57, 14.33s/it]Setting `pad_token_id` to `eos_token_id`:128001 for open-end generation.
behavioral smollm3/step120k:  20%|█▉        | 88/451 [37:17<1:26:37, 14.32s/it]behavioral smollm3/step120k:  20%|█▉        | 89/451 [38:06<2:29:44, 24.82s/it]behavioral smollm3/step120k:  20%|█▉        | 90/451 [38:43<2:51:09, 28.45s/it]behavioral smollm3/step120k:  20%|██        | 91/451 [38:55<2:20:48, 23.47s/it]behavioral smollm3/step120k:  20%|██        | 92/451 [39:42<3:02:42, 30.54s/it]behavioral smollm3/step120k:  21%|██        | 93/451 [40:34<3:40:46, 37.00s/it]Setting `pad_token_id` to `eos_token_id`:128001 for open-end generation.
behavioral smollm3/step120k:  21%|██        | 94/451 [40:42<2:49:11, 28.44s/it]Setting `pad_token_id` to `eos_token_id`:128001 for open-end generation.
behavioral smollm3/step120k:  21%|██        | 95/451 [40:50<2:12:29, 22.33s/it]Setting `pad_token_id` to `eos_token_id`:128001 for open-end generation.
behavioral smollm3/step120k:  21%|██▏       | 96/451 [41:00<1:49:39, 18.53s/it]Setting `pad_token_id` to `eos_token_id`:128001 for open-end generation.
behavioral smollm3/step120k:  22%|██▏       | 97/451 [41:14<1:40:32, 17.04s/it]Setting `pad_token_id` to `eos_token_id`:128001 for open-end generation.
behavioral smollm3/step120k:  22%|██▏       | 98/451 [41:28<1:35:48, 16.28s/it]Setting `pad_token_id` to `eos_token_id`:128001 for open-end generation.
behavioral smollm3/step120k:  22%|██▏       | 99/451 [41:40<1:28:10, 15.03s/it]behavioral smollm3/step120k:  22%|██▏       | 100/451 [42:24<2:18:38, 23.70s/it]behavioral smollm3/step120k:  22%|██▏       | 101/451 [42:58<2:36:39, 26.86s/it]behavioral smollm3/step120k:  23%|██▎       | 102/451 [43:11<2:10:59, 22.52s/it]behavioral smollm3/step120k:  23%|██▎       | 103/451 [44:02<2:59:43, 30.99s/it]behavioral smollm3/step120k:  23%|██▎       | 104/451 [44:52<3:33:47, 36.97s/it]Setting `pad_token_id` to `eos_token_id`:128001 for open-end generation.
behavioral smollm3/step120k:  23%|██▎       | 105/451 [45:08<2:56:03, 30.53s/it]Setting `pad_token_id` to `eos_token_id`:128001 for open-end generation.
behavioral smollm3/step120k:  24%|██▎       | 106/451 [45:21<2:26:01, 25.40s/it]Setting `pad_token_id` to `eos_token_id`:128001 for open-end generation.
behavioral smollm3/step120k:  24%|██▎       | 107/451 [45:39<2:11:57, 23.02s/it]Setting `pad_token_id` to `eos_token_id`:128001 for open-end generation.
behavioral smollm3/step120k:  24%|██▍       | 108/451 [46:18<2:38:39, 27.75s/it]Setting `pad_token_id` to `eos_token_id`:128001 for open-end generation.
behavioral smollm3/step120k:  24%|██▍       | 109/451 [47:09<3:18:52, 34.89s/it]Setting `pad_token_id` to `eos_token_id`:128001 for open-end generation.
behavioral smollm3/step120k:  24%|██▍       | 110/451 [47:54<3:35:25, 37.90s/it]behavioral smollm3/step120k:  25%|██▍       | 111/451 [48:40<3:47:45, 40.19s/it]behavioral smollm3/step120k:  25%|██▍       | 112/451 [49:16<3:41:04, 39.13s/it]behavioral smollm3/step120k:  25%|██▌       | 113/451 [49:27<2:53:08, 30.73s/it]behavioral smollm3/step120k:  25%|██▌       | 114/451 [50:15<3:20:31, 35.70s/it]behavioral smollm3/step120k:  25%|██▌       | 115/451 [51:05<3:44:55, 40.16s/it]Setting `pad_token_id` to `eos_token_id`:128001 for open-end generation.
behavioral smollm3/step120k:  26%|██▌       | 116/451 [51:15<2:53:49, 31.13s/it]Setting `pad_token_id` to `eos_token_id`:128001 for open-end generation.
behavioral smollm3/step120k:  26%|██▌       | 117/451 [51:25<2:17:58, 24.79s/it]Setting `pad_token_id` to `eos_token_id`:128001 for open-end generation.
behavioral smollm3/step120k:  26%|██▌       | 118/451 [51:36<1:53:32, 20.46s/it]Setting `pad_token_id` to `eos_token_id`:128001 for open-end generation.
behavioral smollm3/step120k:  26%|██▋       | 119/451 [51:46<1:35:34, 17.27s/it]Setting `pad_token_id` to `eos_token_id`:128001 for open-end generation.
behavioral smollm3/step120k:  27%|██▋       | 120/451 [52:03<1:35:17, 17.27s/it]Setting `pad_token_id` to `eos_token_id`:128001 for open-end generation.
behavioral smollm3/step120k:  27%|██▋       | 121/451 [52:20<1:34:08, 17.12s/it]behavioral smollm3/step120k:  27%|██▋       | 122/451 [52:52<1:58:28, 21.61s/it]behavioral smollm3/step120k:  27%|██▋       | 123/451 [53:27<2:19:54, 25.59s/it]behavioral smollm3/step120k:  27%|██▋       | 124/451 [53:37<1:55:12, 21.14s/it]behavioral smollm3/step120k:  28%|██▊       | 125/451 [54:25<2:38:22, 29.15s/it]behavioral smollm3/step120k:  28%|██▊       | 126/451 [55:06<2:57:37, 32.79s/it]Setting `pad_token_id` to `eos_token_id`:128001 for open-end generation.
behavioral smollm3/step120k:  28%|██▊       | 127/451 [55:17<2:20:41, 26.05s/it]Setting `pad_token_id` to `eos_token_id`:128001 for open-end generation.
behavioral smollm3/step120k:  28%|██▊       | 128/451 [55:26<1:52:59, 20.99s/it]Setting `pad_token_id` to `eos_token_id`:128001 for open-end generation.
behavioral smollm3/step120k:  29%|██▊       | 129/451 [55:36<1:35:38, 17.82s/it]Setting `pad_token_id` to `eos_token_id`:128001 for open-end generation.
behavioral smollm3/step120k:  29%|██▉       | 130/451 [55:52<1:31:46, 17.15s/it]Setting `pad_token_id` to `eos_token_id`:128001 for open-end generation.
behavioral smollm3/step120k:  29%|██▉       | 131/451 [56:07<1:28:03, 16.51s/it]Setting `pad_token_id` to `eos_token_id`:128001 for open-end generation.
behavioral smollm3/step120k:  29%|██▉       | 132/451 [56:21<1:23:26, 15.69s/it]behavioral smollm3/step120k:  29%|██▉       | 133/451 [57:01<2:02:19, 23.08s/it]behavioral smollm3/step120k:  30%|██▉       | 134/451 [57:29<2:08:55, 24.40s/it]behavioral smollm3/step120k:  30%|██▉       | 135/451 [57:38<1:44:38, 19.87s/it]behavioral smollm3/step120k:  30%|███       | 136/451 [58:28<2:32:33, 29.06s/it]behavioral smollm3/step120k:  30%|███       | 137/451 [59:24<3:14:30, 37.17s/it]Setting `pad_token_id` to `eos_token_id`:128001 for open-end generation.
behavioral smollm3/step120k:  31%|███       | 138/451 [1:00:02<3:14:22, 37.26s/it]Setting `pad_token_id` to `eos_token_id`:128001 for open-end generation.
behavioral smollm3/step120k:  31%|███       | 139/451 [1:00:41<3:16:58, 37.88s/it]Setting `pad_token_id` to `eos_token_id`:128001 for open-end generation.
behavioral smollm3/step120k:  31%|███       | 140/451 [1:01:21<3:18:34, 38.31s/it]Setting `pad_token_id` to `eos_token_id`:128001 for open-end generation.
behavioral smollm3/step120k:  31%|███▏      | 141/451 [1:01:31<2:34:25, 29.89s/it]Setting `pad_token_id` to `eos_token_id`:128001 for open-end generation.
behavioral smollm3/step120k:  31%|███▏      | 142/451 [1:01:41<2:04:17, 24.13s/it]Setting `pad_token_id` to `eos_token_id`:128001 for open-end generation.
behavioral smollm3/step120k:  32%|███▏      | 143/451 [1:01:55<1:48:17, 21.10s/it]behavioral smollm3/step120k:  32%|███▏      | 144/451 [1:02:45<2:31:26, 29.60s/it]behavioral smollm3/step120k:  32%|███▏      | 145/451 [1:03:19<2:37:53, 30.96s/it]behavioral smollm3/step120k:  32%|███▏      | 146/451 [1:03:28<2:04:21, 24.46s/it]behavioral smollm3/step120k:  33%|███▎      | 147/451 [1:04:09<2:28:29, 29.31s/it]behavioral smollm3/step120k:  33%|███▎      | 148/451 [1:04:55<2:52:53, 34.24s/it]Setting `pad_token_id` to `eos_token_id`:128001 for open-end generation.
behavioral smollm3/step120k:  33%|███▎      | 149/451 [1:05:03<2:13:38, 26.55s/it]Setting `pad_token_id` to `eos_token_id`:128001 for open-end generation.
behavioral smollm3/step120k:  33%|███▎      | 150/451 [1:05:11<1:45:11, 20.97s/it]Setting `pad_token_id` to `eos_token_id`:128001 for open-end generation.
behavioral smollm3/step120k:  33%|███▎      | 151/451 [1:05:21<1:28:13, 17.65s/it]Setting `pad_token_id` to `eos_token_id`:128001 for open-end generation.
behavioral smollm3/step120k:  34%|███▎      | 152/451 [1:05:31<1:16:30, 15.35s/it]Setting `pad_token_id` to `eos_token_id`:128001 for open-end generation.
behavioral smollm3/step120k:  34%|███▍      | 153/451 [1:05:42<1:09:12, 13.94s/it]Setting `pad_token_id` to `eos_token_id`:128001 for open-end generation.
behavioral smollm3/step120k:  34%|███▍      | 154/451 [1:05:51<1:02:22, 12.60s/it]behavioral smollm3/step120k:  34%|███▍      | 155/451 [1:06:39<1:53:55, 23.09s/it]behavioral smollm3/step120k:  35%|███▍      | 156/451 [1:07:26<2:28:44, 30.25s/it]behavioral smollm3/step120k:  35%|███▍      | 157/451 [1:07:38<2:01:54, 24.88s/it]behavioral smollm3/step120k:  35%|███▌      | 158/451 [1:08:27<2:36:30, 32.05s/it]behavioral smollm3/step120k:  35%|███▌      | 159/451 [1:09:24<3:12:07, 39.48s/it]Setting `pad_token_id` to `eos_token_id`:128001 for open-end generation.
behavioral smollm3/step120k:  35%|███▌      | 160/451 [1:09:33<2:27:31, 30.42s/it]Setting `pad_token_id` to `eos_token_id`:128001 for open-end generation.
behavioral smollm3/step120k:  36%|███▌      | 161/451 [1:09:44<1:59:00, 24.62s/it]Setting `pad_token_id` to `eos_token_id`:128001 for open-end generation.
behavioral smollm3/step120k:  36%|███▌      | 162/451 [1:09:54<1:37:27, 20.23s/it]Setting `pad_token_id` to `eos_token_id`:128001 for open-end generation.
behavioral smollm3/step120k:  36%|███▌      | 163/451 [1:10:04<1:22:28, 17.18s/it]Setting `pad_token_id` to `eos_token_id`:128001 for open-end generation.
behavioral smollm3/step120k:  36%|███▋      | 164/451 [1:10:16<1:14:01, 15.47s/it]Setting `pad_token_id` to `eos_token_id`:128001 for open-end generation.
behavioral smollm3/step120k:  37%|███▋      | 165/451 [1:10:50<1:40:46, 21.14s/it]behavioral smollm3/step120k:  37%|███▋      | 166/451 [1:11:29<2:05:08, 26.34s/it]behavioral smollm3/step120k:  37%|███▋      | 167/451 [1:12:07<2:21:36, 29.92s/it]behavioral smollm3/step120k:  37%|███▋      | 168/451 [1:12:17<1:52:59, 23.96s/it]behavioral smollm3/step120k:  37%|███▋      | 169/451 [1:13:02<2:22:26, 30.31s/it]behavioral smollm3/step120k:  38%|███▊      | 170/451 [1:13:42<2:35:33, 33.21s/it]Setting `pad_token_id` to `eos_token_id`:128001 for open-end generation.
behavioral smollm3/step120k:  38%|███▊      | 171/451 [1:14:15<2:34:35, 33.13s/it]Setting `pad_token_id` to `eos_token_id`:128001 for open-end generation.
behavioral smollm3/step120k:  38%|███▊      | 172/451 [1:14:37<2:19:20, 29.97s/it]Setting `pad_token_id` to `eos_token_id`:128001 for open-end generation.
behavioral smollm3/step120k:  38%|███▊      | 173/451 [1:14:49<1:53:23, 24.47s/it]Setting `pad_token_id` to `eos_token_id`:128001 for open-end generation.
behavioral smollm3/step120k:  39%|███▊      | 174/451 [1:15:02<1:37:30, 21.12s/it]Setting `pad_token_id` to `eos_token_id`:128001 for open-end generation.
behavioral smollm3/step120k:  39%|███▉      | 175/451 [1:15:16<1:26:45, 18.86s/it]Setting `pad_token_id` to `eos_token_id`:128001 for open-end generation.
behavioral smollm3/step120k:  39%|███▉      | 176/451 [1:15:30<1:20:06, 17.48s/it]behavioral smollm3/step120k:  39%|███▉      | 177/451 [1:16:12<1:53:17, 24.81s/it]behavioral smollm3/step120k:  39%|███▉      | 178/451 [1:16:48<2:08:11, 28.17s/it]behavioral smollm3/step120k:  40%|███▉      | 179/451 [1:16:58<1:42:25, 22.59s/it]behavioral smollm3/step120k:  40%|███▉      | 180/451 [1:17:45<2:15:26, 29.99s/it]behavioral smollm3/step120k:  40%|████      | 181/451 [1:18:35<2:42:14, 36.05s/it]Setting `pad_token_id` to `eos_token_id`:128001 for open-end generation.
behavioral smollm3/step120k:  40%|████      | 182/451 [1:18:44<2:04:17, 27.72s/it]Setting `pad_token_id` to `eos_token_id`:128001 for open-end generation.
behavioral smollm3/step120k:  41%|████      | 183/451 [1:18:52<1:38:27, 22.04s/it]Setting `pad_token_id` to `eos_token_id`:128001 for open-end generation.
behavioral smollm3/step120k:  41%|████      | 184/451 [1:19:02<1:21:09, 18.24s/it]Setting `pad_token_id` to `eos_token_id`:128001 for open-end generation.
behavioral smollm3/step120k:  41%|████      | 185/451 [1:19:20<1:21:03, 18.28s/it]Setting `pad_token_id` to `eos_token_id`:128001 for open-end generation.
behavioral smollm3/step120k:  41%|████      | 186/451 [1:20:12<2:04:54, 28.28s/it]Setting `pad_token_id` to `eos_token_id`:128001 for open-end generation.
behavioral smollm3/step120k:  41%|████▏     | 187/451 [1:20:57<2:27:31, 33.53s/it]behavioral smollm3/step120k:  42%|████▏     | 188/451 [1:21:46<2:46:31, 37.99s/it]behavioral smollm3/step120k:  42%|████▏     | 189/451 [1:22:28<2:51:01, 39.17s/it]behavioral smollm3/step120k:  42%|████▏     | 190/451 [1:22:40<2:15:23, 31.13s/it]behavioral smollm3/step120k:  42%|████▏     | 191/451 [1:23:31<2:40:33, 37.05s/it]behavioral smollm3/step120k:  43%|████▎     | 192/451 [1:24:29<3:06:47, 43.27s/it]Setting `pad_token_id` to `eos_token_id`:128001 for open-end generation.
behavioral smollm3/step120k:  43%|████▎     | 193/451 [1:25:08<3:01:04, 42.11s/it]Setting `pad_token_id` to `eos_token_id`:128001 for open-end generation.
behavioral smollm3/step120k:  43%|████▎     | 194/451 [1:25:25<2:28:25, 34.65s/it]Setting `pad_token_id` to `eos_token_id`:128001 for open-end generation.
behavioral smollm3/step120k:  43%|████▎     | 195/451 [1:25:36<1:57:12, 27.47s/it]Setting `pad_token_id` to `eos_token_id`:128001 for open-end generation.
behavioral smollm3/step120k:  43%|████▎     | 196/451 [1:25:48<1:36:27, 22.70s/it]Setting `pad_token_id` to `eos_token_id`:128001 for open-end generation.
behavioral smollm3/step120k:  44%|████▎     | 197/451 [1:26:07<1:31:59, 21.73s/it]Setting `pad_token_id` to `eos_token_id`:128001 for open-end generation.
behavioral smollm3/step120k:  44%|████▍     | 198/451 [1:26:24<1:25:50, 20.36s/it]behavioral smollm3/step120k:  44%|████▍     | 199/451 [1:27:10<1:56:55, 27.84s/it]behavioral smollm3/step120k:  44%|████▍     | 200/451 [1:27:53<2:16:17, 32.58s/it]behavioral smollm3/step120k:  45%|████▍     | 201/451 [1:28:05<1:49:07, 26.19s/it]behavioral smollm3/step120k:  45%|████▍     | 202/451 [1:28:52<2:15:03, 32.54s/it]behavioral smollm3/step120k:  45%|████▌     | 203/451 [1:29:41<2:35:37, 37.65s/it]Setting `pad_token_id` to `eos_token_id`:128001 for open-end generation.
behavioral smollm3/step120k:  45%|████▌     | 204/451 [1:29:50<1:58:30, 28.79s/it]Setting `pad_token_id` to `eos_token_id`:128001 for open-end generation.
behavioral smollm3/step120k:  45%|████▌     | 205/451 [1:29:59<1:34:36, 23.08s/it]Setting `pad_token_id` to `eos_token_id`:128001 for open-end generation.
behavioral smollm3/step120k:  46%|████▌     | 206/451 [1:30:34<1:47:51, 26.41s/it]Setting `pad_token_id` to `eos_token_id`:128001 for open-end generation.
behavioral smollm3/step120k:  46%|████▌     | 207/451 [1:31:24<2:16:19, 33.52s/it]Setting `pad_token_id` to `eos_token_id`:128001 for open-end generation.
behavioral smollm3/step120k:  46%|████▌     | 208/451 [1:32:07<2:28:12, 36.59s/it]Setting `pad_token_id` to `eos_token_id`:128001 for open-end generation.
behavioral smollm3/step120k:  46%|████▋     | 209/451 [1:33:00<2:47:05, 41.43s/it]behavioral smollm3/step120k:  47%|████▋     | 210/451 [1:33:45<2:50:28, 42.44s/it]behavioral smollm3/step120k:  47%|████▋     | 211/451 [1:34:16<2:36:20, 39.09s/it]behavioral smollm3/step120k:  47%|████▋     | 212/451 [1:34:26<2:01:08, 30.41s/it]behavioral smollm3/step120k:  47%|████▋     | 213/451 [1:35:10<2:16:48, 34.49s/it]behavioral smollm3/step120k:  47%|████▋     | 214/451 [1:35:57<2:30:54, 38.21s/it]Setting `pad_token_id` to `eos_token_id`:128001 for open-end generation.
behavioral smollm3/step120k:  48%|████▊     | 215/451 [1:36:05<1:54:08, 29.02s/it]Setting `pad_token_id` to `eos_token_id`:128001 for open-end generation.
behavioral smollm3/step120k:  48%|████▊     | 216/451 [1:36:13<1:28:53, 22.70s/it]Setting `pad_token_id` to `eos_token_id`:128001 for open-end generation.
behavioral smollm3/step120k:  48%|████▊     | 217/451 [1:36:22<1:12:48, 18.67s/it]Setting `pad_token_id` to `eos_token_id`:128001 for open-end generation.
behavioral smollm3/step120k:  48%|████▊     | 218/451 [1:36:37<1:08:17, 17.59s/it]Setting `pad_token_id` to `eos_token_id`:128001 for open-end generation.
behavioral smollm3/step120k:  49%|████▊     | 219/451 [1:36:53<1:06:14, 17.13s/it]Setting `pad_token_id` to `eos_token_id`:128001 for open-end generation.
behavioral smollm3/step120k:  49%|████▉     | 220/451 [1:37:09<1:04:06, 16.65s/it]behavioral smollm3/step120k:  49%|████▉     | 221/451 [1:37:41<1:22:23, 21.49s/it]behavioral smollm3/step120k:  49%|████▉     | 222/451 [1:38:15<1:35:53, 25.13s/it]behavioral smollm3/step120k:  49%|████▉     | 223/451 [1:38:24<1:16:32, 20.14s/it]behavioral smollm3/step120k:  50%|████▉     | 224/451 [1:39:11<1:46:45, 28.22s/it]behavioral smollm3/step120k:  50%|████▉     | 225/451 [1:39:57<2:06:17, 33.53s/it]Setting `pad_token_id` to `eos_token_id`:128001 for open-end generation.
behavioral smollm3/step120k:  50%|█████     | 226/451 [1:40:31<2:06:29, 33.73s/it]Setting `pad_token_id` to `eos_token_id`:128001 for open-end generation.
behavioral smollm3/step120k:  50%|█████     | 227/451 [1:40:54<1:54:33, 30.68s/it]Setting `pad_token_id` to `eos_token_id`:128001 for open-end generation.
behavioral smollm3/step120k:  51%|█████     | 228/451 [1:41:08<1:35:28, 25.69s/it]Setting `pad_token_id` to `eos_token_id`:128001 for open-end generation.
behavioral smollm3/step120k:  51%|█████     | 229/451 [1:41:21<1:20:39, 21.80s/it]Setting `pad_token_id` to `eos_token_id`:128001 for open-end generation.
behavioral smollm3/step120k:  51%|█████     | 230/451 [1:41:31<1:06:49, 18.14s/it]Setting `pad_token_id` to `eos_token_id`:128001 for open-end generation.
behavioral smollm3/step120k:  51%|█████     | 231/451 [1:41:44<1:00:45, 16.57s/it]behavioral smollm3/step120k:  51%|█████▏    | 232/451 [1:42:24<1:26:37, 23.73s/it]behavioral smollm3/step120k:  52%|█████▏    | 233/451 [1:42:58<1:37:51, 26.93s/it]behavioral smollm3/step120k:  52%|█████▏    | 234/451 [1:43:12<1:22:47, 22.89s/it]behavioral smollm3/step120k:  52%|█████▏    | 235/451 [1:44:02<1:51:44, 31.04s/it]behavioral smollm3/step120k:  52%|█████▏    | 236/451 [1:44:54<2:13:58, 37.39s/it]Setting `pad_token_id` to `eos_token_id`:128001 for open-end generation.
behavioral smollm3/step120k:  53%|█████▎    | 237/451 [1:45:06<1:45:48, 29.67s/it]Setting `pad_token_id` to `eos_token_id`:128001 for open-end generation.
behavioral smollm3/step120k:  53%|█████▎    | 238/451 [1:45:16<1:24:17, 23.75s/it]Setting `pad_token_id` to `eos_token_id`:128001 for open-end generation.
behavioral smollm3/step120k:  53%|█████▎    | 239/451 [1:45:28<1:11:39, 20.28s/it]Setting `pad_token_id` to `eos_token_id`:128001 for open-end generation.
behavioral smollm3/step120k:  53%|█████▎    | 240/451 [1:45:42<1:04:54, 18.46s/it]Setting `pad_token_id` to `eos_token_id`:128001 for open-end generation.
behavioral smollm3/step120k:  53%|█████▎    | 241/451 [1:45:54<58:01, 16.58s/it]  Setting `pad_token_id` to `eos_token_id`:128001 for open-end generation.
behavioral smollm3/step120k:  54%|█████▎    | 242/451 [1:46:05<51:34, 14.81s/it]behavioral smollm3/step120k:  54%|█████▍    | 243/451 [1:46:57<1:29:33, 25.84s/it]behavioral smollm3/step120k:  54%|█████▍    | 244/451 [1:47:40<1:47:10, 31.07s/it]behavioral smollm3/step120k:  54%|█████▍    | 245/451 [1:47:49<1:24:13, 24.53s/it]behavioral smollm3/step120k:  55%|█████▍    | 246/451 [1:48:34<1:45:01, 30.74s/it]behavioral smollm3/step120k:  55%|█████▍    | 247/451 [1:49:27<2:06:53, 37.32s/it]Setting `pad_token_id` to `eos_token_id`:128001 for open-end generation.
behavioral smollm3/step120k:  55%|█████▍    | 248/451 [1:50:03<2:04:26, 36.78s/it]Setting `pad_token_id` to `eos_token_id`:128001 for open-end generation.
behavioral smollm3/step120k:  55%|█████▌    | 249/451 [1:50:45<2:09:54, 38.59s/it]Setting `pad_token_id` to `eos_token_id`:128001 for open-end generation.
behavioral smollm3/step120k:  55%|█████▌    | 250/451 [1:51:29<2:14:35, 40.18s/it]Setting `pad_token_id` to `eos_token_id`:128001 for open-end generation.
behavioral smollm3/step120k:  56%|█████▌    | 251/451 [1:51:48<1:52:11, 33.66s/it]Setting `pad_token_id` to `eos_token_id`:128001 for open-end generation.
behavioral smollm3/step120k:  56%|█████▌    | 252/451 [1:52:07<1:36:55, 29.22s/it]Setting `pad_token_id` to `eos_token_id`:128001 for open-end generation.
behavioral smollm3/step120k:  56%|█████▌    | 253/451 [1:52:22<1:22:53, 25.12s/it]behavioral smollm3/step120k:  56%|█████▋    | 254/451 [1:53:18<1:52:20, 34.22s/it]behavioral smollm3/step120k:  57%|█████▋    | 255/451 [1:53:57<1:56:48, 35.76s/it]behavioral smollm3/step120k:  57%|█████▋    | 256/451 [1:54:09<1:32:55, 28.59s/it]behavioral smollm3/step120k:  57%|█████▋    | 257/451 [1:54:55<1:49:56, 34.00s/it]behavioral smollm3/step120k:  57%|█████▋    | 258/451 [1:55:45<2:03:56, 38.53s/it]Setting `pad_token_id` to `eos_token_id`:128001 for open-end generation.
behavioral smollm3/step120k:  57%|█████▋    | 259/451 [1:56:18<1:58:42, 37.10s/it]Setting `pad_token_id` to `eos_token_id`:128001 for open-end generation.
behavioral smollm3/step120k:  58%|█████▊    | 260/451 [1:56:58<2:00:10, 37.75s/it]Setting `pad_token_id` to `eos_token_id`:128001 for open-end generation.
behavioral smollm3/step120k:  58%|█████▊    | 261/451 [1:57:16<1:41:27, 32.04s/it]Setting `pad_token_id` to `eos_token_id`:128001 for open-end generation.
behavioral smollm3/step120k:  58%|█████▊    | 262/451 [1:57:27<1:20:42, 25.62s/it]Setting `pad_token_id` to `eos_token_id`:128001 for open-end generation.
behavioral smollm3/step120k:  58%|█████▊    | 263/451 [1:57:38<1:06:21, 21.18s/it]Setting `pad_token_id` to `eos_token_id`:128001 for open-end generation.
behavioral smollm3/step120k:  59%|█████▊    | 264/451 [1:57:51<58:44, 18.85s/it]  behavioral smollm3/step120k:  59%|█████▉    | 265/451 [1:58:38<1:24:14, 27.18s/it]behavioral smollm3/step120k:  59%|█████▉    | 266/451 [1:59:13<1:31:18, 29.61s/it]behavioral smollm3/step120k:  59%|█████▉    | 267/451 [1:59:22<1:11:41, 23.38s/it]behavioral smollm3/step120k:  59%|█████▉    | 268/451 [2:00:04<1:28:50, 29.13s/it]behavioral smollm3/step120k:  60%|█████▉    | 269/451 [2:00:52<1:45:34, 34.80s/it]Setting `pad_token_id` to `eos_token_id`:128001 for open-end generation.
behavioral smollm3/step120k:  60%|█████▉    | 270/451 [2:01:04<1:24:00, 27.85s/it]Setting `pad_token_id` to `eos_token_id`:128001 for open-end generation.
behavioral smollm3/step120k:  60%|██████    | 271/451 [2:01:14<1:06:59, 22.33s/it]Setting `pad_token_id` to `eos_token_id`:128001 for open-end generation.
behavioral smollm3/step120k:  60%|██████    | 272/451 [2:01:24<56:06, 18.81s/it]  Setting `pad_token_id` to `eos_token_id`:128001 for open-end generation.
behavioral smollm3/step120k:  61%|██████    | 273/451 [2:01:34<48:01, 16.19s/it]Setting `pad_token_id` to `eos_token_id`:128001 for open-end generation.
behavioral smollm3/step120k:  61%|██████    | 274/451 [2:01:46<43:36, 14.78s/it]Setting `pad_token_id` to `eos_token_id`:128001 for open-end generation.
behavioral smollm3/step120k:  61%|██████    | 275/451 [2:02:24<1:04:25, 21.96s/it]behavioral smollm3/step120k:  61%|██████    | 276/451 [2:03:12<1:26:42, 29.73s/it]behavioral smollm3/step120k:  61%|██████▏   | 277/451 [2:03:51<1:33:50, 32.36s/it]behavioral smollm3/step120k:  62%|██████▏   | 278/451 [2:04:04<1:17:01, 26.71s/it]behavioral smollm3/step120k:  62%|██████▏   | 279/451 [2:04:50<1:32:32, 32.28s/it]behavioral smollm3/step120k:  62%|██████▏   | 280/451 [2:05:39<1:46:20, 37.31s/it]Setting `pad_token_id` to `eos_token_id`:128001 for open-end generation.
behavioral smollm3/step120k:  62%|██████▏   | 281/451 [2:05:49<1:23:00, 29.29s/it]Setting `pad_token_id` to `eos_token_id`:128001 for open-end generation.
behavioral smollm3/step120k:  63%|██████▎   | 282/451 [2:06:01<1:07:58, 24.13s/it]Setting `pad_token_id` to `eos_token_id`:128001 for open-end generation.
behavioral smollm3/step120k:  63%|██████▎   | 283/451 [2:06:15<59:09, 21.13s/it]  Setting `pad_token_id` to `eos_token_id`:128001 for open-end generation.
behavioral smollm3/step120k:  63%|██████▎   | 284/451 [2:06:30<53:15, 19.13s/it]Setting `pad_token_id` to `eos_token_id`:128001 for open-end generation.
behavioral smollm3/step120k:  63%|██████▎   | 285/451 [2:06:42<47:06, 17.03s/it]Setting `pad_token_id` to `eos_token_id`:128001 for open-end generation.
behavioral smollm3/step120k:  63%|██████▎   | 286/451 [2:06:52<40:36, 14.77s/it]behavioral smollm3/step120k:  64%|██████▎   | 287/451 [2:07:33<1:02:40, 22.93s/it]behavioral smollm3/step120k:  64%|██████▍   | 288/451 [2:08:08<1:12:05, 26.54s/it]behavioral smollm3/step120k:  64%|██████▍   | 289/451 [2:08:21<1:00:40, 22.47s/it]behavioral smollm3/step120k:  64%|██████▍   | 290/451 [2:09:10<1:21:16, 30.29s/it]behavioral smollm3/step120k:  65%|██████▍   | 291/451 [2:09:56<1:33:31, 35.07s/it]Setting `pad_token_id` to `eos_token_id`:128001 for open-end generation.
behavioral smollm3/step120k:  65%|██████▍   | 292/451 [2:10:08<1:14:24, 28.08s/it]Setting `pad_token_id` to `eos_token_id`:128001 for open-end generation.
behavioral smollm3/step120k:  65%|██████▍   | 293/451 [2:10:20<1:00:58, 23.15s/it]Setting `pad_token_id` to `eos_token_id`:128001 for open-end generation.
behavioral smollm3/step120k:  65%|██████▌   | 294/451 [2:10:33<52:38, 20.12s/it]  Setting `pad_token_id` to `eos_token_id`:128001 for open-end generation.
behavioral smollm3/step120k:  65%|██████▌   | 295/451 [2:10:43<44:21, 17.06s/it]Setting `pad_token_id` to `eos_token_id`:128001 for open-end generation.
behavioral smollm3/step120k:  66%|██████▌   | 296/451 [2:10:54<39:45, 15.39s/it]Setting `pad_token_id` to `eos_token_id`:128001 for open-end generation.
behavioral smollm3/step120k:  66%|██████▌   | 297/451 [2:11:04<35:21, 13.78s/it]behavioral smollm3/step120k:  66%|██████▌   | 298/451 [2:11:47<57:27, 22.53s/it]behavioral smollm3/step120k:  66%|██████▋   | 299/451 [2:12:31<1:13:13, 28.90s/it]behavioral smollm3/step120k:  67%|██████▋   | 300/451 [2:12:44<1:01:05, 24.28s/it]behavioral smollm3/step120k:  67%|██████▋   | 301/451 [2:13:31<1:17:26, 30.98s/it]behavioral smollm3/step120k:  67%|██████▋   | 302/451 [2:14:21<1:31:16, 36.75s/it]Setting `pad_token_id` to `eos_token_id`:128001 for open-end generation.
behavioral smollm3/step120k:  67%|██████▋   | 303/451 [2:14:32<1:11:38, 29.05s/it]Setting `pad_token_id` to `eos_token_id`:128001 for open-end generation.
behavioral smollm3/step120k:  67%|██████▋   | 304/451 [2:14:41<56:04, 22.89s/it]  Setting `pad_token_id` to `eos_token_id`:128001 for open-end generation.
behavioral smollm3/step120k:  68%|██████▊   | 305/451 [2:14:53<47:38, 19.58s/it]Setting `pad_token_id` to `eos_token_id`:128001 for open-end generation.
behavioral smollm3/step120k:  68%|██████▊   | 306/451 [2:15:03<40:56, 16.94s/it]Setting `pad_token_id` to `eos_token_id`:128001 for open-end generation.
behavioral smollm3/step120k:  68%|██████▊   | 307/451 [2:15:15<36:53, 15.37s/it]Setting `pad_token_id` to `eos_token_id`:128001 for open-end generation.
behavioral smollm3/step120k:  68%|██████▊   | 308/451 [2:15:25<32:56, 13.82s/it]behavioral smollm3/step120k:  69%|██████▊   | 309/451 [2:16:13<56:52, 24.03s/it]behavioral smollm3/step120k:  69%|██████▊   | 310/451 [2:16:49<1:05:06, 27.71s/it]behavioral smollm3/step120k:  69%|██████▉   | 311/451 [2:17:03<54:29, 23.35s/it]  behavioral smollm3/step120k:  69%|██████▉   | 312/451 [2:17:49<1:10:25, 30.40s/it]behavioral smollm3/step120k:  69%|██████▉   | 313/451 [2:18:40<1:23:50, 36.45s/it]Setting `pad_token_id` to `eos_token_id`:128001 for open-end generation.
behavioral smollm3/step120k:  70%|██████▉   | 314/451 [2:18:49<1:04:41, 28.33s/it]Setting `pad_token_id` to `eos_token_id`:128001 for open-end generation.
behavioral smollm3/step120k:  70%|██████▉   | 315/451 [2:18:58<51:04, 22.53s/it]  Setting `pad_token_id` to `eos_token_id`:128001 for open-end generation.
behavioral smollm3/step120k:  70%|███████   | 316/451 [2:19:09<42:34, 18.92s/it]Setting `pad_token_id` to `eos_token_id`:128001 for open-end generation.
behavioral smollm3/step120k:  70%|███████   | 317/451 [2:19:20<36:41, 16.43s/it]Setting `pad_token_id` to `eos_token_id`:128001 for open-end generation.
behavioral smollm3/step120k:  71%|███████   | 318/451 [2:19:30<32:45, 14.77s/it]Setting `pad_token_id` to `eos_token_id`:128001 for open-end generation.
behavioral smollm3/step120k:  71%|███████   | 319/451 [2:19:41<29:42, 13.50s/it]behavioral smollm3/step120k:  71%|███████   | 320/451 [2:20:20<46:08, 21.13s/it]behavioral smollm3/step120k:  71%|███████   | 321/451 [2:20:49<51:04, 23.58s/it]behavioral smollm3/step120k:  71%|███████▏  | 322/451 [2:20:59<41:53, 19.48s/it]behavioral smollm3/step120k:  72%|███████▏  | 323/451 [2:21:30<49:01, 22.98s/it]behavioral smollm3/step120k:  72%|███████▏  | 324/451 [2:22:19<1:04:49, 30.63s/it]Setting `pad_token_id` to `eos_token_id`:128001 for open-end generation.
behavioral smollm3/step120k:  72%|███████▏  | 325/451 [2:22:56<1:08:31, 32.63s/it]Setting `pad_token_id` to `eos_token_id`:128001 for open-end generation.
behavioral smollm3/step120k:  72%|███████▏  | 326/451 [2:23:30<1:09:02, 33.14s/it]Setting `pad_token_id` to `eos_token_id`:128001 for open-end generation.
behavioral smollm3/step120k:  73%|███████▎  | 327/451 [2:24:18<1:17:38, 37.57s/it]Setting `pad_token_id` to `eos_token_id`:128001 for open-end generation.
behavioral smollm3/step120k:  73%|███████▎  | 328/451 [2:25:05<1:22:24, 40.20s/it]Setting `pad_token_id` to `eos_token_id`:128001 for open-end generation.
behavioral smollm3/step120k:  73%|███████▎  | 329/451 [2:25:27<1:10:39, 34.75s/it]Setting `pad_token_id` to `eos_token_id`:128001 for open-end generation.
behavioral smollm3/step120k:  73%|███████▎  | 330/451 [2:25:37<55:35, 27.57s/it]  behavioral smollm3/step120k:  73%|███████▎  | 331/451 [2:26:20<1:03:58, 31.99s/it]behavioral smollm3/step120k:  74%|███████▎  | 332/451 [2:26:57<1:06:30, 33.54s/it]behavioral smollm3/step120k:  74%|███████▍  | 333/451 [2:27:06<51:34, 26.23s/it]  behavioral smollm3/step120k:  74%|███████▍  | 334/451 [2:27:45<58:46, 30.14s/it]behavioral smollm3/step120k:  74%|███████▍  | 335/451 [2:28:39<1:11:52, 37.18s/it]Setting `pad_token_id` to `eos_token_id`:128001 for open-end generation.
behavioral smollm3/step120k:  75%|███████▍  | 336/451 [2:28:50<56:07, 29.29s/it]  Setting `pad_token_id` to `eos_token_id`:128001 for open-end generation.
behavioral smollm3/step120k:  75%|███████▍  | 337/451 [2:29:25<59:06, 31.11s/it]Setting `pad_token_id` to `eos_token_id`:128001 for open-end generation.
behavioral smollm3/step120k:  75%|███████▍  | 338/451 [2:29:59<59:54, 31.81s/it]Setting `pad_token_id` to `eos_token_id`:128001 for open-end generation.
behavioral smollm3/step120k:  75%|███████▌  | 339/451 [2:30:15<50:44, 27.19s/it]Setting `pad_token_id` to `eos_token_id`:128001 for open-end generation.
behavioral smollm3/step120k:  75%|███████▌  | 340/451 [2:30:31<44:03, 23.81s/it]Setting `pad_token_id` to `eos_token_id`:128001 for open-end generation.
behavioral smollm3/step120k:  76%|███████▌  | 341/451 [2:30:45<38:24, 20.95s/it]behavioral smollm3/step120k:  76%|███████▌  | 342/451 [2:31:31<51:26, 28.32s/it]behavioral smollm3/step120k:  76%|███████▌  | 343/451 [2:32:04<53:45, 29.87s/it]behavioral smollm3/step120k:  76%|███████▋  | 344/451 [2:32:16<43:47, 24.56s/it]behavioral smollm3/step120k:  76%|███████▋  | 345/451 [2:33:08<57:46, 32.70s/it]behavioral smollm3/step120k:  77%|███████▋  | 346/451 [2:34:04<1:09:33, 39.75s/it]Setting `pad_token_id` to `eos_token_id`:128001 for open-end generation.
behavioral smollm3/step120k:  77%|███████▋  | 347/451 [2:34:42<1:07:40, 39.04s/it]Setting `pad_token_id` to `eos_token_id`:128001 for open-end generation.
behavioral smollm3/step120k:  77%|███████▋  | 348/451 [2:35:22<1:07:35, 39.38s/it]Setting `pad_token_id` to `eos_token_id`:128001 for open-end generation.
behavioral smollm3/step120k:  77%|███████▋  | 349/451 [2:35:44<58:07, 34.19s/it]  Setting `pad_token_id` to `eos_token_id`:128001 for open-end generation.
behavioral smollm3/step120k:  78%|███████▊  | 350/451 [2:35:56<46:30, 27.63s/it]Setting `pad_token_id` to `eos_token_id`:128001 for open-end generation.
behavioral smollm3/step120k:  78%|███████▊  | 351/451 [2:36:07<37:42, 22.63s/it]Setting `pad_token_id` to `eos_token_id`:128001 for open-end generation.
behavioral smollm3/step120k:  78%|███████▊  | 352/451 [2:36:16<30:39, 18.58s/it]behavioral smollm3/step120k:  78%|███████▊  | 353/451 [2:36:48<36:49, 22.55s/it]behavioral smollm3/step120k:  78%|███████▊  | 354/451 [2:37:18<40:03, 24.78s/it]behavioral smollm3/step120k:  79%|███████▊  | 355/451 [2:37:29<32:45, 20.47s/it]behavioral smollm3/step120k:  79%|███████▉  | 356/451 [2:38:10<42:28, 26.83s/it]behavioral smollm3/step120k:  79%|███████▉  | 357/451 [2:38:43<44:56, 28.68s/it]Setting `pad_token_id` to `eos_token_id`:128001 for open-end generation.
behavioral smollm3/step120k:  79%|███████▉  | 358/451 [2:38:51<34:50, 22.48s/it]Setting `pad_token_id` to `eos_token_id`:128001 for open-end generation.
behavioral smollm3/step120k:  80%|███████▉  | 359/451 [2:39:03<29:18, 19.12s/it]Setting `pad_token_id` to `eos_token_id`:128001 for open-end generation.
behavioral smollm3/step120k:  80%|███████▉  | 360/451 [2:39:19<27:58, 18.44s/it]Setting `pad_token_id` to `eos_token_id`:128001 for open-end generation.
behavioral smollm3/step120k:  80%|████████  | 361/451 [2:39:34<26:05, 17.40s/it]Setting `pad_token_id` to `eos_token_id`:128001 for open-end generation.
behavioral smollm3/step120k:  80%|████████  | 362/451 [2:39:49<24:39, 16.62s/it]Setting `pad_token_id` to `eos_token_id`:128001 for open-end generation.
behavioral smollm3/step120k:  80%|████████  | 363/451 [2:40:22<31:18, 21.35s/it]behavioral smollm3/step120k:  81%|████████  | 364/451 [2:41:10<42:32, 29.34s/it]behavioral smollm3/step120k:  81%|████████  | 365/451 [2:41:47<45:32, 31.78s/it]behavioral smollm3/step120k:  81%|████████  | 366/451 [2:42:00<36:52, 26.03s/it]behavioral smollm3/step120k:  81%|████████▏ | 367/451 [2:42:45<44:28, 31.76s/it]behavioral smollm3/step120k:  82%|████████▏ | 368/451 [2:43:35<51:29, 37.22s/it]Setting `pad_token_id` to `eos_token_id`:128001 for open-end generation.
behavioral smollm3/step120k:  82%|████████▏ | 369/451 [2:43:47<40:33, 29.68s/it]Setting `pad_token_id` to `eos_token_id`:128001 for open-end generation.
behavioral smollm3/step120k:  82%|████████▏ | 370/451 [2:43:57<32:06, 23.79s/it]Setting `pad_token_id` to `eos_token_id`:128001 for open-end generation.
behavioral smollm3/step120k:  82%|████████▏ | 371/451 [2:44:07<26:23, 19.80s/it]Setting `pad_token_id` to `eos_token_id`:128001 for open-end generation.
behavioral smollm3/step120k:  82%|████████▏ | 372/451 [2:44:20<23:27, 17.82s/it]Setting `pad_token_id` to `eos_token_id`:128001 for open-end generation.
behavioral smollm3/step120k:  83%|████████▎ | 373/451 [2:44:33<21:04, 16.21s/it]Setting `pad_token_id` to `eos_token_id`:128001 for open-end generation.
behavioral smollm3/step120k:  83%|████████▎ | 374/451 [2:44:43<18:20, 14.29s/it]behavioral smollm3/step120k:  83%|████████▎ | 375/451 [2:45:26<29:16, 23.12s/it]behavioral smollm3/step120k:  83%|████████▎ | 376/451 [2:46:05<34:38, 27.72s/it]behavioral smollm3/step120k:  84%|████████▎ | 377/451 [2:46:18<28:43, 23.30s/it]behavioral smollm3/step120k:  84%|████████▍ | 378/451 [2:47:07<37:49, 31.08s/it]behavioral smollm3/step120k:  84%|████████▍ | 379/451 [2:48:01<45:26, 37.87s/it]Setting `pad_token_id` to `eos_token_id`:128001 for open-end generation.
behavioral smollm3/step120k:  84%|████████▍ | 380/451 [2:48:10<34:31, 29.18s/it]Setting `pad_token_id` to `eos_token_id`:128001 for open-end generation.
behavioral smollm3/step120k:  84%|████████▍ | 381/451 [2:48:21<27:44, 23.78s/it]Setting `pad_token_id` to `eos_token_id`:128001 for open-end generation.
behavioral smollm3/step120k:  85%|████████▍ | 382/451 [2:48:33<23:17, 20.26s/it]Setting `pad_token_id` to `eos_token_id`:128001 for open-end generation.
behavioral smollm3/step120k:  85%|████████▍ | 383/451 [2:48:43<19:31, 17.23s/it]Setting `pad_token_id` to `eos_token_id`:128001 for open-end generation.
behavioral smollm3/step120k:  85%|████████▌ | 384/451 [2:48:54<17:09, 15.37s/it]Setting `pad_token_id` to `eos_token_id`:128001 for open-end generation.
behavioral smollm3/step120k:  85%|████████▌ | 385/451 [2:49:04<15:06, 13.74s/it]behavioral smollm3/step120k:  86%|████████▌ | 386/451 [2:49:49<25:06, 23.17s/it]behavioral smollm3/step120k:  86%|████████▌ | 387/451 [2:50:20<27:14, 25.54s/it]behavioral smollm3/step120k:  86%|████████▌ | 388/451 [2:50:30<21:57, 20.92s/it]behavioral smollm3/step120k:  86%|████████▋ | 389/451 [2:51:10<27:27, 26.57s/it]behavioral smollm3/step120k:  86%|████████▋ | 390/451 [2:52:09<36:55, 36.33s/it]Setting `pad_token_id` to `eos_token_id`:128001 for open-end generation.
behavioral smollm3/step120k:  87%|████████▋ | 391/451 [2:52:44<35:45, 35.76s/it]Setting `pad_token_id` to `eos_token_id`:128001 for open-end generation.
behavioral smollm3/step120k:  87%|████████▋ | 392/451 [2:53:20<35:23, 36.00s/it]Setting `pad_token_id` to `eos_token_id`:128001 for open-end generation.
behavioral smollm3/step120k:  87%|████████▋ | 393/451 [2:53:39<29:50, 30.86s/it]Setting `pad_token_id` to `eos_token_id`:128001 for open-end generation.
behavioral smollm3/step120k:  87%|████████▋ | 394/451 [2:53:52<24:15, 25.54s/it]Setting `pad_token_id` to `eos_token_id`:128001 for open-end generation.
behavioral smollm3/step120k:  88%|████████▊ | 395/451 [2:54:03<19:47, 21.21s/it]Setting `pad_token_id` to `eos_token_id`:128001 for open-end generation.
behavioral smollm3/step120k:  88%|████████▊ | 396/451 [2:54:12<16:03, 17.51s/it]behavioral smollm3/step120k:  88%|████████▊ | 397/451 [2:54:58<23:19, 25.92s/it]behavioral smollm3/step120k:  88%|████████▊ | 398/451 [2:55:31<24:54, 28.20s/it]behavioral smollm3/step120k:  88%|████████▊ | 399/451 [2:55:42<19:54, 22.98s/it]behavioral smollm3/step120k:  89%|████████▊ | 400/451 [2:56:27<25:13, 29.67s/it]behavioral smollm3/step120k:  89%|████████▉ | 401/451 [2:57:23<31:12, 37.46s/it]Setting `pad_token_id` to `eos_token_id`:128001 for open-end generation.
behavioral smollm3/step120k:  89%|████████▉ | 402/451 [2:57:36<24:36, 30.13s/it]Setting `pad_token_id` to `eos_token_id`:128001 for open-end generation.
behavioral smollm3/step120k:  89%|████████▉ | 403/451 [2:57:51<20:30, 25.64s/it]Setting `pad_token_id` to `eos_token_id`:128001 for open-end generation.
behavioral smollm3/step120k:  90%|████████▉ | 404/451 [2:58:02<16:41, 21.30s/it]Setting `pad_token_id` to `eos_token_id`:128001 for open-end generation.
behavioral smollm3/step120k:  90%|████████▉ | 405/451 [2:58:15<14:21, 18.73s/it]Setting `pad_token_id` to `eos_token_id`:128001 for open-end generation.
behavioral smollm3/step120k:  90%|█████████ | 406/451 [2:58:28<12:48, 17.07s/it]Setting `pad_token_id` to `eos_token_id`:128001 for open-end generation.
behavioral smollm3/step120k:  90%|█████████ | 407/451 [2:58:38<10:57, 14.94s/it]behavioral smollm3/step120k:  90%|█████████ | 408/451 [2:59:27<17:54, 24.98s/it]behavioral smollm3/step120k:  91%|█████████ | 409/451 [3:00:07<20:36, 29.44s/it]behavioral smollm3/step120k:  91%|█████████ | 410/451 [3:00:17<16:17, 23.85s/it]behavioral smollm3/step120k:  91%|█████████ | 411/451 [3:01:00<19:36, 29.40s/it]behavioral smollm3/step120k:  91%|█████████▏| 412/451 [3:01:57<24:34, 37.80s/it]Setting `pad_token_id` to `eos_token_id`:128001 for open-end generation.
behavioral smollm3/step120k:  92%|█████████▏| 413/451 [3:02:17<20:33, 32.45s/it]Setting `pad_token_id` to `eos_token_id`:128001 for open-end generation.
behavioral smollm3/step120k:  92%|█████████▏| 414/451 [3:02:27<15:46, 25.58s/it]Setting `pad_token_id` to `eos_token_id`:128001 for open-end generation.
behavioral smollm3/step120k:  92%|█████████▏| 415/451 [3:02:37<12:32, 20.90s/it]Setting `pad_token_id` to `eos_token_id`:128001 for open-end generation.
behavioral smollm3/step120k:  92%|█████████▏| 416/451 [3:02:48<10:33, 18.10s/it]Setting `pad_token_id` to `eos_token_id`:128001 for open-end generation.
behavioral smollm3/step120k:  92%|█████████▏| 417/451 [3:03:03<09:43, 17.15s/it]Setting `pad_token_id` to `eos_token_id`:128001 for open-end generation.
behavioral smollm3/step120k:  93%|█████████▎| 418/451 [3:03:16<08:40, 15.78s/it]behavioral smollm3/step120k:  93%|█████████▎| 419/451 [3:04:00<12:57, 24.28s/it]behavioral smollm3/step120k:  93%|█████████▎| 420/451 [3:04:34<14:08, 27.36s/it]behavioral smollm3/step120k:  93%|█████████▎| 421/451 [3:04:45<11:08, 22.29s/it]behavioral smollm3/step120k:  94%|█████████▎| 422/451 [3:05:37<15:02, 31.11s/it]behavioral smollm3/step120k:  94%|█████████▍| 423/451 [3:06:29<17:26, 37.38s/it]Setting `pad_token_id` to `eos_token_id`:128001 for open-end generation.
behavioral smollm3/step120k:  94%|█████████▍| 424/451 [3:06:42<13:38, 30.33s/it]Setting `pad_token_id` to `eos_token_id`:128001 for open-end generation.
behavioral smollm3/step120k:  94%|█████████▍| 425/451 [3:06:58<11:10, 25.77s/it]Setting `pad_token_id` to `eos_token_id`:128001 for open-end generation.
behavioral smollm3/step120k:  94%|█████████▍| 426/451 [3:07:09<08:57, 21.48s/it]Setting `pad_token_id` to `eos_token_id`:128001 for open-end generation.
behavioral smollm3/step120k:  95%|█████████▍| 427/451 [3:07:25<07:52, 19.69s/it]Setting `pad_token_id` to `eos_token_id`:128001 for open-end generation.
behavioral smollm3/step120k:  95%|█████████▍| 428/451 [3:08:10<10:30, 27.43s/it]Setting `pad_token_id` to `eos_token_id`:128001 for open-end generation.
behavioral smollm3/step120k:  95%|█████████▌| 429/451 [3:08:38<10:10, 27.74s/it]behavioral smollm3/step120k:  95%|█████████▌| 430/451 [3:09:23<11:25, 32.64s/it]behavioral smollm3/step120k:  96%|█████████▌| 431/451 [3:09:54<10:44, 32.24s/it]behavioral smollm3/step120k:  96%|█████████▌| 432/451 [3:10:05<08:10, 25.81s/it]behavioral smollm3/step120k:  96%|█████████▌| 433/451 [3:10:48<09:21, 31.19s/it]behavioral smollm3/step120k:  96%|█████████▌| 434/451 [3:11:35<10:06, 35.69s/it]Setting `pad_token_id` to `eos_token_id`:128001 for open-end generation.
behavioral smollm3/step120k:  96%|█████████▋| 435/451 [3:11:43<07:18, 27.42s/it]Setting `pad_token_id` to `eos_token_id`:128001 for open-end generation.
behavioral smollm3/step120k:  97%|█████████▋| 436/451 [3:11:57<05:51, 23.45s/it]Setting `pad_token_id` to `eos_token_id`:128001 for open-end generation.
behavioral smollm3/step120k:  97%|█████████▋| 437/451 [3:12:13<04:56, 21.19s/it]Setting `pad_token_id` to `eos_token_id`:128001 for open-end generation.
behavioral smollm3/step120k:  97%|█████████▋| 438/451 [3:12:28<04:12, 19.44s/it]Setting `pad_token_id` to `eos_token_id`:128001 for open-end generation.
behavioral smollm3/step120k:  97%|█████████▋| 439/451 [3:12:39<03:23, 16.92s/it]Setting `pad_token_id` to `eos_token_id`:128001 for open-end generation.
behavioral smollm3/step120k:  98%|█████████▊| 440/451 [3:13:09<03:47, 20.68s/it]behavioral smollm3/step120k:  98%|█████████▊| 441/451 [3:13:51<04:31, 27.11s/it]behavioral smollm3/step120k:  98%|█████████▊| 442/451 [3:14:27<04:27, 29.70s/it]behavioral smollm3/step120k:  98%|█████████▊| 443/451 [3:14:36<03:08, 23.50s/it]behavioral smollm3/step120k:  98%|█████████▊| 444/451 [3:15:16<03:19, 28.47s/it]behavioral smollm3/step120k:  99%|█████████▊| 445/451 [3:16:05<03:27, 34.64s/it]Setting `pad_token_id` to `eos_token_id`:128001 for open-end generation.
behavioral smollm3/step120k:  99%|█████████▉| 446/451 [3:16:17<02:19, 27.90s/it]Setting `pad_token_id` to `eos_token_id`:128001 for open-end generation.
behavioral smollm3/step120k:  99%|█████████▉| 447/451 [3:16:29<01:32, 23.18s/it]Setting `pad_token_id` to `eos_token_id`:128001 for open-end generation.
behavioral smollm3/step120k:  99%|█████████▉| 448/451 [3:16:39<00:57, 19.09s/it]Setting `pad_token_id` to `eos_token_id`:128001 for open-end generation.
behavioral smollm3/step120k: 100%|█████████▉| 449/451 [3:16:49<00:33, 16.57s/it]Setting `pad_token_id` to `eos_token_id`:128001 for open-end generation.
behavioral smollm3/step120k: 100%|█████████▉| 450/451 [3:17:01<00:15, 15.19s/it]Setting `pad_token_id` to `eos_token_id`:128001 for open-end generation.
behavioral smollm3/step120k: 100%|██████████| 451/451 [3:17:11<00:00, 13.53s/it]behavioral smollm3/step120k: 100%|██████████| 451/451 [3:17:11<00:00, 26.23s/it]
  ✅ Saved 451 records → data/results/behavioral_smollm3_45/smollm3_step120k_behavioral_smollm3.jsonl

Loading SmolLM3-3B @ step400k ...
Loading checkpoint shards:   0%|          | 0/2 [00:00<?, ?it/s]Loading checkpoint shards:  50%|█████     | 1/2 [00:06<00:06,  6.98s/it]Loading checkpoint shards: 100%|██████████| 2/2 [00:08<00:00,  3.90s/it]Loading checkpoint shards: 100%|██████████| 2/2 [00:08<00:00,  4.36s/it]
behavioral smollm3/step400k:   0%|          | 0/451 [00:00<?, ?it/s]behavioral smollm3/step400k:   0%|          | 1/451 [00:43<5:23:17, 43.11s/it]behavioral smollm3/step400k:   0%|          | 2/451 [01:18<4:50:06, 38.77s/it]behavioral smollm3/step400k:   1%|          | 3/451 [01:31<3:21:42, 27.02s/it]behavioral smollm3/step400k:   1%|          | 4/451 [02:12<4:02:29, 32.55s/it]behavioral smollm3/step400k:   1%|          | 5/451 [03:02<4:47:28, 38.67s/it]Setting `pad_token_id` to `eos_token_id`:128001 for open-end generation.
behavioral smollm3/step400k:   1%|▏         | 6/451 [03:10<3:30:36, 28.40s/it]Setting `pad_token_id` to `eos_token_id`:128001 for open-end generation.
behavioral smollm3/step400k:   2%|▏         | 7/451 [03:18<2:40:18, 21.66s/it]Setting `pad_token_id` to `eos_token_id`:128001 for open-end generation.
behavioral smollm3/step400k:   2%|▏         | 8/451 [03:52<3:07:36, 25.41s/it]Setting `pad_token_id` to `eos_token_id`:128001 for open-end generation.
behavioral smollm3/step400k:   2%|▏         | 9/451 [04:34<3:46:17, 30.72s/it]Setting `pad_token_id` to `eos_token_id`:128001 for open-end generation.
behavioral smollm3/step400k:   2%|▏         | 10/451 [04:50<3:11:24, 26.04s/it]Setting `pad_token_id` to `eos_token_id`:128001 for open-end generation.
behavioral smollm3/step400k:   2%|▏         | 11/451 [05:05<2:46:24, 22.69s/it]behavioral smollm3/step400k:   3%|▎         | 12/451 [05:33<2:57:51, 24.31s/it]behavioral smollm3/step400k:   3%|▎         | 13/451 [06:12<3:31:02, 28.91s/it]behavioral smollm3/step400k:   3%|▎         | 14/451 [06:24<2:52:23, 23.67s/it]behavioral smollm3/step400k:   3%|▎         | 15/451 [07:07<3:35:33, 29.66s/it]behavioral smollm3/step400k:   4%|▎         | 16/451 [07:48<3:59:02, 32.97s/it]Setting `pad_token_id` to `eos_token_id`:128001 for open-end generation.
behavioral smollm3/step400k:   4%|▍         | 17/451 [07:56<3:04:11, 25.46s/it]Setting `pad_token_id` to `eos_token_id`:128001 for open-end generation.
behavioral smollm3/step400k:   4%|▍         | 18/451 [08:04<2:25:50, 20.21s/it]Setting `pad_token_id` to `eos_token_id`:128001 for open-end generation.
behavioral smollm3/step400k:   4%|▍         | 19/451 [08:14<2:04:10, 17.25s/it]Setting `pad_token_id` to `eos_token_id`:128001 for open-end generation.
behavioral smollm3/step400k:   4%|▍         | 20/451 [08:28<1:55:15, 16.05s/it]Setting `pad_token_id` to `eos_token_id`:128001 for open-end generation.
behavioral smollm3/step400k:   5%|▍         | 21/451 [08:41<1:50:23, 15.40s/it]Setting `pad_token_id` to `eos_token_id`:128001 for open-end generation.
behavioral smollm3/step400k:   5%|▍         | 22/451 [08:54<1:44:04, 14.56s/it]behavioral smollm3/step400k:   5%|▌         | 23/451 [09:27<2:24:14, 20.22s/it]behavioral smollm3/step400k:   5%|▌         | 24/451 [10:00<2:50:20, 23.94s/it]behavioral smollm3/step400k:   6%|▌         | 25/451 [10:08<2:15:17, 19.05s/it]behavioral smollm3/step400k:   6%|▌         | 26/451 [10:48<3:00:43, 25.51s/it]behavioral smollm3/step400k:   6%|▌         | 27/451 [11:41<3:57:30, 33.61s/it]Setting `pad_token_id` to `eos_token_id`:128001 for open-end generation.
behavioral smollm3/step400k:   6%|▌         | 28/451 [12:14<3:55:16, 33.37s/it]Setting `pad_token_id` to `eos_token_id`:128001 for open-end generation.
behavioral smollm3/step400k:   6%|▋         | 29/451 [12:24<3:06:28, 26.51s/it]Setting `pad_token_id` to `eos_token_id`:128001 for open-end generation.
behavioral smollm3/step400k:   7%|▋         | 30/451 [12:40<2:44:13, 23.41s/it]Setting `pad_token_id` to `eos_token_id`:128001 for open-end generation.
behavioral smollm3/step400k:   7%|▋         | 31/451 [12:55<2:25:52, 20.84s/it]Setting `pad_token_id` to `eos_token_id`:128001 for open-end generation.
behavioral smollm3/step400k:   7%|▋         | 32/451 [13:09<2:10:31, 18.69s/it]Setting `pad_token_id` to `eos_token_id`:128001 for open-end generation.
behavioral smollm3/step400k:   7%|▋         | 33/451 [13:19<1:52:41, 16.17s/it]behavioral smollm3/step400k:   8%|▊         | 34/451 [14:00<2:43:10, 23.48s/it]behavioral smollm3/step400k:   8%|▊         | 35/451 [14:31<2:59:46, 25.93s/it]behavioral smollm3/step400k:   8%|▊         | 36/451 [14:43<2:30:38, 21.78s/it]behavioral smollm3/step400k:   8%|▊         | 37/451 [15:33<3:27:20, 30.05s/it]behavioral smollm3/step400k:   8%|▊         | 38/451 [16:28<4:18:43, 37.59s/it]Setting `pad_token_id` to `eos_token_id`:128001 for open-end generation.
behavioral smollm3/step400k:   9%|▊         | 39/451 [17:09<4:25:26, 38.66s/it]Setting `pad_token_id` to `eos_token_id`:128001 for open-end generation.
behavioral smollm3/step400k:   9%|▉         | 40/451 [17:45<4:18:42, 37.77s/it]Setting `pad_token_id` to `eos_token_id`:128001 for open-end generation.
behavioral smollm3/step400k:   9%|▉         | 41/451 [17:55<3:22:01, 29.56s/it]Setting `pad_token_id` to `eos_token_id`:128001 for open-end generation.
behavioral smollm3/step400k:   9%|▉         | 42/451 [18:05<2:41:43, 23.72s/it]Setting `pad_token_id` to `eos_token_id`:128001 for open-end generation.
behavioral smollm3/step400k:  10%|▉         | 43/451 [18:17<2:16:09, 20.02s/it]Setting `pad_token_id` to `eos_token_id`:128001 for open-end generation.
behavioral smollm3/step400k:  10%|▉         | 44/451 [18:31<2:05:09, 18.45s/it]behavioral smollm3/step400k:  10%|▉         | 45/451 [19:14<2:53:23, 25.62s/it]behavioral smollm3/step400k:  10%|█         | 46/451 [19:49<3:12:14, 28.48s/it]behavioral smollm3/step400k:  10%|█         | 47/451 [19:58<2:33:05, 22.74s/it]behavioral smollm3/step400k:  11%|█         | 48/451 [20:43<3:16:11, 29.21s/it]behavioral smollm3/step400k:  11%|█         | 49/451 [21:34<4:00:30, 35.90s/it]Setting `pad_token_id` to `eos_token_id`:128001 for open-end generation.
behavioral smollm3/step400k:  11%|█         | 50/451 [21:45<3:08:55, 28.27s/it]Setting `pad_token_id` to `eos_token_id`:128001 for open-end generation.
behavioral smollm3/step400k:  11%|█▏        | 51/451 [21:54<2:30:16, 22.54s/it]Setting `pad_token_id` to `eos_token_id`:128001 for open-end generation.
behavioral smollm3/step400k:  12%|█▏        | 52/451 [22:04<2:05:58, 18.94s/it]Setting `pad_token_id` to `eos_token_id`:128001 for open-end generation.
behavioral smollm3/step400k:  12%|█▏        | 53/451 [22:15<1:49:27, 16.50s/it]Setting `pad_token_id` to `eos_token_id`:128001 for open-end generation.
behavioral smollm3/step400k:  12%|█▏        | 54/451 [22:45<2:15:20, 20.45s/it]Setting `pad_token_id` to `eos_token_id`:128001 for open-end generation.
behavioral smollm3/step400k:  12%|█▏        | 55/451 [23:34<3:12:19, 29.14s/it]behavioral smollm3/step400k:  12%|█▏        | 56/451 [24:15<3:35:06, 32.67s/it]behavioral smollm3/step400k:  13%|█▎        | 57/451 [24:50<3:38:32, 33.28s/it]behavioral smollm3/step400k:  13%|█▎        | 58/451 [25:01<2:54:26, 26.63s/it]behavioral smollm3/step400k:  13%|█▎        | 59/451 [25:44<3:25:30, 31.46s/it]behavioral smollm3/step400k:  13%|█▎        | 60/451 [26:32<3:57:29, 36.44s/it]Setting `pad_token_id` to `eos_token_id`:128001 for open-end generation.
behavioral smollm3/step400k:  14%|█▎        | 61/451 [27:13<4:05:59, 37.85s/it]Setting `pad_token_id` to `eos_token_id`:128001 for open-end generation.
behavioral smollm3/step400k:  14%|█▎        | 62/451 [27:48<3:59:42, 36.97s/it]Setting `pad_token_id` to `eos_token_id`:128001 for open-end generation.
behavioral smollm3/step400k:  14%|█▍        | 63/451 [28:12<3:33:46, 33.06s/it]Setting `pad_token_id` to `eos_token_id`:128001 for open-end generation.
behavioral smollm3/step400k:  14%|█▍        | 64/451 [28:27<2:58:16, 27.64s/it]Setting `pad_token_id` to `eos_token_id`:128001 for open-end generation.
behavioral smollm3/step400k:  14%|█▍        | 65/451 [28:45<2:40:24, 24.93s/it]Setting `pad_token_id` to `eos_token_id`:128001 for open-end generation.
behavioral smollm3/step400k:  15%|█▍        | 66/451 [29:00<2:21:16, 22.02s/it]behavioral smollm3/step400k:  15%|█▍        | 67/451 [29:45<3:03:50, 28.72s/it]behavioral smollm3/step400k:  15%|█▌        | 68/451 [30:19<3:14:10, 30.42s/it]behavioral smollm3/step400k:  15%|█▌        | 69/451 [30:32<2:40:26, 25.20s/it]behavioral smollm3/step400k:  16%|█▌        | 70/451 [31:20<3:22:34, 31.90s/it]behavioral smollm3/step400k:  16%|█▌        | 71/451 [32:14<4:04:05, 38.54s/it]Setting `pad_token_id` to `eos_token_id`:128001 for open-end generation.
behavioral smollm3/step400k:  16%|█▌        | 72/451 [32:41<3:41:20, 35.04s/it]Setting `pad_token_id` to `eos_token_id`:128001 for open-end generation.
behavioral smollm3/step400k:  16%|█▌        | 73/451 [32:52<2:55:29, 27.86s/it]Setting `pad_token_id` to `eos_token_id`:128001 for open-end generation.
behavioral smollm3/step400k:  16%|█▋        | 74/451 [33:06<2:29:19, 23.77s/it]Setting `pad_token_id` to `eos_token_id`:128001 for open-end generation.
behavioral smollm3/step400k:  17%|█▋        | 75/451 [33:16<2:03:25, 19.70s/it]Setting `pad_token_id` to `eos_token_id`:128001 for open-end generation.
behavioral smollm3/step400k:  17%|█▋        | 76/451 [33:30<1:51:14, 17.80s/it]Setting `pad_token_id` to `eos_token_id`:128001 for open-end generation.
behavioral smollm3/step400k:  17%|█▋        | 77/451 [33:40<1:37:16, 15.60s/it]behavioral smollm3/step400k:  17%|█▋        | 78/451 [34:10<2:04:07, 19.97s/it]behavioral smollm3/step400k:  18%|█▊        | 79/451 [34:42<2:26:03, 23.56s/it]behavioral smollm3/step400k:  18%|█▊        | 80/451 [34:52<2:00:19, 19.46s/it]behavioral smollm3/step400k:  18%|█▊        | 81/451 [35:38<2:49:29, 27.49s/it]behavioral smollm3/step400k:  18%|█▊        | 82/451 [36:27<3:28:46, 33.95s/it]Setting `pad_token_id` to `eos_token_id`:128001 for open-end generation.
behavioral smollm3/step400k:  18%|█▊        | 83/451 [37:07<3:39:40, 35.82s/it]Setting `pad_token_id` to `eos_token_id`:128001 for open-end generation.
behavioral smollm3/step400k:  19%|█▊        | 84/451 [37:43<3:38:36, 35.74s/it]Setting `pad_token_id` to `eos_token_id`:128001 for open-end generation.
behavioral smollm3/step400k:  19%|█▉        | 85/451 [38:25<3:48:45, 37.50s/it]Setting `pad_token_id` to `eos_token_id`:128001 for open-end generation.
behavioral smollm3/step400k:  19%|█▉        | 86/451 [39:15<4:12:18, 41.48s/it]Setting `pad_token_id` to `eos_token_id`:128001 for open-end generation.
behavioral smollm3/step400k:  19%|█▉        | 87/451 [40:00<4:16:56, 42.35s/it]Setting `pad_token_id` to `eos_token_id`:128001 for open-end generation.
behavioral smollm3/step400k:  20%|█▉        | 88/451 [40:10<3:18:03, 32.74s/it]behavioral smollm3/step400k:  20%|█▉        | 89/451 [40:52<3:34:33, 35.56s/it]behavioral smollm3/step400k:  20%|█▉        | 90/451 [41:24<3:27:01, 34.41s/it]behavioral smollm3/step400k:  20%|██        | 91/451 [41:34<2:41:55, 26.99s/it]behavioral smollm3/step400k:  20%|██        | 92/451 [42:14<3:06:01, 31.09s/it]behavioral smollm3/step400k:  21%|██        | 93/451 [43:10<3:49:32, 38.47s/it]Setting `pad_token_id` to `eos_token_id`:128001 for open-end generation.
behavioral smollm3/step400k:  21%|██        | 94/451 [43:43<3:38:25, 36.71s/it]Setting `pad_token_id` to `eos_token_id`:128001 for open-end generation.
behavioral smollm3/step400k:  21%|██        | 95/451 [43:51<2:47:44, 28.27s/it]Setting `pad_token_id` to `eos_token_id`:128001 for open-end generation.
behavioral smollm3/step400k:  21%|██▏       | 96/451 [44:01<2:15:06, 22.83s/it]Setting `pad_token_id` to `eos_token_id`:128001 for open-end generation.
behavioral smollm3/step400k:  22%|██▏       | 97/451 [44:12<1:53:03, 19.16s/it]Setting `pad_token_id` to `eos_token_id`:128001 for open-end generation.
behavioral smollm3/step400k:  22%|██▏       | 98/451 [44:27<1:45:41, 17.96s/it]Setting `pad_token_id` to `eos_token_id`:128001 for open-end generation.
behavioral smollm3/step400k:  22%|██▏       | 99/451 [44:42<1:39:14, 16.92s/it]behavioral smollm3/step400k:  22%|██▏       | 100/451 [45:26<2:28:00, 25.30s/it]behavioral smollm3/step400k:  22%|██▏       | 101/451 [45:56<2:34:33, 26.50s/it]behavioral smollm3/step400k:  23%|██▎       | 102/451 [46:05<2:03:33, 21.24s/it]behavioral smollm3/step400k:  23%|██▎       | 103/451 [46:47<2:39:23, 27.48s/it]behavioral smollm3/step400k:  23%|██▎       | 104/451 [47:34<3:12:42, 33.32s/it]Setting `pad_token_id` to `eos_token_id`:128001 for open-end generation.
behavioral smollm3/step400k:  23%|██▎       | 105/451 [47:42<2:29:35, 25.94s/it]Setting `pad_token_id` to `eos_token_id`:128001 for open-end generation.
behavioral smollm3/step400k:  24%|██▎       | 106/451 [47:50<1:58:16, 20.57s/it]Setting `pad_token_id` to `eos_token_id`:128001 for open-end generation.
behavioral smollm3/step400k:  24%|██▎       | 107/451 [48:00<1:38:26, 17.17s/it]Setting `pad_token_id` to `eos_token_id`:128001 for open-end generation.
behavioral smollm3/step400k:  24%|██▍       | 108/451 [48:09<1:25:31, 14.96s/it]Setting `pad_token_id` to `eos_token_id`:128001 for open-end generation.
behavioral smollm3/step400k:  24%|██▍       | 109/451 [48:20<1:17:47, 13.65s/it]Setting `pad_token_id` to `eos_token_id`:128001 for open-end generation.
behavioral smollm3/step400k:  24%|██▍       | 110/451 [48:32<1:14:35, 13.13s/it]behavioral smollm3/step400k:  25%|██▍       | 111/451 [49:19<2:12:37, 23.41s/it]behavioral smollm3/step400k:  25%|██▍       | 112/451 [49:59<2:40:28, 28.40s/it]behavioral smollm3/step400k:  25%|██▌       | 113/451 [50:08<2:07:07, 22.57s/it]behavioral smollm3/step400k:  25%|██▌       | 114/451 [50:52<2:42:49, 28.99s/it]behavioral smollm3/step400k:  25%|██▌       | 115/451 [51:42<3:17:08, 35.20s/it]Setting `pad_token_id` to `eos_token_id`:128001 for open-end generation.
behavioral smollm3/step400k:  26%|██▌       | 116/451 [51:50<2:31:31, 27.14s/it]Setting `pad_token_id` to `eos_token_id`:128001 for open-end generation.
behavioral smollm3/step400k:  26%|██▌       | 117/451 [51:59<2:00:02, 21.56s/it]Setting `pad_token_id` to `eos_token_id`:128001 for open-end generation.
behavioral smollm3/step400k:  26%|██▌       | 118/451 [52:08<1:39:34, 17.94s/it]Setting `pad_token_id` to `eos_token_id`:128001 for open-end generation.
behavioral smollm3/step400k:  26%|██▋       | 119/451 [52:19<1:26:30, 15.63s/it]Setting `pad_token_id` to `eos_token_id`:128001 for open-end generation.
behavioral smollm3/step400k:  27%|██▋       | 120/451 [53:01<2:10:22, 23.63s/it]Setting `pad_token_id` to `eos_token_id`:128001 for open-end generation.
behavioral smollm3/step400k:  27%|██▋       | 121/451 [53:37<2:30:53, 27.44s/it]behavioral smollm3/step400k:  27%|██▋       | 122/451 [54:07<2:33:28, 27.99s/it]behavioral smollm3/step400k:  27%|██▋       | 123/451 [54:36<2:34:57, 28.35s/it]behavioral smollm3/step400k:  27%|██▋       | 124/451 [54:45<2:04:03, 22.76s/it]behavioral smollm3/step400k:  28%|██▊       | 125/451 [55:26<2:33:04, 28.17s/it]behavioral smollm3/step400k:  28%|██▊       | 126/451 [56:05<2:50:15, 31.43s/it]Setting `pad_token_id` to `eos_token_id`:128001 for open-end generation.
behavioral smollm3/step400k:  28%|██▊       | 127/451 [56:14<2:12:32, 24.55s/it]Setting `pad_token_id` to `eos_token_id`:128001 for open-end generation.
behavioral smollm3/step400k:  28%|██▊       | 128/451 [56:30<1:58:47, 22.07s/it]Setting `pad_token_id` to `eos_token_id`:128001 for open-end generation.
behavioral smollm3/step400k:  29%|██▊       | 129/451 [57:14<2:34:19, 28.76s/it]Setting `pad_token_id` to `eos_token_id`:128001 for open-end generation.
behavioral smollm3/step400k:  29%|██▉       | 130/451 [57:40<2:28:12, 27.70s/it]Setting `pad_token_id` to `eos_token_id`:128001 for open-end generation.
behavioral smollm3/step400k:  29%|██▉       | 131/451 [57:49<1:58:51, 22.29s/it]Setting `pad_token_id` to `eos_token_id`:128001 for open-end generation.
behavioral smollm3/step400k:  29%|██▉       | 132/451 [57:59<1:37:41, 18.38s/it]behavioral smollm3/step400k:  29%|██▉       | 133/451 [58:36<2:07:29, 24.05s/it]behavioral smollm3/step400k:  30%|██▉       | 134/451 [59:07<2:18:42, 26.25s/it]behavioral smollm3/step400k:  30%|██▉       | 135/451 [59:17<1:51:27, 21.16s/it]behavioral smollm3/step400k:  30%|███       | 136/451 [1:00:03<2:30:34, 28.68s/it]behavioral smollm3/step400k:  30%|███       | 137/451 [1:00:55<3:07:41, 35.86s/it]Setting `pad_token_id` to `eos_token_id`:128001 for open-end generation.
behavioral smollm3/step400k:  31%|███       | 138/451 [1:01:05<2:26:42, 28.12s/it]Setting `pad_token_id` to `eos_token_id`:128001 for open-end generation.
behavioral smollm3/step400k:  31%|███       | 139/451 [1:01:14<1:55:28, 22.21s/it]Setting `pad_token_id` to `eos_token_id`:128001 for open-end generation.
behavioral smollm3/step400k:  31%|███       | 140/451 [1:01:26<1:40:03, 19.30s/it]Setting `pad_token_id` to `eos_token_id`:128001 for open-end generation.
behavioral smollm3/step400k:  31%|███▏      | 141/451 [1:01:39<1:28:43, 17.17s/it]Setting `pad_token_id` to `eos_token_id`:128001 for open-end generation.
behavioral smollm3/step400k:  31%|███▏      | 142/451 [1:01:50<1:19:01, 15.35s/it]Setting `pad_token_id` to `eos_token_id`:128001 for open-end generation.
behavioral smollm3/step400k:  32%|███▏      | 143/451 [1:01:59<1:09:42, 13.58s/it]behavioral smollm3/step400k:  32%|███▏      | 144/451 [1:02:46<1:59:56, 23.44s/it]behavioral smollm3/step400k:  32%|███▏      | 145/451 [1:03:19<2:14:21, 26.34s/it]behavioral smollm3/step400k:  32%|███▏      | 146/451 [1:03:30<1:50:52, 21.81s/it]behavioral smollm3/step400k:  33%|███▎      | 147/451 [1:04:16<2:27:21, 29.08s/it]behavioral smollm3/step400k:  33%|███▎      | 148/451 [1:05:12<3:06:59, 37.03s/it]Setting `pad_token_id` to `eos_token_id`:128001 for open-end generation.
behavioral smollm3/step400k:  33%|███▎      | 149/451 [1:05:48<3:06:04, 36.97s/it]Setting `pad_token_id` to `eos_token_id`:128001 for open-end generation.
behavioral smollm3/step400k:  33%|███▎      | 150/451 [1:06:21<2:59:34, 35.80s/it]Setting `pad_token_id` to `eos_token_id`:128001 for open-end generation.
behavioral smollm3/step400k:  33%|███▎      | 151/451 [1:06:46<2:41:53, 32.38s/it]Setting `pad_token_id` to `eos_token_id`:128001 for open-end generation.
behavioral smollm3/step400k:  34%|███▎      | 152/451 [1:07:01<2:15:32, 27.20s/it]Setting `pad_token_id` to `eos_token_id`:128001 for open-end generation.
behavioral smollm3/step400k:  34%|███▍      | 153/451 [1:07:14<1:53:44, 22.90s/it]Setting `pad_token_id` to `eos_token_id`:128001 for open-end generation.
behavioral smollm3/step400k:  34%|███▍      | 154/451 [1:07:24<1:34:11, 19.03s/it]behavioral smollm3/step400k:  34%|███▍      | 155/451 [1:08:10<2:13:43, 27.11s/it]behavioral smollm3/step400k:  35%|███▍      | 156/451 [1:08:57<2:43:20, 33.22s/it]behavioral smollm3/step400k:  35%|███▍      | 157/451 [1:09:09<2:10:50, 26.70s/it]behavioral smollm3/step400k:  35%|███▌      | 158/451 [1:09:53<2:35:59, 31.94s/it]behavioral smollm3/step400k:  35%|███▌      | 159/451 [1:10:41<2:58:20, 36.65s/it]Setting `pad_token_id` to `eos_token_id`:128001 for open-end generation.
behavioral smollm3/step400k:  35%|███▌      | 160/451 [1:10:53<2:22:26, 29.37s/it]Setting `pad_token_id` to `eos_token_id`:128001 for open-end generation.
behavioral smollm3/step400k:  36%|███▌      | 161/451 [1:11:05<1:56:59, 24.20s/it]Setting `pad_token_id` to `eos_token_id`:128001 for open-end generation.
behavioral smollm3/step400k:  36%|███▌      | 162/451 [1:11:18<1:39:36, 20.68s/it]Setting `pad_token_id` to `eos_token_id`:128001 for open-end generation.
behavioral smollm3/step400k:  36%|███▌      | 163/451 [1:11:28<1:24:19, 17.57s/it]Setting `pad_token_id` to `eos_token_id`:128001 for open-end generation.
behavioral smollm3/step400k:  36%|███▋      | 164/451 [1:11:41<1:17:23, 16.18s/it]Setting `pad_token_id` to `eos_token_id`:128001 for open-end generation.
behavioral smollm3/step400k:  37%|███▋      | 165/451 [1:11:51<1:09:04, 14.49s/it]behavioral smollm3/step400k:  37%|███▋      | 166/451 [1:12:22<1:31:19, 19.23s/it]behavioral smollm3/step400k:  37%|███▋      | 167/451 [1:13:01<2:00:11, 25.39s/it]behavioral smollm3/step400k:  37%|███▋      | 168/451 [1:13:15<1:43:37, 21.97s/it]behavioral smollm3/step400k:  37%|███▋      | 169/451 [1:14:06<2:23:56, 30.63s/it]behavioral smollm3/step400k:  38%|███▊      | 170/451 [1:14:51<2:43:06, 34.83s/it]Setting `pad_token_id` to `eos_token_id`:128001 for open-end generation.
behavioral smollm3/step400k:  38%|███▊      | 171/451 [1:15:29<2:47:08, 35.82s/it]Setting `pad_token_id` to `eos_token_id`:128001 for open-end generation.
behavioral smollm3/step400k:  38%|███▊      | 172/451 [1:16:05<2:46:30, 35.81s/it]Setting `pad_token_id` to `eos_token_id`:128001 for open-end generation.
behavioral smollm3/step400k:  38%|███▊      | 173/451 [1:16:47<2:54:12, 37.60s/it]Setting `pad_token_id` to `eos_token_id`:128001 for open-end generation.
behavioral smollm3/step400k:  39%|███▊      | 174/451 [1:17:38<3:12:13, 41.64s/it]Setting `pad_token_id` to `eos_token_id`:128001 for open-end generation.
behavioral smollm3/step400k:  39%|███▉      | 175/451 [1:18:21<3:13:43, 42.11s/it]Setting `pad_token_id` to `eos_token_id`:128001 for open-end generation.
behavioral smollm3/step400k:  39%|███▉      | 176/451 [1:19:01<3:09:55, 41.44s/it]behavioral smollm3/step400k:  39%|███▉      | 177/451 [1:19:41<3:07:36, 41.08s/it]behavioral smollm3/step400k:  39%|███▉      | 178/451 [1:20:12<2:53:49, 38.20s/it]behavioral smollm3/step400k:  40%|███▉      | 179/451 [1:20:22<2:13:57, 29.55s/it]behavioral smollm3/step400k:  40%|███▉      | 180/451 [1:21:02<2:27:44, 32.71s/it]behavioral smollm3/step400k:  40%|████      | 181/451 [1:21:54<2:53:31, 38.56s/it]Setting `pad_token_id` to `eos_token_id`:128001 for open-end generation.
behavioral smollm3/step400k:  40%|████      | 182/451 [1:22:02<2:11:58, 29.44s/it]Setting `pad_token_id` to `eos_token_id`:128001 for open-end generation.
behavioral smollm3/step400k:  41%|████      | 183/451 [1:22:14<1:48:20, 24.26s/it]Setting `pad_token_id` to `eos_token_id`:128001 for open-end generation.
behavioral smollm3/step400k:  41%|████      | 184/451 [1:22:26<1:31:04, 20.47s/it]Setting `pad_token_id` to `eos_token_id`:128001 for open-end generation.
behavioral smollm3/step400k:  41%|████      | 185/451 [1:22:36<1:17:00, 17.37s/it]Setting `pad_token_id` to `eos_token_id`:128001 for open-end generation.
behavioral smollm3/step400k:  41%|████      | 186/451 [1:22:47<1:08:22, 15.48s/it]Setting `pad_token_id` to `eos_token_id`:128001 for open-end generation.
behavioral smollm3/step400k:  41%|████▏     | 187/451 [1:22:56<59:39, 13.56s/it]  behavioral smollm3/step400k:  42%|████▏     | 188/451 [1:23:42<1:41:30, 23.16s/it]behavioral smollm3/step400k:  42%|████▏     | 189/451 [1:24:20<2:00:06, 27.51s/it]behavioral smollm3/step400k:  42%|████▏     | 190/451 [1:24:29<1:36:04, 22.09s/it]behavioral smollm3/step400k:  42%|████▏     | 191/451 [1:25:10<2:00:53, 27.90s/it]behavioral smollm3/step400k:  43%|████▎     | 192/451 [1:26:00<2:28:31, 34.41s/it]Setting `pad_token_id` to `eos_token_id`:128001 for open-end generation.
behavioral smollm3/step400k:  43%|████▎     | 193/451 [1:26:10<1:56:35, 27.11s/it]Setting `pad_token_id` to `eos_token_id`:128001 for open-end generation.
behavioral smollm3/step400k:  43%|████▎     | 194/451 [1:26:21<1:35:05, 22.20s/it]Setting `pad_token_id` to `eos_token_id`:128001 for open-end generation.
behavioral smollm3/step400k:  43%|████▎     | 195/451 [1:26:31<1:19:18, 18.59s/it]Setting `pad_token_id` to `eos_token_id`:128001 for open-end generation.
behavioral smollm3/step400k:  43%|████▎     | 196/451 [1:26:41<1:08:10, 16.04s/it]Setting `pad_token_id` to `eos_token_id`:128001 for open-end generation.
behavioral smollm3/step400k:  44%|████▎     | 197/451 [1:26:52<1:00:57, 14.40s/it]Setting `pad_token_id` to `eos_token_id`:128001 for open-end generation.
behavioral smollm3/step400k:  44%|████▍     | 198/451 [1:27:03<56:41, 13.44s/it]  behavioral smollm3/step400k:  44%|████▍     | 199/451 [1:27:48<1:36:48, 23.05s/it]behavioral smollm3/step400k:  44%|████▍     | 200/451 [1:28:32<2:01:41, 29.09s/it]behavioral smollm3/step400k:  45%|████▍     | 201/451 [1:28:43<1:39:18, 23.83s/it]behavioral smollm3/step400k:  45%|████▍     | 202/451 [1:29:32<2:09:43, 31.26s/it]behavioral smollm3/step400k:  45%|████▌     | 203/451 [1:30:19<2:29:32, 36.18s/it]Setting `pad_token_id` to `eos_token_id`:128001 for open-end generation.
behavioral smollm3/step400k:  45%|████▌     | 204/451 [1:30:27<1:54:14, 27.75s/it]Setting `pad_token_id` to `eos_token_id`:128001 for open-end generation.
behavioral smollm3/step400k:  45%|████▌     | 205/451 [1:30:37<1:31:03, 22.21s/it]Setting `pad_token_id` to `eos_token_id`:128001 for open-end generation.
behavioral smollm3/step400k:  46%|████▌     | 206/451 [1:30:47<1:15:46, 18.56s/it]Setting `pad_token_id` to `eos_token_id`:128001 for open-end generation.
behavioral smollm3/step400k:  46%|████▌     | 207/451 [1:31:03<1:12:04, 17.73s/it]Setting `pad_token_id` to `eos_token_id`:128001 for open-end generation.
behavioral smollm3/step400k:  46%|████▌     | 208/451 [1:31:19<1:10:49, 17.49s/it]Setting `pad_token_id` to `eos_token_id`:128001 for open-end generation.
behavioral smollm3/step400k:  46%|████▋     | 209/451 [1:31:33<1:06:11, 16.41s/it]behavioral smollm3/step400k:  47%|████▋     | 210/451 [1:32:12<1:32:45, 23.09s/it]behavioral smollm3/step400k:  47%|████▋     | 211/451 [1:32:42<1:40:28, 25.12s/it]behavioral smollm3/step400k:  47%|████▋     | 212/451 [1:32:52<1:21:51, 20.55s/it]behavioral smollm3/step400k:  47%|████▋     | 213/451 [1:33:42<1:56:28, 29.36s/it]behavioral smollm3/step400k:  47%|████▋     | 214/451 [1:34:32<2:21:12, 35.75s/it]Setting `pad_token_id` to `eos_token_id`:128001 for open-end generation.
behavioral smollm3/step400k:  48%|████▊     | 215/451 [1:34:41<1:48:29, 27.58s/it]Setting `pad_token_id` to `eos_token_id`:128001 for open-end generation.
behavioral smollm3/step400k:  48%|████▊     | 216/451 [1:34:52<1:28:26, 22.58s/it]Setting `pad_token_id` to `eos_token_id`:128001 for open-end generation.
behavioral smollm3/step400k:  48%|████▊     | 217/451 [1:35:09<1:21:28, 20.89s/it]Setting `pad_token_id` to `eos_token_id`:128001 for open-end generation.
behavioral smollm3/step400k:  48%|████▊     | 218/451 [1:35:26<1:16:37, 19.73s/it]Setting `pad_token_id` to `eos_token_id`:128001 for open-end generation.
behavioral smollm3/step400k:  49%|████▊     | 219/451 [1:35:38<1:07:56, 17.57s/it]Setting `pad_token_id` to `eos_token_id`:128001 for open-end generation.
behavioral smollm3/step400k:  49%|████▉     | 220/451 [1:35:55<1:06:56, 17.39s/it]behavioral smollm3/step400k:  49%|████▉     | 221/451 [1:36:32<1:29:23, 23.32s/it]behavioral smollm3/step400k:  49%|████▉     | 222/451 [1:37:11<1:47:00, 28.04s/it]behavioral smollm3/step400k:  49%|████▉     | 223/451 [1:37:22<1:26:39, 22.81s/it]behavioral smollm3/step400k:  50%|████▉     | 224/451 [1:38:02<1:46:12, 28.07s/it]behavioral smollm3/step400k:  50%|████▉     | 225/451 [1:38:39<1:55:44, 30.73s/it]Setting `pad_token_id` to `eos_token_id`:128001 for open-end generation.
behavioral smollm3/step400k:  50%|█████     | 226/451 [1:38:52<1:34:54, 25.31s/it]Setting `pad_token_id` to `eos_token_id`:128001 for open-end generation.
behavioral smollm3/step400k:  50%|█████     | 227/451 [1:39:31<1:49:55, 29.44s/it]Setting `pad_token_id` to `eos_token_id`:128001 for open-end generation.
behavioral smollm3/step400k:  51%|█████     | 228/451 [1:40:04<1:52:46, 30.34s/it]Setting `pad_token_id` to `eos_token_id`:128001 for open-end generation.
behavioral smollm3/step400k:  51%|█████     | 229/451 [1:40:15<1:31:02, 24.61s/it]Setting `pad_token_id` to `eos_token_id`:128001 for open-end generation.
behavioral smollm3/step400k:  51%|█████     | 230/451 [1:40:26<1:15:30, 20.50s/it]Setting `pad_token_id` to `eos_token_id`:128001 for open-end generation.
behavioral smollm3/step400k:  51%|█████     | 231/451 [1:40:37<1:04:48, 17.68s/it]behavioral smollm3/step400k:  51%|█████▏    | 232/451 [1:41:24<1:36:38, 26.48s/it]behavioral smollm3/step400k:  52%|█████▏    | 233/451 [1:42:00<1:47:02, 29.46s/it]behavioral smollm3/step400k:  52%|█████▏    | 234/451 [1:42:12<1:27:17, 24.13s/it]behavioral smollm3/step400k:  52%|█████▏    | 235/451 [1:43:00<1:52:54, 31.36s/it]behavioral smollm3/step400k:  52%|█████▏    | 236/451 [1:43:47<2:08:48, 35.95s/it]Setting `pad_token_id` to `eos_token_id`:128001 for open-end generation.
behavioral smollm3/step400k:  53%|█████▎    | 237/451 [1:43:56<1:39:34, 27.92s/it]Setting `pad_token_id` to `eos_token_id`:128001 for open-end generation.
behavioral smollm3/step400k:  53%|█████▎    | 238/451 [1:44:06<1:19:44, 22.46s/it]Setting `pad_token_id` to `eos_token_id`:128001 for open-end generation.
behavioral smollm3/step400k:  53%|█████▎    | 239/451 [1:44:16<1:06:19, 18.77s/it]Setting `pad_token_id` to `eos_token_id`:128001 for open-end generation.
behavioral smollm3/step400k:  53%|█████▎    | 240/451 [1:44:26<57:08, 16.25s/it]  Setting `pad_token_id` to `eos_token_id`:128001 for open-end generation.
behavioral smollm3/step400k:  53%|█████▎    | 241/451 [1:44:43<57:05, 16.31s/it]Setting `pad_token_id` to `eos_token_id`:128001 for open-end generation.
behavioral smollm3/step400k:  54%|█████▎    | 242/451 [1:45:12<1:10:30, 20.24s/it]behavioral smollm3/step400k:  54%|█████▍    | 243/451 [1:46:03<1:41:56, 29.41s/it]behavioral smollm3/step400k:  54%|█████▍    | 244/451 [1:46:37<1:46:29, 30.87s/it]behavioral smollm3/step400k:  54%|█████▍    | 245/451 [1:46:46<1:23:44, 24.39s/it]behavioral smollm3/step400k:  55%|█████▍    | 246/451 [1:47:27<1:40:22, 29.38s/it]behavioral smollm3/step400k:  55%|█████▍    | 247/451 [1:48:20<2:03:56, 36.45s/it]Setting `pad_token_id` to `eos_token_id`:128001 for open-end generation.
behavioral smollm3/step400k:  55%|█████▍    | 248/451 [1:48:38<1:44:13, 30.81s/it]Setting `pad_token_id` to `eos_token_id`:128001 for open-end generation.
behavioral smollm3/step400k:  55%|█████▌    | 249/451 [1:48:51<1:25:40, 25.45s/it]Setting `pad_token_id` to `eos_token_id`:128001 for open-end generation.
behavioral smollm3/step400k:  55%|█████▌    | 250/451 [1:49:04<1:12:54, 21.76s/it]Setting `pad_token_id` to `eos_token_id`:128001 for open-end generation.
behavioral smollm3/step400k:  56%|█████▌    | 251/451 [1:49:14<1:00:36, 18.18s/it]Setting `pad_token_id` to `eos_token_id`:128001 for open-end generation.
behavioral smollm3/step400k:  56%|█████▌    | 252/451 [1:49:26<54:08, 16.32s/it]  Setting `pad_token_id` to `eos_token_id`:128001 for open-end generation.
behavioral smollm3/step400k:  56%|█████▌    | 253/451 [1:49:36<47:55, 14.52s/it]behavioral smollm3/step400k:  56%|█████▋    | 254/451 [1:50:22<1:18:46, 23.99s/it]behavioral smollm3/step400k:  57%|█████▋    | 255/451 [1:51:00<1:32:09, 28.21s/it]behavioral smollm3/step400k:  57%|█████▋    | 256/451 [1:51:10<1:13:29, 22.61s/it]behavioral smollm3/step400k:  57%|█████▋    | 257/451 [1:51:53<1:33:16, 28.85s/it]behavioral smollm3/step400k:  57%|█████▋    | 258/451 [1:52:41<1:50:58, 34.50s/it]Setting `pad_token_id` to `eos_token_id`:128001 for open-end generation.
behavioral smollm3/step400k:  57%|█████▋    | 259/451 [1:53:19<1:54:06, 35.66s/it]Setting `pad_token_id` to `eos_token_id`:128001 for open-end generation.
behavioral smollm3/step400k:  58%|█████▊    | 260/451 [1:53:35<1:34:04, 29.55s/it]Setting `pad_token_id` to `eos_token_id`:128001 for open-end generation.
behavioral smollm3/step400k:  58%|█████▊    | 261/451 [1:53:45<1:15:07, 23.73s/it]Setting `pad_token_id` to `eos_token_id`:128001 for open-end generation.
behavioral smollm3/step400k:  58%|█████▊    | 262/451 [1:53:57<1:03:30, 20.16s/it]Setting `pad_token_id` to `eos_token_id`:128001 for open-end generation.
behavioral smollm3/step400k:  58%|█████▊    | 263/451 [1:54:08<55:04, 17.58s/it]  Setting `pad_token_id` to `eos_token_id`:128001 for open-end generation.
behavioral smollm3/step400k:  59%|█████▊    | 264/451 [1:54:18<47:25, 15.22s/it]behavioral smollm3/step400k:  59%|█████▉    | 265/451 [1:55:03<1:14:30, 24.03s/it]behavioral smollm3/step400k:  59%|█████▉    | 266/451 [1:55:46<1:31:52, 29.80s/it]behavioral smollm3/step400k:  59%|█████▉    | 267/451 [1:55:57<1:14:14, 24.21s/it]behavioral smollm3/step400k:  59%|█████▉    | 268/451 [1:56:44<1:34:15, 30.90s/it]behavioral smollm3/step400k:  60%|█████▉    | 269/451 [1:57:39<1:56:10, 38.30s/it]Setting `pad_token_id` to `eos_token_id`:128001 for open-end generation.
behavioral smollm3/step400k:  60%|█████▉    | 270/451 [1:58:16<1:54:23, 37.92s/it]Setting `pad_token_id` to `eos_token_id`:128001 for open-end generation.
behavioral smollm3/step400k:  60%|██████    | 271/451 [1:58:49<1:49:27, 36.48s/it]Setting `pad_token_id` to `eos_token_id`:128001 for open-end generation.
behavioral smollm3/step400k:  60%|██████    | 272/451 [1:59:36<1:58:26, 39.70s/it]Setting `pad_token_id` to `eos_token_id`:128001 for open-end generation.
behavioral smollm3/step400k:  61%|██████    | 273/451 [2:00:20<2:01:28, 40.95s/it]Setting `pad_token_id` to `eos_token_id`:128001 for open-end generation.
behavioral smollm3/step400k:  61%|██████    | 274/451 [2:01:00<2:00:06, 40.71s/it]Setting `pad_token_id` to `eos_token_id`:128001 for open-end generation.
behavioral smollm3/step400k:  61%|██████    | 275/451 [2:01:30<1:49:47, 37.43s/it]behavioral smollm3/step400k:  61%|██████    | 276/451 [2:02:12<1:53:06, 38.78s/it]behavioral smollm3/step400k:  61%|██████▏   | 277/451 [2:02:45<1:47:42, 37.14s/it]behavioral smollm3/step400k:  62%|██████▏   | 278/451 [2:02:54<1:22:41, 28.68s/it]behavioral smollm3/step400k:  62%|██████▏   | 279/451 [2:03:38<1:35:17, 33.24s/it]behavioral smollm3/step400k:  62%|██████▏   | 280/451 [2:04:30<1:50:07, 38.64s/it]Setting `pad_token_id` to `eos_token_id`:128001 for open-end generation.
behavioral smollm3/step400k:  62%|██████▏   | 281/451 [2:05:08<1:49:31, 38.66s/it]Setting `pad_token_id` to `eos_token_id`:128001 for open-end generation.
behavioral smollm3/step400k:  63%|██████▎   | 282/451 [2:05:45<1:47:26, 38.15s/it]Setting `pad_token_id` to `eos_token_id`:128001 for open-end generation.
behavioral smollm3/step400k:  63%|██████▎   | 283/451 [2:06:20<1:44:14, 37.23s/it]Setting `pad_token_id` to `eos_token_id`:128001 for open-end generation.
behavioral smollm3/step400k:  63%|██████▎   | 284/451 [2:06:31<1:21:05, 29.13s/it]Setting `pad_token_id` to `eos_token_id`:128001 for open-end generation.
behavioral smollm3/step400k:  63%|██████▎   | 285/451 [2:06:46<1:09:30, 25.12s/it]Setting `pad_token_id` to `eos_token_id`:128001 for open-end generation.
behavioral smollm3/step400k:  63%|██████▎   | 286/451 [2:07:00<59:36, 21.68s/it]  behavioral smollm3/step400k:  64%|██████▎   | 287/451 [2:07:45<1:18:35, 28.75s/it]behavioral smollm3/step400k:  64%|██████▍   | 288/451 [2:08:21<1:23:59, 30.92s/it]behavioral smollm3/step400k:  64%|██████▍   | 289/451 [2:08:34<1:08:48, 25.48s/it]behavioral smollm3/step400k:  64%|██████▍   | 290/451 [2:09:17<1:22:27, 30.73s/it]behavioral smollm3/step400k:  65%|██████▍   | 291/451 [2:10:03<1:34:23, 35.40s/it]Setting `pad_token_id` to `eos_token_id`:128001 for open-end generation.
behavioral smollm3/step400k:  65%|██████▍   | 292/451 [2:10:11<1:11:54, 27.14s/it]Setting `pad_token_id` to `eos_token_id`:128001 for open-end generation.
behavioral smollm3/step400k:  65%|██████▍   | 293/451 [2:10:20<56:42, 21.54s/it]  Setting `pad_token_id` to `eos_token_id`:128001 for open-end generation.
behavioral smollm3/step400k:  65%|██████▌   | 294/451 [2:10:32<49:15, 18.83s/it]Setting `pad_token_id` to `eos_token_id`:128001 for open-end generation.
behavioral smollm3/step400k:  65%|██████▌   | 295/451 [2:10:48<46:50, 18.02s/it]Setting `pad_token_id` to `eos_token_id`:128001 for open-end generation.
behavioral smollm3/step400k:  66%|██████▌   | 296/451 [2:11:04<45:04, 17.45s/it]Setting `pad_token_id` to `eos_token_id`:128001 for open-end generation.
behavioral smollm3/step400k:  66%|██████▌   | 297/451 [2:11:16<40:10, 15.65s/it]behavioral smollm3/step400k:  66%|██████▌   | 298/451 [2:12:06<1:06:29, 26.07s/it]behavioral smollm3/step400k:  66%|██████▋   | 299/451 [2:12:48<1:17:43, 30.68s/it]behavioral smollm3/step400k:  67%|██████▋   | 300/451 [2:12:59<1:02:25, 24.81s/it]behavioral smollm3/step400k:  67%|██████▋   | 301/451 [2:13:42<1:15:33, 30.23s/it]behavioral smollm3/step400k:  67%|██████▋   | 302/451 [2:14:27<1:26:35, 34.87s/it]Setting `pad_token_id` to `eos_token_id`:128001 for open-end generation.
behavioral smollm3/step400k:  67%|██████▋   | 303/451 [2:14:39<1:08:31, 27.78s/it]Setting `pad_token_id` to `eos_token_id`:128001 for open-end generation.
behavioral smollm3/step400k:  67%|██████▋   | 304/451 [2:14:50<56:18, 22.98s/it]  Setting `pad_token_id` to `eos_token_id`:128001 for open-end generation.
behavioral smollm3/step400k:  68%|██████▊   | 305/451 [2:15:04<49:13, 20.23s/it]Setting `pad_token_id` to `eos_token_id`:128001 for open-end generation.
behavioral smollm3/step400k:  68%|██████▊   | 306/451 [2:15:14<41:43, 17.26s/it]Setting `pad_token_id` to `eos_token_id`:128001 for open-end generation.
behavioral smollm3/step400k:  68%|██████▊   | 307/451 [2:15:25<36:28, 15.20s/it]Setting `pad_token_id` to `eos_token_id`:128001 for open-end generation.
behavioral smollm3/step400k:  68%|██████▊   | 308/451 [2:16:03<52:22, 21.98s/it]behavioral smollm3/step400k:  69%|██████▊   | 309/451 [2:16:51<1:10:50, 29.93s/it]behavioral smollm3/step400k:  69%|██████▊   | 310/451 [2:17:20<1:09:39, 29.64s/it]behavioral smollm3/step400k:  69%|██████▉   | 311/451 [2:17:31<55:48, 23.92s/it]  behavioral smollm3/step400k:  69%|██████▉   | 312/451 [2:18:11<1:06:58, 28.91s/it]behavioral smollm3/step400k:  69%|██████▉   | 313/451 [2:19:02<1:21:43, 35.53s/it]Setting `pad_token_id` to `eos_token_id`:128001 for open-end generation.
behavioral smollm3/step400k:  70%|██████▉   | 314/451 [2:19:11<1:02:46, 27.49s/it]Setting `pad_token_id` to `eos_token_id`:128001 for open-end generation.
behavioral smollm3/step400k:  70%|██████▉   | 315/451 [2:19:26<53:36, 23.65s/it]  Setting `pad_token_id` to `eos_token_id`:128001 for open-end generation.
behavioral smollm3/step400k:  70%|███████   | 316/451 [2:20:07<1:05:17, 29.02s/it]Setting `pad_token_id` to `eos_token_id`:128001 for open-end generation.
behavioral smollm3/step400k:  70%|███████   | 317/451 [2:20:37<1:05:27, 29.31s/it]Setting `pad_token_id` to `eos_token_id`:128001 for open-end generation.
behavioral smollm3/step400k:  71%|███████   | 318/451 [2:20:52<55:27, 25.02s/it]  Setting `pad_token_id` to `eos_token_id`:128001 for open-end generation.
behavioral smollm3/step400k:  71%|███████   | 319/451 [2:21:05<46:41, 21.23s/it]behavioral smollm3/step400k:  71%|███████   | 320/451 [2:21:40<55:56, 25.62s/it]behavioral smollm3/step400k:  71%|███████   | 321/451 [2:22:07<56:28, 26.07s/it]behavioral smollm3/step400k:  71%|███████▏  | 322/451 [2:22:16<44:59, 20.93s/it]behavioral smollm3/step400k:  72%|███████▏  | 323/451 [2:22:49<51:50, 24.30s/it]behavioral smollm3/step400k:  72%|███████▏  | 324/451 [2:23:36<1:06:25, 31.38s/it]Setting `pad_token_id` to `eos_token_id`:128001 for open-end generation.
behavioral smollm3/step400k:  72%|███████▏  | 325/451 [2:24:09<1:06:41, 31.76s/it]Setting `pad_token_id` to `eos_token_id`:128001 for open-end generation.
behavioral smollm3/step400k:  72%|███████▏  | 326/451 [2:24:33<1:01:26, 29.49s/it]Setting `pad_token_id` to `eos_token_id`:128001 for open-end generation.
behavioral smollm3/step400k:  73%|███████▎  | 327/451 [2:24:48<51:43, 25.03s/it]  Setting `pad_token_id` to `eos_token_id`:128001 for open-end generation.
behavioral smollm3/step400k:  73%|███████▎  | 328/451 [2:25:01<44:10, 21.55s/it]Setting `pad_token_id` to `eos_token_id`:128001 for open-end generation.
behavioral smollm3/step400k:  73%|███████▎  | 329/451 [2:25:15<38:42, 19.04s/it]Setting `pad_token_id` to `eos_token_id`:128001 for open-end generation.
behavioral smollm3/step400k:  73%|███████▎  | 330/451 [2:25:28<35:16, 17.49s/it]behavioral smollm3/step400k:  73%|███████▎  | 331/451 [2:26:15<52:29, 26.24s/it]behavioral smollm3/step400k:  74%|███████▎  | 332/451 [2:26:59<1:02:24, 31.47s/it]behavioral smollm3/step400k:  74%|███████▍  | 333/451 [2:27:08<48:43, 24.77s/it]  behavioral smollm3/step400k:  74%|███████▍  | 334/451 [2:27:50<58:33, 30.03s/it]behavioral smollm3/step400k:  74%|███████▍  | 335/451 [2:28:38<1:08:33, 35.46s/it]Setting `pad_token_id` to `eos_token_id`:128001 for open-end generation.
behavioral smollm3/step400k:  75%|███████▍  | 336/451 [2:28:49<53:59, 28.17s/it]  Setting `pad_token_id` to `eos_token_id`:128001 for open-end generation.
behavioral smollm3/step400k:  75%|███████▍  | 337/451 [2:29:01<43:45, 23.03s/it]Setting `pad_token_id` to `eos_token_id`:128001 for open-end generation.
behavioral smollm3/step400k:  75%|███████▍  | 338/451 [2:29:11<36:08, 19.19s/it]Setting `pad_token_id` to `eos_token_id`:128001 for open-end generation.
behavioral smollm3/step400k:  75%|███████▌  | 339/451 [2:29:22<31:13, 16.73s/it]Setting `pad_token_id` to `eos_token_id`:128001 for open-end generation.
behavioral smollm3/step400k:  75%|███████▌  | 340/451 [2:29:35<29:02, 15.70s/it]Setting `pad_token_id` to `eos_token_id`:128001 for open-end generation.
behavioral smollm3/step400k:  76%|███████▌  | 341/451 [2:29:45<25:26, 13.88s/it]behavioral smollm3/step400k:  76%|███████▌  | 342/451 [2:30:26<40:02, 22.04s/it]behavioral smollm3/step400k:  76%|███████▌  | 343/451 [2:31:05<48:42, 27.06s/it]behavioral smollm3/step400k:  76%|███████▋  | 344/451 [2:31:14<38:39, 21.68s/it]behavioral smollm3/step400k:  76%|███████▋  | 345/451 [2:31:54<48:00, 27.18s/it]behavioral smollm3/step400k:  77%|███████▋  | 346/451 [2:32:41<58:14, 33.28s/it]Setting `pad_token_id` to `eos_token_id`:128001 for open-end generation.
behavioral smollm3/step400k:  77%|███████▋  | 347/451 [2:32:53<46:33, 26.86s/it]Setting `pad_token_id` to `eos_token_id`:128001 for open-end generation.
behavioral smollm3/step400k:  77%|███████▋  | 348/451 [2:33:05<38:18, 22.32s/it]Setting `pad_token_id` to `eos_token_id`:128001 for open-end generation.
behavioral smollm3/step400k:  77%|███████▋  | 349/451 [2:33:15<31:45, 18.68s/it]Setting `pad_token_id` to `eos_token_id`:128001 for open-end generation.
behavioral smollm3/step400k:  78%|███████▊  | 350/451 [2:33:42<35:35, 21.14s/it]Setting `pad_token_id` to `eos_token_id`:128001 for open-end generation.
behavioral smollm3/step400k:  78%|███████▊  | 351/451 [2:34:24<45:29, 27.30s/it]Setting `pad_token_id` to `eos_token_id`:128001 for open-end generation.
behavioral smollm3/step400k:  78%|███████▊  | 352/451 [2:35:11<54:52, 33.25s/it]behavioral smollm3/step400k:  78%|███████▊  | 353/451 [2:35:47<55:45, 34.14s/it]behavioral smollm3/step400k:  78%|███████▊  | 354/451 [2:36:13<51:18, 31.74s/it]behavioral smollm3/step400k:  79%|███████▊  | 355/451 [2:36:23<40:08, 25.09s/it]behavioral smollm3/step400k:  79%|███████▉  | 356/451 [2:37:06<48:26, 30.60s/it]behavioral smollm3/step400k:  79%|███████▉  | 357/451 [2:37:45<52:02, 33.21s/it]Setting `pad_token_id` to `eos_token_id`:128001 for open-end generation.
behavioral smollm3/step400k:  79%|███████▉  | 358/451 [2:38:19<51:52, 33.47s/it]Setting `pad_token_id` to `eos_token_id`:128001 for open-end generation.
behavioral smollm3/step400k:  80%|███████▉  | 359/451 [2:38:37<43:49, 28.59s/it]Setting `pad_token_id` to `eos_token_id`:128001 for open-end generation.
behavioral smollm3/step400k:  80%|███████▉  | 360/451 [2:38:50<36:34, 24.12s/it]Setting `pad_token_id` to `eos_token_id`:128001 for open-end generation.
behavioral smollm3/step400k:  80%|████████  | 361/451 [2:39:03<31:00, 20.67s/it]Setting `pad_token_id` to `eos_token_id`:128001 for open-end generation.
behavioral smollm3/step400k:  80%|████████  | 362/451 [2:39:17<27:49, 18.76s/it]Setting `pad_token_id` to `eos_token_id`:128001 for open-end generation.
behavioral smollm3/step400k:  80%|████████  | 363/451 [2:39:27<23:37, 16.11s/it]behavioral smollm3/step400k:  81%|████████  | 364/451 [2:40:12<35:52, 24.74s/it]behavioral smollm3/step400k:  81%|████████  | 365/451 [2:40:47<39:57, 27.88s/it]behavioral smollm3/step400k:  81%|████████  | 366/451 [2:40:58<32:17, 22.79s/it]behavioral smollm3/step400k:  81%|████████▏ | 367/451 [2:41:42<40:35, 29.00s/it]behavioral smollm3/step400k:  82%|████████▏ | 368/451 [2:42:27<47:06, 34.06s/it]Setting `pad_token_id` to `eos_token_id`:128001 for open-end generation.
behavioral smollm3/step400k:  82%|████████▏ | 369/451 [2:42:40<37:31, 27.46s/it]Setting `pad_token_id` to `eos_token_id`:128001 for open-end generation.
behavioral smollm3/step400k:  82%|████████▏ | 370/451 [2:42:51<30:34, 22.65s/it]Setting `pad_token_id` to `eos_token_id`:128001 for open-end generation.
behavioral smollm3/step400k:  82%|████████▏ | 371/451 [2:43:03<25:52, 19.41s/it]Setting `pad_token_id` to `eos_token_id`:128001 for open-end generation.
behavioral smollm3/step400k:  82%|████████▏ | 372/451 [2:43:13<21:52, 16.61s/it]Setting `pad_token_id` to `eos_token_id`:128001 for open-end generation.
behavioral smollm3/step400k:  83%|████████▎ | 373/451 [2:43:41<26:09, 20.13s/it]Setting `pad_token_id` to `eos_token_id`:128001 for open-end generation.
behavioral smollm3/step400k:  83%|████████▎ | 374/451 [2:44:19<32:30, 25.33s/it]behavioral smollm3/step400k:  83%|████████▎ | 375/451 [2:45:09<41:25, 32.70s/it]behavioral smollm3/step400k:  83%|████████▎ | 376/451 [2:45:44<41:44, 33.39s/it]behavioral smollm3/step400k:  84%|████████▎ | 377/451 [2:45:53<32:14, 26.15s/it]behavioral smollm3/step400k:  84%|████████▍ | 378/451 [2:46:34<37:21, 30.70s/it]behavioral smollm3/step400k:  84%|████████▍ | 379/451 [2:47:25<44:03, 36.72s/it]Setting `pad_token_id` to `eos_token_id`:128001 for open-end generation.
behavioral smollm3/step400k:  84%|████████▍ | 380/451 [2:47:59<42:31, 35.93s/it]Setting `pad_token_id` to `eos_token_id`:128001 for open-end generation.
behavioral smollm3/step400k:  84%|████████▍ | 381/451 [2:48:36<42:10, 36.16s/it]Setting `pad_token_id` to `eos_token_id`:128001 for open-end generation.
behavioral smollm3/step400k:  85%|████████▍ | 382/451 [2:49:19<43:52, 38.15s/it]Setting `pad_token_id` to `eos_token_id`:128001 for open-end generation.
behavioral smollm3/step400k:  85%|████████▍ | 383/451 [2:49:36<36:18, 32.04s/it]Setting `pad_token_id` to `eos_token_id`:128001 for open-end generation.
behavioral smollm3/step400k:  85%|████████▌ | 384/451 [2:49:46<28:19, 25.37s/it]Setting `pad_token_id` to `eos_token_id`:128001 for open-end generation.
behavioral smollm3/step400k:  85%|████████▌ | 385/451 [2:49:55<22:30, 20.46s/it]behavioral smollm3/step400k:  86%|████████▌ | 386/451 [2:50:36<28:43, 26.51s/it]behavioral smollm3/step400k:  86%|████████▌ | 387/451 [2:51:07<29:44, 27.88s/it]behavioral smollm3/step400k:  86%|████████▌ | 388/451 [2:51:16<23:24, 22.29s/it]behavioral smollm3/step400k:  86%|████████▋ | 389/451 [2:51:58<29:09, 28.21s/it]behavioral smollm3/step400k:  86%|████████▋ | 390/451 [2:52:48<35:11, 34.61s/it]Setting `pad_token_id` to `eos_token_id`:128001 for open-end generation.
behavioral smollm3/step400k:  87%|████████▋ | 391/451 [2:53:23<34:56, 34.94s/it]Setting `pad_token_id` to `eos_token_id`:128001 for open-end generation.
behavioral smollm3/step400k:  87%|████████▋ | 392/451 [2:53:40<29:02, 29.54s/it]Setting `pad_token_id` to `eos_token_id`:128001 for open-end generation.
behavioral smollm3/step400k:  87%|████████▋ | 393/451 [2:53:50<22:53, 23.68s/it]Setting `pad_token_id` to `eos_token_id`:128001 for open-end generation.
behavioral smollm3/step400k:  87%|████████▋ | 394/451 [2:54:00<18:32, 19.53s/it]Setting `pad_token_id` to `eos_token_id`:128001 for open-end generation.
behavioral smollm3/step400k:  88%|████████▊ | 395/451 [2:54:11<15:45, 16.88s/it]Setting `pad_token_id` to `eos_token_id`:128001 for open-end generation.
behavioral smollm3/step400k:  88%|████████▊ | 396/451 [2:54:23<14:04, 15.35s/it]behavioral smollm3/step400k:  88%|████████▊ | 397/451 [2:55:10<22:35, 25.10s/it]behavioral smollm3/step400k:  88%|████████▊ | 398/451 [2:55:47<25:18, 28.64s/it]behavioral smollm3/step400k:  88%|████████▊ | 399/451 [2:55:59<20:29, 23.65s/it]behavioral smollm3/step400k:  89%|████████▊ | 400/451 [2:56:48<26:34, 31.27s/it]behavioral smollm3/step400k:  89%|████████▉ | 401/451 [2:57:41<31:18, 37.57s/it]Setting `pad_token_id` to `eos_token_id`:128001 for open-end generation.
behavioral smollm3/step400k:  89%|████████▉ | 402/451 [2:57:49<23:37, 28.93s/it]Setting `pad_token_id` to `eos_token_id`:128001 for open-end generation.
behavioral smollm3/step400k:  89%|████████▉ | 403/451 [2:57:58<18:20, 22.93s/it]Setting `pad_token_id` to `eos_token_id`:128001 for open-end generation.
behavioral smollm3/step400k:  90%|████████▉ | 404/451 [2:58:08<14:49, 18.92s/it]Setting `pad_token_id` to `eos_token_id`:128001 for open-end generation.
behavioral smollm3/step400k:  90%|████████▉ | 405/451 [2:58:18<12:33, 16.37s/it]Setting `pad_token_id` to `eos_token_id`:128001 for open-end generation.
behavioral smollm3/step400k:  90%|█████████ | 406/451 [2:58:35<12:15, 16.34s/it]Setting `pad_token_id` to `eos_token_id`:128001 for open-end generation.
behavioral smollm3/step400k:  90%|█████████ | 407/451 [2:58:49<11:29, 15.68s/it]behavioral smollm3/step400k:  90%|█████████ | 408/451 [2:59:38<18:30, 25.82s/it]behavioral smollm3/step400k:  91%|█████████ | 409/451 [3:00:20<21:21, 30.51s/it]behavioral smollm3/step400k:  91%|█████████ | 410/451 [3:00:32<17:02, 24.93s/it]behavioral smollm3/step400k:  91%|█████████ | 411/451 [3:01:20<21:22, 32.05s/it]behavioral smollm3/step400k:  91%|█████████▏| 412/451 [3:02:07<23:43, 36.51s/it]Setting `pad_token_id` to `eos_token_id`:128001 for open-end generation.
behavioral smollm3/step400k:  92%|█████████▏| 413/451 [3:02:15<17:36, 27.80s/it]Setting `pad_token_id` to `eos_token_id`:128001 for open-end generation.
behavioral smollm3/step400k:  92%|█████████▏| 414/451 [3:02:25<13:54, 22.54s/it]Setting `pad_token_id` to `eos_token_id`:128001 for open-end generation.
behavioral smollm3/step400k:  92%|█████████▏| 415/451 [3:02:37<11:34, 19.28s/it]Setting `pad_token_id` to `eos_token_id`:128001 for open-end generation.
behavioral smollm3/step400k:  92%|█████████▏| 416/451 [3:02:49<09:59, 17.14s/it]Setting `pad_token_id` to `eos_token_id`:128001 for open-end generation.
behavioral smollm3/step400k:  92%|█████████▏| 417/451 [3:03:00<08:45, 15.47s/it]Setting `pad_token_id` to `eos_token_id`:128001 for open-end generation.
behavioral smollm3/step400k:  93%|█████████▎| 418/451 [3:03:11<07:38, 13.89s/it]behavioral smollm3/step400k:  93%|█████████▎| 419/451 [3:04:00<13:10, 24.70s/it]behavioral smollm3/step400k:  93%|█████████▎| 420/451 [3:04:45<15:51, 30.70s/it]behavioral smollm3/step400k:  93%|█████████▎| 421/451 [3:04:59<12:48, 25.62s/it]behavioral smollm3/step400k:  94%|█████████▎| 422/451 [3:05:48<15:46, 32.62s/it]behavioral smollm3/step400k:  94%|█████████▍| 423/451 [3:06:37<17:33, 37.62s/it]Setting `pad_token_id` to `eos_token_id`:128001 for open-end generation.
behavioral smollm3/step400k:  94%|█████████▍| 424/451 [3:06:49<13:28, 29.95s/it]Setting `pad_token_id` to `eos_token_id`:128001 for open-end generation.
behavioral smollm3/step400k:  94%|█████████▍| 425/451 [3:07:02<10:46, 24.86s/it]Setting `pad_token_id` to `eos_token_id`:128001 for open-end generation.
behavioral smollm3/step400k:  94%|█████████▍| 426/451 [3:07:12<08:29, 20.37s/it]Setting `pad_token_id` to `eos_token_id`:128001 for open-end generation.
behavioral smollm3/step400k:  95%|█████████▍| 427/451 [3:07:33<08:13, 20.54s/it]Setting `pad_token_id` to `eos_token_id`:128001 for open-end generation.
behavioral smollm3/step400k:  95%|█████████▍| 428/451 [3:08:13<10:02, 26.21s/it]Setting `pad_token_id` to `eos_token_id`:128001 for open-end generation.
behavioral smollm3/step400k:  95%|█████████▌| 429/451 [3:08:57<11:40, 31.83s/it]behavioral smollm3/step400k:  95%|█████████▌| 430/451 [3:09:44<12:39, 36.16s/it]behavioral smollm3/step400k:  96%|█████████▌| 431/451 [3:10:14<11:28, 34.43s/it]behavioral smollm3/step400k:  96%|█████████▌| 432/451 [3:10:25<08:37, 27.23s/it]behavioral smollm3/step400k:  96%|█████████▌| 433/451 [3:11:09<09:43, 32.43s/it]behavioral smollm3/step400k:  96%|█████████▌| 434/451 [3:12:01<10:49, 38.20s/it]Setting `pad_token_id` to `eos_token_id`:128001 for open-end generation.
behavioral smollm3/step400k:  96%|█████████▋| 435/451 [3:12:29<09:24, 35.29s/it]Setting `pad_token_id` to `eos_token_id`:128001 for open-end generation.
behavioral smollm3/step400k:  97%|█████████▋| 436/451 [3:12:40<07:00, 28.04s/it]Setting `pad_token_id` to `eos_token_id`:128001 for open-end generation.
behavioral smollm3/step400k:  97%|█████████▋| 437/451 [3:12:54<05:33, 23.80s/it]Setting `pad_token_id` to `eos_token_id`:128001 for open-end generation.
behavioral smollm3/step400k:  97%|█████████▋| 438/451 [3:13:06<04:21, 20.13s/it]Setting `pad_token_id` to `eos_token_id`:128001 for open-end generation.
behavioral smollm3/step400k:  97%|█████████▋| 439/451 [3:13:17<03:28, 17.38s/it]Setting `pad_token_id` to `eos_token_id`:128001 for open-end generation.
behavioral smollm3/step400k:  98%|█████████▊| 440/451 [3:13:29<02:53, 15.78s/it]behavioral smollm3/step400k:  98%|█████████▊| 441/451 [3:14:11<03:57, 23.79s/it]behavioral smollm3/step400k:  98%|█████████▊| 442/451 [3:14:55<04:26, 29.63s/it]behavioral smollm3/step400k:  98%|█████████▊| 443/451 [3:15:07<03:16, 24.54s/it]behavioral smollm3/step400k:  98%|█████████▊| 444/451 [3:15:54<03:38, 31.28s/it]behavioral smollm3/step400k:  99%|█████████▊| 445/451 [3:16:43<03:38, 36.38s/it]Setting `pad_token_id` to `eos_token_id`:128001 for open-end generation.
behavioral smollm3/step400k:  99%|█████████▉| 446/451 [3:16:56<02:27, 29.58s/it]Setting `pad_token_id` to `eos_token_id`:128001 for open-end generation.
behavioral smollm3/step400k:  99%|█████████▉| 447/451 [3:17:06<01:34, 23.73s/it]Setting `pad_token_id` to `eos_token_id`:128001 for open-end generation.
behavioral smollm3/step400k:  99%|█████████▉| 448/451 [3:17:19<01:00, 20.27s/it]Setting `pad_token_id` to `eos_token_id`:128001 for open-end generation.
behavioral smollm3/step400k: 100%|█████████▉| 449/451 [3:17:58<00:51, 25.93s/it]Setting `pad_token_id` to `eos_token_id`:128001 for open-end generation.
behavioral smollm3/step400k: 100%|█████████▉| 450/451 [3:18:32<00:28, 28.41s/it]Setting `pad_token_id` to `eos_token_id`:128001 for open-end generation.
behavioral smollm3/step400k: 100%|██████████| 451/451 [3:18:46<00:00, 24.10s/it]behavioral smollm3/step400k: 100%|██████████| 451/451 [3:18:46<00:00, 26.44s/it]
  ✅ Saved 451 records → data/results/behavioral_smollm3_45/smollm3_step400k_behavioral_smollm3.jsonl

Loading SmolLM3-3B @ step800k ...
Loading checkpoint shards:   0%|          | 0/2 [00:00<?, ?it/s]Loading checkpoint shards:  50%|█████     | 1/2 [00:06<00:06,  7.00s/it]Loading checkpoint shards: 100%|██████████| 2/2 [00:08<00:00,  3.94s/it]Loading checkpoint shards: 100%|██████████| 2/2 [00:08<00:00,  4.40s/it]
behavioral smollm3/step800k:   0%|          | 0/451 [00:00<?, ?it/s]behavioral smollm3/step800k:   0%|          | 1/451 [00:41<5:10:23, 41.39s/it]behavioral smollm3/step800k:   0%|          | 2/451 [01:10<4:17:04, 34.35s/it]behavioral smollm3/step800k:   1%|          | 3/451 [01:19<2:50:06, 22.78s/it]behavioral smollm3/step800k:   1%|          | 4/451 [02:05<3:56:54, 31.80s/it]behavioral smollm3/step800k:   1%|          | 5/451 [02:52<4:37:04, 37.28s/it]Setting `pad_token_id` to `eos_token_id`:128001 for open-end generation.
behavioral smollm3/step800k:   1%|▏         | 6/451 [03:00<3:23:14, 27.40s/it]Setting `pad_token_id` to `eos_token_id`:128001 for open-end generation.
behavioral smollm3/step800k:   2%|▏         | 7/451 [03:08<2:35:47, 21.05s/it]Setting `pad_token_id` to `eos_token_id`:128001 for open-end generation.
behavioral smollm3/step800k:   2%|▏         | 8/451 [03:18<2:09:23, 17.52s/it]Setting `pad_token_id` to `eos_token_id`:128001 for open-end generation.
behavioral smollm3/step800k:   2%|▏         | 9/451 [03:33<2:02:46, 16.67s/it]Setting `pad_token_id` to `eos_token_id`:128001 for open-end generation.
behavioral smollm3/step800k:   2%|▏         | 10/451 [03:48<1:59:51, 16.31s/it]Setting `pad_token_id` to `eos_token_id`:128001 for open-end generation.
behavioral smollm3/step800k:   2%|▏         | 11/451 [04:02<1:53:45, 15.51s/it]behavioral smollm3/step800k:   3%|▎         | 12/451 [04:30<2:21:17, 19.31s/it]behavioral smollm3/step800k:   3%|▎         | 13/451 [05:05<2:56:04, 24.12s/it]behavioral smollm3/step800k:   3%|▎         | 14/451 [05:13<2:20:05, 19.24s/it]behavioral smollm3/step800k:   3%|▎         | 15/451 [05:51<3:01:16, 24.95s/it]behavioral smollm3/step800k:   4%|▎         | 16/451 [06:36<3:43:02, 30.76s/it]Setting `pad_token_id` to `eos_token_id`:128001 for open-end generation.
behavioral smollm3/step800k:   4%|▍         | 17/451 [06:44<2:54:01, 24.06s/it]Setting `pad_token_id` to `eos_token_id`:128001 for open-end generation.
behavioral smollm3/step800k:   4%|▍         | 18/451 [06:52<2:17:49, 19.10s/it]Setting `pad_token_id` to `eos_token_id`:128001 for open-end generation.
behavioral smollm3/step800k:   4%|▍         | 19/451 [07:01<1:56:53, 16.23s/it]Setting `pad_token_id` to `eos_token_id`:128001 for open-end generation.
behavioral smollm3/step800k:   4%|▍         | 20/451 [07:10<1:41:19, 14.11s/it]Setting `pad_token_id` to `eos_token_id`:128001 for open-end generation.
behavioral smollm3/step800k:   5%|▍         | 21/451 [07:20<1:31:46, 12.81s/it]Setting `pad_token_id` to `eos_token_id`:128001 for open-end generation.
behavioral smollm3/step800k:   5%|▍         | 22/451 [07:35<1:35:49, 13.40s/it]behavioral smollm3/step800k:   5%|▌         | 23/451 [08:12<2:25:25, 20.39s/it]behavioral smollm3/step800k:   5%|▌         | 24/451 [08:48<2:58:44, 25.12s/it]behavioral smollm3/step800k:   6%|▌         | 25/451 [08:58<2:25:53, 20.55s/it]behavioral smollm3/step800k:   6%|▌         | 26/451 [09:38<3:08:21, 26.59s/it]behavioral smollm3/step800k:   6%|▌         | 27/451 [10:21<3:42:04, 31.42s/it]Setting `pad_token_id` to `eos_token_id`:128001 for open-end generation.
behavioral smollm3/step800k:   6%|▌         | 28/451 [10:30<2:53:29, 24.61s/it]Setting `pad_token_id` to `eos_token_id`:128001 for open-end generation.
behavioral smollm3/step800k:   6%|▋         | 29/451 [10:37<2:17:03, 19.49s/it]Setting `pad_token_id` to `eos_token_id`:128001 for open-end generation.
behavioral smollm3/step800k:   7%|▋         | 30/451 [10:47<1:56:16, 16.57s/it]Setting `pad_token_id` to `eos_token_id`:128001 for open-end generation.
behavioral smollm3/step800k:   7%|▋         | 31/451 [10:56<1:40:17, 14.33s/it]Setting `pad_token_id` to `eos_token_id`:128001 for open-end generation.
behavioral smollm3/step800k:   7%|▋         | 32/451 [11:06<1:30:26, 12.95s/it]Setting `pad_token_id` to `eos_token_id`:128001 for open-end generation.
behavioral smollm3/step800k:   7%|▋         | 33/451 [11:15<1:22:31, 11.84s/it]behavioral smollm3/step800k:   8%|▊         | 34/451 [11:55<2:19:45, 20.11s/it]behavioral smollm3/step800k:   8%|▊         | 35/451 [12:27<2:45:18, 23.84s/it]behavioral smollm3/step800k:   8%|▊         | 36/451 [12:39<2:19:25, 20.16s/it]behavioral smollm3/step800k:   8%|▊         | 37/451 [13:24<3:11:56, 27.82s/it]behavioral smollm3/step800k:   8%|▊         | 38/451 [14:14<3:57:26, 34.50s/it]Setting `pad_token_id` to `eos_token_id`:128001 for open-end generation.
behavioral smollm3/step800k:   9%|▊         | 39/451 [14:24<3:05:41, 27.04s/it]Setting `pad_token_id` to `eos_token_id`:128001 for open-end generation.
behavioral smollm3/step800k:   9%|▉         | 40/451 [14:58<3:19:42, 29.15s/it]Setting `pad_token_id` to `eos_token_id`:128001 for open-end generation.
behavioral smollm3/step800k:   9%|▉         | 41/451 [15:42<3:48:40, 33.47s/it]Setting `pad_token_id` to `eos_token_id`:128001 for open-end generation.
behavioral smollm3/step800k:   9%|▉         | 42/451 [16:26<4:10:41, 36.78s/it]Setting `pad_token_id` to `eos_token_id`:128001 for open-end generation.
behavioral smollm3/step800k:  10%|▉         | 43/451 [16:41<3:24:36, 30.09s/it]Setting `pad_token_id` to `eos_token_id`:128001 for open-end generation.
behavioral smollm3/step800k:  10%|▉         | 44/451 [16:50<2:41:51, 23.86s/it]behavioral smollm3/step800k:  10%|▉         | 45/451 [17:28<3:09:37, 28.02s/it]behavioral smollm3/step800k:  10%|█         | 46/451 [18:04<3:24:52, 30.35s/it]behavioral smollm3/step800k:  10%|█         | 47/451 [18:13<2:42:36, 24.15s/it]behavioral smollm3/step800k:  11%|█         | 48/451 [18:54<3:15:48, 29.15s/it]behavioral smollm3/step800k:  11%|█         | 49/451 [19:41<3:50:13, 34.36s/it]Setting `pad_token_id` to `eos_token_id`:128001 for open-end generation.
behavioral smollm3/step800k:  11%|█         | 50/451 [19:50<2:59:35, 26.87s/it]Setting `pad_token_id` to `eos_token_id`:128001 for open-end generation.
behavioral smollm3/step800k:  11%|█▏        | 51/451 [20:00<2:24:44, 21.71s/it]Setting `pad_token_id` to `eos_token_id`:128001 for open-end generation.
behavioral smollm3/step800k:  12%|█▏        | 52/451 [20:09<2:00:05, 18.06s/it]Setting `pad_token_id` to `eos_token_id`:128001 for open-end generation.
behavioral smollm3/step800k:  12%|█▏        | 53/451 [20:21<1:47:36, 16.22s/it]Setting `pad_token_id` to `eos_token_id`:128001 for open-end generation.
behavioral smollm3/step800k:  12%|█▏        | 54/451 [20:33<1:38:11, 14.84s/it]Setting `pad_token_id` to `eos_token_id`:128001 for open-end generation.
behavioral smollm3/step800k:  12%|█▏        | 55/451 [20:42<1:26:52, 13.16s/it]behavioral smollm3/step800k:  12%|█▏        | 56/451 [21:22<2:18:48, 21.08s/it]behavioral smollm3/step800k:  13%|█▎        | 57/451 [21:54<2:41:42, 24.63s/it]behavioral smollm3/step800k:  13%|█▎        | 58/451 [22:04<2:11:47, 20.12s/it]behavioral smollm3/step800k:  13%|█▎        | 59/451 [22:50<3:01:17, 27.75s/it]behavioral smollm3/step800k:  13%|█▎        | 60/451 [23:44<3:53:09, 35.78s/it]Setting `pad_token_id` to `eos_token_id`:128001 for open-end generation.
behavioral smollm3/step800k:  14%|█▎        | 61/451 [24:21<3:53:45, 35.96s/it]Setting `pad_token_id` to `eos_token_id`:128001 for open-end generation.
behavioral smollm3/step800k:  14%|█▎        | 62/451 [24:38<3:16:50, 30.36s/it]Setting `pad_token_id` to `eos_token_id`:128001 for open-end generation.
behavioral smollm3/step800k:  14%|█▍        | 63/451 [24:47<2:36:10, 24.15s/it]Setting `pad_token_id` to `eos_token_id`:128001 for open-end generation.
behavioral smollm3/step800k:  14%|█▍        | 64/451 [24:57<2:08:09, 19.87s/it]Setting `pad_token_id` to `eos_token_id`:128001 for open-end generation.
behavioral smollm3/step800k:  14%|█▍        | 65/451 [25:09<1:51:26, 17.32s/it]Setting `pad_token_id` to `eos_token_id`:128001 for open-end generation.
behavioral smollm3/step800k:  15%|█▍        | 66/451 [25:20<1:39:41, 15.54s/it]behavioral smollm3/step800k:  15%|█▍        | 67/451 [26:04<2:33:24, 23.97s/it]behavioral smollm3/step800k:  15%|█▌        | 68/451 [26:37<2:50:16, 26.67s/it]behavioral smollm3/step800k:  15%|█▌        | 69/451 [26:49<2:21:26, 22.22s/it]behavioral smollm3/step800k:  16%|█▌        | 70/451 [27:36<3:08:23, 29.67s/it]behavioral smollm3/step800k:  16%|█▌        | 71/451 [28:22<3:40:24, 34.80s/it]Setting `pad_token_id` to `eos_token_id`:128001 for open-end generation.
behavioral smollm3/step800k:  16%|█▌        | 72/451 [28:33<2:53:04, 27.40s/it]Setting `pad_token_id` to `eos_token_id`:128001 for open-end generation.
behavioral smollm3/step800k:  16%|█▌        | 73/451 [28:41<2:17:07, 21.77s/it]Setting `pad_token_id` to `eos_token_id`:128001 for open-end generation.
behavioral smollm3/step800k:  16%|█▋        | 74/451 [28:51<1:54:01, 18.15s/it]Setting `pad_token_id` to `eos_token_id`:128001 for open-end generation.
behavioral smollm3/step800k:  17%|█▋        | 75/451 [29:01<1:39:00, 15.80s/it]Setting `pad_token_id` to `eos_token_id`:128001 for open-end generation.
behavioral smollm3/step800k:  17%|█▋        | 76/451 [29:13<1:30:24, 14.47s/it]Setting `pad_token_id` to `eos_token_id`:128001 for open-end generation.
behavioral smollm3/step800k:  17%|█▋        | 77/451 [29:25<1:25:58, 13.79s/it]behavioral smollm3/step800k:  17%|█▋        | 78/451 [30:01<2:07:44, 20.55s/it]behavioral smollm3/step800k:  18%|█▊        | 79/451 [30:34<2:29:57, 24.19s/it]behavioral smollm3/step800k:  18%|█▊        | 80/451 [30:44<2:03:51, 20.03s/it]behavioral smollm3/step800k:  18%|█▊        | 81/451 [31:34<2:58:23, 28.93s/it]behavioral smollm3/step800k:  18%|█▊        | 82/451 [32:27<3:42:06, 36.12s/it]Setting `pad_token_id` to `eos_token_id`:128001 for open-end generation.
behavioral smollm3/step800k:  18%|█▊        | 83/451 [32:42<3:03:40, 29.95s/it]Setting `pad_token_id` to `eos_token_id`:128001 for open-end generation.
behavioral smollm3/step800k:  19%|█▊        | 84/451 [32:50<2:23:10, 23.41s/it]Setting `pad_token_id` to `eos_token_id`:128001 for open-end generation.
behavioral smollm3/step800k:  19%|█▉        | 85/451 [33:00<1:56:45, 19.14s/it]Setting `pad_token_id` to `eos_token_id`:128001 for open-end generation.
behavioral smollm3/step800k:  19%|█▉        | 86/451 [33:10<1:40:26, 16.51s/it]Setting `pad_token_id` to `eos_token_id`:128001 for open-end generation.
behavioral smollm3/step800k:  19%|█▉        | 87/451 [33:19<1:27:31, 14.43s/it]Setting `pad_token_id` to `eos_token_id`:128001 for open-end generation.
behavioral smollm3/step800k:  20%|█▉        | 88/451 [33:33<1:24:58, 14.05s/it]behavioral smollm3/step800k:  20%|█▉        | 89/451 [34:17<2:19:08, 23.06s/it]behavioral smollm3/step800k:  20%|█▉        | 90/451 [34:52<2:41:33, 26.85s/it]behavioral smollm3/step800k:  20%|██        | 91/451 [35:04<2:13:13, 22.20s/it]behavioral smollm3/step800k:  20%|██        | 92/451 [35:48<2:52:32, 28.84s/it]behavioral smollm3/step800k:  21%|██        | 93/451 [36:35<3:24:15, 34.23s/it]Setting `pad_token_id` to `eos_token_id`:128001 for open-end generation.
behavioral smollm3/step800k:  21%|██        | 94/451 [36:42<2:36:00, 26.22s/it]Setting `pad_token_id` to `eos_token_id`:128001 for open-end generation.
behavioral smollm3/step800k:  21%|██        | 95/451 [36:51<2:04:31, 20.99s/it]Setting `pad_token_id` to `eos_token_id`:128001 for open-end generation.
behavioral smollm3/step800k:  21%|██▏       | 96/451 [37:01<1:44:21, 17.64s/it]Setting `pad_token_id` to `eos_token_id`:128001 for open-end generation.
behavioral smollm3/step800k:  22%|██▏       | 97/451 [37:11<1:30:08, 15.28s/it]Setting `pad_token_id` to `eos_token_id`:128001 for open-end generation.
behavioral smollm3/step800k:  22%|██▏       | 98/451 [37:22<1:21:48, 13.91s/it]Setting `pad_token_id` to `eos_token_id`:128001 for open-end generation.
behavioral smollm3/step800k:  22%|██▏       | 99/451 [37:35<1:20:54, 13.79s/it]behavioral smollm3/step800k:  22%|██▏       | 100/451 [38:19<2:14:24, 22.98s/it]behavioral smollm3/step800k:  22%|██▏       | 101/451 [38:48<2:23:45, 24.64s/it]behavioral smollm3/step800k:  23%|██▎       | 102/451 [38:57<1:55:44, 19.90s/it]behavioral smollm3/step800k:  23%|██▎       | 103/451 [39:39<2:33:55, 26.54s/it]behavioral smollm3/step800k:  23%|██▎       | 104/451 [40:29<3:15:13, 33.76s/it]Setting `pad_token_id` to `eos_token_id`:128001 for open-end generation.
behavioral smollm3/step800k:  23%|██▎       | 105/451 [41:01<3:10:25, 33.02s/it]Setting `pad_token_id` to `eos_token_id`:128001 for open-end generation.
behavioral smollm3/step800k:  24%|██▎       | 106/451 [41:36<3:14:14, 33.78s/it]Setting `pad_token_id` to `eos_token_id`:128001 for open-end generation.
behavioral smollm3/step800k:  24%|██▎       | 107/451 [42:20<3:31:23, 36.87s/it]Setting `pad_token_id` to `eos_token_id`:128001 for open-end generation.
behavioral smollm3/step800k:  24%|██▍       | 108/451 [42:41<3:02:08, 31.86s/it]Setting `pad_token_id` to `eos_token_id`:128001 for open-end generation.
behavioral smollm3/step800k:  24%|██▍       | 109/451 [42:51<2:24:28, 25.35s/it]Setting `pad_token_id` to `eos_token_id`:128001 for open-end generation.
behavioral smollm3/step800k:  24%|██▍       | 110/451 [43:00<1:56:02, 20.42s/it]behavioral smollm3/step800k:  25%|██▍       | 111/451 [43:41<2:30:49, 26.62s/it]behavioral smollm3/step800k:  25%|██▍       | 112/451 [44:20<2:51:53, 30.42s/it]behavioral smollm3/step800k:  25%|██▌       | 113/451 [44:29<2:15:20, 24.03s/it]behavioral smollm3/step800k:  25%|██▌       | 114/451 [45:08<2:40:23, 28.56s/it]behavioral smollm3/step800k:  25%|██▌       | 115/451 [45:58<3:16:16, 35.05s/it]Setting `pad_token_id` to `eos_token_id`:128001 for open-end generation.
behavioral smollm3/step800k:  26%|██▌       | 116/451 [46:08<2:32:16, 27.27s/it]Setting `pad_token_id` to `eos_token_id`:128001 for open-end generation.
behavioral smollm3/step800k:  26%|██▌       | 117/451 [46:18<2:03:25, 22.17s/it]Setting `pad_token_id` to `eos_token_id`:128001 for open-end generation.
behavioral smollm3/step800k:  26%|██▌       | 118/451 [46:51<2:20:37, 25.34s/it]Setting `pad_token_id` to `eos_token_id`:128001 for open-end generation.
behavioral smollm3/step800k:  26%|██▋       | 119/451 [47:29<2:41:46, 29.24s/it]Setting `pad_token_id` to `eos_token_id`:128001 for open-end generation.
behavioral smollm3/step800k:  27%|██▋       | 120/451 [47:43<2:16:23, 24.72s/it]Setting `pad_token_id` to `eos_token_id`:128001 for open-end generation.
behavioral smollm3/step800k:  27%|██▋       | 121/451 [47:57<1:57:25, 21.35s/it]behavioral smollm3/step800k:  27%|██▋       | 122/451 [48:27<2:12:12, 24.11s/it]behavioral smollm3/step800k:  27%|██▋       | 123/451 [48:54<2:16:36, 24.99s/it]behavioral smollm3/step800k:  27%|██▋       | 124/451 [49:02<1:48:31, 19.91s/it]behavioral smollm3/step800k:  28%|██▊       | 125/451 [49:43<2:22:50, 26.29s/it]behavioral smollm3/step800k:  28%|██▊       | 126/451 [50:25<2:47:41, 30.96s/it]Setting `pad_token_id` to `eos_token_id`:128001 for open-end generation.
behavioral smollm3/step800k:  28%|██▊       | 127/451 [50:50<2:37:52, 29.23s/it]Setting `pad_token_id` to `eos_token_id`:128001 for open-end generation.
behavioral smollm3/step800k:  28%|██▊       | 128/451 [51:24<2:44:33, 30.57s/it]Setting `pad_token_id` to `eos_token_id`:128001 for open-end generation.
behavioral smollm3/step800k:  29%|██▊       | 129/451 [51:51<2:37:54, 29.43s/it]Setting `pad_token_id` to `eos_token_id`:128001 for open-end generation.
behavioral smollm3/step800k:  29%|██▉       | 130/451 [52:05<2:13:22, 24.93s/it]Setting `pad_token_id` to `eos_token_id`:128001 for open-end generation.
behavioral smollm3/step800k:  29%|██▉       | 131/451 [52:16<1:49:38, 20.56s/it]Setting `pad_token_id` to `eos_token_id`:128001 for open-end generation.
behavioral smollm3/step800k:  29%|██▉       | 132/451 [52:27<1:34:48, 17.83s/it]behavioral smollm3/step800k:  29%|██▉       | 133/451 [53:05<2:06:11, 23.81s/it]behavioral smollm3/step800k:  30%|██▉       | 134/451 [53:33<2:13:20, 25.24s/it]behavioral smollm3/step800k:  30%|██▉       | 135/451 [53:44<1:49:29, 20.79s/it]behavioral smollm3/step800k:  30%|███       | 136/451 [54:29<2:27:10, 28.03s/it]behavioral smollm3/step800k:  30%|███       | 137/451 [55:21<3:04:53, 35.33s/it]Setting `pad_token_id` to `eos_token_id`:128001 for open-end generation.
behavioral smollm3/step800k:  31%|███       | 138/451 [56:00<3:09:53, 36.40s/it]Setting `pad_token_id` to `eos_token_id`:128001 for open-end generation.
behavioral smollm3/step800k:  31%|███       | 139/451 [56:33<3:03:49, 35.35s/it]Setting `pad_token_id` to `eos_token_id`:128001 for open-end generation.
behavioral smollm3/step800k:  31%|███       | 140/451 [56:42<2:22:53, 27.57s/it]Setting `pad_token_id` to `eos_token_id`:128001 for open-end generation.
behavioral smollm3/step800k:  31%|███▏      | 141/451 [56:52<1:54:21, 22.13s/it]Setting `pad_token_id` to `eos_token_id`:128001 for open-end generation.
behavioral smollm3/step800k:  31%|███▏      | 142/451 [57:03<1:36:30, 18.74s/it]Setting `pad_token_id` to `eos_token_id`:128001 for open-end generation.
behavioral smollm3/step800k:  32%|███▏      | 143/451 [57:12<1:22:24, 16.05s/it]behavioral smollm3/step800k:  32%|███▏      | 144/451 [57:58<2:06:40, 24.76s/it]behavioral smollm3/step800k:  32%|███▏      | 145/451 [58:30<2:18:02, 27.07s/it]behavioral smollm3/step800k:  32%|███▏      | 146/451 [58:39<1:50:45, 21.79s/it]behavioral smollm3/step800k:  33%|███▎      | 147/451 [59:19<2:16:53, 27.02s/it]behavioral smollm3/step800k:  33%|███▎      | 148/451 [1:00:09<2:51:56, 34.05s/it]Setting `pad_token_id` to `eos_token_id`:128001 for open-end generation.
behavioral smollm3/step800k:  33%|███▎      | 149/451 [1:00:17<2:11:34, 26.14s/it]Setting `pad_token_id` to `eos_token_id`:128001 for open-end generation.
behavioral smollm3/step800k:  33%|███▎      | 150/451 [1:00:25<1:43:49, 20.70s/it]Setting `pad_token_id` to `eos_token_id`:128001 for open-end generation.
behavioral smollm3/step800k:  33%|███▎      | 151/451 [1:00:34<1:26:19, 17.27s/it]Setting `pad_token_id` to `eos_token_id`:128001 for open-end generation.
behavioral smollm3/step800k:  34%|███▎      | 152/451 [1:00:44<1:14:30, 14.95s/it]Setting `pad_token_id` to `eos_token_id`:128001 for open-end generation.
behavioral smollm3/step800k:  34%|███▍      | 153/451 [1:00:54<1:07:18, 13.55s/it]Setting `pad_token_id` to `eos_token_id`:128001 for open-end generation.
behavioral smollm3/step800k:  34%|███▍      | 154/451 [1:01:03<1:00:45, 12.28s/it]behavioral smollm3/step800k:  34%|███▍      | 155/451 [1:01:43<1:40:47, 20.43s/it]behavioral smollm3/step800k:  35%|███▍      | 156/451 [1:02:23<2:09:14, 26.29s/it]behavioral smollm3/step800k:  35%|███▍      | 157/451 [1:02:32<1:44:05, 21.24s/it]behavioral smollm3/step800k:  35%|███▌      | 158/451 [1:03:12<2:11:04, 26.84s/it]behavioral smollm3/step800k:  35%|███▌      | 159/451 [1:04:02<2:44:02, 33.71s/it]Setting `pad_token_id` to `eos_token_id`:128001 for open-end generation.
behavioral smollm3/step800k:  35%|███▌      | 160/451 [1:04:10<2:06:44, 26.13s/it]Setting `pad_token_id` to `eos_token_id`:128001 for open-end generation.
behavioral smollm3/step800k:  36%|███▌      | 161/451 [1:04:19<1:41:03, 20.91s/it]Setting `pad_token_id` to `eos_token_id`:128001 for open-end generation.
behavioral smollm3/step800k:  36%|███▌      | 162/451 [1:04:40<1:41:20, 21.04s/it]Setting `pad_token_id` to `eos_token_id`:128001 for open-end generation.
behavioral smollm3/step800k:  36%|███▌      | 163/451 [1:05:21<2:10:00, 27.09s/it]Setting `pad_token_id` to `eos_token_id`:128001 for open-end generation.
behavioral smollm3/step800k:  36%|███▋      | 164/451 [1:05:47<2:07:48, 26.72s/it]Setting `pad_token_id` to `eos_token_id`:128001 for open-end generation.
behavioral smollm3/step800k:  37%|███▋      | 165/451 [1:06:00<1:47:56, 22.64s/it]behavioral smollm3/step800k:  37%|███▋      | 166/451 [1:06:32<2:00:41, 25.41s/it]behavioral smollm3/step800k:  37%|███▋      | 167/451 [1:07:04<2:08:56, 27.24s/it]behavioral smollm3/step800k:  37%|███▋      | 168/451 [1:07:14<1:43:57, 22.04s/it]behavioral smollm3/step800k:  37%|███▋      | 169/451 [1:07:57<2:13:46, 28.46s/it]behavioral smollm3/step800k:  38%|███▊      | 170/451 [1:08:36<2:27:15, 31.44s/it]Setting `pad_token_id` to `eos_token_id`:128001 for open-end generation.
behavioral smollm3/step800k:  38%|███▊      | 171/451 [1:08:44<1:54:32, 24.55s/it]Setting `pad_token_id` to `eos_token_id`:128001 for open-end generation.
behavioral smollm3/step800k:  38%|███▊      | 172/451 [1:08:52<1:31:40, 19.71s/it]Setting `pad_token_id` to `eos_token_id`:128001 for open-end generation.
behavioral smollm3/step800k:  38%|███▊      | 173/451 [1:09:03<1:18:39, 16.98s/it]Setting `pad_token_id` to `eos_token_id`:128001 for open-end generation.
behavioral smollm3/step800k:  39%|███▊      | 174/451 [1:09:13<1:08:49, 14.91s/it]Setting `pad_token_id` to `eos_token_id`:128001 for open-end generation.
behavioral smollm3/step800k:  39%|███▉      | 175/451 [1:09:24<1:03:00, 13.70s/it]Setting `pad_token_id` to `eos_token_id`:128001 for open-end generation.
behavioral smollm3/step800k:  39%|███▉      | 176/451 [1:09:37<1:01:43, 13.47s/it]behavioral smollm3/step800k:  39%|███▉      | 177/451 [1:10:14<1:34:30, 20.70s/it]behavioral smollm3/step800k:  39%|███▉      | 178/451 [1:10:45<1:47:58, 23.73s/it]behavioral smollm3/step800k:  40%|███▉      | 179/451 [1:10:55<1:28:08, 19.44s/it]behavioral smollm3/step800k:  40%|███▉      | 180/451 [1:11:36<1:56:45, 25.85s/it]behavioral smollm3/step800k:  40%|████      | 181/451 [1:12:27<2:30:16, 33.40s/it]Setting `pad_token_id` to `eos_token_id`:128001 for open-end generation.
behavioral smollm3/step800k:  40%|████      | 182/451 [1:12:37<1:59:29, 26.65s/it]Setting `pad_token_id` to `eos_token_id`:128001 for open-end generation.
behavioral smollm3/step800k:  41%|████      | 183/451 [1:13:09<2:05:52, 28.18s/it]Setting `pad_token_id` to `eos_token_id`:128001 for open-end generation.
behavioral smollm3/step800k:  41%|████      | 184/451 [1:13:44<2:14:23, 30.20s/it]Setting `pad_token_id` to `eos_token_id`:128001 for open-end generation.
behavioral smollm3/step800k:  41%|████      | 185/451 [1:13:58<1:52:50, 25.45s/it]Setting `pad_token_id` to `eos_token_id`:128001 for open-end generation.
behavioral smollm3/step800k:  41%|████      | 186/451 [1:14:13<1:37:23, 22.05s/it]Setting `pad_token_id` to `eos_token_id`:128001 for open-end generation.
behavioral smollm3/step800k:  41%|████▏     | 187/451 [1:14:23<1:21:34, 18.54s/it]behavioral smollm3/step800k:  42%|████▏     | 188/451 [1:15:02<1:48:36, 24.78s/it]behavioral smollm3/step800k:  42%|████▏     | 189/451 [1:15:35<1:59:09, 27.29s/it]behavioral smollm3/step800k:  42%|████▏     | 190/451 [1:15:46<1:37:07, 22.33s/it]behavioral smollm3/step800k:  42%|████▏     | 191/451 [1:16:33<2:08:04, 29.56s/it]behavioral smollm3/step800k:  43%|████▎     | 192/451 [1:17:25<2:37:47, 36.55s/it]Setting `pad_token_id` to `eos_token_id`:128001 for open-end generation.
behavioral smollm3/step800k:  43%|████▎     | 193/451 [1:18:05<2:41:13, 37.49s/it]Setting `pad_token_id` to `eos_token_id`:128001 for open-end generation.
behavioral smollm3/step800k:  43%|████▎     | 194/451 [1:18:37<2:33:29, 35.84s/it]Setting `pad_token_id` to `eos_token_id`:128001 for open-end generation.
behavioral smollm3/step800k:  43%|████▎     | 195/451 [1:18:48<2:00:21, 28.21s/it]Setting `pad_token_id` to `eos_token_id`:128001 for open-end generation.
behavioral smollm3/step800k:  43%|████▎     | 196/451 [1:18:57<1:36:06, 22.61s/it]Setting `pad_token_id` to `eos_token_id`:128001 for open-end generation.
behavioral smollm3/step800k:  44%|████▎     | 197/451 [1:19:09<1:22:31, 19.49s/it]Setting `pad_token_id` to `eos_token_id`:128001 for open-end generation.
behavioral smollm3/step800k:  44%|████▍     | 198/451 [1:19:20<1:10:46, 16.78s/it]behavioral smollm3/step800k:  44%|████▍     | 199/451 [1:20:03<1:43:16, 24.59s/it]behavioral smollm3/step800k:  44%|████▍     | 200/451 [1:20:44<2:04:16, 29.71s/it]behavioral smollm3/step800k:  45%|████▍     | 201/451 [1:20:56<1:41:25, 24.34s/it]behavioral smollm3/step800k:  45%|████▍     | 202/451 [1:21:43<2:08:44, 31.02s/it]behavioral smollm3/step800k:  45%|████▌     | 203/451 [1:22:32<2:30:56, 36.52s/it]Setting `pad_token_id` to `eos_token_id`:128001 for open-end generation.
behavioral smollm3/step800k:  45%|████▌     | 204/451 [1:23:05<2:25:49, 35.42s/it]Setting `pad_token_id` to `eos_token_id`:128001 for open-end generation.
behavioral smollm3/step800k:  45%|████▌     | 205/451 [1:23:38<2:21:49, 34.59s/it]Setting `pad_token_id` to `eos_token_id`:128001 for open-end generation.
behavioral smollm3/step800k:  46%|████▌     | 206/451 [1:23:49<1:53:31, 27.80s/it]Setting `pad_token_id` to `eos_token_id`:128001 for open-end generation.
behavioral smollm3/step800k:  46%|████▌     | 207/451 [1:24:02<1:33:59, 23.11s/it]Setting `pad_token_id` to `eos_token_id`:128001 for open-end generation.
behavioral smollm3/step800k:  46%|████▌     | 208/451 [1:24:12<1:18:41, 19.43s/it]Setting `pad_token_id` to `eos_token_id`:128001 for open-end generation.
behavioral smollm3/step800k:  46%|████▋     | 209/451 [1:24:24<1:08:47, 17.06s/it]behavioral smollm3/step800k:  47%|████▋     | 210/451 [1:25:02<1:34:07, 23.43s/it]behavioral smollm3/step800k:  47%|████▋     | 211/451 [1:25:34<1:43:31, 25.88s/it]behavioral smollm3/step800k:  47%|████▋     | 212/451 [1:25:45<1:25:06, 21.37s/it]behavioral smollm3/step800k:  47%|████▋     | 213/451 [1:26:28<1:51:02, 27.99s/it]behavioral smollm3/step800k:  47%|████▋     | 214/451 [1:27:13<2:10:44, 33.10s/it]Setting `pad_token_id` to `eos_token_id`:128001 for open-end generation.
behavioral smollm3/step800k:  48%|████▊     | 215/451 [1:27:23<1:42:15, 26.00s/it]Setting `pad_token_id` to `eos_token_id`:128001 for open-end generation.
behavioral smollm3/step800k:  48%|████▊     | 216/451 [1:27:33<1:23:13, 21.25s/it]Setting `pad_token_id` to `eos_token_id`:128001 for open-end generation.
behavioral smollm3/step800k:  48%|████▊     | 217/451 [1:27:45<1:11:55, 18.44s/it]Setting `pad_token_id` to `eos_token_id`:128001 for open-end generation.
behavioral smollm3/step800k:  48%|████▊     | 218/451 [1:27:58<1:05:36, 16.90s/it]Setting `pad_token_id` to `eos_token_id`:128001 for open-end generation.
behavioral smollm3/step800k:  49%|████▊     | 219/451 [1:28:11<1:01:21, 15.87s/it]Setting `pad_token_id` to `eos_token_id`:128001 for open-end generation.
behavioral smollm3/step800k:  49%|████▉     | 220/451 [1:28:23<55:32, 14.43s/it]  behavioral smollm3/step800k:  49%|████▉     | 221/451 [1:29:00<1:22:11, 21.44s/it]behavioral smollm3/step800k:  49%|████▉     | 222/451 [1:29:40<1:42:20, 26.81s/it]behavioral smollm3/step800k:  49%|████▉     | 223/451 [1:29:50<1:22:55, 21.82s/it]behavioral smollm3/step800k:  50%|████▉     | 224/451 [1:30:32<1:46:02, 28.03s/it]behavioral smollm3/step800k:  50%|████▉     | 225/451 [1:31:09<1:55:24, 30.64s/it]Setting `pad_token_id` to `eos_token_id`:128001 for open-end generation.
behavioral smollm3/step800k:  50%|█████     | 226/451 [1:31:17<1:29:21, 23.83s/it]Setting `pad_token_id` to `eos_token_id`:128001 for open-end generation.
behavioral smollm3/step800k:  50%|█████     | 227/451 [1:31:28<1:15:06, 20.12s/it]Setting `pad_token_id` to `eos_token_id`:128001 for open-end generation.
behavioral smollm3/step800k:  51%|█████     | 228/451 [1:31:41<1:05:56, 17.74s/it]Setting `pad_token_id` to `eos_token_id`:128001 for open-end generation.
behavioral smollm3/step800k:  51%|█████     | 229/451 [1:31:55<1:01:42, 16.68s/it]Setting `pad_token_id` to `eos_token_id`:128001 for open-end generation.
behavioral smollm3/step800k:  51%|█████     | 230/451 [1:32:08<57:24, 15.59s/it]  Setting `pad_token_id` to `eos_token_id`:128001 for open-end generation.
behavioral smollm3/step800k:  51%|█████     | 231/451 [1:32:19<51:42, 14.10s/it]behavioral smollm3/step800k:  51%|█████▏    | 232/451 [1:33:04<1:25:21, 23.39s/it]behavioral smollm3/step800k:  52%|█████▏    | 233/451 [1:33:39<1:38:03, 26.99s/it]behavioral smollm3/step800k:  52%|█████▏    | 234/451 [1:33:49<1:19:42, 22.04s/it]behavioral smollm3/step800k:  52%|█████▏    | 235/451 [1:34:31<1:40:33, 27.93s/it]behavioral smollm3/step800k:  52%|█████▏    | 236/451 [1:35:15<1:57:38, 32.83s/it]Setting `pad_token_id` to `eos_token_id`:128001 for open-end generation.
behavioral smollm3/step800k:  53%|█████▎    | 237/451 [1:35:26<1:33:12, 26.13s/it]Setting `pad_token_id` to `eos_token_id`:128001 for open-end generation.
behavioral smollm3/step800k:  53%|█████▎    | 238/451 [1:35:38<1:17:50, 21.93s/it]Setting `pad_token_id` to `eos_token_id`:128001 for open-end generation.
behavioral smollm3/step800k:  53%|█████▎    | 239/451 [1:35:51<1:08:15, 19.32s/it]Setting `pad_token_id` to `eos_token_id`:128001 for open-end generation.
behavioral smollm3/step800k:  53%|█████▎    | 240/451 [1:36:04<1:01:15, 17.42s/it]Setting `pad_token_id` to `eos_token_id`:128001 for open-end generation.
behavioral smollm3/step800k:  53%|█████▎    | 241/451 [1:36:15<54:10, 15.48s/it]  Setting `pad_token_id` to `eos_token_id`:128001 for open-end generation.
behavioral smollm3/step800k:  54%|█████▎    | 242/451 [1:36:26<48:55, 14.05s/it]behavioral smollm3/step800k:  54%|█████▍    | 243/451 [1:37:08<1:17:52, 22.46s/it]behavioral smollm3/step800k:  54%|█████▍    | 244/451 [1:37:43<1:29:58, 26.08s/it]behavioral smollm3/step800k:  54%|█████▍    | 245/451 [1:37:53<1:13:08, 21.30s/it]behavioral smollm3/step800k:  55%|█████▍    | 246/451 [1:38:34<1:33:21, 27.32s/it]behavioral smollm3/step800k:  55%|█████▍    | 247/451 [1:39:18<1:49:54, 32.33s/it]Setting `pad_token_id` to `eos_token_id`:128001 for open-end generation.
behavioral smollm3/step800k:  55%|█████▍    | 248/451 [1:39:27<1:25:20, 25.22s/it]Setting `pad_token_id` to `eos_token_id`:128001 for open-end generation.
behavioral smollm3/step800k:  55%|█████▌    | 249/451 [1:39:38<1:11:14, 21.16s/it]Setting `pad_token_id` to `eos_token_id`:128001 for open-end generation.
behavioral smollm3/step800k:  55%|█████▌    | 250/451 [1:39:49<1:00:43, 18.13s/it]Setting `pad_token_id` to `eos_token_id`:128001 for open-end generation.
behavioral smollm3/step800k:  56%|█████▌    | 251/451 [1:40:01<53:23, 16.02s/it]  Setting `pad_token_id` to `eos_token_id`:128001 for open-end generation.
behavioral smollm3/step800k:  56%|█████▌    | 252/451 [1:40:13<49:09, 14.82s/it]Setting `pad_token_id` to `eos_token_id`:128001 for open-end generation.
behavioral smollm3/step800k:  56%|█████▌    | 253/451 [1:40:23<44:29, 13.48s/it]behavioral smollm3/step800k:  56%|█████▋    | 254/451 [1:41:10<1:17:38, 23.65s/it]behavioral smollm3/step800k:  57%|█████▋    | 255/451 [1:41:45<1:28:10, 26.99s/it]behavioral smollm3/step800k:  57%|█████▋    | 256/451 [1:41:56<1:11:46, 22.08s/it]behavioral smollm3/step800k:  57%|█████▋    | 257/451 [1:42:38<1:30:29, 27.99s/it]behavioral smollm3/step800k:  57%|█████▋    | 258/451 [1:43:23<1:46:55, 33.24s/it]Setting `pad_token_id` to `eos_token_id`:128001 for open-end generation.
behavioral smollm3/step800k:  57%|█████▋    | 259/451 [1:43:34<1:25:00, 26.56s/it]Setting `pad_token_id` to `eos_token_id`:128001 for open-end generation.
behavioral smollm3/step800k:  58%|█████▊    | 260/451 [1:43:45<1:09:36, 21.87s/it]Setting `pad_token_id` to `eos_token_id`:128001 for open-end generation.
behavioral smollm3/step800k:  58%|█████▊    | 261/451 [1:43:58<1:00:58, 19.25s/it]Setting `pad_token_id` to `eos_token_id`:128001 for open-end generation.
behavioral smollm3/step800k:  58%|█████▊    | 262/451 [1:44:10<54:04, 17.17s/it]  Setting `pad_token_id` to `eos_token_id`:128001 for open-end generation.
behavioral smollm3/step800k:  58%|█████▊    | 263/451 [1:44:22<49:00, 15.64s/it]Setting `pad_token_id` to `eos_token_id`:128001 for open-end generation.
behavioral smollm3/step800k:  59%|█████▊    | 264/451 [1:44:53<1:02:42, 20.12s/it]behavioral smollm3/step800k:  59%|█████▉    | 265/451 [1:45:42<1:29:30, 28.87s/it]behavioral smollm3/step800k:  59%|█████▉    | 266/451 [1:46:19<1:35:58, 31.13s/it]behavioral smollm3/step800k:  59%|█████▉    | 267/451 [1:46:28<1:15:06, 24.49s/it]behavioral smollm3/step800k:  59%|█████▉    | 268/451 [1:47:07<1:28:34, 29.04s/it]behavioral smollm3/step800k:  60%|█████▉    | 269/451 [1:47:59<1:48:57, 35.92s/it]Setting `pad_token_id` to `eos_token_id`:128001 for open-end generation.
behavioral smollm3/step800k:  60%|█████▉    | 270/451 [1:48:10<1:25:38, 28.39s/it]Setting `pad_token_id` to `eos_token_id`:128001 for open-end generation.
behavioral smollm3/step800k:  60%|██████    | 271/451 [1:48:18<1:06:35, 22.20s/it]Setting `pad_token_id` to `eos_token_id`:128001 for open-end generation.
behavioral smollm3/step800k:  60%|██████    | 272/451 [1:48:42<1:08:17, 22.89s/it]Setting `pad_token_id` to `eos_token_id`:128001 for open-end generation.
behavioral smollm3/step800k:  61%|██████    | 273/451 [1:49:22<1:22:53, 27.94s/it]Setting `pad_token_id` to `eos_token_id`:128001 for open-end generation.
behavioral smollm3/step800k:  61%|██████    | 274/451 [1:50:12<1:41:59, 34.57s/it]Setting `pad_token_id` to `eos_token_id`:128001 for open-end generation.
behavioral smollm3/step800k:  61%|██████    | 275/451 [1:50:42<1:37:18, 33.17s/it]behavioral smollm3/step800k:  61%|██████    | 276/451 [1:51:20<1:41:09, 34.68s/it]behavioral smollm3/step800k:  61%|██████▏   | 277/451 [1:51:57<1:42:00, 35.17s/it]behavioral smollm3/step800k:  62%|██████▏   | 278/451 [1:52:07<1:20:12, 27.82s/it]behavioral smollm3/step800k:  62%|██████▏   | 279/451 [1:52:50<1:32:22, 32.23s/it]behavioral smollm3/step800k:  62%|██████▏   | 280/451 [1:53:38<1:45:21, 36.97s/it]Setting `pad_token_id` to `eos_token_id`:128001 for open-end generation.
behavioral smollm3/step800k:  62%|██████▏   | 281/451 [1:53:52<1:25:11, 30.07s/it]Setting `pad_token_id` to `eos_token_id`:128001 for open-end generation.
behavioral smollm3/step800k:  63%|██████▎   | 282/451 [1:54:05<1:10:21, 24.98s/it]Setting `pad_token_id` to `eos_token_id`:128001 for open-end generation.
behavioral smollm3/step800k:  63%|██████▎   | 283/451 [1:54:17<58:45, 20.99s/it]  Setting `pad_token_id` to `eos_token_id`:128001 for open-end generation.
behavioral smollm3/step800k:  63%|██████▎   | 284/451 [1:54:29<51:38, 18.55s/it]Setting `pad_token_id` to `eos_token_id`:128001 for open-end generation.
behavioral smollm3/step800k:  63%|██████▎   | 285/451 [1:55:10<1:09:59, 25.30s/it]Setting `pad_token_id` to `eos_token_id`:128001 for open-end generation.
behavioral smollm3/step800k:  63%|██████▎   | 286/451 [1:55:39<1:12:36, 26.41s/it]behavioral smollm3/step800k:  64%|██████▎   | 287/451 [1:56:21<1:25:00, 31.10s/it]behavioral smollm3/step800k:  64%|██████▍   | 288/451 [1:56:52<1:23:59, 30.91s/it]behavioral smollm3/step800k:  64%|██████▍   | 289/451 [1:57:01<1:05:34, 24.29s/it]behavioral smollm3/step800k:  64%|██████▍   | 290/451 [1:57:43<1:19:13, 29.53s/it]behavioral smollm3/step800k:  65%|██████▍   | 291/451 [1:58:31<1:33:57, 35.24s/it]Setting `pad_token_id` to `eos_token_id`:128001 for open-end generation.
behavioral smollm3/step800k:  65%|██████▍   | 292/451 [1:58:39<1:11:42, 27.06s/it]Setting `pad_token_id` to `eos_token_id`:128001 for open-end generation.
behavioral smollm3/step800k:  65%|██████▍   | 293/451 [1:58:47<56:03, 21.29s/it]  Setting `pad_token_id` to `eos_token_id`:128001 for open-end generation.
behavioral smollm3/step800k:  65%|██████▌   | 294/451 [1:58:56<45:59, 17.58s/it]Setting `pad_token_id` to `eos_token_id`:128001 for open-end generation.
behavioral smollm3/step800k:  65%|██████▌   | 295/451 [1:59:05<39:10, 15.07s/it]Setting `pad_token_id` to `eos_token_id`:128001 for open-end generation.
behavioral smollm3/step800k:  66%|██████▌   | 296/451 [1:59:15<34:55, 13.52s/it]Setting `pad_token_id` to `eos_token_id`:128001 for open-end generation.
behavioral smollm3/step800k:  66%|██████▌   | 297/451 [1:59:25<32:23, 12.62s/it]behavioral smollm3/step800k:  66%|██████▌   | 298/451 [2:00:10<56:23, 22.11s/it]behavioral smollm3/step800k:  66%|██████▋   | 299/451 [2:00:45<1:06:05, 26.09s/it]behavioral smollm3/step800k:  67%|██████▋   | 300/451 [2:00:54<53:02, 21.08s/it]  behavioral smollm3/step800k:  67%|██████▋   | 301/451 [2:01:35<1:07:10, 26.87s/it]behavioral smollm3/step800k:  67%|██████▋   | 302/451 [2:02:21<1:20:52, 32.57s/it]Setting `pad_token_id` to `eos_token_id`:128001 for open-end generation.
behavioral smollm3/step800k:  67%|██████▋   | 303/451 [2:02:29<1:02:24, 25.30s/it]Setting `pad_token_id` to `eos_token_id`:128001 for open-end generation.
behavioral smollm3/step800k:  67%|██████▋   | 304/451 [2:02:37<49:04, 20.03s/it]  Setting `pad_token_id` to `eos_token_id`:128001 for open-end generation.
behavioral smollm3/step800k:  68%|██████▊   | 305/451 [2:02:46<40:43, 16.74s/it]Setting `pad_token_id` to `eos_token_id`:128001 for open-end generation.
behavioral smollm3/step800k:  68%|██████▊   | 306/451 [2:02:55<34:57, 14.46s/it]Setting `pad_token_id` to `eos_token_id`:128001 for open-end generation.
behavioral smollm3/step800k:  68%|██████▊   | 307/451 [2:03:05<31:37, 13.18s/it]Setting `pad_token_id` to `eos_token_id`:128001 for open-end generation.
behavioral smollm3/step800k:  68%|██████▊   | 308/451 [2:03:14<28:25, 11.92s/it]behavioral smollm3/step800k:  69%|██████▊   | 309/451 [2:03:57<49:58, 21.12s/it]behavioral smollm3/step800k:  69%|██████▊   | 310/451 [2:04:25<54:38, 23.25s/it]behavioral smollm3/step800k:  69%|██████▉   | 311/451 [2:04:35<44:52, 19.24s/it]behavioral smollm3/step800k:  69%|██████▉   | 312/451 [2:05:15<59:03, 25.49s/it]behavioral smollm3/step800k:  69%|██████▉   | 313/451 [2:06:06<1:16:00, 33.04s/it]Setting `pad_token_id` to `eos_token_id`:128001 for open-end generation.
behavioral smollm3/step800k:  70%|██████▉   | 314/451 [2:06:15<59:10, 25.92s/it]  Setting `pad_token_id` to `eos_token_id`:128001 for open-end generation.
behavioral smollm3/step800k:  70%|██████▉   | 315/451 [2:06:25<47:49, 21.10s/it]Setting `pad_token_id` to `eos_token_id`:128001 for open-end generation.
behavioral smollm3/step800k:  70%|███████   | 316/451 [2:07:02<58:32, 26.02s/it]Setting `pad_token_id` to `eos_token_id`:128001 for open-end generation.
behavioral smollm3/step800k:  70%|███████   | 317/451 [2:07:33<1:01:32, 27.55s/it]Setting `pad_token_id` to `eos_token_id`:128001 for open-end generation.
behavioral smollm3/step800k:  71%|███████   | 318/451 [2:07:45<50:48, 22.92s/it]  Setting `pad_token_id` to `eos_token_id`:128001 for open-end generation.
behavioral smollm3/step800k:  71%|███████   | 319/451 [2:07:57<43:11, 19.63s/it]behavioral smollm3/step800k:  71%|███████   | 320/451 [2:08:34<53:37, 24.56s/it]behavioral smollm3/step800k:  71%|███████   | 321/451 [2:09:01<54:49, 25.31s/it]behavioral smollm3/step800k:  71%|███████▏  | 322/451 [2:09:09<43:45, 20.35s/it]behavioral smollm3/step800k:  72%|███████▏  | 323/451 [2:09:38<49:00, 22.97s/it]behavioral smollm3/step800k:  72%|███████▏  | 324/451 [2:10:21<1:01:19, 28.97s/it]Setting `pad_token_id` to `eos_token_id`:128001 for open-end generation.
behavioral smollm3/step800k:  72%|███████▏  | 325/451 [2:10:29<47:16, 22.51s/it]  Setting `pad_token_id` to `eos_token_id`:128001 for open-end generation.
behavioral smollm3/step800k:  72%|███████▏  | 326/451 [2:10:36<37:13, 17.86s/it]Setting `pad_token_id` to `eos_token_id`:128001 for open-end generation.
behavioral smollm3/step800k:  73%|███████▎  | 327/451 [2:10:44<31:10, 15.08s/it]Setting `pad_token_id` to `eos_token_id`:128001 for open-end generation.
behavioral smollm3/step800k:  73%|███████▎  | 328/451 [2:10:53<27:09, 13.25s/it]Setting `pad_token_id` to `eos_token_id`:128001 for open-end generation.
behavioral smollm3/step800k:  73%|███████▎  | 329/451 [2:11:05<25:39, 12.62s/it]Setting `pad_token_id` to `eos_token_id`:128001 for open-end generation.
behavioral smollm3/step800k:  73%|███████▎  | 330/451 [2:11:14<23:47, 11.80s/it]behavioral smollm3/step800k:  73%|███████▎  | 331/451 [2:11:53<39:26, 19.72s/it]behavioral smollm3/step800k:  74%|███████▎  | 332/451 [2:12:27<47:52, 24.14s/it]behavioral smollm3/step800k:  74%|███████▍  | 333/451 [2:12:36<38:38, 19.65s/it]behavioral smollm3/step800k:  74%|███████▍  | 334/451 [2:13:15<49:26, 25.35s/it]behavioral smollm3/step800k:  74%|███████▍  | 335/451 [2:14:00<1:00:25, 31.26s/it]Setting `pad_token_id` to `eos_token_id`:128001 for open-end generation.
behavioral smollm3/step800k:  75%|███████▍  | 336/451 [2:14:08<46:22, 24.19s/it]  Setting `pad_token_id` to `eos_token_id`:128001 for open-end generation.
behavioral smollm3/step800k:  75%|███████▍  | 337/451 [2:14:15<36:29, 19.20s/it]Setting `pad_token_id` to `eos_token_id`:128001 for open-end generation.
behavioral smollm3/step800k:  75%|███████▍  | 338/451 [2:14:24<30:25, 16.15s/it]Setting `pad_token_id` to `eos_token_id`:128001 for open-end generation.
behavioral smollm3/step800k:  75%|███████▌  | 339/451 [2:14:33<26:13, 14.05s/it]Setting `pad_token_id` to `eos_token_id`:128001 for open-end generation.
behavioral smollm3/step800k:  75%|███████▌  | 340/451 [2:14:43<23:37, 12.77s/it]Setting `pad_token_id` to `eos_token_id`:128001 for open-end generation.
behavioral smollm3/step800k:  76%|███████▌  | 341/451 [2:14:52<21:08, 11.54s/it]behavioral smollm3/step800k:  76%|███████▌  | 342/451 [2:15:31<36:15, 19.96s/it]behavioral smollm3/step800k:  76%|███████▌  | 343/451 [2:16:04<42:39, 23.70s/it]behavioral smollm3/step800k:  76%|███████▋  | 344/451 [2:16:13<34:27, 19.32s/it]behavioral smollm3/step800k:  76%|███████▋  | 345/451 [2:16:52<44:42, 25.31s/it]behavioral smollm3/step800k:  77%|███████▋  | 346/451 [2:17:36<53:55, 30.82s/it]Setting `pad_token_id` to `eos_token_id`:128001 for open-end generation.
behavioral smollm3/step800k:  77%|███████▋  | 347/451 [2:17:43<41:04, 23.70s/it]Setting `pad_token_id` to `eos_token_id`:128001 for open-end generation.
behavioral smollm3/step800k:  77%|███████▋  | 348/451 [2:17:50<32:04, 18.68s/it]Setting `pad_token_id` to `eos_token_id`:128001 for open-end generation.
behavioral smollm3/step800k:  77%|███████▋  | 349/451 [2:17:59<26:47, 15.76s/it]Setting `pad_token_id` to `eos_token_id`:128001 for open-end generation.
behavioral smollm3/step800k:  78%|███████▊  | 350/451 [2:18:09<23:24, 13.90s/it]Setting `pad_token_id` to `eos_token_id`:128001 for open-end generation.
behavioral smollm3/step800k:  78%|███████▊  | 351/451 [2:18:19<21:23, 12.84s/it]Setting `pad_token_id` to `eos_token_id`:128001 for open-end generation.
behavioral smollm3/step800k:  78%|███████▊  | 352/451 [2:18:28<19:24, 11.76s/it]behavioral smollm3/step800k:  78%|███████▊  | 353/451 [2:18:59<28:40, 17.55s/it]behavioral smollm3/step800k:  78%|███████▊  | 354/451 [2:19:25<32:15, 19.96s/it]behavioral smollm3/step800k:  79%|███████▊  | 355/451 [2:19:34<26:34, 16.61s/it]behavioral smollm3/step800k:  79%|███████▉  | 356/451 [2:20:11<36:23, 22.99s/it]behavioral smollm3/step800k:  79%|███████▉  | 357/451 [2:20:44<40:21, 25.77s/it]Setting `pad_token_id` to `eos_token_id`:128001 for open-end generation.
behavioral smollm3/step800k:  79%|███████▉  | 358/451 [2:20:51<31:32, 20.35s/it]Setting `pad_token_id` to `eos_token_id`:128001 for open-end generation.
behavioral smollm3/step800k:  80%|███████▉  | 359/451 [2:20:59<25:13, 16.46s/it]Setting `pad_token_id` to `eos_token_id`:128001 for open-end generation.
behavioral smollm3/step800k:  80%|███████▉  | 360/451 [2:21:08<21:35, 14.23s/it]Setting `pad_token_id` to `eos_token_id`:128001 for open-end generation.
behavioral smollm3/step800k:  80%|████████  | 361/451 [2:21:17<18:51, 12.57s/it]Setting `pad_token_id` to `eos_token_id`:128001 for open-end generation.
behavioral smollm3/step800k:  80%|████████  | 362/451 [2:21:26<17:29, 11.79s/it]Setting `pad_token_id` to `eos_token_id`:128001 for open-end generation.
behavioral smollm3/step800k:  80%|████████  | 363/451 [2:21:36<16:19, 11.13s/it]behavioral smollm3/step800k:  81%|████████  | 364/451 [2:22:15<28:01, 19.33s/it]behavioral smollm3/step800k:  81%|████████  | 365/451 [2:22:41<30:46, 21.47s/it]behavioral smollm3/step800k:  81%|████████  | 366/451 [2:22:50<25:05, 17.72s/it]behavioral smollm3/step800k:  81%|████████▏ | 367/451 [2:23:29<33:44, 24.10s/it]behavioral smollm3/step800k:  82%|████████▏ | 368/451 [2:24:12<41:16, 29.84s/it]Setting `pad_token_id` to `eos_token_id`:128001 for open-end generation.
behavioral smollm3/step800k:  82%|████████▏ | 369/451 [2:24:20<31:38, 23.15s/it]Setting `pad_token_id` to `eos_token_id`:128001 for open-end generation.
behavioral smollm3/step800k:  82%|████████▏ | 370/451 [2:24:27<24:46, 18.35s/it]Setting `pad_token_id` to `eos_token_id`:128001 for open-end generation.
behavioral smollm3/step800k:  82%|████████▏ | 371/451 [2:24:36<20:41, 15.52s/it]Setting `pad_token_id` to `eos_token_id`:128001 for open-end generation.
behavioral smollm3/step800k:  82%|████████▏ | 372/451 [2:24:45<17:50, 13.55s/it]Setting `pad_token_id` to `eos_token_id`:128001 for open-end generation.
behavioral smollm3/step800k:  83%|████████▎ | 373/451 [2:24:55<16:21, 12.58s/it]Setting `pad_token_id` to `eos_token_id`:128001 for open-end generation.
behavioral smollm3/step800k:  83%|████████▎ | 374/451 [2:25:04<14:40, 11.44s/it]behavioral smollm3/step800k:  83%|████████▎ | 375/451 [2:25:41<24:25, 19.28s/it]behavioral smollm3/step800k:  83%|████████▎ | 376/451 [2:26:09<27:16, 21.82s/it]behavioral smollm3/step800k:  84%|████████▎ | 377/451 [2:26:18<22:06, 17.92s/it]behavioral smollm3/step800k:  84%|████████▍ | 378/451 [2:26:57<29:26, 24.20s/it]behavioral smollm3/step800k:  84%|████████▍ | 379/451 [2:27:41<36:05, 30.08s/it]Setting `pad_token_id` to `eos_token_id`:128001 for open-end generation.
behavioral smollm3/step800k:  84%|████████▍ | 380/451 [2:27:48<27:28, 23.22s/it]Setting `pad_token_id` to `eos_token_id`:128001 for open-end generation.
behavioral smollm3/step800k:  84%|████████▍ | 381/451 [2:27:56<21:39, 18.57s/it]Setting `pad_token_id` to `eos_token_id`:128001 for open-end generation.
behavioral smollm3/step800k:  85%|████████▍ | 382/451 [2:28:04<17:55, 15.59s/it]Setting `pad_token_id` to `eos_token_id`:128001 for open-end generation.
behavioral smollm3/step800k:  85%|████████▍ | 383/451 [2:28:13<15:28, 13.65s/it]Setting `pad_token_id` to `eos_token_id`:128001 for open-end generation.
behavioral smollm3/step800k:  85%|████████▌ | 384/451 [2:28:23<14:00, 12.54s/it]Setting `pad_token_id` to `eos_token_id`:128001 for open-end generation.
behavioral smollm3/step800k:  85%|████████▌ | 385/451 [2:28:32<12:38, 11.49s/it]behavioral smollm3/step800k:  86%|████████▌ | 386/451 [2:29:10<20:55, 19.31s/it]behavioral smollm3/step800k:  86%|████████▌ | 387/451 [2:29:38<23:27, 22.00s/it]behavioral smollm3/step800k:  86%|████████▌ | 388/451 [2:29:47<18:51, 17.97s/it]behavioral smollm3/step800k:  86%|████████▋ | 389/451 [2:30:25<24:49, 24.02s/it]behavioral smollm3/step800k:  86%|████████▋ | 390/451 [2:31:10<30:43, 30.22s/it]Setting `pad_token_id` to `eos_token_id`:128001 for open-end generation.
behavioral smollm3/step800k:  87%|████████▋ | 391/451 [2:31:17<23:23, 23.40s/it]Setting `pad_token_id` to `eos_token_id`:128001 for open-end generation.
behavioral smollm3/step800k:  87%|████████▋ | 392/451 [2:31:25<18:30, 18.82s/it]Setting `pad_token_id` to `eos_token_id`:128001 for open-end generation.
behavioral smollm3/step800k:  87%|████████▋ | 393/451 [2:31:34<15:19, 15.86s/it]Setting `pad_token_id` to `eos_token_id`:128001 for open-end generation.
behavioral smollm3/step800k:  87%|████████▋ | 394/451 [2:31:43<13:08, 13.83s/it]Setting `pad_token_id` to `eos_token_id`:128001 for open-end generation.
behavioral smollm3/step800k:  88%|████████▊ | 395/451 [2:31:53<11:49, 12.66s/it]Setting `pad_token_id` to `eos_token_id`:128001 for open-end generation.
behavioral smollm3/step800k:  88%|████████▊ | 396/451 [2:32:02<10:27, 11.41s/it]behavioral smollm3/step800k:  88%|████████▊ | 397/451 [2:32:46<19:06, 21.23s/it]behavioral smollm3/step800k:  88%|████████▊ | 398/451 [2:33:15<20:58, 23.75s/it]behavioral smollm3/step800k:  88%|████████▊ | 399/451 [2:33:24<16:38, 19.21s/it]behavioral smollm3/step800k:  89%|████████▊ | 400/451 [2:34:02<21:13, 24.98s/it]behavioral smollm3/step800k:  89%|████████▉ | 401/451 [2:34:46<25:32, 30.65s/it]Setting `pad_token_id` to `eos_token_id`:128001 for open-end generation.
behavioral smollm3/step800k:  89%|████████▉ | 402/451 [2:34:54<19:19, 23.66s/it]Setting `pad_token_id` to `eos_token_id`:128001 for open-end generation.
behavioral smollm3/step800k:  89%|████████▉ | 403/451 [2:35:02<15:09, 18.94s/it]Setting `pad_token_id` to `eos_token_id`:128001 for open-end generation.
behavioral smollm3/step800k:  90%|████████▉ | 404/451 [2:35:11<12:34, 16.06s/it]Setting `pad_token_id` to `eos_token_id`:128001 for open-end generation.
behavioral smollm3/step800k:  90%|████████▉ | 405/451 [2:35:20<10:47, 14.07s/it]Setting `pad_token_id` to `eos_token_id`:128001 for open-end generation.
behavioral smollm3/step800k:  90%|█████████ | 406/451 [2:35:31<09:41, 12.91s/it]Setting `pad_token_id` to `eos_token_id`:128001 for open-end generation.
behavioral smollm3/step800k:  90%|█████████ | 407/451 [2:35:40<08:36, 11.74s/it]behavioral smollm3/step800k:  90%|█████████ | 408/451 [2:36:23<15:07, 21.10s/it]behavioral smollm3/step800k:  91%|█████████ | 409/451 [2:36:57<17:34, 25.10s/it]behavioral smollm3/step800k:  91%|█████████ | 410/451 [2:37:06<13:52, 20.31s/it]behavioral smollm3/step800k:  91%|█████████ | 411/451 [2:37:45<17:19, 25.98s/it]behavioral smollm3/step800k:  91%|█████████▏| 412/451 [2:38:29<20:23, 31.36s/it]Setting `pad_token_id` to `eos_token_id`:128001 for open-end generation.
behavioral smollm3/step800k:  92%|█████████▏| 413/451 [2:38:37<15:20, 24.24s/it]Setting `pad_token_id` to `eos_token_id`:128001 for open-end generation.
behavioral smollm3/step800k:  92%|█████████▏| 414/451 [2:38:45<12:00, 19.47s/it]Setting `pad_token_id` to `eos_token_id`:128001 for open-end generation.
behavioral smollm3/step800k:  92%|█████████▏| 415/451 [2:38:54<09:50, 16.41s/it]Setting `pad_token_id` to `eos_token_id`:128001 for open-end generation.
behavioral smollm3/step800k:  92%|█████████▏| 416/451 [2:39:04<08:23, 14.39s/it]Setting `pad_token_id` to `eos_token_id`:128001 for open-end generation.
behavioral smollm3/step800k:  92%|█████████▏| 417/451 [2:39:14<07:26, 13.14s/it]Setting `pad_token_id` to `eos_token_id`:128001 for open-end generation.
behavioral smollm3/step800k:  93%|█████████▎| 418/451 [2:39:24<06:34, 11.97s/it]behavioral smollm3/step800k:  93%|█████████▎| 419/451 [2:40:05<11:08, 20.89s/it]behavioral smollm3/step800k:  93%|█████████▎| 420/451 [2:40:40<12:53, 24.96s/it]behavioral smollm3/step800k:  93%|█████████▎| 421/451 [2:40:49<10:07, 20.25s/it]behavioral smollm3/step800k:  94%|█████████▎| 422/451 [2:41:29<12:38, 26.17s/it]behavioral smollm3/step800k:  94%|█████████▍| 423/451 [2:42:15<14:58, 32.09s/it]Setting `pad_token_id` to `eos_token_id`:128001 for open-end generation.
behavioral smollm3/step800k:  94%|█████████▍| 424/451 [2:42:23<11:13, 24.93s/it]Setting `pad_token_id` to `eos_token_id`:128001 for open-end generation.
behavioral smollm3/step800k:  94%|█████████▍| 425/451 [2:42:33<08:48, 20.34s/it]Setting `pad_token_id` to `eos_token_id`:128001 for open-end generation.
behavioral smollm3/step800k:  94%|█████████▍| 426/451 [2:42:43<07:09, 17.20s/it]Setting `pad_token_id` to `eos_token_id`:128001 for open-end generation.
behavioral smollm3/step800k:  95%|█████████▍| 427/451 [2:42:52<05:59, 14.98s/it]Setting `pad_token_id` to `eos_token_id`:128001 for open-end generation.
behavioral smollm3/step800k:  95%|█████████▍| 428/451 [2:43:03<05:13, 13.64s/it]Setting `pad_token_id` to `eos_token_id`:128001 for open-end generation.
behavioral smollm3/step800k:  95%|█████████▌| 429/451 [2:43:13<04:33, 12.44s/it]behavioral smollm3/step800k:  95%|█████████▌| 430/451 [2:43:53<07:16, 20.76s/it]behavioral smollm3/step800k:  96%|█████████▌| 431/451 [2:44:23<07:53, 23.66s/it]behavioral smollm3/step800k:  96%|█████████▌| 432/451 [2:44:32<06:04, 19.19s/it]behavioral smollm3/step800k:  96%|█████████▌| 433/451 [2:45:11<07:33, 25.19s/it]behavioral smollm3/step800k:  96%|█████████▌| 434/451 [2:45:55<08:42, 30.73s/it]Setting `pad_token_id` to `eos_token_id`:128001 for open-end generation.
behavioral smollm3/step800k:  96%|█████████▋| 435/451 [2:46:02<06:18, 23.68s/it]Setting `pad_token_id` to `eos_token_id`:128001 for open-end generation.
behavioral smollm3/step800k:  97%|█████████▋| 436/451 [2:46:10<04:46, 19.09s/it]Setting `pad_token_id` to `eos_token_id`:128001 for open-end generation.
behavioral smollm3/step800k:  97%|█████████▋| 437/451 [2:46:19<03:44, 16.05s/it]Setting `pad_token_id` to `eos_token_id`:128001 for open-end generation.
behavioral smollm3/step800k:  97%|█████████▋| 438/451 [2:46:29<03:02, 14.02s/it]Setting `pad_token_id` to `eos_token_id`:128001 for open-end generation.
behavioral smollm3/step800k:  97%|█████████▋| 439/451 [2:46:39<02:34, 12.91s/it]Setting `pad_token_id` to `eos_token_id`:128001 for open-end generation.
behavioral smollm3/step800k:  98%|█████████▊| 440/451 [2:46:49<02:11, 11.96s/it]behavioral smollm3/step800k:  98%|█████████▊| 441/451 [2:47:24<03:09, 19.00s/it]behavioral smollm3/step800k:  98%|█████████▊| 442/451 [2:47:58<03:30, 23.37s/it]behavioral smollm3/step800k:  98%|█████████▊| 443/451 [2:48:07<02:32, 19.01s/it]behavioral smollm3/step800k:  98%|█████████▊| 444/451 [2:48:46<02:55, 25.06s/it]behavioral smollm3/step800k:  99%|█████████▊| 445/451 [2:49:31<03:06, 31.13s/it]Setting `pad_token_id` to `eos_token_id`:128001 for open-end generation.
behavioral smollm3/step800k:  99%|█████████▉| 446/451 [2:49:39<02:00, 24.12s/it]Setting `pad_token_id` to `eos_token_id`:128001 for open-end generation.
behavioral smollm3/step800k:  99%|█████████▉| 447/451 [2:49:47<01:17, 19.34s/it]Setting `pad_token_id` to `eos_token_id`:128001 for open-end generation.
behavioral smollm3/step800k:  99%|█████████▉| 448/451 [2:49:56<00:48, 16.30s/it]Setting `pad_token_id` to `eos_token_id`:128001 for open-end generation.
behavioral smollm3/step800k: 100%|█████████▉| 449/451 [2:50:06<00:28, 14.23s/it]Setting `pad_token_id` to `eos_token_id`:128001 for open-end generation.
behavioral smollm3/step800k: 100%|█████████▉| 450/451 [2:50:16<00:12, 12.98s/it]Setting `pad_token_id` to `eos_token_id`:128001 for open-end generation.
behavioral smollm3/step800k: 100%|██████████| 451/451 [2:50:25<00:00, 11.76s/it]behavioral smollm3/step800k: 100%|██████████| 451/451 [2:50:25<00:00, 22.67s/it]
  ✅ Saved 451 records → data/results/behavioral_smollm3_45/smollm3_step800k_behavioral_smollm3.jsonl

Loading SmolLM3-3B @ step1200k ...
Loading checkpoint shards:   0%|          | 0/2 [00:00<?, ?it/s]Loading checkpoint shards:  50%|█████     | 1/2 [00:06<00:06,  6.95s/it]Loading checkpoint shards: 100%|██████████| 2/2 [00:08<00:00,  3.86s/it]Loading checkpoint shards: 100%|██████████| 2/2 [00:08<00:00,  4.33s/it]
behavioral smollm3/step1200k:   0%|          | 0/451 [00:00<?, ?it/s]behavioral smollm3/step1200k:   0%|          | 1/451 [00:38<4:51:21, 38.85s/it]behavioral smollm3/step1200k:   0%|          | 2/451 [01:08<4:08:02, 33.15s/it]behavioral smollm3/step1200k:   1%|          | 3/451 [01:16<2:44:43, 22.06s/it]behavioral smollm3/step1200k:   1%|          | 4/451 [01:56<3:34:38, 28.81s/it]behavioral smollm3/step1200k:   1%|          | 5/451 [02:39<4:13:04, 34.05s/it]Setting `pad_token_id` to `eos_token_id`:128001 for open-end generation.
behavioral smollm3/step1200k:   1%|▏         | 6/451 [02:47<3:06:20, 25.13s/it]Setting `pad_token_id` to `eos_token_id`:128001 for open-end generation.
behavioral smollm3/step1200k:   2%|▏         | 7/451 [02:55<2:24:07, 19.48s/it]Setting `pad_token_id` to `eos_token_id`:128001 for open-end generation.
behavioral smollm3/step1200k:   2%|▏         | 8/451 [03:04<2:00:00, 16.25s/it]Setting `pad_token_id` to `eos_token_id`:128001 for open-end generation.
behavioral smollm3/step1200k:   2%|▏         | 9/451 [03:13<1:43:39, 14.07s/it]Setting `pad_token_id` to `eos_token_id`:128001 for open-end generation.
behavioral smollm3/step1200k:   2%|▏         | 10/451 [03:23<1:34:15, 12.82s/it]Setting `pad_token_id` to `eos_token_id`:128001 for open-end generation.
behavioral smollm3/step1200k:   2%|▏         | 11/451 [03:33<1:26:32, 11.80s/it]behavioral smollm3/step1200k:   3%|▎         | 12/451 [03:59<1:58:14, 16.16s/it]behavioral smollm3/step1200k:   3%|▎         | 13/451 [04:32<2:36:34, 21.45s/it]behavioral smollm3/step1200k:   3%|▎         | 14/451 [04:40<2:06:14, 17.33s/it]behavioral smollm3/step1200k:   3%|▎         | 15/451 [05:16<2:45:18, 22.75s/it]behavioral smollm3/step1200k:   4%|▎         | 16/451 [05:56<3:22:39, 27.95s/it]Setting `pad_token_id` to `eos_token_id`:128001 for open-end generation.
behavioral smollm3/step1200k:   4%|▍         | 17/451 [06:03<2:37:58, 21.84s/it]Setting `pad_token_id` to `eos_token_id`:128001 for open-end generation.
behavioral smollm3/step1200k:   4%|▍         | 18/451 [06:11<2:07:07, 17.62s/it]Setting `pad_token_id` to `eos_token_id`:128001 for open-end generation.
behavioral smollm3/step1200k:   4%|▍         | 19/451 [06:21<1:51:18, 15.46s/it]Setting `pad_token_id` to `eos_token_id`:128001 for open-end generation.
behavioral smollm3/step1200k:   4%|▍         | 20/451 [06:31<1:38:27, 13.71s/it]Setting `pad_token_id` to `eos_token_id`:128001 for open-end generation.
behavioral smollm3/step1200k:   5%|▍         | 21/451 [06:41<1:31:09, 12.72s/it]Setting `pad_token_id` to `eos_token_id`:128001 for open-end generation.
behavioral smollm3/step1200k:   5%|▍         | 22/451 [06:51<1:23:54, 11.74s/it]behavioral smollm3/step1200k:   5%|▌         | 23/451 [07:22<2:05:20, 17.57s/it]behavioral smollm3/step1200k:   5%|▌         | 24/451 [07:52<2:31:03, 21.23s/it]behavioral smollm3/step1200k:   6%|▌         | 25/451 [08:00<2:01:59, 17.18s/it]behavioral smollm3/step1200k:   6%|▌         | 26/451 [08:34<2:37:40, 22.26s/it]behavioral smollm3/step1200k:   6%|▌         | 27/451 [09:14<3:14:56, 27.59s/it]Setting `pad_token_id` to `eos_token_id`:128001 for open-end generation.
behavioral smollm3/step1200k:   6%|▌         | 28/451 [09:23<2:34:55, 21.97s/it]Setting `pad_token_id` to `eos_token_id`:128001 for open-end generation.
behavioral smollm3/step1200k:   6%|▋         | 29/451 [09:31<2:06:14, 17.95s/it]Setting `pad_token_id` to `eos_token_id`:128001 for open-end generation.
behavioral smollm3/step1200k:   7%|▋         | 30/451 [09:41<1:49:38, 15.63s/it]Setting `pad_token_id` to `eos_token_id`:128001 for open-end generation.
behavioral smollm3/step1200k:   7%|▋         | 31/451 [09:54<1:42:11, 14.60s/it]Setting `pad_token_id` to `eos_token_id`:128001 for open-end generation.
behavioral smollm3/step1200k:   7%|▋         | 32/451 [10:05<1:35:38, 13.70s/it]Setting `pad_token_id` to `eos_token_id`:128001 for open-end generation.
behavioral smollm3/step1200k:   7%|▋         | 33/451 [10:16<1:29:21, 12.83s/it]behavioral smollm3/step1200k:   8%|▊         | 34/451 [10:53<2:19:43, 20.10s/it]behavioral smollm3/step1200k:   8%|▊         | 35/451 [11:23<2:39:03, 22.94s/it]behavioral smollm3/step1200k:   8%|▊         | 36/451 [11:31<2:09:21, 18.70s/it]behavioral smollm3/step1200k:   8%|▊         | 37/451 [12:11<2:51:34, 24.87s/it]behavioral smollm3/step1200k:   8%|▊         | 38/451 [12:55<3:31:59, 30.80s/it]Setting `pad_token_id` to `eos_token_id`:128001 for open-end generation.
behavioral smollm3/step1200k:   9%|▊         | 39/451 [13:03<2:44:49, 24.00s/it]Setting `pad_token_id` to `eos_token_id`:128001 for open-end generation.
behavioral smollm3/step1200k:   9%|▉         | 40/451 [13:13<2:14:09, 19.59s/it]Setting `pad_token_id` to `eos_token_id`:128001 for open-end generation.
behavioral smollm3/step1200k:   9%|▉         | 41/451 [13:22<1:53:24, 16.60s/it]Setting `pad_token_id` to `eos_token_id`:128001 for open-end generation.
behavioral smollm3/step1200k:   9%|▉         | 42/451 [13:32<1:39:52, 14.65s/it]Setting `pad_token_id` to `eos_token_id`:128001 for open-end generation.
behavioral smollm3/step1200k:  10%|▉         | 43/451 [13:44<1:33:53, 13.81s/it]Setting `pad_token_id` to `eos_token_id`:128001 for open-end generation.
behavioral smollm3/step1200k:  10%|▉         | 44/451 [13:57<1:32:13, 13.59s/it]behavioral smollm3/step1200k:  10%|▉         | 45/451 [14:35<2:21:02, 20.84s/it]behavioral smollm3/step1200k:  10%|█         | 46/451 [15:09<2:46:45, 24.71s/it]behavioral smollm3/step1200k:  10%|█         | 47/451 [15:18<2:15:31, 20.13s/it]behavioral smollm3/step1200k:  11%|█         | 48/451 [15:59<2:56:07, 26.22s/it]behavioral smollm3/step1200k:  11%|█         | 49/451 [16:45<3:36:19, 32.29s/it]Setting `pad_token_id` to `eos_token_id`:128001 for open-end generation.
behavioral smollm3/step1200k:  11%|█         | 50/451 [16:54<2:48:42, 25.24s/it]Setting `pad_token_id` to `eos_token_id`:128001 for open-end generation.
behavioral smollm3/step1200k:  11%|█▏        | 51/451 [17:03<2:16:10, 20.43s/it]Setting `pad_token_id` to `eos_token_id`:128001 for open-end generation.
behavioral smollm3/step1200k:  12%|█▏        | 52/451 [17:13<1:55:01, 17.30s/it]Setting `pad_token_id` to `eos_token_id`:128001 for open-end generation.
behavioral smollm3/step1200k:  12%|█▏        | 53/451 [17:23<1:40:32, 15.16s/it]Setting `pad_token_id` to `eos_token_id`:128001 for open-end generation.
behavioral smollm3/step1200k:  12%|█▏        | 54/451 [17:36<1:34:50, 14.33s/it]Setting `pad_token_id` to `eos_token_id`:128001 for open-end generation.
behavioral smollm3/step1200k:  12%|█▏        | 55/451 [17:47<1:27:49, 13.31s/it]behavioral smollm3/step1200k:  12%|█▏        | 56/451 [18:26<2:18:57, 21.11s/it]behavioral smollm3/step1200k:  13%|█▎        | 57/451 [18:56<2:36:03, 23.77s/it]behavioral smollm3/step1200k:  13%|█▎        | 58/451 [19:05<2:06:40, 19.34s/it]behavioral smollm3/step1200k:  13%|█▎        | 59/451 [19:44<2:45:51, 25.39s/it]behavioral smollm3/step1200k:  13%|█▎        | 60/451 [20:29<3:22:42, 31.11s/it]Setting `pad_token_id` to `eos_token_id`:128001 for open-end generation.
behavioral smollm3/step1200k:  14%|█▎        | 61/451 [20:37<2:38:18, 24.35s/it]Setting `pad_token_id` to `eos_token_id`:128001 for open-end generation.
behavioral smollm3/step1200k:  14%|█▎        | 62/451 [20:45<2:05:36, 19.37s/it]Setting `pad_token_id` to `eos_token_id`:128001 for open-end generation.
behavioral smollm3/step1200k:  14%|█▍        | 63/451 [20:55<1:45:46, 16.36s/it]Setting `pad_token_id` to `eos_token_id`:128001 for open-end generation.
behavioral smollm3/step1200k:  14%|█▍        | 64/451 [21:05<1:33:11, 14.45s/it]Setting `pad_token_id` to `eos_token_id`:128001 for open-end generation.
behavioral smollm3/step1200k:  14%|█▍        | 65/451 [21:18<1:31:01, 14.15s/it]Setting `pad_token_id` to `eos_token_id`:128001 for open-end generation.
behavioral smollm3/step1200k:  15%|█▍        | 66/451 [21:31<1:27:56, 13.71s/it]behavioral smollm3/step1200k:  15%|█▍        | 67/451 [22:08<2:13:20, 20.83s/it]behavioral smollm3/step1200k:  15%|█▌        | 68/451 [22:36<2:26:59, 23.03s/it]behavioral smollm3/step1200k:  15%|█▌        | 69/451 [22:45<1:59:42, 18.80s/it]behavioral smollm3/step1200k:  16%|█▌        | 70/451 [23:25<2:39:01, 25.04s/it]behavioral smollm3/step1200k:  16%|█▌        | 71/451 [24:09<3:14:45, 30.75s/it]Setting `pad_token_id` to `eos_token_id`:128001 for open-end generation.
behavioral smollm3/step1200k:  16%|█▌        | 72/451 [24:17<2:30:38, 23.85s/it]Setting `pad_token_id` to `eos_token_id`:128001 for open-end generation.
behavioral smollm3/step1200k:  16%|█▌        | 73/451 [24:24<1:59:50, 19.02s/it]Setting `pad_token_id` to `eos_token_id`:128001 for open-end generation.
behavioral smollm3/step1200k:  16%|█▋        | 74/451 [24:34<1:41:52, 16.21s/it]Setting `pad_token_id` to `eos_token_id`:128001 for open-end generation.
behavioral smollm3/step1200k:  17%|█▋        | 75/451 [24:44<1:29:17, 14.25s/it]Setting `pad_token_id` to `eos_token_id`:128001 for open-end generation.
behavioral smollm3/step1200k:  17%|█▋        | 76/451 [24:55<1:24:12, 13.47s/it]Setting `pad_token_id` to `eos_token_id`:128001 for open-end generation.
behavioral smollm3/step1200k:  17%|█▋        | 77/451 [25:06<1:19:24, 12.74s/it]behavioral smollm3/step1200k:  17%|█▋        | 78/451 [25:37<1:52:27, 18.09s/it]behavioral smollm3/step1200k:  18%|█▊        | 79/451 [26:06<2:11:47, 21.26s/it]behavioral smollm3/step1200k:  18%|█▊        | 80/451 [26:14<1:47:02, 17.31s/it]behavioral smollm3/step1200k:  18%|█▊        | 81/451 [26:55<2:31:00, 24.49s/it]behavioral smollm3/step1200k:  18%|█▊        | 82/451 [27:37<3:02:28, 29.67s/it]Setting `pad_token_id` to `eos_token_id`:128001 for open-end generation.
behavioral smollm3/step1200k:  18%|█▊        | 83/451 [27:45<2:23:28, 23.39s/it]Setting `pad_token_id` to `eos_token_id`:128001 for open-end generation.
behavioral smollm3/step1200k:  19%|█▊        | 84/451 [27:54<1:56:01, 18.97s/it]Setting `pad_token_id` to `eos_token_id`:128001 for open-end generation.
behavioral smollm3/step1200k:  19%|█▉        | 85/451 [28:04<1:39:35, 16.33s/it]Setting `pad_token_id` to `eos_token_id`:128001 for open-end generation.
behavioral smollm3/step1200k:  19%|█▉        | 86/451 [28:15<1:29:41, 14.74s/it]Setting `pad_token_id` to `eos_token_id`:128001 for open-end generation.
behavioral smollm3/step1200k:  19%|█▉        | 87/451 [28:26<1:22:31, 13.60s/it]Setting `pad_token_id` to `eos_token_id`:128001 for open-end generation.
behavioral smollm3/step1200k:  20%|█▉        | 88/451 [28:37<1:17:09, 12.75s/it]behavioral smollm3/step1200k:  20%|█▉        | 89/451 [29:16<2:04:51, 20.69s/it]behavioral smollm3/step1200k:  20%|█▉        | 90/451 [29:47<2:21:51, 23.58s/it]behavioral smollm3/step1200k:  20%|██        | 91/451 [29:55<1:54:58, 19.16s/it]behavioral smollm3/step1200k:  20%|██        | 92/451 [30:35<2:31:11, 25.27s/it]behavioral smollm3/step1200k:  21%|██        | 93/451 [31:20<3:06:31, 31.26s/it]Setting `pad_token_id` to `eos_token_id`:128001 for open-end generation.
behavioral smollm3/step1200k:  21%|██        | 94/451 [31:29<2:25:17, 24.42s/it]Setting `pad_token_id` to `eos_token_id`:128001 for open-end generation.
behavioral smollm3/step1200k:  21%|██        | 95/451 [31:37<1:56:23, 19.62s/it]Setting `pad_token_id` to `eos_token_id`:128001 for open-end generation.
behavioral smollm3/step1200k:  21%|██▏       | 96/451 [31:46<1:37:49, 16.53s/it]Setting `pad_token_id` to `eos_token_id`:128001 for open-end generation.
behavioral smollm3/step1200k:  22%|██▏       | 97/451 [31:56<1:25:22, 14.47s/it]Setting `pad_token_id` to `eos_token_id`:128001 for open-end generation.
behavioral smollm3/step1200k:  22%|██▏       | 98/451 [32:07<1:18:22, 13.32s/it]Setting `pad_token_id` to `eos_token_id`:128001 for open-end generation.
behavioral smollm3/step1200k:  22%|██▏       | 99/451 [32:17<1:12:08, 12.30s/it]behavioral smollm3/step1200k:  22%|██▏       | 100/451 [32:57<2:01:11, 20.72s/it]behavioral smollm3/step1200k:  22%|██▏       | 101/451 [33:26<2:14:50, 23.12s/it]behavioral smollm3/step1200k:  23%|██▎       | 102/451 [33:35<1:50:07, 18.93s/it]behavioral smollm3/step1200k:  23%|██▎       | 103/451 [34:15<2:27:00, 25.35s/it]behavioral smollm3/step1200k:  23%|██▎       | 104/451 [35:00<3:00:02, 31.13s/it]Setting `pad_token_id` to `eos_token_id`:128001 for open-end generation.
behavioral smollm3/step1200k:  23%|██▎       | 105/451 [35:08<2:19:18, 24.16s/it]Setting `pad_token_id` to `eos_token_id`:128001 for open-end generation.
behavioral smollm3/step1200k:  24%|██▎       | 106/451 [35:15<1:50:41, 19.25s/it]Setting `pad_token_id` to `eos_token_id`:128001 for open-end generation.
behavioral smollm3/step1200k:  24%|██▎       | 107/451 [35:25<1:33:33, 16.32s/it]Setting `pad_token_id` to `eos_token_id`:128001 for open-end generation.
behavioral smollm3/step1200k:  24%|██▍       | 108/451 [35:35<1:22:17, 14.40s/it]Setting `pad_token_id` to `eos_token_id`:128001 for open-end generation.
behavioral smollm3/step1200k:  24%|██▍       | 109/451 [35:46<1:16:54, 13.49s/it]Setting `pad_token_id` to `eos_token_id`:128001 for open-end generation.
behavioral smollm3/step1200k:  24%|██▍       | 110/451 [35:56<1:10:45, 12.45s/it]behavioral smollm3/step1200k:  25%|██▍       | 111/451 [36:35<1:55:49, 20.44s/it]behavioral smollm3/step1200k:  25%|██▍       | 112/451 [37:11<2:21:33, 25.05s/it]behavioral smollm3/step1200k:  25%|██▌       | 113/451 [37:21<1:54:40, 20.36s/it]behavioral smollm3/step1200k:  25%|██▌       | 114/451 [38:01<2:28:22, 26.42s/it]behavioral smollm3/step1200k:  25%|██▌       | 115/451 [38:46<2:58:30, 31.88s/it]Setting `pad_token_id` to `eos_token_id`:128001 for open-end generation.
behavioral smollm3/step1200k:  26%|██▌       | 116/451 [38:54<2:18:04, 24.73s/it]Setting `pad_token_id` to `eos_token_id`:128001 for open-end generation.
behavioral smollm3/step1200k:  26%|██▌       | 117/451 [39:02<1:50:52, 19.92s/it]Setting `pad_token_id` to `eos_token_id`:128001 for open-end generation.
behavioral smollm3/step1200k:  26%|██▌       | 118/451 [39:13<1:34:14, 16.98s/it]Setting `pad_token_id` to `eos_token_id`:128001 for open-end generation.
behavioral smollm3/step1200k:  26%|██▋       | 119/451 [39:23<1:22:24, 14.89s/it]Setting `pad_token_id` to `eos_token_id`:128001 for open-end generation.
behavioral smollm3/step1200k:  27%|██▋       | 120/451 [39:35<1:18:09, 14.17s/it]Setting `pad_token_id` to `eos_token_id`:128001 for open-end generation.
behavioral smollm3/step1200k:  27%|██▋       | 121/451 [39:46<1:12:39, 13.21s/it]behavioral smollm3/step1200k:  27%|██▋       | 122/451 [40:15<1:38:28, 17.96s/it]behavioral smollm3/step1200k:  27%|██▋       | 123/451 [40:42<1:52:36, 20.60s/it]behavioral smollm3/step1200k:  27%|██▋       | 124/451 [40:50<1:31:54, 16.86s/it]behavioral smollm3/step1200k:  28%|██▊       | 125/451 [41:28<2:05:19, 23.06s/it]behavioral smollm3/step1200k:  28%|██▊       | 126/451 [42:05<2:28:59, 27.51s/it]Setting `pad_token_id` to `eos_token_id`:128001 for open-end generation.
behavioral smollm3/step1200k:  28%|██▊       | 127/451 [42:15<1:59:30, 22.13s/it]Setting `pad_token_id` to `eos_token_id`:128001 for open-end generation.
behavioral smollm3/step1200k:  28%|██▊       | 128/451 [42:25<1:38:59, 18.39s/it]Setting `pad_token_id` to `eos_token_id`:128001 for open-end generation.
behavioral smollm3/step1200k:  29%|██▊       | 129/451 [42:37<1:28:11, 16.43s/it]Setting `pad_token_id` to `eos_token_id`:128001 for open-end generation.
behavioral smollm3/step1200k:  29%|██▉       | 130/451 [42:49<1:21:16, 15.19s/it]Setting `pad_token_id` to `eos_token_id`:128001 for open-end generation.
behavioral smollm3/step1200k:  29%|██▉       | 131/451 [43:01<1:15:58, 14.24s/it]Setting `pad_token_id` to `eos_token_id`:128001 for open-end generation.
behavioral smollm3/step1200k:  29%|██▉       | 132/451 [43:12<1:10:51, 13.33s/it]behavioral smollm3/step1200k:  29%|██▉       | 133/451 [43:50<1:49:27, 20.65s/it]behavioral smollm3/step1200k:  30%|██▉       | 134/451 [44:17<2:00:10, 22.75s/it]behavioral smollm3/step1200k:  30%|██▉       | 135/451 [44:27<1:38:11, 18.64s/it]behavioral smollm3/step1200k:  30%|███       | 136/451 [45:06<2:10:26, 24.85s/it]behavioral smollm3/step1200k:  30%|███       | 137/451 [45:50<2:40:13, 30.62s/it]Setting `pad_token_id` to `eos_token_id`:128001 for open-end generation.
behavioral smollm3/step1200k:  31%|███       | 138/451 [45:58<2:04:08, 23.80s/it]Setting `pad_token_id` to `eos_token_id`:128001 for open-end generation.
behavioral smollm3/step1200k:  31%|███       | 139/451 [46:05<1:38:04, 18.86s/it]Setting `pad_token_id` to `eos_token_id`:128001 for open-end generation.
behavioral smollm3/step1200k:  31%|███       | 140/451 [46:14<1:22:56, 16.00s/it]Setting `pad_token_id` to `eos_token_id`:128001 for open-end generation.
behavioral smollm3/step1200k:  31%|███▏      | 141/451 [46:24<1:12:07, 13.96s/it]Setting `pad_token_id` to `eos_token_id`:128001 for open-end generation.
behavioral smollm3/step1200k:  31%|███▏      | 142/451 [46:34<1:05:51, 12.79s/it]Setting `pad_token_id` to `eos_token_id`:128001 for open-end generation.
behavioral smollm3/step1200k:  32%|███▏      | 143/451 [46:43<1:00:20, 11.75s/it]behavioral smollm3/step1200k:  32%|███▏      | 144/451 [47:25<1:46:41, 20.85s/it]behavioral smollm3/step1200k:  32%|███▏      | 145/451 [47:55<2:00:28, 23.62s/it]behavioral smollm3/step1200k:  32%|███▏      | 146/451 [48:04<1:37:44, 19.23s/it]behavioral smollm3/step1200k:  33%|███▎      | 147/451 [48:43<2:07:37, 25.19s/it]behavioral smollm3/step1200k:  33%|███▎      | 148/451 [49:28<2:36:00, 30.89s/it]Setting `pad_token_id` to `eos_token_id`:128001 for open-end generation.
behavioral smollm3/step1200k:  33%|███▎      | 149/451 [49:36<2:01:11, 24.08s/it]Setting `pad_token_id` to `eos_token_id`:128001 for open-end generation.
behavioral smollm3/step1200k:  33%|███▎      | 150/451 [49:44<1:37:09, 19.37s/it]Setting `pad_token_id` to `eos_token_id`:128001 for open-end generation.
behavioral smollm3/step1200k:  33%|███▎      | 151/451 [49:55<1:24:29, 16.90s/it]Setting `pad_token_id` to `eos_token_id`:128001 for open-end generation.
behavioral smollm3/step1200k:  34%|███▎      | 152/451 [50:06<1:14:56, 15.04s/it]Setting `pad_token_id` to `eos_token_id`:128001 for open-end generation.
behavioral smollm3/step1200k:  34%|███▍      | 153/451 [50:19<1:12:11, 14.53s/it]Setting `pad_token_id` to `eos_token_id`:128001 for open-end generation.
behavioral smollm3/step1200k:  34%|███▍      | 154/451 [50:31<1:07:54, 13.72s/it]behavioral smollm3/step1200k:  34%|███▍      | 155/451 [51:10<1:44:24, 21.16s/it]behavioral smollm3/step1200k:  35%|███▍      | 156/451 [51:47<2:07:59, 26.03s/it]behavioral smollm3/step1200k:  35%|███▍      | 157/451 [51:57<1:43:19, 21.09s/it]behavioral smollm3/step1200k:  35%|███▌      | 158/451 [52:37<2:11:39, 26.96s/it]behavioral smollm3/step1200k:  35%|███▌      | 159/451 [53:24<2:39:34, 32.79s/it]Setting `pad_token_id` to `eos_token_id`:128001 for open-end generation.
behavioral smollm3/step1200k:  35%|███▌      | 160/451 [53:32<2:03:50, 25.54s/it]Setting `pad_token_id` to `eos_token_id`:128001 for open-end generation.
behavioral smollm3/step1200k:  36%|███▌      | 161/451 [53:42<1:41:04, 20.91s/it]Setting `pad_token_id` to `eos_token_id`:128001 for open-end generation.
behavioral smollm3/step1200k:  36%|███▌      | 162/451 [53:53<1:26:24, 17.94s/it]Setting `pad_token_id` to `eos_token_id`:128001 for open-end generation.
behavioral smollm3/step1200k:  36%|███▌      | 163/451 [54:05<1:17:33, 16.16s/it]Setting `pad_token_id` to `eos_token_id`:128001 for open-end generation.
behavioral smollm3/step1200k:  36%|███▋      | 164/451 [54:18<1:12:56, 15.25s/it]Setting `pad_token_id` to `eos_token_id`:128001 for open-end generation.
behavioral smollm3/step1200k:  37%|███▋      | 165/451 [54:29<1:06:34, 13.97s/it]behavioral smollm3/step1200k:  37%|███▋      | 166/451 [55:00<1:30:04, 18.96s/it]behavioral smollm3/step1200k:  37%|███▋      | 167/451 [55:32<1:47:41, 22.75s/it]behavioral smollm3/step1200k:  37%|███▋      | 168/451 [55:42<1:29:15, 18.93s/it]behavioral smollm3/step1200k:  37%|███▋      | 169/451 [56:23<2:00:29, 25.63s/it]behavioral smollm3/step1200k:  38%|███▊      | 170/451 [57:01<2:16:55, 29.24s/it]Setting `pad_token_id` to `eos_token_id`:128001 for open-end generation.
behavioral smollm3/step1200k:  38%|███▊      | 171/451 [57:09<1:46:43, 22.87s/it]Setting `pad_token_id` to `eos_token_id`:128001 for open-end generation.
behavioral smollm3/step1200k:  38%|███▊      | 172/451 [57:16<1:24:52, 18.25s/it]Setting `pad_token_id` to `eos_token_id`:128001 for open-end generation.
behavioral smollm3/step1200k:  38%|███▊      | 173/451 [57:26<1:13:20, 15.83s/it]Setting `pad_token_id` to `eos_token_id`:128001 for open-end generation.
behavioral smollm3/step1200k:  39%|███▊      | 174/451 [57:37<1:05:39, 14.22s/it]Setting `pad_token_id` to `eos_token_id`:128001 for open-end generation.
behavioral smollm3/step1200k:  39%|███▉      | 175/451 [57:47<1:00:12, 13.09s/it]Setting `pad_token_id` to `eos_token_id`:128001 for open-end generation.
behavioral smollm3/step1200k:  39%|███▉      | 176/451 [57:57<56:03, 12.23s/it]  behavioral smollm3/step1200k:  39%|███▉      | 177/451 [58:33<1:28:01, 19.28s/it]behavioral smollm3/step1200k:  39%|███▉      | 178/451 [59:02<1:41:29, 22.30s/it]behavioral smollm3/step1200k:  40%|███▉      | 179/451 [59:12<1:23:15, 18.36s/it]behavioral smollm3/step1200k:  40%|███▉      | 180/451 [59:51<1:51:35, 24.71s/it]behavioral smollm3/step1200k:  40%|████      | 181/451 [1:00:37<2:19:51, 31.08s/it]Setting `pad_token_id` to `eos_token_id`:128001 for open-end generation.
behavioral smollm3/step1200k:  40%|████      | 182/451 [1:00:46<1:49:22, 24.40s/it]Setting `pad_token_id` to `eos_token_id`:128001 for open-end generation.
behavioral smollm3/step1200k:  41%|████      | 183/451 [1:00:56<1:29:47, 20.10s/it]Setting `pad_token_id` to `eos_token_id`:128001 for open-end generation.
behavioral smollm3/step1200k:  41%|████      | 184/451 [1:01:06<1:15:27, 16.96s/it]Setting `pad_token_id` to `eos_token_id`:128001 for open-end generation.
behavioral smollm3/step1200k:  41%|████      | 185/451 [1:01:15<1:05:44, 14.83s/it]Setting `pad_token_id` to `eos_token_id`:128001 for open-end generation.
behavioral smollm3/step1200k:  41%|████      | 186/451 [1:01:26<1:00:18, 13.66s/it]Setting `pad_token_id` to `eos_token_id`:128001 for open-end generation.
behavioral smollm3/step1200k:  41%|████▏     | 187/451 [1:01:36<55:08, 12.53s/it]  behavioral smollm3/step1200k:  42%|████▏     | 188/451 [1:02:14<1:28:24, 20.17s/it]behavioral smollm3/step1200k:  42%|████▏     | 189/451 [1:02:45<1:42:10, 23.40s/it]behavioral smollm3/step1200k:  42%|████▏     | 190/451 [1:02:54<1:23:06, 19.10s/it]behavioral smollm3/step1200k:  42%|████▏     | 191/451 [1:03:34<1:49:31, 25.28s/it]behavioral smollm3/step1200k:  43%|████▎     | 192/451 [1:04:18<2:13:57, 31.03s/it]Setting `pad_token_id` to `eos_token_id`:128001 for open-end generation.
behavioral smollm3/step1200k:  43%|████▎     | 193/451 [1:04:27<1:43:54, 24.17s/it]Setting `pad_token_id` to `eos_token_id`:128001 for open-end generation.
behavioral smollm3/step1200k:  43%|████▎     | 194/451 [1:04:35<1:23:03, 19.39s/it]Setting `pad_token_id` to `eos_token_id`:128001 for open-end generation.
behavioral smollm3/step1200k:  43%|████▎     | 195/451 [1:04:45<1:11:13, 16.69s/it]Setting `pad_token_id` to `eos_token_id`:128001 for open-end generation.
behavioral smollm3/step1200k:  43%|████▎     | 196/451 [1:04:56<1:03:18, 14.89s/it]Setting `pad_token_id` to `eos_token_id`:128001 for open-end generation.
behavioral smollm3/step1200k:  44%|████▎     | 197/451 [1:05:06<57:11, 13.51s/it]  Setting `pad_token_id` to `eos_token_id`:128001 for open-end generation.
behavioral smollm3/step1200k:  44%|████▍     | 198/451 [1:05:16<52:41, 12.49s/it]behavioral smollm3/step1200k:  44%|████▍     | 199/451 [1:05:52<1:21:41, 19.45s/it]behavioral smollm3/step1200k:  44%|████▍     | 200/451 [1:06:26<1:39:08, 23.70s/it]behavioral smollm3/step1200k:  45%|████▍     | 201/451 [1:06:35<1:20:16, 19.27s/it]behavioral smollm3/step1200k:  45%|████▍     | 202/451 [1:07:14<1:44:37, 25.21s/it]behavioral smollm3/step1200k:  45%|████▌     | 203/451 [1:07:58<2:08:13, 31.02s/it]Setting `pad_token_id` to `eos_token_id`:128001 for open-end generation.
behavioral smollm3/step1200k:  45%|████▌     | 204/451 [1:08:06<1:39:28, 24.16s/it]Setting `pad_token_id` to `eos_token_id`:128001 for open-end generation.
behavioral smollm3/step1200k:  45%|████▌     | 205/451 [1:08:15<1:20:25, 19.62s/it]Setting `pad_token_id` to `eos_token_id`:128001 for open-end generation.
behavioral smollm3/step1200k:  46%|████▌     | 206/451 [1:08:25<1:07:18, 16.49s/it]Setting `pad_token_id` to `eos_token_id`:128001 for open-end generation.
behavioral smollm3/step1200k:  46%|████▌     | 207/451 [1:08:34<57:57, 14.25s/it]  Setting `pad_token_id` to `eos_token_id`:128001 for open-end generation.
behavioral smollm3/step1200k:  46%|████▌     | 208/451 [1:08:44<53:19, 13.17s/it]Setting `pad_token_id` to `eos_token_id`:128001 for open-end generation.
behavioral smollm3/step1200k:  46%|████▋     | 209/451 [1:08:54<49:05, 12.17s/it]behavioral smollm3/step1200k:  47%|████▋     | 210/451 [1:09:31<1:18:42, 19.59s/it]behavioral smollm3/step1200k:  47%|████▋     | 211/451 [1:10:00<1:29:12, 22.30s/it]behavioral smollm3/step1200k:  47%|████▋     | 212/451 [1:10:08<1:12:33, 18.21s/it]behavioral smollm3/step1200k:  47%|████▋     | 213/451 [1:10:47<1:36:51, 24.42s/it]behavioral smollm3/step1200k:  47%|████▋     | 214/451 [1:11:31<1:59:22, 30.22s/it]Setting `pad_token_id` to `eos_token_id`:128001 for open-end generation.
behavioral smollm3/step1200k:  48%|████▊     | 215/451 [1:11:39<1:32:34, 23.54s/it]Setting `pad_token_id` to `eos_token_id`:128001 for open-end generation.
behavioral smollm3/step1200k:  48%|████▊     | 216/451 [1:11:46<1:13:26, 18.75s/it]Setting `pad_token_id` to `eos_token_id`:128001 for open-end generation.
behavioral smollm3/step1200k:  48%|████▊     | 217/451 [1:11:56<1:02:07, 15.93s/it]Setting `pad_token_id` to `eos_token_id`:128001 for open-end generation.
behavioral smollm3/step1200k:  48%|████▊     | 218/451 [1:12:06<55:21, 14.26s/it]  Setting `pad_token_id` to `eos_token_id`:128001 for open-end generation.
behavioral smollm3/step1200k:  49%|████▊     | 219/451 [1:12:17<50:45, 13.13s/it]Setting `pad_token_id` to `eos_token_id`:128001 for open-end generation.
behavioral smollm3/step1200k:  49%|████▉     | 220/451 [1:12:26<46:25, 12.06s/it]behavioral smollm3/step1200k:  49%|████▉     | 221/451 [1:12:56<1:07:05, 17.50s/it]behavioral smollm3/step1200k:  49%|████▉     | 222/451 [1:13:29<1:23:29, 21.88s/it]behavioral smollm3/step1200k:  49%|████▉     | 223/451 [1:13:37<1:07:35, 17.79s/it]behavioral smollm3/step1200k:  50%|████▉     | 224/451 [1:14:14<1:28:57, 23.51s/it]behavioral smollm3/step1200k:  50%|████▉     | 225/451 [1:14:50<1:42:33, 27.23s/it]Setting `pad_token_id` to `eos_token_id`:128001 for open-end generation.
behavioral smollm3/step1200k:  50%|█████     | 226/451 [1:14:57<1:20:03, 21.35s/it]Setting `pad_token_id` to `eos_token_id`:128001 for open-end generation.
behavioral smollm3/step1200k:  50%|█████     | 227/451 [1:15:05<1:04:15, 17.21s/it]Setting `pad_token_id` to `eos_token_id`:128001 for open-end generation.
behavioral smollm3/step1200k:  51%|█████     | 228/451 [1:15:14<54:36, 14.69s/it]  Setting `pad_token_id` to `eos_token_id`:128001 for open-end generation.
behavioral smollm3/step1200k:  51%|█████     | 229/451 [1:15:23<48:06, 13.00s/it]Setting `pad_token_id` to `eos_token_id`:128001 for open-end generation.
behavioral smollm3/step1200k:  51%|█████     | 230/451 [1:15:33<44:55, 12.19s/it]Setting `pad_token_id` to `eos_token_id`:128001 for open-end generation.
behavioral smollm3/step1200k:  51%|█████     | 231/451 [1:15:43<42:08, 11.49s/it]behavioral smollm3/step1200k:  51%|█████▏    | 232/451 [1:16:22<1:12:02, 19.74s/it]behavioral smollm3/step1200k:  52%|█████▏    | 233/451 [1:16:51<1:21:53, 22.54s/it]behavioral smollm3/step1200k:  52%|█████▏    | 234/451 [1:17:00<1:06:53, 18.49s/it]behavioral smollm3/step1200k:  52%|█████▏    | 235/451 [1:17:39<1:28:52, 24.69s/it]behavioral smollm3/step1200k:  52%|█████▏    | 236/451 [1:18:23<1:49:43, 30.62s/it]Setting `pad_token_id` to `eos_token_id`:128001 for open-end generation.
behavioral smollm3/step1200k:  53%|█████▎    | 237/451 [1:18:31<1:24:57, 23.82s/it]Setting `pad_token_id` to `eos_token_id`:128001 for open-end generation.
behavioral smollm3/step1200k:  53%|█████▎    | 238/451 [1:18:40<1:08:35, 19.32s/it]Setting `pad_token_id` to `eos_token_id`:128001 for open-end generation.
behavioral smollm3/step1200k:  53%|█████▎    | 239/451 [1:18:50<58:07, 16.45s/it]  Setting `pad_token_id` to `eos_token_id`:128001 for open-end generation.
behavioral smollm3/step1200k:  53%|█████▎    | 240/451 [1:19:01<51:38, 14.68s/it]Setting `pad_token_id` to `eos_token_id`:128001 for open-end generation.
behavioral smollm3/step1200k:  53%|█████▎    | 241/451 [1:19:11<47:13, 13.49s/it]Setting `pad_token_id` to `eos_token_id`:128001 for open-end generation.
behavioral smollm3/step1200k:  54%|█████▎    | 242/451 [1:19:21<43:12, 12.41s/it]behavioral smollm3/step1200k:  54%|█████▍    | 243/451 [1:20:03<1:13:56, 21.33s/it]behavioral smollm3/step1200k:  54%|█████▍    | 244/451 [1:20:38<1:26:56, 25.20s/it]behavioral smollm3/step1200k:  54%|█████▍    | 245/451 [1:20:47<1:10:11, 20.44s/it]behavioral smollm3/step1200k:  55%|█████▍    | 246/451 [1:21:26<1:29:01, 26.06s/it]behavioral smollm3/step1200k:  55%|█████▍    | 247/451 [1:22:10<1:47:10, 31.52s/it]Setting `pad_token_id` to `eos_token_id`:128001 for open-end generation.
behavioral smollm3/step1200k:  55%|█████▍    | 248/451 [1:22:18<1:22:29, 24.38s/it]Setting `pad_token_id` to `eos_token_id`:128001 for open-end generation.
behavioral smollm3/step1200k:  55%|█████▌    | 249/451 [1:22:27<1:06:54, 19.87s/it]Setting `pad_token_id` to `eos_token_id`:128001 for open-end generation.
behavioral smollm3/step1200k:  55%|█████▌    | 250/451 [1:22:37<55:53, 16.69s/it]  Setting `pad_token_id` to `eos_token_id`:128001 for open-end generation.
behavioral smollm3/step1200k:  56%|█████▌    | 251/451 [1:22:46<48:25, 14.53s/it]Setting `pad_token_id` to `eos_token_id`:128001 for open-end generation.
behavioral smollm3/step1200k:  56%|█████▌    | 252/451 [1:22:57<44:14, 13.34s/it]Setting `pad_token_id` to `eos_token_id`:128001 for open-end generation.
behavioral smollm3/step1200k:  56%|█████▌    | 253/451 [1:23:07<40:36, 12.31s/it]behavioral smollm3/step1200k:  56%|█████▋    | 254/451 [1:23:52<1:13:23, 22.35s/it]behavioral smollm3/step1200k:  57%|█████▋    | 255/451 [1:24:25<1:23:02, 25.42s/it]behavioral smollm3/step1200k:  57%|█████▋    | 256/451 [1:24:35<1:07:13, 20.68s/it]behavioral smollm3/step1200k:  57%|█████▋    | 257/451 [1:25:15<1:25:59, 26.59s/it]behavioral smollm3/step1200k:  57%|█████▋    | 258/451 [1:26:00<1:43:46, 32.26s/it]Setting `pad_token_id` to `eos_token_id`:128001 for open-end generation.
behavioral smollm3/step1200k:  57%|█████▋    | 259/451 [1:26:08<1:19:49, 24.95s/it]Setting `pad_token_id` to `eos_token_id`:128001 for open-end generation.
behavioral smollm3/step1200k:  58%|█████▊    | 260/451 [1:26:16<1:03:06, 19.82s/it]Setting `pad_token_id` to `eos_token_id`:128001 for open-end generation.
behavioral smollm3/step1200k:  58%|█████▊    | 261/451 [1:26:27<54:39, 17.26s/it]  Setting `pad_token_id` to `eos_token_id`:128001 for open-end generation.
behavioral smollm3/step1200k:  58%|█████▊    | 262/451 [1:26:38<48:21, 15.35s/it]Setting `pad_token_id` to `eos_token_id`:128001 for open-end generation.
behavioral smollm3/step1200k:  58%|█████▊    | 263/451 [1:26:49<43:39, 13.93s/it]Setting `pad_token_id` to `eos_token_id`:128001 for open-end generation.
behavioral smollm3/step1200k:  59%|█████▊    | 264/451 [1:26:59<39:46, 12.76s/it]behavioral smollm3/step1200k:  59%|█████▉    | 265/451 [1:27:40<1:06:12, 21.36s/it]behavioral smollm3/step1200k:  59%|█████▉    | 266/451 [1:28:15<1:18:08, 25.34s/it]behavioral smollm3/step1200k:  59%|█████▉    | 267/451 [1:28:24<1:02:37, 20.42s/it]behavioral smollm3/step1200k:  59%|█████▉    | 268/451 [1:29:03<1:19:28, 26.06s/it]behavioral smollm3/step1200k:  60%|█████▉    | 269/451 [1:29:48<1:36:12, 31.72s/it]Setting `pad_token_id` to `eos_token_id`:128001 for open-end generation.
behavioral smollm3/step1200k:  60%|█████▉    | 270/451 [1:29:56<1:14:01, 24.54s/it]Setting `pad_token_id` to `eos_token_id`:128001 for open-end generation.
behavioral smollm3/step1200k:  60%|██████    | 271/451 [1:30:03<58:02, 19.35s/it]  Setting `pad_token_id` to `eos_token_id`:128001 for open-end generation.
behavioral smollm3/step1200k:  60%|██████    | 272/451 [1:30:12<48:42, 16.33s/it]Setting `pad_token_id` to `eos_token_id`:128001 for open-end generation.
behavioral smollm3/step1200k:  61%|██████    | 273/451 [1:30:22<42:26, 14.31s/it]Setting `pad_token_id` to `eos_token_id`:128001 for open-end generation.
behavioral smollm3/step1200k:  61%|██████    | 274/451 [1:30:32<38:44, 13.13s/it]Setting `pad_token_id` to `eos_token_id`:128001 for open-end generation.
behavioral smollm3/step1200k:  61%|██████    | 275/451 [1:30:42<35:20, 12.05s/it]behavioral smollm3/step1200k:  61%|██████    | 276/451 [1:31:20<57:39, 19.77s/it]behavioral smollm3/step1200k:  61%|██████▏   | 277/451 [1:31:50<1:06:23, 22.90s/it]behavioral smollm3/step1200k:  62%|██████▏   | 278/451 [1:31:59<54:04, 18.75s/it]  behavioral smollm3/step1200k:  62%|██████▏   | 279/451 [1:32:38<1:11:30, 24.95s/it]behavioral smollm3/step1200k:  62%|██████▏   | 280/451 [1:33:24<1:29:00, 31.23s/it]Setting `pad_token_id` to `eos_token_id`:128001 for open-end generation.
behavioral smollm3/step1200k:  62%|██████▏   | 281/451 [1:33:33<1:09:12, 24.43s/it]Setting `pad_token_id` to `eos_token_id`:128001 for open-end generation.
behavioral smollm3/step1200k:  63%|██████▎   | 282/451 [1:33:42<55:44, 19.79s/it]  Setting `pad_token_id` to `eos_token_id`:128001 for open-end generation.
behavioral smollm3/step1200k:  63%|██████▎   | 283/451 [1:33:52<47:24, 16.93s/it]Setting `pad_token_id` to `eos_token_id`:128001 for open-end generation.
behavioral smollm3/step1200k:  63%|██████▎   | 284/451 [1:34:03<41:45, 15.00s/it]Setting `pad_token_id` to `eos_token_id`:128001 for open-end generation.
behavioral smollm3/step1200k:  63%|██████▎   | 285/451 [1:34:13<37:59, 13.73s/it]Setting `pad_token_id` to `eos_token_id`:128001 for open-end generation.
behavioral smollm3/step1200k:  63%|██████▎   | 286/451 [1:34:23<34:03, 12.39s/it]behavioral smollm3/step1200k:  64%|██████▎   | 287/451 [1:35:03<56:34, 20.70s/it]behavioral smollm3/step1200k:  64%|██████▍   | 288/451 [1:35:33<1:03:56, 23.54s/it]behavioral smollm3/step1200k:  64%|██████▍   | 289/451 [1:35:42<51:47, 19.18s/it]  behavioral smollm3/step1200k:  64%|██████▍   | 290/451 [1:36:21<1:07:23, 25.11s/it]behavioral smollm3/step1200k:  65%|██████▍   | 291/451 [1:37:05<1:22:08, 30.80s/it]Setting `pad_token_id` to `eos_token_id`:128001 for open-end generation.
behavioral smollm3/step1200k:  65%|██████▍   | 292/451 [1:37:12<1:02:54, 23.74s/it]Setting `pad_token_id` to `eos_token_id`:128001 for open-end generation.
behavioral smollm3/step1200k:  65%|██████▍   | 293/451 [1:37:20<49:54, 18.95s/it]  Setting `pad_token_id` to `eos_token_id`:128001 for open-end generation.
behavioral smollm3/step1200k:  65%|██████▌   | 294/451 [1:37:29<41:50, 15.99s/it]Setting `pad_token_id` to `eos_token_id`:128001 for open-end generation.
behavioral smollm3/step1200k:  65%|██████▌   | 295/451 [1:37:39<36:56, 14.21s/it]Setting `pad_token_id` to `eos_token_id`:128001 for open-end generation.
behavioral smollm3/step1200k:  66%|██████▌   | 296/451 [1:37:50<34:07, 13.21s/it]Setting `pad_token_id` to `eos_token_id`:128001 for open-end generation.
behavioral smollm3/step1200k:  66%|██████▌   | 297/451 [1:37:59<30:43, 11.97s/it]behavioral smollm3/step1200k:  66%|██████▌   | 298/451 [1:38:41<53:37, 21.03s/it]behavioral smollm3/step1200k:  66%|██████▋   | 299/451 [1:39:15<1:02:52, 24.82s/it]behavioral smollm3/step1200k:  67%|██████▋   | 300/451 [1:39:24<50:54, 20.23s/it]  behavioral smollm3/step1200k:  67%|██████▋   | 301/451 [1:40:05<1:05:46, 26.31s/it]behavioral smollm3/step1200k:  67%|██████▋   | 302/451 [1:40:50<1:19:19, 31.95s/it]Setting `pad_token_id` to `eos_token_id`:128001 for open-end generation.
behavioral smollm3/step1200k:  67%|██████▋   | 303/451 [1:40:59<1:01:28, 24.92s/it]Setting `pad_token_id` to `eos_token_id`:128001 for open-end generation.
behavioral smollm3/step1200k:  67%|██████▋   | 304/451 [1:41:09<50:12, 20.49s/it]  Setting `pad_token_id` to `eos_token_id`:128001 for open-end generation.
behavioral smollm3/step1200k:  68%|██████▊   | 305/451 [1:41:19<42:26, 17.44s/it]Setting `pad_token_id` to `eos_token_id`:128001 for open-end generation.
behavioral smollm3/step1200k:  68%|██████▊   | 306/451 [1:41:29<36:56, 15.28s/it]Setting `pad_token_id` to `eos_token_id`:128001 for open-end generation.
behavioral smollm3/step1200k:  68%|██████▊   | 307/451 [1:41:40<33:33, 13.98s/it]Setting `pad_token_id` to `eos_token_id`:128001 for open-end generation.
behavioral smollm3/step1200k:  68%|██████▊   | 308/451 [1:41:50<30:27, 12.78s/it]behavioral smollm3/step1200k:  69%|██████▊   | 309/451 [1:42:30<49:36, 20.96s/it]behavioral smollm3/step1200k:  69%|██████▊   | 310/451 [1:42:57<53:18, 22.68s/it]behavioral smollm3/step1200k:  69%|██████▉   | 311/451 [1:43:07<43:55, 18.82s/it]behavioral smollm3/step1200k:  69%|██████▉   | 312/451 [1:43:47<58:25, 25.22s/it]behavioral smollm3/step1200k:  69%|██████▉   | 313/451 [1:44:33<1:12:08, 31.36s/it]Setting `pad_token_id` to `eos_token_id`:128001 for open-end generation.
behavioral smollm3/step1200k:  70%|██████▉   | 314/451 [1:44:41<56:03, 24.55s/it]  Setting `pad_token_id` to `eos_token_id`:128001 for open-end generation.
behavioral smollm3/step1200k:  70%|██████▉   | 315/451 [1:44:50<44:40, 19.71s/it]Setting `pad_token_id` to `eos_token_id`:128001 for open-end generation.
behavioral smollm3/step1200k:  70%|███████   | 316/451 [1:44:59<37:29, 16.66s/it]Setting `pad_token_id` to `eos_token_id`:128001 for open-end generation.
behavioral smollm3/step1200k:  70%|███████   | 317/451 [1:45:09<32:36, 14.60s/it]Setting `pad_token_id` to `eos_token_id`:128001 for open-end generation.
behavioral smollm3/step1200k:  71%|███████   | 318/451 [1:45:20<29:57, 13.52s/it]Setting `pad_token_id` to `eos_token_id`:128001 for open-end generation.
behavioral smollm3/step1200k:  71%|███████   | 319/451 [1:45:30<27:09, 12.34s/it]behavioral smollm3/step1200k:  71%|███████   | 320/451 [1:46:03<40:49, 18.70s/it]behavioral smollm3/step1200k:  71%|███████   | 321/451 [1:46:30<45:58, 21.22s/it]behavioral smollm3/step1200k:  71%|███████▏  | 322/451 [1:46:41<38:52, 18.08s/it]behavioral smollm3/step1200k:  72%|███████▏  | 323/451 [1:47:11<46:06, 21.61s/it]behavioral smollm3/step1200k:  72%|███████▏  | 324/451 [1:47:54<59:28, 28.10s/it]Setting `pad_token_id` to `eos_token_id`:128001 for open-end generation.
behavioral smollm3/step1200k:  72%|███████▏  | 325/451 [1:48:02<46:17, 22.05s/it]Setting `pad_token_id` to `eos_token_id`:128001 for open-end generation.
behavioral smollm3/step1200k:  72%|███████▏  | 326/451 [1:48:10<37:14, 17.88s/it]Setting `pad_token_id` to `eos_token_id`:128001 for open-end generation.
behavioral smollm3/step1200k:  73%|███████▎  | 327/451 [1:48:20<31:52, 15.42s/it]Setting `pad_token_id` to `eos_token_id`:128001 for open-end generation.
behavioral smollm3/step1200k:  73%|███████▎  | 328/451 [1:48:30<28:22, 13.84s/it]Setting `pad_token_id` to `eos_token_id`:128001 for open-end generation.
behavioral smollm3/step1200k:  73%|███████▎  | 329/451 [1:48:41<26:26, 13.00s/it]Setting `pad_token_id` to `eos_token_id`:128001 for open-end generation.
behavioral smollm3/step1200k:  73%|███████▎  | 330/451 [1:48:50<24:03, 11.93s/it]behavioral smollm3/step1200k:  73%|███████▎  | 331/451 [1:49:29<39:38, 19.82s/it]behavioral smollm3/step1200k:  74%|███████▎  | 332/451 [1:50:03<47:54, 24.16s/it]behavioral smollm3/step1200k:  74%|███████▍  | 333/451 [1:50:12<38:34, 19.62s/it]behavioral smollm3/step1200k:  74%|███████▍  | 334/451 [1:50:51<49:40, 25.47s/it]behavioral smollm3/step1200k:  74%|███████▍  | 335/451 [1:51:37<1:00:47, 31.44s/it]Setting `pad_token_id` to `eos_token_id`:128001 for open-end generation.
behavioral smollm3/step1200k:  75%|███████▍  | 336/451 [1:51:44<46:28, 24.24s/it]  Setting `pad_token_id` to `eos_token_id`:128001 for open-end generation.
behavioral smollm3/step1200k:  75%|███████▍  | 337/451 [1:51:52<36:46, 19.35s/it]Setting `pad_token_id` to `eos_token_id`:128001 for open-end generation.
behavioral smollm3/step1200k:  75%|███████▍  | 338/451 [1:52:02<31:12, 16.57s/it]Setting `pad_token_id` to `eos_token_id`:128001 for open-end generation.
behavioral smollm3/step1200k:  75%|███████▌  | 339/451 [1:52:12<27:06, 14.52s/it]Setting `pad_token_id` to `eos_token_id`:128001 for open-end generation.
behavioral smollm3/step1200k:  75%|███████▌  | 340/451 [1:52:22<24:45, 13.38s/it]Setting `pad_token_id` to `eos_token_id`:128001 for open-end generation.
behavioral smollm3/step1200k:  76%|███████▌  | 341/451 [1:52:32<22:32, 12.30s/it]behavioral smollm3/step1200k:  76%|███████▌  | 342/451 [1:53:12<37:32, 20.66s/it]behavioral smollm3/step1200k:  76%|███████▌  | 343/451 [1:53:44<43:09, 23.97s/it]behavioral smollm3/step1200k:  76%|███████▋  | 344/451 [1:53:53<34:38, 19.43s/it]behavioral smollm3/step1200k:  76%|███████▋  | 345/451 [1:54:32<44:36, 25.25s/it]behavioral smollm3/step1200k:  77%|███████▋  | 346/451 [1:55:16<54:14, 31.00s/it]Setting `pad_token_id` to `eos_token_id`:128001 for open-end generation.
behavioral smollm3/step1200k:  77%|███████▋  | 347/451 [1:55:24<41:37, 24.01s/it]Setting `pad_token_id` to `eos_token_id`:128001 for open-end generation.
behavioral smollm3/step1200k:  77%|███████▋  | 348/451 [1:55:31<32:35, 18.98s/it]Setting `pad_token_id` to `eos_token_id`:128001 for open-end generation.
behavioral smollm3/step1200k:  77%|███████▋  | 349/451 [1:55:40<27:10, 15.98s/it]Setting `pad_token_id` to `eos_token_id`:128001 for open-end generation.
behavioral smollm3/step1200k:  78%|███████▊  | 350/451 [1:55:50<23:48, 14.14s/it]Setting `pad_token_id` to `eos_token_id`:128001 for open-end generation.
behavioral smollm3/step1200k:  78%|███████▊  | 351/451 [1:56:00<21:39, 13.00s/it]Setting `pad_token_id` to `eos_token_id`:128001 for open-end generation.
behavioral smollm3/step1200k:  78%|███████▊  | 352/451 [1:56:09<19:31, 11.84s/it]behavioral smollm3/step1200k:  78%|███████▊  | 353/451 [1:56:40<28:36, 17.52s/it]behavioral smollm3/step1200k:  78%|███████▊  | 354/451 [1:57:06<32:23, 20.04s/it]behavioral smollm3/step1200k:  79%|███████▊  | 355/451 [1:57:15<26:43, 16.71s/it]behavioral smollm3/step1200k:  79%|███████▉  | 356/451 [1:57:53<36:31, 23.07s/it]behavioral smollm3/step1200k:  79%|███████▉  | 357/451 [1:58:25<40:35, 25.91s/it]Setting `pad_token_id` to `eos_token_id`:128001 for open-end generation.
behavioral smollm3/step1200k:  79%|███████▉  | 358/451 [1:58:33<31:37, 20.41s/it]Setting `pad_token_id` to `eos_token_id`:128001 for open-end generation.
behavioral smollm3/step1200k:  80%|███████▉  | 359/451 [1:58:40<25:16, 16.49s/it]Setting `pad_token_id` to `eos_token_id`:128001 for open-end generation.
behavioral smollm3/step1200k:  80%|███████▉  | 360/451 [1:58:50<21:43, 14.33s/it]Setting `pad_token_id` to `eos_token_id`:128001 for open-end generation.
behavioral smollm3/step1200k:  80%|████████  | 361/451 [1:58:59<19:26, 12.96s/it]Setting `pad_token_id` to `eos_token_id`:128001 for open-end generation.
behavioral smollm3/step1200k:  80%|████████  | 362/451 [1:59:10<18:03, 12.17s/it]Setting `pad_token_id` to `eos_token_id`:128001 for open-end generation.
behavioral smollm3/step1200k:  80%|████████  | 363/451 [1:59:19<16:31, 11.27s/it]behavioral smollm3/step1200k:  81%|████████  | 364/451 [1:59:58<28:23, 19.58s/it]behavioral smollm3/step1200k:  81%|████████  | 365/451 [2:00:25<31:20, 21.87s/it]behavioral smollm3/step1200k:  81%|████████  | 366/451 [2:00:34<25:30, 18.00s/it]behavioral smollm3/step1200k:  81%|████████▏ | 367/451 [2:01:13<34:07, 24.37s/it]behavioral smollm3/step1200k:  82%|████████▏ | 368/451 [2:01:58<42:13, 30.53s/it]Setting `pad_token_id` to `eos_token_id`:128001 for open-end generation.
behavioral smollm3/step1200k:  82%|████████▏ | 369/451 [2:02:08<33:14, 24.33s/it]Setting `pad_token_id` to `eos_token_id`:128001 for open-end generation.
behavioral smollm3/step1200k:  82%|████████▏ | 370/451 [2:02:18<26:51, 19.90s/it]Setting `pad_token_id` to `eos_token_id`:128001 for open-end generation.
behavioral smollm3/step1200k:  82%|████████▏ | 371/451 [2:02:29<23:16, 17.46s/it]Setting `pad_token_id` to `eos_token_id`:128001 for open-end generation.
behavioral smollm3/step1200k:  82%|████████▏ | 372/451 [2:02:42<21:07, 16.04s/it]Setting `pad_token_id` to `eos_token_id`:128001 for open-end generation.
behavioral smollm3/step1200k:  83%|████████▎ | 373/451 [2:02:56<20:03, 15.43s/it]Setting `pad_token_id` to `eos_token_id`:128001 for open-end generation.
behavioral smollm3/step1200k:  83%|████████▎ | 374/451 [2:03:09<18:46, 14.63s/it]behavioral smollm3/step1200k:  83%|████████▎ | 375/451 [2:03:49<28:13, 22.28s/it]behavioral smollm3/step1200k:  83%|████████▎ | 376/451 [2:04:19<30:33, 24.45s/it]behavioral smollm3/step1200k:  84%|████████▎ | 377/451 [2:04:28<24:45, 20.07s/it]behavioral smollm3/step1200k:  84%|████████▍ | 378/451 [2:05:09<31:48, 26.15s/it]behavioral smollm3/step1200k:  84%|████████▍ | 379/451 [2:05:54<38:20, 31.96s/it]Setting `pad_token_id` to `eos_token_id`:128001 for open-end generation.
behavioral smollm3/step1200k:  84%|████████▍ | 380/451 [2:06:06<30:36, 25.86s/it]Setting `pad_token_id` to `eos_token_id`:128001 for open-end generation.
behavioral smollm3/step1200k:  84%|████████▍ | 381/451 [2:06:18<25:22, 21.76s/it]Setting `pad_token_id` to `eos_token_id`:128001 for open-end generation.
behavioral smollm3/step1200k:  85%|████████▍ | 382/451 [2:06:31<21:53, 19.03s/it]Setting `pad_token_id` to `eos_token_id`:128001 for open-end generation.
behavioral smollm3/step1200k:  85%|████████▍ | 383/451 [2:06:46<20:20, 17.95s/it]Setting `pad_token_id` to `eos_token_id`:128001 for open-end generation.
behavioral smollm3/step1200k:  85%|████████▌ | 384/451 [2:07:07<21:07, 18.92s/it]Setting `pad_token_id` to `eos_token_id`:128001 for open-end generation.
behavioral smollm3/step1200k:  85%|████████▌ | 385/451 [2:07:50<28:33, 25.96s/it]behavioral smollm3/step1200k:  86%|████████▌ | 386/451 [2:08:33<33:45, 31.16s/it]behavioral smollm3/step1200k:  86%|████████▌ | 387/451 [2:09:04<33:05, 31.02s/it]behavioral smollm3/step1200k:  86%|████████▌ | 388/451 [2:09:13<25:48, 24.58s/it]behavioral smollm3/step1200k:  86%|████████▋ | 389/451 [2:09:54<30:30, 29.53s/it]behavioral smollm3/step1200k:  86%|████████▋ | 390/451 [2:10:41<35:09, 34.58s/it]Setting `pad_token_id` to `eos_token_id`:128001 for open-end generation.
behavioral smollm3/step1200k:  87%|████████▋ | 391/451 [2:10:50<26:52, 26.88s/it]Setting `pad_token_id` to `eos_token_id`:128001 for open-end generation.
behavioral smollm3/step1200k:  87%|████████▋ | 392/451 [2:10:59<21:23, 21.76s/it]Setting `pad_token_id` to `eos_token_id`:128001 for open-end generation.
behavioral smollm3/step1200k:  87%|████████▋ | 393/451 [2:11:10<17:41, 18.30s/it]Setting `pad_token_id` to `eos_token_id`:128001 for open-end generation.
behavioral smollm3/step1200k:  87%|████████▋ | 394/451 [2:11:21<15:26, 16.26s/it]Setting `pad_token_id` to `eos_token_id`:128001 for open-end generation.
behavioral smollm3/step1200k:  88%|████████▊ | 395/451 [2:11:34<14:07, 15.13s/it]Setting `pad_token_id` to `eos_token_id`:128001 for open-end generation.
behavioral smollm3/step1200k:  88%|████████▊ | 396/451 [2:11:44<12:29, 13.63s/it]behavioral smollm3/step1200k:  88%|████████▊ | 397/451 [2:12:29<20:53, 23.21s/it]behavioral smollm3/step1200k:  88%|████████▊ | 398/451 [2:13:01<22:37, 25.61s/it]behavioral smollm3/step1200k:  88%|████████▊ | 399/451 [2:13:10<17:57, 20.71s/it]behavioral smollm3/step1200k:  89%|████████▊ | 400/451 [2:13:50<22:27, 26.42s/it]behavioral smollm3/step1200k:  89%|████████▉ | 401/451 [2:14:35<26:42, 32.04s/it]Setting `pad_token_id` to `eos_token_id`:128001 for open-end generation.
behavioral smollm3/step1200k:  89%|████████▉ | 402/451 [2:14:44<20:39, 25.29s/it]Setting `pad_token_id` to `eos_token_id`:128001 for open-end generation.
behavioral smollm3/step1200k:  89%|████████▉ | 403/451 [2:14:53<16:19, 20.41s/it]Setting `pad_token_id` to `eos_token_id`:128001 for open-end generation.
behavioral smollm3/step1200k:  90%|████████▉ | 404/451 [2:15:05<13:56, 17.79s/it]Setting `pad_token_id` to `eos_token_id`:128001 for open-end generation.
behavioral smollm3/step1200k:  90%|████████▉ | 405/451 [2:15:18<12:30, 16.31s/it]Setting `pad_token_id` to `eos_token_id`:128001 for open-end generation.
behavioral smollm3/step1200k:  90%|█████████ | 406/451 [2:15:32<11:41, 15.60s/it]Setting `pad_token_id` to `eos_token_id`:128001 for open-end generation.
behavioral smollm3/step1200k:  90%|█████████ | 407/451 [2:15:46<11:05, 15.12s/it]behavioral smollm3/step1200k:  90%|█████████ | 408/451 [2:16:33<17:45, 24.79s/it]behavioral smollm3/step1200k:  91%|█████████ | 409/451 [2:17:15<21:02, 30.05s/it]behavioral smollm3/step1200k:  91%|█████████ | 410/451 [2:17:27<16:46, 24.55s/it]behavioral smollm3/step1200k:  91%|█████████ | 411/451 [2:18:08<19:34, 29.36s/it]behavioral smollm3/step1200k:  91%|█████████▏| 412/451 [2:18:54<22:18, 34.33s/it]Setting `pad_token_id` to `eos_token_id`:128001 for open-end generation.
behavioral smollm3/step1200k:  92%|█████████▏| 413/451 [2:19:14<19:03, 30.09s/it]Setting `pad_token_id` to `eos_token_id`:128001 for open-end generation.
behavioral smollm3/step1200k:  92%|█████████▏| 414/451 [2:19:51<19:46, 32.07s/it]Setting `pad_token_id` to `eos_token_id`:128001 for open-end generation.
behavioral smollm3/step1200k:  92%|█████████▏| 415/451 [2:20:17<18:17, 30.48s/it]Setting `pad_token_id` to `eos_token_id`:128001 for open-end generation.
behavioral smollm3/step1200k:  92%|█████████▏| 416/451 [2:20:30<14:44, 25.28s/it]Setting `pad_token_id` to `eos_token_id`:128001 for open-end generation.
behavioral smollm3/step1200k:  92%|█████████▏| 417/451 [2:20:46<12:34, 22.20s/it]Setting `pad_token_id` to `eos_token_id`:128001 for open-end generation.
behavioral smollm3/step1200k:  93%|█████████▎| 418/451 [2:21:00<10:55, 19.87s/it]behavioral smollm3/step1200k:  93%|█████████▎| 419/451 [2:21:48<15:09, 28.42s/it]behavioral smollm3/step1200k:  93%|█████████▎| 420/451 [2:22:30<16:44, 32.42s/it]behavioral smollm3/step1200k:  93%|█████████▎| 421/451 [2:22:40<12:50, 25.69s/it]behavioral smollm3/step1200k:  94%|█████████▎| 422/451 [2:23:21<14:37, 30.27s/it]behavioral smollm3/step1200k:  94%|█████████▍| 423/451 [2:24:09<16:32, 35.45s/it]Setting `pad_token_id` to `eos_token_id`:128001 for open-end generation.
behavioral smollm3/step1200k:  94%|█████████▍| 424/451 [2:24:18<12:27, 27.68s/it]Setting `pad_token_id` to `eos_token_id`:128001 for open-end generation.
behavioral smollm3/step1200k:  94%|█████████▍| 425/451 [2:24:30<09:55, 22.91s/it]Setting `pad_token_id` to `eos_token_id`:128001 for open-end generation.
behavioral smollm3/step1200k:  94%|█████████▍| 426/451 [2:25:11<11:50, 28.42s/it]Setting `pad_token_id` to `eos_token_id`:128001 for open-end generation.
behavioral smollm3/step1200k:  95%|█████████▍| 427/451 [2:25:45<12:04, 30.18s/it]Setting `pad_token_id` to `eos_token_id`:128001 for open-end generation.
behavioral smollm3/step1200k:  95%|█████████▍| 428/451 [2:26:00<09:47, 25.54s/it]Setting `pad_token_id` to `eos_token_id`:128001 for open-end generation.
behavioral smollm3/step1200k:  95%|█████████▌| 429/451 [2:26:14<08:07, 22.17s/it]behavioral smollm3/step1200k:  95%|█████████▌| 430/451 [2:26:56<09:47, 27.98s/it]behavioral smollm3/step1200k:  96%|█████████▌| 431/451 [2:27:32<10:09, 30.47s/it]behavioral smollm3/step1200k:  96%|█████████▌| 432/451 [2:27:44<07:51, 24.80s/it]behavioral smollm3/step1200k:  96%|█████████▌| 433/451 [2:28:27<09:06, 30.38s/it]behavioral smollm3/step1200k:  96%|█████████▌| 434/451 [2:29:12<09:49, 34.65s/it]Setting `pad_token_id` to `eos_token_id`:128001 for open-end generation.
behavioral smollm3/step1200k:  96%|█████████▋| 435/451 [2:29:20<07:07, 26.72s/it]Setting `pad_token_id` to `eos_token_id`:128001 for open-end generation.
behavioral smollm3/step1200k:  97%|█████████▋| 436/451 [2:29:29<05:20, 21.36s/it]Setting `pad_token_id` to `eos_token_id`:128001 for open-end generation.
behavioral smollm3/step1200k:  97%|█████████▋| 437/451 [2:29:38<04:08, 17.78s/it]Setting `pad_token_id` to `eos_token_id`:128001 for open-end generation.
behavioral smollm3/step1200k:  97%|█████████▋| 438/451 [2:29:48<03:18, 15.28s/it]Setting `pad_token_id` to `eos_token_id`:128001 for open-end generation.
behavioral smollm3/step1200k:  97%|█████████▋| 439/451 [2:29:58<02:43, 13.63s/it]Setting `pad_token_id` to `eos_token_id`:128001 for open-end generation.
behavioral smollm3/step1200k:  98%|█████████▊| 440/451 [2:30:06<02:14, 12.21s/it]behavioral smollm3/step1200k:  98%|█████████▊| 441/451 [2:30:42<03:10, 19.10s/it]behavioral smollm3/step1200k:  98%|█████████▊| 442/451 [2:31:15<03:31, 23.52s/it]behavioral smollm3/step1200k:  98%|█████████▊| 443/451 [2:31:24<02:33, 19.13s/it]behavioral smollm3/step1200k:  98%|█████████▊| 444/451 [2:32:03<02:55, 25.08s/it]behavioral smollm3/step1200k:  99%|█████████▊| 445/451 [2:32:50<03:08, 31.42s/it]Setting `pad_token_id` to `eos_token_id`:128001 for open-end generation.
behavioral smollm3/step1200k:  99%|█████████▉| 446/451 [2:32:57<02:01, 24.28s/it]Setting `pad_token_id` to `eos_token_id`:128001 for open-end generation.
behavioral smollm3/step1200k:  99%|█████████▉| 447/451 [2:33:05<01:17, 19.32s/it]Setting `pad_token_id` to `eos_token_id`:128001 for open-end generation.
behavioral smollm3/step1200k:  99%|█████████▉| 448/451 [2:33:14<00:48, 16.20s/it]Setting `pad_token_id` to `eos_token_id`:128001 for open-end generation.
behavioral smollm3/step1200k: 100%|█████████▉| 449/451 [2:33:23<00:28, 14.03s/it]Setting `pad_token_id` to `eos_token_id`:128001 for open-end generation.
behavioral smollm3/step1200k: 100%|█████████▉| 450/451 [2:33:33<00:12, 12.75s/it]Setting `pad_token_id` to `eos_token_id`:128001 for open-end generation.
behavioral smollm3/step1200k: 100%|██████████| 451/451 [2:33:42<00:00, 11.81s/it]behavioral smollm3/step1200k: 100%|██████████| 451/451 [2:33:42<00:00, 20.45s/it]
  ✅ Saved 451 records → data/results/behavioral_smollm3_45/smollm3_step1200k_behavioral_smollm3.jsonl

Loading SmolLM3-3B @ step1600k ...
Loading checkpoint shards:   0%|          | 0/2 [00:00<?, ?it/s]Loading checkpoint shards:  50%|█████     | 1/2 [00:07<00:07,  7.07s/it]Loading checkpoint shards: 100%|██████████| 2/2 [00:08<00:00,  3.91s/it]Loading checkpoint shards: 100%|██████████| 2/2 [00:08<00:00,  4.38s/it]
behavioral smollm3/step1600k:   0%|          | 0/451 [00:00<?, ?it/s]behavioral smollm3/step1600k:   0%|          | 1/451 [00:38<4:51:40, 38.89s/it]behavioral smollm3/step1600k:   0%|          | 2/451 [01:08<4:08:19, 33.18s/it]behavioral smollm3/step1600k:   1%|          | 3/451 [01:17<2:45:19, 22.14s/it]behavioral smollm3/step1600k:   1%|          | 4/451 [01:56<3:34:57, 28.85s/it]behavioral smollm3/step1600k:   1%|          | 5/451 [02:39<4:13:48, 34.14s/it]Setting `pad_token_id` to `eos_token_id`:128001 for open-end generation.
behavioral smollm3/step1600k:   1%|▏         | 6/451 [02:47<3:07:31, 25.29s/it]Setting `pad_token_id` to `eos_token_id`:128001 for open-end generation.
behavioral smollm3/step1600k:   2%|▏         | 7/451 [02:55<2:24:18, 19.50s/it]Setting `pad_token_id` to `eos_token_id`:128001 for open-end generation.
behavioral smollm3/step1600k:   2%|▏         | 8/451 [03:04<2:00:24, 16.31s/it]Setting `pad_token_id` to `eos_token_id`:128001 for open-end generation.
behavioral smollm3/step1600k:   2%|▏         | 9/451 [03:14<1:45:00, 14.26s/it]Setting `pad_token_id` to `eos_token_id`:128001 for open-end generation.
behavioral smollm3/step1600k:   2%|▏         | 10/451 [03:25<1:37:22, 13.25s/it]Setting `pad_token_id` to `eos_token_id`:128001 for open-end generation.
behavioral smollm3/step1600k:   2%|▏         | 11/451 [03:35<1:29:58, 12.27s/it]behavioral smollm3/step1600k:   3%|▎         | 12/451 [04:01<2:00:53, 16.52s/it]behavioral smollm3/step1600k:   3%|▎         | 13/451 [04:35<2:38:25, 21.70s/it]behavioral smollm3/step1600k:   3%|▎         | 14/451 [04:43<2:08:18, 17.62s/it]behavioral smollm3/step1600k:   3%|▎         | 15/451 [05:19<2:48:34, 23.20s/it]behavioral smollm3/step1600k:   4%|▎         | 16/451 [05:59<3:24:00, 28.14s/it]Setting `pad_token_id` to `eos_token_id`:128001 for open-end generation.
behavioral smollm3/step1600k:   4%|▍         | 17/451 [06:07<2:39:23, 22.04s/it]Setting `pad_token_id` to `eos_token_id`:128001 for open-end generation.
behavioral smollm3/step1600k:   4%|▍         | 18/451 [06:15<2:08:05, 17.75s/it]Setting `pad_token_id` to `eos_token_id`:128001 for open-end generation.
behavioral smollm3/step1600k:   4%|▍         | 19/451 [06:25<1:51:42, 15.52s/it]Setting `pad_token_id` to `eos_token_id`:128001 for open-end generation.
behavioral smollm3/step1600k:   4%|▍         | 20/451 [06:35<1:39:13, 13.81s/it]Setting `pad_token_id` to `eos_token_id`:128001 for open-end generation.
behavioral smollm3/step1600k:   5%|▍         | 21/451 [06:45<1:30:26, 12.62s/it]Setting `pad_token_id` to `eos_token_id`:128001 for open-end generation.
behavioral smollm3/step1600k:   5%|▍         | 22/451 [06:54<1:23:02, 11.61s/it]behavioral smollm3/step1600k:   5%|▌         | 23/451 [07:25<2:04:07, 17.40s/it]behavioral smollm3/step1600k:   5%|▌         | 24/451 [07:55<2:31:21, 21.27s/it]behavioral smollm3/step1600k:   6%|▌         | 25/451 [08:03<2:02:04, 17.19s/it]behavioral smollm3/step1600k:   6%|▌         | 26/451 [08:37<2:37:55, 22.30s/it]behavioral smollm3/step1600k:   6%|▌         | 27/451 [09:16<3:14:09, 27.48s/it]Setting `pad_token_id` to `eos_token_id`:128001 for open-end generation.
behavioral smollm3/step1600k:   6%|▌         | 28/451 [09:24<2:31:23, 21.47s/it]Setting `pad_token_id` to `eos_token_id`:128001 for open-end generation.
behavioral smollm3/step1600k:   6%|▋         | 29/451 [09:32<2:01:59, 17.34s/it]Setting `pad_token_id` to `eos_token_id`:128001 for open-end generation.
behavioral smollm3/step1600k:   7%|▋         | 30/451 [09:40<1:43:33, 14.76s/it]Setting `pad_token_id` to `eos_token_id`:128001 for open-end generation.
behavioral smollm3/step1600k:   7%|▋         | 31/451 [09:50<1:31:32, 13.08s/it]Setting `pad_token_id` to `eos_token_id`:128001 for open-end generation.
behavioral smollm3/step1600k:   7%|▋         | 32/451 [09:59<1:24:06, 12.04s/it]Setting `pad_token_id` to `eos_token_id`:128001 for open-end generation.
behavioral smollm3/step1600k:   7%|▋         | 33/451 [10:08<1:18:02, 11.20s/it]behavioral smollm3/step1600k:   8%|▊         | 34/451 [10:45<2:11:14, 18.88s/it]behavioral smollm3/step1600k:   8%|▊         | 35/451 [11:14<2:32:07, 21.94s/it]behavioral smollm3/step1600k:   8%|▊         | 36/451 [11:23<2:04:34, 18.01s/it]behavioral smollm3/step1600k:   8%|▊         | 37/451 [12:02<2:47:34, 24.29s/it]behavioral smollm3/step1600k:   8%|▊         | 38/451 [12:46<3:27:59, 30.22s/it]Setting `pad_token_id` to `eos_token_id`:128001 for open-end generation.
behavioral smollm3/step1600k:   9%|▊         | 39/451 [12:54<2:41:22, 23.50s/it]Setting `pad_token_id` to `eos_token_id`:128001 for open-end generation.
behavioral smollm3/step1600k:   9%|▉         | 40/451 [13:03<2:10:37, 19.07s/it]Setting `pad_token_id` to `eos_token_id`:128001 for open-end generation.
behavioral smollm3/step1600k:   9%|▉         | 41/451 [13:12<1:50:13, 16.13s/it]Setting `pad_token_id` to `eos_token_id`:128001 for open-end generation.
behavioral smollm3/step1600k:   9%|▉         | 42/451 [13:22<1:36:29, 14.16s/it]Setting `pad_token_id` to `eos_token_id`:128001 for open-end generation.
behavioral smollm3/step1600k:  10%|▉         | 43/451 [13:32<1:28:03, 12.95s/it]Setting `pad_token_id` to `eos_token_id`:128001 for open-end generation.
behavioral smollm3/step1600k:  10%|▉         | 44/451 [13:41<1:20:49, 11.91s/it]behavioral smollm3/step1600k:  10%|▉         | 45/451 [14:19<2:12:27, 19.57s/it]behavioral smollm3/step1600k:  10%|█         | 46/451 [14:52<2:39:52, 23.69s/it]behavioral smollm3/step1600k:  10%|█         | 47/451 [15:01<2:10:25, 19.37s/it]behavioral smollm3/step1600k:  11%|█         | 48/451 [15:41<2:51:23, 25.52s/it]behavioral smollm3/step1600k:  11%|█         | 49/451 [16:27<3:31:50, 31.62s/it]Setting `pad_token_id` to `eos_token_id`:128001 for open-end generation.
behavioral smollm3/step1600k:  11%|█         | 50/451 [16:35<2:43:31, 24.47s/it]Setting `pad_token_id` to `eos_token_id`:128001 for open-end generation.
behavioral smollm3/step1600k:  11%|█▏        | 51/451 [16:43<2:10:52, 19.63s/it]Setting `pad_token_id` to `eos_token_id`:128001 for open-end generation.
behavioral smollm3/step1600k:  12%|█▏        | 52/451 [16:52<1:49:49, 16.52s/it]Setting `pad_token_id` to `eos_token_id`:128001 for open-end generation.
behavioral smollm3/step1600k:  12%|█▏        | 53/451 [17:02<1:35:31, 14.40s/it]Setting `pad_token_id` to `eos_token_id`:128001 for open-end generation.
behavioral smollm3/step1600k:  12%|█▏        | 54/451 [17:12<1:27:28, 13.22s/it]Setting `pad_token_id` to `eos_token_id`:128001 for open-end generation.
behavioral smollm3/step1600k:  12%|█▏        | 55/451 [17:22<1:20:10, 12.15s/it]behavioral smollm3/step1600k:  12%|█▏        | 56/451 [18:00<2:12:12, 20.08s/it]behavioral smollm3/step1600k:  13%|█▎        | 57/451 [18:29<2:29:14, 22.73s/it]behavioral smollm3/step1600k:  13%|█▎        | 58/451 [18:38<2:01:46, 18.59s/it]behavioral smollm3/step1600k:  13%|█▎        | 59/451 [19:17<2:41:22, 24.70s/it]behavioral smollm3/step1600k:  13%|█▎        | 60/451 [20:01<3:18:31, 30.47s/it]Setting `pad_token_id` to `eos_token_id`:128001 for open-end generation.
behavioral smollm3/step1600k:  14%|█▎        | 61/451 [20:09<2:33:50, 23.67s/it]Setting `pad_token_id` to `eos_token_id`:128001 for open-end generation.
behavioral smollm3/step1600k:  14%|█▎        | 62/451 [20:16<2:01:35, 18.75s/it]Setting `pad_token_id` to `eos_token_id`:128001 for open-end generation.
behavioral smollm3/step1600k:  14%|█▍        | 63/451 [20:25<1:42:33, 15.86s/it]Setting `pad_token_id` to `eos_token_id`:128001 for open-end generation.
behavioral smollm3/step1600k:  14%|█▍        | 64/451 [20:34<1:29:17, 13.84s/it]Setting `pad_token_id` to `eos_token_id`:128001 for open-end generation.
behavioral smollm3/step1600k:  14%|█▍        | 65/451 [20:45<1:22:18, 12.80s/it]Setting `pad_token_id` to `eos_token_id`:128001 for open-end generation.
behavioral smollm3/step1600k:  15%|█▍        | 66/451 [20:54<1:14:53, 11.67s/it]behavioral smollm3/step1600k:  15%|█▍        | 67/451 [21:31<2:02:43, 19.18s/it]behavioral smollm3/step1600k:  15%|█▌        | 68/451 [21:58<2:19:05, 21.79s/it]behavioral smollm3/step1600k:  15%|█▌        | 69/451 [22:07<1:53:59, 17.91s/it]behavioral smollm3/step1600k:  16%|█▌        | 70/451 [22:46<2:33:48, 24.22s/it]behavioral smollm3/step1600k:  16%|█▌        | 71/451 [23:30<3:11:11, 30.19s/it]Setting `pad_token_id` to `eos_token_id`:128001 for open-end generation.
behavioral smollm3/step1600k:  16%|█▌        | 72/451 [23:38<2:27:55, 23.42s/it]Setting `pad_token_id` to `eos_token_id`:128001 for open-end generation.
behavioral smollm3/step1600k:  16%|█▌        | 73/451 [23:46<1:57:44, 18.69s/it]Setting `pad_token_id` to `eos_token_id`:128001 for open-end generation.
behavioral smollm3/step1600k:  16%|█▋        | 74/451 [23:55<1:39:44, 15.87s/it]Setting `pad_token_id` to `eos_token_id`:128001 for open-end generation.
behavioral smollm3/step1600k:  17%|█▋        | 75/451 [24:05<1:27:51, 14.02s/it]Setting `pad_token_id` to `eos_token_id`:128001 for open-end generation.
behavioral smollm3/step1600k:  17%|█▋        | 76/451 [24:15<1:20:39, 12.91s/it]Setting `pad_token_id` to `eos_token_id`:128001 for open-end generation.
behavioral smollm3/step1600k:  17%|█▋        | 77/451 [24:24<1:13:32, 11.80s/it]behavioral smollm3/step1600k:  17%|█▋        | 78/451 [24:54<1:47:23, 17.27s/it]behavioral smollm3/step1600k:  18%|█▊        | 79/451 [25:23<2:08:09, 20.67s/it]behavioral smollm3/step1600k:  18%|█▊        | 80/451 [25:31<1:44:24, 16.88s/it]behavioral smollm3/step1600k:  18%|█▊        | 81/451 [26:12<2:28:59, 24.16s/it]behavioral smollm3/step1600k:  18%|█▊        | 82/451 [26:53<3:00:17, 29.31s/it]Setting `pad_token_id` to `eos_token_id`:128001 for open-end generation.
behavioral smollm3/step1600k:  18%|█▊        | 83/451 [27:01<2:20:28, 22.90s/it]Setting `pad_token_id` to `eos_token_id`:128001 for open-end generation.
behavioral smollm3/step1600k:  19%|█▊        | 84/451 [27:09<1:52:22, 18.37s/it]Setting `pad_token_id` to `eos_token_id`:128001 for open-end generation.
behavioral smollm3/step1600k:  19%|█▉        | 85/451 [27:18<1:35:18, 15.62s/it]Setting `pad_token_id` to `eos_token_id`:128001 for open-end generation.
behavioral smollm3/step1600k:  19%|█▉        | 86/451 [27:28<1:24:02, 13.82s/it]Setting `pad_token_id` to `eos_token_id`:128001 for open-end generation.
behavioral smollm3/step1600k:  19%|█▉        | 87/451 [27:37<1:15:41, 12.48s/it]Setting `pad_token_id` to `eos_token_id`:128001 for open-end generation.
behavioral smollm3/step1600k:  20%|█▉        | 88/451 [27:46<1:09:24, 11.47s/it]behavioral smollm3/step1600k:  20%|█▉        | 89/451 [28:25<1:58:47, 19.69s/it]behavioral smollm3/step1600k:  20%|█▉        | 90/451 [28:55<2:17:27, 22.85s/it]behavioral smollm3/step1600k:  20%|██        | 91/451 [29:04<1:51:58, 18.66s/it]behavioral smollm3/step1600k:  20%|██        | 92/451 [29:43<2:28:00, 24.74s/it]behavioral smollm3/step1600k:  21%|██        | 93/451 [30:29<3:04:28, 30.92s/it]Setting `pad_token_id` to `eos_token_id`:128001 for open-end generation.
behavioral smollm3/step1600k:  21%|██        | 94/451 [30:37<2:23:21, 24.09s/it]Setting `pad_token_id` to `eos_token_id`:128001 for open-end generation.
behavioral smollm3/step1600k:  21%|██        | 95/451 [30:45<1:54:13, 19.25s/it]Setting `pad_token_id` to `eos_token_id`:128001 for open-end generation.
behavioral smollm3/step1600k:  21%|██▏       | 96/451 [30:54<1:36:45, 16.35s/it]Setting `pad_token_id` to `eos_token_id`:128001 for open-end generation.
behavioral smollm3/step1600k:  22%|██▏       | 97/451 [31:04<1:24:31, 14.33s/it]Setting `pad_token_id` to `eos_token_id`:128001 for open-end generation.
behavioral smollm3/step1600k:  22%|██▏       | 98/451 [31:14<1:17:20, 13.14s/it]Setting `pad_token_id` to `eos_token_id`:128001 for open-end generation.
behavioral smollm3/step1600k:  22%|██▏       | 99/451 [31:23<1:09:46, 11.89s/it]behavioral smollm3/step1600k:  22%|██▏       | 100/451 [32:04<1:59:26, 20.42s/it]behavioral smollm3/step1600k:  22%|██▏       | 101/451 [32:32<2:12:23, 22.70s/it]behavioral smollm3/step1600k:  23%|██▎       | 102/451 [32:40<1:47:51, 18.54s/it]behavioral smollm3/step1600k:  23%|██▎       | 103/451 [33:19<2:23:03, 24.66s/it]behavioral smollm3/step1600k:  23%|██▎       | 104/451 [34:04<2:56:45, 30.56s/it]Setting `pad_token_id` to `eos_token_id`:128001 for open-end generation.
behavioral smollm3/step1600k:  23%|██▎       | 105/451 [34:12<2:17:11, 23.79s/it]Setting `pad_token_id` to `eos_token_id`:128001 for open-end generation.
behavioral smollm3/step1600k:  24%|██▎       | 106/451 [34:19<1:48:54, 18.94s/it]Setting `pad_token_id` to `eos_token_id`:128001 for open-end generation.
behavioral smollm3/step1600k:  24%|██▎       | 107/451 [34:29<1:31:51, 16.02s/it]Setting `pad_token_id` to `eos_token_id`:128001 for open-end generation.
behavioral smollm3/step1600k:  24%|██▍       | 108/451 [34:38<1:20:14, 14.04s/it]Setting `pad_token_id` to `eos_token_id`:128001 for open-end generation.
behavioral smollm3/step1600k:  24%|██▍       | 109/451 [34:49<1:14:34, 13.08s/it]Setting `pad_token_id` to `eos_token_id`:128001 for open-end generation.
behavioral smollm3/step1600k:  24%|██▍       | 110/451 [34:58<1:08:33, 12.06s/it]behavioral smollm3/step1600k:  25%|██▍       | 111/451 [35:38<1:54:14, 20.16s/it]behavioral smollm3/step1600k:  25%|██▍       | 112/451 [36:12<2:18:37, 24.54s/it]behavioral smollm3/step1600k:  25%|██▌       | 113/451 [36:21<1:51:40, 19.83s/it]behavioral smollm3/step1600k:  25%|██▌       | 114/451 [37:00<2:23:46, 25.60s/it]behavioral smollm3/step1600k:  25%|██▌       | 115/451 [37:44<2:54:46, 31.21s/it]Setting `pad_token_id` to `eos_token_id`:128001 for open-end generation.
behavioral smollm3/step1600k:  26%|██▌       | 116/451 [37:52<2:15:21, 24.24s/it]Setting `pad_token_id` to `eos_token_id`:128001 for open-end generation.
behavioral smollm3/step1600k:  26%|██▌       | 117/451 [38:01<1:49:06, 19.60s/it]Setting `pad_token_id` to `eos_token_id`:128001 for open-end generation.
behavioral smollm3/step1600k:  26%|██▌       | 118/451 [38:11<1:31:54, 16.56s/it]Setting `pad_token_id` to `eos_token_id`:128001 for open-end generation.
behavioral smollm3/step1600k:  26%|██▋       | 119/451 [38:21<1:21:10, 14.67s/it]Setting `pad_token_id` to `eos_token_id`:128001 for open-end generation.
behavioral smollm3/step1600k:  27%|██▋       | 120/451 [38:32<1:15:23, 13.67s/it]Setting `pad_token_id` to `eos_token_id`:128001 for open-end generation.
behavioral smollm3/step1600k:  27%|██▋       | 121/451 [38:42<1:07:59, 12.36s/it]behavioral smollm3/step1600k:  27%|██▋       | 122/451 [39:10<1:34:57, 17.32s/it]behavioral smollm3/step1600k:  27%|██▋       | 123/451 [39:37<1:50:05, 20.14s/it]behavioral smollm3/step1600k:  27%|██▋       | 124/451 [39:45<1:30:03, 16.53s/it]behavioral smollm3/step1600k:  28%|██▊       | 125/451 [40:23<2:03:59, 22.82s/it]behavioral smollm3/step1600k:  28%|██▊       | 126/451 [41:00<2:27:06, 27.16s/it]Setting `pad_token_id` to `eos_token_id`:128001 for open-end generation.
behavioral smollm3/step1600k:  28%|██▊       | 127/451 [41:08<1:55:34, 21.40s/it]Setting `pad_token_id` to `eos_token_id`:128001 for open-end generation.
behavioral smollm3/step1600k:  28%|██▊       | 128/451 [41:16<1:32:57, 17.27s/it]Setting `pad_token_id` to `eos_token_id`:128001 for open-end generation.
behavioral smollm3/step1600k:  29%|██▊       | 129/451 [41:25<1:19:24, 14.80s/it]Setting `pad_token_id` to `eos_token_id`:128001 for open-end generation.
behavioral smollm3/step1600k:  29%|██▉       | 130/451 [41:34<1:10:48, 13.24s/it]Setting `pad_token_id` to `eos_token_id`:128001 for open-end generation.
behavioral smollm3/step1600k:  29%|██▉       | 131/451 [41:44<1:04:43, 12.14s/it]Setting `pad_token_id` to `eos_token_id`:128001 for open-end generation.
behavioral smollm3/step1600k:  29%|██▉       | 132/451 [41:53<1:00:20, 11.35s/it]behavioral smollm3/step1600k:  29%|██▉       | 133/451 [42:30<1:40:57, 19.05s/it]behavioral smollm3/step1600k:  30%|██▉       | 134/451 [42:58<1:53:51, 21.55s/it]behavioral smollm3/step1600k:  30%|██▉       | 135/451 [43:07<1:33:45, 17.80s/it]behavioral smollm3/step1600k:  30%|███       | 136/451 [43:46<2:07:31, 24.29s/it]behavioral smollm3/step1600k:  30%|███       | 137/451 [44:31<2:38:36, 30.31s/it]Setting `pad_token_id` to `eos_token_id`:128001 for open-end generation.
behavioral smollm3/step1600k:  31%|███       | 138/451 [44:39<2:03:53, 23.75s/it]Setting `pad_token_id` to `eos_token_id`:128001 for open-end generation.
behavioral smollm3/step1600k:  31%|███       | 139/451 [44:47<1:38:55, 19.02s/it]Setting `pad_token_id` to `eos_token_id`:128001 for open-end generation.
behavioral smollm3/step1600k:  31%|███       | 140/451 [44:57<1:24:08, 16.23s/it]Setting `pad_token_id` to `eos_token_id`:128001 for open-end generation.
behavioral smollm3/step1600k:  31%|███▏      | 141/451 [45:06<1:13:30, 14.23s/it]Setting `pad_token_id` to `eos_token_id`:128001 for open-end generation.
behavioral smollm3/step1600k:  31%|███▏      | 142/451 [45:16<1:06:50, 12.98s/it]Setting `pad_token_id` to `eos_token_id`:128001 for open-end generation.
behavioral smollm3/step1600k:  32%|███▏      | 143/451 [45:26<1:01:34, 12.00s/it]behavioral smollm3/step1600k:  32%|███▏      | 144/451 [46:09<1:48:23, 21.19s/it]behavioral smollm3/step1600k:  32%|███▏      | 145/451 [46:39<2:01:43, 23.87s/it]behavioral smollm3/step1600k:  32%|███▏      | 146/451 [46:48<1:38:47, 19.43s/it]behavioral smollm3/step1600k:  33%|███▎      | 147/451 [47:27<2:08:33, 25.37s/it]behavioral smollm3/step1600k:  33%|███▎      | 148/451 [48:12<2:36:58, 31.08s/it]Setting `pad_token_id` to `eos_token_id`:128001 for open-end generation.
behavioral smollm3/step1600k:  33%|███▎      | 149/451 [48:19<2:01:15, 24.09s/it]Setting `pad_token_id` to `eos_token_id`:128001 for open-end generation.
behavioral smollm3/step1600k:  33%|███▎      | 150/451 [48:27<1:35:39, 19.07s/it]Setting `pad_token_id` to `eos_token_id`:128001 for open-end generation.
behavioral smollm3/step1600k:  33%|███▎      | 151/451 [48:36<1:20:20, 16.07s/it]Setting `pad_token_id` to `eos_token_id`:128001 for open-end generation.
behavioral smollm3/step1600k:  34%|███▎      | 152/451 [48:46<1:10:56, 14.24s/it]Setting `pad_token_id` to `eos_token_id`:128001 for open-end generation.
behavioral smollm3/step1600k:  34%|███▍      | 153/451 [48:56<1:05:13, 13.13s/it]Setting `pad_token_id` to `eos_token_id`:128001 for open-end generation.
behavioral smollm3/step1600k:  34%|███▍      | 154/451 [49:06<59:33, 12.03s/it]  behavioral smollm3/step1600k:  34%|███▍      | 155/451 [49:43<1:37:14, 19.71s/it]behavioral smollm3/step1600k:  35%|███▍      | 156/451 [50:21<2:03:07, 25.04s/it]behavioral smollm3/step1600k:  35%|███▍      | 157/451 [50:30<1:39:35, 20.33s/it]behavioral smollm3/step1600k:  35%|███▌      | 158/451 [51:10<2:08:29, 26.31s/it]behavioral smollm3/step1600k:  35%|███▌      | 159/451 [51:56<2:35:48, 32.02s/it]Setting `pad_token_id` to `eos_token_id`:128001 for open-end generation.
behavioral smollm3/step1600k:  35%|███▌      | 160/451 [52:04<2:00:34, 24.86s/it]Setting `pad_token_id` to `eos_token_id`:128001 for open-end generation.
behavioral smollm3/step1600k:  36%|███▌      | 161/451 [52:13<1:37:03, 20.08s/it]Setting `pad_token_id` to `eos_token_id`:128001 for open-end generation.
behavioral smollm3/step1600k:  36%|███▌      | 162/451 [52:23<1:22:12, 17.07s/it]Setting `pad_token_id` to `eos_token_id`:128001 for open-end generation.
behavioral smollm3/step1600k:  36%|███▌      | 163/451 [52:33<1:12:08, 15.03s/it]Setting `pad_token_id` to `eos_token_id`:128001 for open-end generation.
behavioral smollm3/step1600k:  36%|███▋      | 164/451 [52:44<1:05:23, 13.67s/it]Setting `pad_token_id` to `eos_token_id`:128001 for open-end generation.
behavioral smollm3/step1600k:  37%|███▋      | 165/451 [52:53<59:21, 12.45s/it]  behavioral smollm3/step1600k:  37%|███▋      | 166/451 [53:24<1:24:52, 17.87s/it]behavioral smollm3/step1600k:  37%|███▋      | 167/451 [53:55<1:44:02, 21.98s/it]behavioral smollm3/step1600k:  37%|███▋      | 168/451 [54:05<1:26:42, 18.38s/it]behavioral smollm3/step1600k:  37%|███▋      | 169/451 [54:46<1:58:23, 25.19s/it]behavioral smollm3/step1600k:  38%|███▊      | 170/451 [55:23<2:14:31, 28.72s/it]Setting `pad_token_id` to `eos_token_id`:128001 for open-end generation.
behavioral smollm3/step1600k:  38%|███▊      | 171/451 [55:32<1:45:46, 22.67s/it]Setting `pad_token_id` to `eos_token_id`:128001 for open-end generation.
behavioral smollm3/step1600k:  38%|███▊      | 172/451 [55:40<1:24:37, 18.20s/it]Setting `pad_token_id` to `eos_token_id`:128001 for open-end generation.
behavioral smollm3/step1600k:  38%|███▊      | 173/451 [55:50<1:13:12, 15.80s/it]Setting `pad_token_id` to `eos_token_id`:128001 for open-end generation.
behavioral smollm3/step1600k:  39%|███▊      | 174/451 [56:00<1:04:23, 13.95s/it]Setting `pad_token_id` to `eos_token_id`:128001 for open-end generation.
behavioral smollm3/step1600k:  39%|███▉      | 175/451 [56:09<58:24, 12.70s/it]  Setting `pad_token_id` to `eos_token_id`:128001 for open-end generation.
behavioral smollm3/step1600k:  39%|███▉      | 176/451 [56:19<53:59, 11.78s/it]behavioral smollm3/step1600k:  39%|███▉      | 177/451 [56:55<1:26:50, 19.02s/it]behavioral smollm3/step1600k:  39%|███▉      | 178/451 [57:25<1:41:16, 22.26s/it]behavioral smollm3/step1600k:  40%|███▉      | 179/451 [57:34<1:22:47, 18.26s/it]behavioral smollm3/step1600k:  40%|███▉      | 180/451 [58:13<1:51:22, 24.66s/it]behavioral smollm3/step1600k:  40%|████      | 181/451 [58:59<2:19:16, 30.95s/it]Setting `pad_token_id` to `eos_token_id`:128001 for open-end generation.
behavioral smollm3/step1600k:  40%|████      | 182/451 [59:07<1:48:29, 24.20s/it]Setting `pad_token_id` to `eos_token_id`:128001 for open-end generation.
behavioral smollm3/step1600k:  41%|████      | 183/451 [59:17<1:29:15, 19.98s/it]Setting `pad_token_id` to `eos_token_id`:128001 for open-end generation.
behavioral smollm3/step1600k:  41%|████      | 184/451 [59:29<1:17:41, 17.46s/it]Setting `pad_token_id` to `eos_token_id`:128001 for open-end generation.
behavioral smollm3/step1600k:  41%|████      | 185/451 [59:40<1:08:26, 15.44s/it]Setting `pad_token_id` to `eos_token_id`:128001 for open-end generation.
behavioral smollm3/step1600k:  41%|████      | 186/451 [59:53<1:04:45, 14.66s/it]Setting `pad_token_id` to `eos_token_id`:128001 for open-end generation.
behavioral smollm3/step1600k:  41%|████▏     | 187/451 [1:00:03<59:11, 13.45s/it]behavioral smollm3/step1600k:  42%|████▏     | 188/451 [1:00:42<1:32:26, 21.09s/it]behavioral smollm3/step1600k:  42%|████▏     | 189/451 [1:01:12<1:44:10, 23.86s/it]behavioral smollm3/step1600k:  42%|████▏     | 190/451 [1:01:21<1:24:12, 19.36s/it]behavioral smollm3/step1600k:  42%|████▏     | 191/451 [1:02:01<1:50:45, 25.56s/it]behavioral smollm3/step1600k:  43%|████▎     | 192/451 [1:02:47<2:16:16, 31.57s/it]Setting `pad_token_id` to `eos_token_id`:128001 for open-end generation.
behavioral smollm3/step1600k:  43%|████▎     | 193/451 [1:02:56<1:46:35, 24.79s/it]Setting `pad_token_id` to `eos_token_id`:128001 for open-end generation.
behavioral smollm3/step1600k:  43%|████▎     | 194/451 [1:03:05<1:25:36, 19.98s/it]Setting `pad_token_id` to `eos_token_id`:128001 for open-end generation.
behavioral smollm3/step1600k:  43%|████▎     | 195/451 [1:03:17<1:15:34, 17.71s/it]Setting `pad_token_id` to `eos_token_id`:128001 for open-end generation.
behavioral smollm3/step1600k:  43%|████▎     | 196/451 [1:03:29<1:07:34, 15.90s/it]Setting `pad_token_id` to `eos_token_id`:128001 for open-end generation.
behavioral smollm3/step1600k:  44%|████▎     | 197/451 [1:03:41<1:02:05, 14.67s/it]Setting `pad_token_id` to `eos_token_id`:128001 for open-end generation.
behavioral smollm3/step1600k:  44%|████▍     | 198/451 [1:03:50<55:50, 13.24s/it]  behavioral smollm3/step1600k:  44%|████▍     | 199/451 [1:04:28<1:25:53, 20.45s/it]behavioral smollm3/step1600k:  44%|████▍     | 200/451 [1:05:03<1:43:32, 24.75s/it]behavioral smollm3/step1600k:  45%|████▍     | 201/451 [1:05:12<1:23:34, 20.06s/it]behavioral smollm3/step1600k:  45%|████▍     | 202/451 [1:05:52<1:48:44, 26.20s/it]behavioral smollm3/step1600k:  45%|████▌     | 203/451 [1:06:38<2:12:12, 31.99s/it]Setting `pad_token_id` to `eos_token_id`:128001 for open-end generation.
behavioral smollm3/step1600k:  45%|████▌     | 204/451 [1:06:47<1:43:16, 25.09s/it]Setting `pad_token_id` to `eos_token_id`:128001 for open-end generation.
behavioral smollm3/step1600k:  45%|████▌     | 205/451 [1:06:57<1:24:45, 20.67s/it]Setting `pad_token_id` to `eos_token_id`:128001 for open-end generation.
behavioral smollm3/step1600k:  46%|████▌     | 206/451 [1:07:10<1:14:22, 18.22s/it]Setting `pad_token_id` to `eos_token_id`:128001 for open-end generation.
behavioral smollm3/step1600k:  46%|████▌     | 207/451 [1:07:22<1:06:57, 16.46s/it]Setting `pad_token_id` to `eos_token_id`:128001 for open-end generation.
behavioral smollm3/step1600k:  46%|████▌     | 208/451 [1:07:34<1:01:50, 15.27s/it]Setting `pad_token_id` to `eos_token_id`:128001 for open-end generation.
behavioral smollm3/step1600k:  46%|████▋     | 209/451 [1:07:45<56:31, 14.01s/it]  behavioral smollm3/step1600k:  47%|████▋     | 210/451 [1:08:23<1:24:06, 20.94s/it]behavioral smollm3/step1600k:  47%|████▋     | 211/451 [1:08:53<1:34:48, 23.70s/it]behavioral smollm3/step1600k:  47%|████▋     | 212/451 [1:09:02<1:17:17, 19.40s/it]behavioral smollm3/step1600k:  47%|████▋     | 213/451 [1:09:43<1:42:14, 25.78s/it]behavioral smollm3/step1600k:  47%|████▋     | 214/451 [1:10:29<2:06:02, 31.91s/it]Setting `pad_token_id` to `eos_token_id`:128001 for open-end generation.
behavioral smollm3/step1600k:  48%|████▊     | 215/451 [1:10:40<1:41:14, 25.74s/it]Setting `pad_token_id` to `eos_token_id`:128001 for open-end generation.
behavioral smollm3/step1600k:  48%|████▊     | 216/451 [1:10:50<1:21:43, 20.86s/it]Setting `pad_token_id` to `eos_token_id`:128001 for open-end generation.
behavioral smollm3/step1600k:  48%|████▊     | 217/451 [1:11:01<1:10:10, 18.00s/it]Setting `pad_token_id` to `eos_token_id`:128001 for open-end generation.
behavioral smollm3/step1600k:  48%|████▊     | 218/451 [1:11:12<1:01:47, 15.91s/it]Setting `pad_token_id` to `eos_token_id`:128001 for open-end generation.
behavioral smollm3/step1600k:  49%|████▊     | 219/451 [1:11:25<58:16, 15.07s/it]  Setting `pad_token_id` to `eos_token_id`:128001 for open-end generation.
behavioral smollm3/step1600k:  49%|████▉     | 220/451 [1:11:38<54:48, 14.24s/it]behavioral smollm3/step1600k:  49%|████▉     | 221/451 [1:12:09<1:13:51, 19.27s/it]behavioral smollm3/step1600k:  49%|████▉     | 222/451 [1:12:42<1:29:16, 23.39s/it]behavioral smollm3/step1600k:  49%|████▉     | 223/451 [1:12:50<1:12:23, 19.05s/it]behavioral smollm3/step1600k:  50%|████▉     | 224/451 [1:13:30<1:34:57, 25.10s/it]behavioral smollm3/step1600k:  50%|████▉     | 225/451 [1:14:06<1:47:44, 28.60s/it]Setting `pad_token_id` to `eos_token_id`:128001 for open-end generation.
behavioral smollm3/step1600k:  50%|█████     | 226/451 [1:14:17<1:27:04, 23.22s/it]Setting `pad_token_id` to `eos_token_id`:128001 for open-end generation.
behavioral smollm3/step1600k:  50%|█████     | 227/451 [1:14:27<1:11:57, 19.27s/it]Setting `pad_token_id` to `eos_token_id`:128001 for open-end generation.
behavioral smollm3/step1600k:  51%|█████     | 228/451 [1:14:39<1:03:48, 17.17s/it]Setting `pad_token_id` to `eos_token_id`:128001 for open-end generation.
behavioral smollm3/step1600k:  51%|█████     | 229/451 [1:14:52<58:45, 15.88s/it]  Setting `pad_token_id` to `eos_token_id`:128001 for open-end generation.
behavioral smollm3/step1600k:  51%|█████     | 230/451 [1:15:04<54:07, 14.70s/it]Setting `pad_token_id` to `eos_token_id`:128001 for open-end generation.
behavioral smollm3/step1600k:  51%|█████     | 231/451 [1:15:17<51:57, 14.17s/it]behavioral smollm3/step1600k:  51%|█████▏    | 232/451 [1:16:05<1:28:18, 24.19s/it]behavioral smollm3/step1600k:  52%|█████▏    | 233/451 [1:16:39<1:39:13, 27.31s/it]behavioral smollm3/step1600k:  52%|█████▏    | 234/451 [1:16:49<1:19:12, 21.90s/it]behavioral smollm3/step1600k:  52%|█████▏    | 235/451 [1:17:28<1:37:43, 27.15s/it]behavioral smollm3/step1600k:  52%|█████▏    | 236/451 [1:18:12<1:55:32, 32.25s/it]Setting `pad_token_id` to `eos_token_id`:128001 for open-end generation.
behavioral smollm3/step1600k:  53%|█████▎    | 237/451 [1:18:21<1:29:25, 25.07s/it]Setting `pad_token_id` to `eos_token_id`:128001 for open-end generation.
behavioral smollm3/step1600k:  53%|█████▎    | 238/451 [1:18:30<1:12:01, 20.29s/it]Setting `pad_token_id` to `eos_token_id`:128001 for open-end generation.
behavioral smollm3/step1600k:  53%|█████▎    | 239/451 [1:18:39<1:00:12, 17.04s/it]Setting `pad_token_id` to `eos_token_id`:128001 for open-end generation.
behavioral smollm3/step1600k:  53%|█████▎    | 240/451 [1:18:49<52:40, 14.98s/it]  Setting `pad_token_id` to `eos_token_id`:128001 for open-end generation.
behavioral smollm3/step1600k:  53%|█████▎    | 241/451 [1:19:00<48:15, 13.79s/it]Setting `pad_token_id` to `eos_token_id`:128001 for open-end generation.
behavioral smollm3/step1600k:  54%|█████▎    | 242/451 [1:19:10<44:13, 12.70s/it]behavioral smollm3/step1600k:  54%|█████▍    | 243/451 [1:19:52<1:14:01, 21.35s/it]behavioral smollm3/step1600k:  54%|█████▍    | 244/451 [1:20:26<1:26:54, 25.19s/it]behavioral smollm3/step1600k:  54%|█████▍    | 245/451 [1:20:35<1:09:48, 20.33s/it]behavioral smollm3/step1600k:  55%|█████▍    | 246/451 [1:21:15<1:29:13, 26.12s/it]behavioral smollm3/step1600k:  55%|█████▍    | 247/451 [1:21:59<1:47:45, 31.69s/it]Setting `pad_token_id` to `eos_token_id`:128001 for open-end generation.
behavioral smollm3/step1600k:  55%|█████▍    | 248/451 [1:22:08<1:23:14, 24.61s/it]Setting `pad_token_id` to `eos_token_id`:128001 for open-end generation.
behavioral smollm3/step1600k:  55%|█████▌    | 249/451 [1:22:17<1:07:36, 20.08s/it]Setting `pad_token_id` to `eos_token_id`:128001 for open-end generation.
behavioral smollm3/step1600k:  55%|█████▌    | 250/451 [1:22:27<56:40, 16.92s/it]  Setting `pad_token_id` to `eos_token_id`:128001 for open-end generation.
behavioral smollm3/step1600k:  56%|█████▌    | 251/451 [1:22:37<49:36, 14.88s/it]Setting `pad_token_id` to `eos_token_id`:128001 for open-end generation.
behavioral smollm3/step1600k:  56%|█████▌    | 252/451 [1:22:47<45:13, 13.63s/it]Setting `pad_token_id` to `eos_token_id`:128001 for open-end generation.
behavioral smollm3/step1600k:  56%|█████▌    | 253/451 [1:22:57<40:56, 12.41s/it]behavioral smollm3/step1600k:  56%|█████▋    | 254/451 [1:23:43<1:13:34, 22.41s/it]behavioral smollm3/step1600k:  57%|█████▋    | 255/451 [1:24:15<1:23:08, 25.45s/it]behavioral smollm3/step1600k:  57%|█████▋    | 256/451 [1:24:25<1:07:14, 20.69s/it]behavioral smollm3/step1600k:  57%|█████▋    | 257/451 [1:25:06<1:26:25, 26.73s/it]behavioral smollm3/step1600k:  57%|█████▋    | 258/451 [1:25:52<1:45:09, 32.69s/it]Setting `pad_token_id` to `eos_token_id`:128001 for open-end generation.
behavioral smollm3/step1600k:  57%|█████▋    | 259/451 [1:26:03<1:23:31, 26.10s/it]Setting `pad_token_id` to `eos_token_id`:128001 for open-end generation.
behavioral smollm3/step1600k:  58%|█████▊    | 260/451 [1:26:13<1:07:18, 21.14s/it]Setting `pad_token_id` to `eos_token_id`:128001 for open-end generation.
behavioral smollm3/step1600k:  58%|█████▊    | 261/451 [1:26:24<57:50, 18.27s/it]  Setting `pad_token_id` to `eos_token_id`:128001 for open-end generation.
behavioral smollm3/step1600k:  58%|█████▊    | 262/451 [1:26:35<50:29, 16.03s/it]Setting `pad_token_id` to `eos_token_id`:128001 for open-end generation.
behavioral smollm3/step1600k:  58%|█████▊    | 263/451 [1:26:46<45:32, 14.53s/it]Setting `pad_token_id` to `eos_token_id`:128001 for open-end generation.
behavioral smollm3/step1600k:  59%|█████▊    | 264/451 [1:26:56<40:37, 13.04s/it]behavioral smollm3/step1600k:  59%|█████▉    | 265/451 [1:27:37<1:06:56, 21.59s/it]behavioral smollm3/step1600k:  59%|█████▉    | 266/451 [1:28:12<1:19:13, 25.69s/it]behavioral smollm3/step1600k:  59%|█████▉    | 267/451 [1:28:21<1:03:33, 20.72s/it]behavioral smollm3/step1600k:  59%|█████▉    | 268/451 [1:29:01<1:20:19, 26.34s/it]behavioral smollm3/step1600k:  60%|█████▉    | 269/451 [1:29:46<1:37:17, 32.08s/it]Setting `pad_token_id` to `eos_token_id`:128001 for open-end generation.
behavioral smollm3/step1600k:  60%|█████▉    | 270/451 [1:29:55<1:15:17, 24.96s/it]Setting `pad_token_id` to `eos_token_id`:128001 for open-end generation.
behavioral smollm3/step1600k:  60%|██████    | 271/451 [1:30:03<59:35, 19.87s/it]  Setting `pad_token_id` to `eos_token_id`:128001 for open-end generation.
behavioral smollm3/step1600k:  60%|██████    | 272/451 [1:30:13<50:21, 16.88s/it]Setting `pad_token_id` to `eos_token_id`:128001 for open-end generation.
behavioral smollm3/step1600k:  61%|██████    | 273/451 [1:30:23<43:51, 14.79s/it]Setting `pad_token_id` to `eos_token_id`:128001 for open-end generation.
behavioral smollm3/step1600k:  61%|██████    | 274/451 [1:30:33<39:51, 13.51s/it]Setting `pad_token_id` to `eos_token_id`:128001 for open-end generation.
behavioral smollm3/step1600k:  61%|██████    | 275/451 [1:30:43<36:30, 12.44s/it]behavioral smollm3/step1600k:  61%|██████    | 276/451 [1:31:21<58:48, 20.16s/it]behavioral smollm3/step1600k:  61%|██████▏   | 277/451 [1:31:52<1:07:42, 23.35s/it]behavioral smollm3/step1600k:  62%|██████▏   | 278/451 [1:32:01<55:18, 19.18s/it]  behavioral smollm3/step1600k:  62%|██████▏   | 279/451 [1:32:41<1:12:23, 25.25s/it]behavioral smollm3/step1600k:  62%|██████▏   | 280/451 [1:33:26<1:29:08, 31.28s/it]Setting `pad_token_id` to `eos_token_id`:128001 for open-end generation.
behavioral smollm3/step1600k:  62%|██████▏   | 281/451 [1:33:34<1:08:51, 24.30s/it]Setting `pad_token_id` to `eos_token_id`:128001 for open-end generation.
behavioral smollm3/step1600k:  63%|██████▎   | 282/451 [1:33:42<54:37, 19.39s/it]  Setting `pad_token_id` to `eos_token_id`:128001 for open-end generation.
behavioral smollm3/step1600k:  63%|██████▎   | 283/451 [1:33:52<46:01, 16.44s/it]Setting `pad_token_id` to `eos_token_id`:128001 for open-end generation.
behavioral smollm3/step1600k:  63%|██████▎   | 284/451 [1:34:02<40:33, 14.57s/it]Setting `pad_token_id` to `eos_token_id`:128001 for open-end generation.
behavioral smollm3/step1600k:  63%|██████▎   | 285/451 [1:34:13<37:07, 13.42s/it]Setting `pad_token_id` to `eos_token_id`:128001 for open-end generation.
behavioral smollm3/step1600k:  63%|██████▎   | 286/451 [1:34:22<33:50, 12.31s/it]behavioral smollm3/step1600k:  64%|██████▎   | 287/451 [1:35:02<56:24, 20.64s/it]behavioral smollm3/step1600k:  64%|██████▍   | 288/451 [1:35:33<1:04:16, 23.66s/it]behavioral smollm3/step1600k:  64%|██████▍   | 289/451 [1:35:42<51:55, 19.23s/it]  behavioral smollm3/step1600k:  64%|██████▍   | 290/451 [1:36:22<1:07:57, 25.33s/it]behavioral smollm3/step1600k:  65%|██████▍   | 291/451 [1:37:06<1:22:45, 31.04s/it]Setting `pad_token_id` to `eos_token_id`:128001 for open-end generation.
behavioral smollm3/step1600k:  65%|██████▍   | 292/451 [1:37:14<1:04:17, 24.26s/it]Setting `pad_token_id` to `eos_token_id`:128001 for open-end generation.
behavioral smollm3/step1600k:  65%|██████▍   | 293/451 [1:37:24<51:58, 19.74s/it]  Setting `pad_token_id` to `eos_token_id`:128001 for open-end generation.
behavioral smollm3/step1600k:  65%|██████▌   | 294/451 [1:37:33<43:40, 16.69s/it]Setting `pad_token_id` to `eos_token_id`:128001 for open-end generation.
behavioral smollm3/step1600k:  65%|██████▌   | 295/451 [1:37:43<38:19, 14.74s/it]Setting `pad_token_id` to `eos_token_id`:128001 for open-end generation.
behavioral smollm3/step1600k:  66%|██████▌   | 296/451 [1:37:54<34:51, 13.49s/it]Setting `pad_token_id` to `eos_token_id`:128001 for open-end generation.
behavioral smollm3/step1600k:  66%|██████▌   | 297/451 [1:38:03<31:27, 12.25s/it]behavioral smollm3/step1600k:  66%|██████▌   | 298/451 [1:38:45<54:06, 21.22s/it]behavioral smollm3/step1600k:  66%|██████▋   | 299/451 [1:39:19<1:03:22, 25.01s/it]behavioral smollm3/step1600k:  67%|██████▋   | 300/451 [1:39:29<51:21, 20.41s/it]  behavioral smollm3/step1600k:  67%|██████▋   | 301/451 [1:40:09<1:06:04, 26.43s/it]behavioral smollm3/step1600k:  67%|██████▋   | 302/451 [1:40:55<1:19:40, 32.08s/it]Setting `pad_token_id` to `eos_token_id`:128001 for open-end generation.
behavioral smollm3/step1600k:  67%|██████▋   | 303/451 [1:41:03<1:01:40, 25.00s/it]Setting `pad_token_id` to `eos_token_id`:128001 for open-end generation.
behavioral smollm3/step1600k:  67%|██████▋   | 304/451 [1:41:12<49:06, 20.05s/it]  Setting `pad_token_id` to `eos_token_id`:128001 for open-end generation.
behavioral smollm3/step1600k:  68%|██████▊   | 305/451 [1:41:21<41:04, 16.88s/it]Setting `pad_token_id` to `eos_token_id`:128001 for open-end generation.
behavioral smollm3/step1600k:  68%|██████▊   | 306/451 [1:41:31<35:46, 14.81s/it]Setting `pad_token_id` to `eos_token_id`:128001 for open-end generation.
behavioral smollm3/step1600k:  68%|██████▊   | 307/451 [1:41:42<32:37, 13.60s/it]Setting `pad_token_id` to `eos_token_id`:128001 for open-end generation.
behavioral smollm3/step1600k:  68%|██████▊   | 308/451 [1:41:52<29:48, 12.51s/it]behavioral smollm3/step1600k:  69%|██████▊   | 309/451 [1:42:32<49:12, 20.79s/it]behavioral smollm3/step1600k:  69%|██████▊   | 310/451 [1:42:59<53:05, 22.59s/it]behavioral smollm3/step1600k:  69%|██████▉   | 311/451 [1:43:08<43:27, 18.63s/it]behavioral smollm3/step1600k:  69%|██████▉   | 312/451 [1:43:49<58:18, 25.17s/it]behavioral smollm3/step1600k:  69%|██████▉   | 313/451 [1:44:34<1:11:45, 31.20s/it]Setting `pad_token_id` to `eos_token_id`:128001 for open-end generation.
behavioral smollm3/step1600k:  70%|██████▉   | 314/451 [1:44:43<56:05, 24.57s/it]  Setting `pad_token_id` to `eos_token_id`:128001 for open-end generation.
behavioral smollm3/step1600k:  70%|██████▉   | 315/451 [1:44:52<45:05, 19.90s/it]Setting `pad_token_id` to `eos_token_id`:128001 for open-end generation.
behavioral smollm3/step1600k:  70%|███████   | 316/451 [1:45:02<38:04, 16.92s/it]Setting `pad_token_id` to `eos_token_id`:128001 for open-end generation.
behavioral smollm3/step1600k:  70%|███████   | 317/451 [1:45:12<32:59, 14.77s/it]Setting `pad_token_id` to `eos_token_id`:128001 for open-end generation.
behavioral smollm3/step1600k:  71%|███████   | 318/451 [1:45:22<29:49, 13.46s/it]Setting `pad_token_id` to `eos_token_id`:128001 for open-end generation.
behavioral smollm3/step1600k:  71%|███████   | 319/451 [1:45:32<27:04, 12.30s/it]behavioral smollm3/step1600k:  71%|███████   | 320/451 [1:46:05<40:38, 18.61s/it]behavioral smollm3/step1600k:  71%|███████   | 321/451 [1:46:33<46:05, 21.28s/it]behavioral smollm3/step1600k:  71%|███████▏  | 322/451 [1:46:42<37:56, 17.64s/it]behavioral smollm3/step1600k:  72%|███████▏  | 323/451 [1:47:11<44:59, 21.09s/it]behavioral smollm3/step1600k:  72%|███████▏  | 324/451 [1:47:54<58:39, 27.72s/it]Setting `pad_token_id` to `eos_token_id`:128001 for open-end generation.
behavioral smollm3/step1600k:  72%|███████▏  | 325/451 [1:48:03<46:08, 21.97s/it]Setting `pad_token_id` to `eos_token_id`:128001 for open-end generation.
behavioral smollm3/step1600k:  72%|███████▏  | 326/451 [1:48:11<37:01, 17.77s/it]Setting `pad_token_id` to `eos_token_id`:128001 for open-end generation.
behavioral smollm3/step1600k:  73%|███████▎  | 327/451 [1:48:21<32:04, 15.52s/it]Setting `pad_token_id` to `eos_token_id`:128001 for open-end generation.
behavioral smollm3/step1600k:  73%|███████▎  | 328/451 [1:48:31<28:43, 14.01s/it]Setting `pad_token_id` to `eos_token_id`:128001 for open-end generation.
behavioral smollm3/step1600k:  73%|███████▎  | 329/451 [1:48:42<26:41, 13.13s/it]Setting `pad_token_id` to `eos_token_id`:128001 for open-end generation.
behavioral smollm3/step1600k:  73%|███████▎  | 330/451 [1:48:53<24:42, 12.25s/it]behavioral smollm3/step1600k:  73%|███████▎  | 331/451 [1:49:32<40:36, 20.31s/it]behavioral smollm3/step1600k:  74%|███████▎  | 332/451 [1:50:07<49:14, 24.83s/it]behavioral smollm3/step1600k:  74%|███████▍  | 333/451 [1:50:16<39:39, 20.17s/it]behavioral smollm3/step1600k:  74%|███████▍  | 334/451 [1:50:56<50:29, 25.89s/it]behavioral smollm3/step1600k:  74%|███████▍  | 335/451 [1:51:41<1:01:22, 31.75s/it]Setting `pad_token_id` to `eos_token_id`:128001 for open-end generation.
behavioral smollm3/step1600k:  75%|███████▍  | 336/451 [1:51:49<47:22, 24.72s/it]  Setting `pad_token_id` to `eos_token_id`:128001 for open-end generation.
behavioral smollm3/step1600k:  75%|███████▍  | 337/451 [1:51:57<37:30, 19.74s/it]Setting `pad_token_id` to `eos_token_id`:128001 for open-end generation.
behavioral smollm3/step1600k:  75%|███████▍  | 338/451 [1:52:07<31:13, 16.58s/it]Setting `pad_token_id` to `eos_token_id`:128001 for open-end generation.
behavioral smollm3/step1600k:  75%|███████▌  | 339/451 [1:52:16<26:55, 14.43s/it]Setting `pad_token_id` to `eos_token_id`:128001 for open-end generation.
behavioral smollm3/step1600k:  75%|███████▌  | 340/451 [1:52:27<24:35, 13.29s/it]Setting `pad_token_id` to `eos_token_id`:128001 for open-end generation.
behavioral smollm3/step1600k:  76%|███████▌  | 341/451 [1:52:36<22:03, 12.03s/it]behavioral smollm3/step1600k:  76%|███████▌  | 342/451 [1:53:16<37:08, 20.45s/it]behavioral smollm3/step1600k:  76%|███████▌  | 343/451 [1:53:49<43:26, 24.13s/it]behavioral smollm3/step1600k:  76%|███████▋  | 344/451 [1:53:58<34:52, 19.56s/it]behavioral smollm3/step1600k:  76%|███████▋  | 345/451 [1:54:36<44:50, 25.39s/it]behavioral smollm3/step1600k:  77%|███████▋  | 346/451 [1:55:21<54:16, 31.02s/it]Setting `pad_token_id` to `eos_token_id`:128001 for open-end generation.
behavioral smollm3/step1600k:  77%|███████▋  | 347/451 [1:55:29<42:02, 24.25s/it]Setting `pad_token_id` to `eos_token_id`:128001 for open-end generation.
behavioral smollm3/step1600k:  77%|███████▋  | 348/451 [1:55:37<33:07, 19.29s/it]Setting `pad_token_id` to `eos_token_id`:128001 for open-end generation.
behavioral smollm3/step1600k:  77%|███████▋  | 349/451 [1:55:47<28:02, 16.50s/it]Setting `pad_token_id` to `eos_token_id`:128001 for open-end generation.
behavioral smollm3/step1600k:  78%|███████▊  | 350/451 [1:55:57<24:48, 14.74s/it]Setting `pad_token_id` to `eos_token_id`:128001 for open-end generation.
behavioral smollm3/step1600k:  78%|███████▊  | 351/451 [1:56:08<22:38, 13.58s/it]Setting `pad_token_id` to `eos_token_id`:128001 for open-end generation.
behavioral smollm3/step1600k:  78%|███████▊  | 352/451 [1:56:18<20:32, 12.44s/it]behavioral smollm3/step1600k:  78%|███████▊  | 353/451 [1:56:49<29:32, 18.09s/it]behavioral smollm3/step1600k:  78%|███████▊  | 354/451 [1:57:16<33:11, 20.53s/it]behavioral smollm3/step1600k:  79%|███████▊  | 355/451 [1:57:25<27:23, 17.12s/it]behavioral smollm3/step1600k:  79%|███████▉  | 356/451 [1:58:03<37:13, 23.51s/it]behavioral smollm3/step1600k:  79%|███████▉  | 357/451 [1:58:36<41:21, 26.40s/it]Setting `pad_token_id` to `eos_token_id`:128001 for open-end generation.
behavioral smollm3/step1600k:  79%|███████▉  | 358/451 [1:58:44<32:26, 20.93s/it]Setting `pad_token_id` to `eos_token_id`:128001 for open-end generation.
behavioral smollm3/step1600k:  80%|███████▉  | 359/451 [1:58:53<26:17, 17.14s/it]Setting `pad_token_id` to `eos_token_id`:128001 for open-end generation.
behavioral smollm3/step1600k:  80%|███████▉  | 360/451 [1:59:03<22:38, 14.93s/it]Setting `pad_token_id` to `eos_token_id`:128001 for open-end generation.
behavioral smollm3/step1600k:  80%|████████  | 361/451 [1:59:13<20:09, 13.44s/it]Setting `pad_token_id` to `eos_token_id`:128001 for open-end generation.
behavioral smollm3/step1600k:  80%|████████  | 362/451 [1:59:23<18:45, 12.64s/it]Setting `pad_token_id` to `eos_token_id`:128001 for open-end generation.
behavioral smollm3/step1600k:  80%|████████  | 363/451 [1:59:33<17:22, 11.85s/it]behavioral smollm3/step1600k:  81%|████████  | 364/451 [2:00:12<28:51, 19.90s/it]behavioral smollm3/step1600k:  81%|████████  | 365/451 [2:00:39<31:36, 22.05s/it]behavioral smollm3/step1600k:  81%|████████  | 366/451 [2:00:48<25:49, 18.23s/it]behavioral smollm3/step1600k:  81%|████████▏ | 367/451 [2:01:28<34:25, 24.59s/it]behavioral smollm3/step1600k:  82%|████████▏ | 368/451 [2:02:12<42:11, 30.50s/it]Setting `pad_token_id` to `eos_token_id`:128001 for open-end generation.
behavioral smollm3/step1600k:  82%|████████▏ | 369/451 [2:02:20<32:30, 23.79s/it]Setting `pad_token_id` to `eos_token_id`:128001 for open-end generation.
behavioral smollm3/step1600k:  82%|████████▏ | 370/451 [2:02:28<25:29, 18.89s/it]Setting `pad_token_id` to `eos_token_id`:128001 for open-end generation.
behavioral smollm3/step1600k:  82%|████████▏ | 371/451 [2:02:37<21:30, 16.13s/it]Setting `pad_token_id` to `eos_token_id`:128001 for open-end generation.
behavioral smollm3/step1600k:  82%|████████▏ | 372/451 [2:02:47<18:45, 14.25s/it]Setting `pad_token_id` to `eos_token_id`:128001 for open-end generation.
behavioral smollm3/step1600k:  83%|████████▎ | 373/451 [2:02:58<17:04, 13.13s/it]Setting `pad_token_id` to `eos_token_id`:128001 for open-end generation.
behavioral smollm3/step1600k:  83%|████████▎ | 374/451 [2:03:07<15:28, 12.06s/it]behavioral smollm3/step1600k:  83%|████████▎ | 375/451 [2:03:46<25:30, 20.14s/it]behavioral smollm3/step1600k:  83%|████████▎ | 376/451 [2:04:15<28:11, 22.55s/it]behavioral smollm3/step1600k:  84%|████████▎ | 377/451 [2:04:23<22:47, 18.47s/it]behavioral smollm3/step1600k:  84%|████████▍ | 378/451 [2:05:03<30:04, 24.72s/it]behavioral smollm3/step1600k:  84%|████████▍ | 379/451 [2:05:47<36:49, 30.68s/it]Setting `pad_token_id` to `eos_token_id`:128001 for open-end generation.
behavioral smollm3/step1600k:  84%|████████▍ | 380/451 [2:05:56<28:28, 24.06s/it]Setting `pad_token_id` to `eos_token_id`:128001 for open-end generation.
behavioral smollm3/step1600k:  84%|████████▍ | 381/451 [2:06:05<22:45, 19.50s/it]Setting `pad_token_id` to `eos_token_id`:128001 for open-end generation.
behavioral smollm3/step1600k:  85%|████████▍ | 382/451 [2:06:15<19:04, 16.58s/it]Setting `pad_token_id` to `eos_token_id`:128001 for open-end generation.
behavioral smollm3/step1600k:  85%|████████▍ | 383/451 [2:06:24<16:28, 14.53s/it]Setting `pad_token_id` to `eos_token_id`:128001 for open-end generation.
behavioral smollm3/step1600k:  85%|████████▌ | 384/451 [2:06:35<14:49, 13.27s/it]Setting `pad_token_id` to `eos_token_id`:128001 for open-end generation.
behavioral smollm3/step1600k:  85%|████████▌ | 385/451 [2:06:44<13:17, 12.08s/it]behavioral smollm3/step1600k:  86%|████████▌ | 386/451 [2:07:23<21:50, 20.16s/it]behavioral smollm3/step1600k:  86%|████████▌ | 387/451 [2:07:52<24:28, 22.94s/it]behavioral smollm3/step1600k:  86%|████████▌ | 388/451 [2:08:01<19:41, 18.75s/it]behavioral smollm3/step1600k:  86%|████████▋ | 389/451 [2:08:41<25:50, 25.01s/it]behavioral smollm3/step1600k:  86%|████████▋ | 390/451 [2:09:27<31:40, 31.15s/it]Setting `pad_token_id` to `eos_token_id`:128001 for open-end generation.
behavioral smollm3/step1600k:  87%|████████▋ | 391/451 [2:09:34<24:05, 24.10s/it]Setting `pad_token_id` to `eos_token_id`:128001 for open-end generation.
behavioral smollm3/step1600k:  87%|████████▋ | 392/451 [2:09:43<19:07, 19.45s/it]Setting `pad_token_id` to `eos_token_id`:128001 for open-end generation.
behavioral smollm3/step1600k:  87%|████████▋ | 393/451 [2:09:52<15:52, 16.43s/it]Setting `pad_token_id` to `eos_token_id`:128001 for open-end generation.
behavioral smollm3/step1600k:  87%|████████▋ | 394/451 [2:10:01<13:32, 14.25s/it]Setting `pad_token_id` to `eos_token_id`:128001 for open-end generation.
behavioral smollm3/step1600k:  88%|████████▊ | 395/451 [2:10:11<12:09, 13.03s/it]Setting `pad_token_id` to `eos_token_id`:128001 for open-end generation.
behavioral smollm3/step1600k:  88%|████████▊ | 396/451 [2:10:21<10:52, 11.86s/it]behavioral smollm3/step1600k:  88%|████████▊ | 397/451 [2:11:06<19:40, 21.87s/it]behavioral smollm3/step1600k:  88%|████████▊ | 398/451 [2:11:37<21:39, 24.52s/it]behavioral smollm3/step1600k:  88%|████████▊ | 399/451 [2:11:45<17:10, 19.81s/it]behavioral smollm3/step1600k:  89%|████████▊ | 400/451 [2:12:25<21:47, 25.64s/it]behavioral smollm3/step1600k:  89%|████████▉ | 401/451 [2:13:09<26:01, 31.23s/it]Setting `pad_token_id` to `eos_token_id`:128001 for open-end generation.
behavioral smollm3/step1600k:  89%|████████▉ | 402/451 [2:13:17<19:53, 24.36s/it]Setting `pad_token_id` to `eos_token_id`:128001 for open-end generation.
behavioral smollm3/step1600k:  89%|████████▉ | 403/451 [2:13:26<15:42, 19.63s/it]Setting `pad_token_id` to `eos_token_id`:128001 for open-end generation.
behavioral smollm3/step1600k:  90%|████████▉ | 404/451 [2:13:35<12:55, 16.49s/it]Setting `pad_token_id` to `eos_token_id`:128001 for open-end generation.
behavioral smollm3/step1600k:  90%|████████▉ | 405/451 [2:13:44<11:00, 14.35s/it]Setting `pad_token_id` to `eos_token_id`:128001 for open-end generation.
behavioral smollm3/step1600k:  90%|█████████ | 406/451 [2:13:55<09:58, 13.29s/it]Setting `pad_token_id` to `eos_token_id`:128001 for open-end generation.
behavioral smollm3/step1600k:  90%|█████████ | 407/451 [2:14:05<09:00, 12.28s/it]behavioral smollm3/step1600k:  90%|█████████ | 408/451 [2:14:48<15:28, 21.60s/it]behavioral smollm3/step1600k:  91%|█████████ | 409/451 [2:15:24<18:00, 25.72s/it]behavioral smollm3/step1600k:  91%|█████████ | 410/451 [2:15:33<14:13, 20.82s/it]behavioral smollm3/step1600k:  91%|█████████ | 411/451 [2:16:13<17:38, 26.46s/it]behavioral smollm3/step1600k:  91%|█████████▏| 412/451 [2:16:58<20:47, 31.98s/it]Setting `pad_token_id` to `eos_token_id`:128001 for open-end generation.
behavioral smollm3/step1600k:  92%|█████████▏| 413/451 [2:17:06<15:42, 24.81s/it]Setting `pad_token_id` to `eos_token_id`:128001 for open-end generation.
behavioral smollm3/step1600k:  92%|█████████▏| 414/451 [2:17:14<12:16, 19.92s/it]Setting `pad_token_id` to `eos_token_id`:128001 for open-end generation.
behavioral smollm3/step1600k:  92%|█████████▏| 415/451 [2:17:24<10:05, 16.81s/it]Setting `pad_token_id` to `eos_token_id`:128001 for open-end generation.
behavioral smollm3/step1600k:  92%|█████████▏| 416/451 [2:17:33<08:31, 14.62s/it]Setting `pad_token_id` to `eos_token_id`:128001 for open-end generation.
behavioral smollm3/step1600k:  92%|█████████▏| 417/451 [2:17:44<07:33, 13.35s/it]Setting `pad_token_id` to `eos_token_id`:128001 for open-end generation.
behavioral smollm3/step1600k:  93%|█████████▎| 418/451 [2:17:53<06:41, 12.16s/it]behavioral smollm3/step1600k:  93%|█████████▎| 419/451 [2:18:35<11:14, 21.09s/it]behavioral smollm3/step1600k:  93%|█████████▎| 420/451 [2:19:10<13:05, 25.33s/it]behavioral smollm3/step1600k:  93%|█████████▎| 421/451 [2:19:20<10:19, 20.64s/it]behavioral smollm3/step1600k:  94%|█████████▎| 422/451 [2:20:00<12:52, 26.63s/it]behavioral smollm3/step1600k:  94%|█████████▍| 423/451 [2:20:47<15:09, 32.48s/it]Setting `pad_token_id` to `eos_token_id`:128001 for open-end generation.
behavioral smollm3/step1600k:  94%|█████████▍| 424/451 [2:20:55<11:21, 25.23s/it]Setting `pad_token_id` to `eos_token_id`:128001 for open-end generation.
behavioral smollm3/step1600k:  94%|█████████▍| 425/451 [2:21:05<08:56, 20.65s/it]Setting `pad_token_id` to `eos_token_id`:128001 for open-end generation.
behavioral smollm3/step1600k:  94%|█████████▍| 426/451 [2:21:15<07:14, 17.39s/it]Setting `pad_token_id` to `eos_token_id`:128001 for open-end generation.
behavioral smollm3/step1600k:  95%|█████████▍| 427/451 [2:21:25<06:04, 15.20s/it]Setting `pad_token_id` to `eos_token_id`:128001 for open-end generation.
behavioral smollm3/step1600k:  95%|█████████▍| 428/451 [2:21:36<05:20, 13.96s/it]Setting `pad_token_id` to `eos_token_id`:128001 for open-end generation.
behavioral smollm3/step1600k:  95%|█████████▌| 429/451 [2:21:46<04:41, 12.78s/it]behavioral smollm3/step1600k:  95%|█████████▌| 430/451 [2:22:26<07:23, 21.10s/it]behavioral smollm3/step1600k:  96%|█████████▌| 431/451 [2:22:57<07:58, 23.95s/it]behavioral smollm3/step1600k:  96%|█████████▌| 432/451 [2:23:06<06:10, 19.52s/it]behavioral smollm3/step1600k:  96%|█████████▌| 433/451 [2:23:45<07:37, 25.44s/it]behavioral smollm3/step1600k:  96%|█████████▌| 434/451 [2:24:30<08:49, 31.17s/it]Setting `pad_token_id` to `eos_token_id`:128001 for open-end generation.
behavioral smollm3/step1600k:  96%|█████████▋| 435/451 [2:24:39<06:30, 24.41s/it]Setting `pad_token_id` to `eos_token_id`:128001 for open-end generation.
behavioral smollm3/step1600k:  97%|█████████▋| 436/451 [2:24:48<04:57, 19.82s/it]Setting `pad_token_id` to `eos_token_id`:128001 for open-end generation.
behavioral smollm3/step1600k:  97%|█████████▋| 437/451 [2:24:57<03:53, 16.70s/it]Setting `pad_token_id` to `eos_token_id`:128001 for open-end generation.
behavioral smollm3/step1600k:  97%|█████████▋| 438/451 [2:25:08<03:12, 14.84s/it]Setting `pad_token_id` to `eos_token_id`:128001 for open-end generation.
behavioral smollm3/step1600k:  97%|█████████▋| 439/451 [2:25:18<02:43, 13.66s/it]Setting `pad_token_id` to `eos_token_id`:128001 for open-end generation.
behavioral smollm3/step1600k:  98%|█████████▊| 440/451 [2:25:28<02:18, 12.55s/it]behavioral smollm3/step1600k:  98%|█████████▊| 441/451 [2:26:04<03:13, 19.39s/it]behavioral smollm3/step1600k:  98%|█████████▊| 442/451 [2:26:38<03:33, 23.70s/it]behavioral smollm3/step1600k:  98%|█████████▊| 443/451 [2:26:47<02:35, 19.38s/it]behavioral smollm3/step1600k:  98%|█████████▊| 444/451 [2:27:26<02:57, 25.35s/it]behavioral smollm3/step1600k:  99%|█████████▊| 445/451 [2:28:13<03:09, 31.66s/it]Setting `pad_token_id` to `eos_token_id`:128001 for open-end generation.
behavioral smollm3/step1600k:  99%|█████████▉| 446/451 [2:28:20<02:02, 24.55s/it]Setting `pad_token_id` to `eos_token_id`:128001 for open-end generation.
behavioral smollm3/step1600k:  99%|█████████▉| 447/451 [2:28:29<01:19, 19.75s/it]Setting `pad_token_id` to `eos_token_id`:128001 for open-end generation.
behavioral smollm3/step1600k:  99%|█████████▉| 448/451 [2:28:38<00:49, 16.62s/it]Setting `pad_token_id` to `eos_token_id`:128001 for open-end generation.
behavioral smollm3/step1600k: 100%|█████████▉| 449/451 [2:28:48<00:29, 14.58s/it]Setting `pad_token_id` to `eos_token_id`:128001 for open-end generation.
behavioral smollm3/step1600k: 100%|█████████▉| 450/451 [2:28:59<00:13, 13.39s/it]Setting `pad_token_id` to `eos_token_id`:128001 for open-end generation.
behavioral smollm3/step1600k: 100%|██████████| 451/451 [2:29:08<00:00, 12.29s/it]behavioral smollm3/step1600k: 100%|██████████| 451/451 [2:29:08<00:00, 19.84s/it]
  ✅ Saved 451 records → data/results/behavioral_smollm3_45/smollm3_step1600k_behavioral_smollm3.jsonl

Loading SmolLM3-3B @ step2400k ...
Loading checkpoint shards:   0%|          | 0/2 [00:00<?, ?it/s]Loading checkpoint shards:  50%|█████     | 1/2 [00:07<00:07,  7.12s/it]Loading checkpoint shards: 100%|██████████| 2/2 [00:08<00:00,  3.96s/it]Loading checkpoint shards: 100%|██████████| 2/2 [00:08<00:00,  4.43s/it]
behavioral smollm3/step2400k:   0%|          | 0/451 [00:00<?, ?it/s]behavioral smollm3/step2400k:   0%|          | 1/451 [00:39<4:57:18, 39.64s/it]behavioral smollm3/step2400k:   0%|          | 2/451 [01:09<4:11:36, 33.62s/it]behavioral smollm3/step2400k:   1%|          | 3/451 [01:18<2:48:55, 22.62s/it]behavioral smollm3/step2400k:   1%|          | 4/451 [01:57<3:36:16, 29.03s/it]behavioral smollm3/step2400k:   1%|          | 5/451 [02:40<4:14:29, 34.24s/it]Setting `pad_token_id` to `eos_token_id`:128001 for open-end generation.
behavioral smollm3/step2400k:   1%|▏         | 6/451 [02:50<3:10:56, 25.74s/it]Setting `pad_token_id` to `eos_token_id`:128001 for open-end generation.
behavioral smollm3/step2400k:   2%|▏         | 7/451 [02:58<2:28:59, 20.13s/it]Setting `pad_token_id` to `eos_token_id`:128001 for open-end generation.
behavioral smollm3/step2400k:   2%|▏         | 8/451 [03:08<2:04:50, 16.91s/it]Setting `pad_token_id` to `eos_token_id`:128001 for open-end generation.
behavioral smollm3/step2400k:   2%|▏         | 9/451 [03:18<1:48:28, 14.72s/it]Setting `pad_token_id` to `eos_token_id`:128001 for open-end generation.
behavioral smollm3/step2400k:   2%|▏         | 10/451 [03:29<1:40:06, 13.62s/it]Setting `pad_token_id` to `eos_token_id`:128001 for open-end generation.
behavioral smollm3/step2400k:   2%|▏         | 11/451 [03:40<1:32:45, 12.65s/it]behavioral smollm3/step2400k:   3%|▎         | 12/451 [04:06<2:03:12, 16.84s/it]behavioral smollm3/step2400k:   3%|▎         | 13/451 [04:40<2:40:36, 22.00s/it]behavioral smollm3/step2400k:   3%|▎         | 14/451 [04:49<2:10:31, 17.92s/it]behavioral smollm3/step2400k:   3%|▎         | 15/451 [05:25<2:50:41, 23.49s/it]behavioral smollm3/step2400k:   4%|▎         | 16/451 [06:05<3:26:50, 28.53s/it]Setting `pad_token_id` to `eos_token_id`:128001 for open-end generation.
behavioral smollm3/step2400k:   4%|▍         | 17/451 [06:13<2:41:25, 22.32s/it]Setting `pad_token_id` to `eos_token_id`:128001 for open-end generation.
behavioral smollm3/step2400k:   4%|▍         | 18/451 [06:21<2:09:34, 17.95s/it]Setting `pad_token_id` to `eos_token_id`:128001 for open-end generation.
behavioral smollm3/step2400k:   4%|▍         | 19/451 [06:31<1:51:42, 15.52s/it]Setting `pad_token_id` to `eos_token_id`:128001 for open-end generation.
behavioral smollm3/step2400k:   4%|▍         | 20/451 [06:40<1:38:56, 13.77s/it]Setting `pad_token_id` to `eos_token_id`:128001 for open-end generation.
behavioral smollm3/step2400k:   5%|▍         | 21/451 [06:51<1:30:55, 12.69s/it]Setting `pad_token_id` to `eos_token_id`:128001 for open-end generation.
behavioral smollm3/step2400k:   5%|▍         | 22/451 [07:01<1:25:19, 11.93s/it]behavioral smollm3/step2400k:   5%|▌         | 23/451 [07:32<2:07:12, 17.83s/it]behavioral smollm3/step2400k:   5%|▌         | 24/451 [08:03<2:33:38, 21.59s/it]behavioral smollm3/step2400k:   6%|▌         | 25/451 [08:10<2:03:55, 17.45s/it]behavioral smollm3/step2400k:   6%|▌         | 26/451 [08:45<2:38:55, 22.44s/it]behavioral smollm3/step2400k:   6%|▌         | 27/451 [09:24<3:14:50, 27.57s/it]Setting `pad_token_id` to `eos_token_id`:128001 for open-end generation.
behavioral smollm3/step2400k:   6%|▌         | 28/451 [09:32<2:33:35, 21.79s/it]Setting `pad_token_id` to `eos_token_id`:128001 for open-end generation.
behavioral smollm3/step2400k:   6%|▋         | 29/451 [09:40<2:03:47, 17.60s/it]Setting `pad_token_id` to `eos_token_id`:128001 for open-end generation.
behavioral smollm3/step2400k:   7%|▋         | 30/451 [09:50<1:46:04, 15.12s/it]Setting `pad_token_id` to `eos_token_id`:128001 for open-end generation.
behavioral smollm3/step2400k:   7%|▋         | 31/451 [10:00<1:35:26, 13.63s/it]Setting `pad_token_id` to `eos_token_id`:128001 for open-end generation.
behavioral smollm3/step2400k:   7%|▋         | 32/451 [10:10<1:28:02, 12.61s/it]Setting `pad_token_id` to `eos_token_id`:128001 for open-end generation.
behavioral smollm3/step2400k:   7%|▋         | 33/451 [10:20<1:21:33, 11.71s/it]behavioral smollm3/step2400k:   8%|▊         | 34/451 [10:57<2:14:14, 19.32s/it]behavioral smollm3/step2400k:   8%|▊         | 35/451 [11:26<2:35:17, 22.40s/it]behavioral smollm3/step2400k:   8%|▊         | 36/451 [11:36<2:08:04, 18.52s/it]behavioral smollm3/step2400k:   8%|▊         | 37/451 [12:15<2:51:39, 24.88s/it]behavioral smollm3/step2400k:   8%|▊         | 38/451 [13:00<3:32:22, 30.85s/it]Setting `pad_token_id` to `eos_token_id`:128001 for open-end generation.
behavioral smollm3/step2400k:   9%|▊         | 39/451 [13:08<2:45:25, 24.09s/it]Setting `pad_token_id` to `eos_token_id`:128001 for open-end generation.
behavioral smollm3/step2400k:   9%|▉         | 40/451 [13:18<2:14:25, 19.62s/it]Setting `pad_token_id` to `eos_token_id`:128001 for open-end generation.
behavioral smollm3/step2400k:   9%|▉         | 41/451 [13:28<1:54:03, 16.69s/it]Setting `pad_token_id` to `eos_token_id`:128001 for open-end generation.
behavioral smollm3/step2400k:   9%|▉         | 42/451 [13:37<1:38:29, 14.45s/it]Setting `pad_token_id` to `eos_token_id`:128001 for open-end generation.
behavioral smollm3/step2400k:  10%|▉         | 43/451 [13:47<1:30:04, 13.25s/it]Setting `pad_token_id` to `eos_token_id`:128001 for open-end generation.
behavioral smollm3/step2400k:  10%|▉         | 44/451 [13:57<1:23:31, 12.31s/it]behavioral smollm3/step2400k:  10%|▉         | 45/451 [14:35<2:15:23, 20.01s/it]behavioral smollm3/step2400k:  10%|█         | 46/451 [15:09<2:43:26, 24.21s/it]behavioral smollm3/step2400k:  10%|█         | 47/451 [15:19<2:13:18, 19.80s/it]behavioral smollm3/step2400k:  11%|█         | 48/451 [16:00<2:55:22, 26.11s/it]behavioral smollm3/step2400k:  11%|█         | 49/451 [16:47<3:36:43, 32.35s/it]Setting `pad_token_id` to `eos_token_id`:128001 for open-end generation.
behavioral smollm3/step2400k:  11%|█         | 50/451 [16:56<2:49:58, 25.43s/it]Setting `pad_token_id` to `eos_token_id`:128001 for open-end generation.
behavioral smollm3/step2400k:  11%|█▏        | 51/451 [17:05<2:16:37, 20.49s/it]Setting `pad_token_id` to `eos_token_id`:128001 for open-end generation.
behavioral smollm3/step2400k:  12%|█▏        | 52/451 [17:15<1:55:30, 17.37s/it]Setting `pad_token_id` to `eos_token_id`:128001 for open-end generation.
behavioral smollm3/step2400k:  12%|█▏        | 53/451 [17:26<1:43:00, 15.53s/it]Setting `pad_token_id` to `eos_token_id`:128001 for open-end generation.
behavioral smollm3/step2400k:  12%|█▏        | 54/451 [17:37<1:34:19, 14.25s/it]Setting `pad_token_id` to `eos_token_id`:128001 for open-end generation.
behavioral smollm3/step2400k:  12%|█▏        | 55/451 [17:47<1:24:59, 12.88s/it]behavioral smollm3/step2400k:  12%|█▏        | 56/451 [18:26<2:16:41, 20.76s/it]behavioral smollm3/step2400k:  13%|█▎        | 57/451 [18:56<2:34:15, 23.49s/it]behavioral smollm3/step2400k:  13%|█▎        | 58/451 [19:05<2:06:02, 19.24s/it]behavioral smollm3/step2400k:  13%|█▎        | 59/451 [19:46<2:46:45, 25.52s/it]behavioral smollm3/step2400k:  13%|█▎        | 60/451 [20:31<3:24:42, 31.41s/it]Setting `pad_token_id` to `eos_token_id`:128001 for open-end generation.
behavioral smollm3/step2400k:  14%|█▎        | 61/451 [20:40<2:40:32, 24.70s/it]Setting `pad_token_id` to `eos_token_id`:128001 for open-end generation.
behavioral smollm3/step2400k:  14%|█▎        | 62/451 [20:48<2:07:43, 19.70s/it]Setting `pad_token_id` to `eos_token_id`:128001 for open-end generation.
behavioral smollm3/step2400k:  14%|█▍        | 63/451 [20:58<1:48:29, 16.78s/it]Setting `pad_token_id` to `eos_token_id`:128001 for open-end generation.
behavioral smollm3/step2400k:  14%|█▍        | 64/451 [21:08<1:35:28, 14.80s/it]Setting `pad_token_id` to `eos_token_id`:128001 for open-end generation.
behavioral smollm3/step2400k:  14%|█▍        | 65/451 [21:19<1:27:40, 13.63s/it]Setting `pad_token_id` to `eos_token_id`:128001 for open-end generation.
behavioral smollm3/step2400k:  15%|█▍        | 66/451 [21:29<1:20:32, 12.55s/it]behavioral smollm3/step2400k:  15%|█▍        | 67/451 [22:06<2:06:49, 19.82s/it]behavioral smollm3/step2400k:  15%|█▌        | 68/451 [22:34<2:23:23, 22.46s/it]behavioral smollm3/step2400k:  15%|█▌        | 69/451 [22:43<1:57:11, 18.41s/it]behavioral smollm3/step2400k:  16%|█▌        | 70/451 [23:23<2:37:30, 24.80s/it]behavioral smollm3/step2400k:  16%|█▌        | 71/451 [24:08<3:14:39, 30.74s/it]Setting `pad_token_id` to `eos_token_id`:128001 for open-end generation.
behavioral smollm3/step2400k:  16%|█▌        | 72/451 [24:16<2:31:18, 23.95s/it]Setting `pad_token_id` to `eos_token_id`:128001 for open-end generation.
behavioral smollm3/step2400k:  16%|█▌        | 73/451 [24:24<2:00:58, 19.20s/it]Setting `pad_token_id` to `eos_token_id`:128001 for open-end generation.
behavioral smollm3/step2400k:  16%|█▋        | 74/451 [24:33<1:42:06, 16.25s/it]Setting `pad_token_id` to `eos_token_id`:128001 for open-end generation.
behavioral smollm3/step2400k:  17%|█▋        | 75/451 [24:43<1:29:52, 14.34s/it]Setting `pad_token_id` to `eos_token_id`:128001 for open-end generation.
behavioral smollm3/step2400k:  17%|█▋        | 76/451 [24:53<1:21:49, 13.09s/it]Setting `pad_token_id` to `eos_token_id`:128001 for open-end generation.
behavioral smollm3/step2400k:  17%|█▋        | 77/451 [25:02<1:14:17, 11.92s/it]behavioral smollm3/step2400k:  17%|█▋        | 78/451 [25:33<1:48:55, 17.52s/it]behavioral smollm3/step2400k:  18%|█▊        | 79/451 [26:02<2:10:31, 21.05s/it]behavioral smollm3/step2400k:  18%|█▊        | 80/451 [26:11<1:46:20, 17.20s/it]behavioral smollm3/step2400k:  18%|█▊        | 81/451 [26:53<2:32:30, 24.73s/it]behavioral smollm3/step2400k:  18%|█▊        | 82/451 [27:34<3:03:12, 29.79s/it]Setting `pad_token_id` to `eos_token_id`:128001 for open-end generation.
behavioral smollm3/step2400k:  18%|█▊        | 83/451 [27:42<2:22:41, 23.26s/it]Setting `pad_token_id` to `eos_token_id`:128001 for open-end generation.
behavioral smollm3/step2400k:  19%|█▊        | 84/451 [27:50<1:54:20, 18.69s/it]Setting `pad_token_id` to `eos_token_id`:128001 for open-end generation.
behavioral smollm3/step2400k:  19%|█▉        | 85/451 [28:00<1:37:11, 15.93s/it]Setting `pad_token_id` to `eos_token_id`:128001 for open-end generation.
behavioral smollm3/step2400k:  19%|█▉        | 86/451 [28:11<1:27:15, 14.34s/it]Setting `pad_token_id` to `eos_token_id`:128001 for open-end generation.
behavioral smollm3/step2400k:  19%|█▉        | 87/451 [28:21<1:19:51, 13.16s/it]Setting `pad_token_id` to `eos_token_id`:128001 for open-end generation.
behavioral smollm3/step2400k:  20%|█▉        | 88/451 [28:31<1:13:44, 12.19s/it]behavioral smollm3/step2400k:  20%|█▉        | 89/451 [29:10<2:02:34, 20.32s/it]behavioral smollm3/step2400k:  20%|█▉        | 90/451 [29:41<2:21:40, 23.55s/it]behavioral smollm3/step2400k:  20%|██        | 91/451 [29:51<1:55:38, 19.27s/it]behavioral smollm3/step2400k:  20%|██        | 92/451 [30:30<2:32:13, 25.44s/it]behavioral smollm3/step2400k:  21%|██        | 93/451 [31:17<3:08:46, 31.64s/it]Setting `pad_token_id` to `eos_token_id`:128001 for open-end generation.
behavioral smollm3/step2400k:  21%|██        | 94/451 [31:25<2:27:35, 24.81s/it]Setting `pad_token_id` to `eos_token_id`:128001 for open-end generation.
behavioral smollm3/step2400k:  21%|██        | 95/451 [31:34<1:58:06, 19.91s/it]Setting `pad_token_id` to `eos_token_id`:128001 for open-end generation.
behavioral smollm3/step2400k:  21%|██▏       | 96/451 [31:43<1:39:28, 16.81s/it]Setting `pad_token_id` to `eos_token_id`:128001 for open-end generation.
behavioral smollm3/step2400k:  22%|██▏       | 97/451 [31:53<1:26:21, 14.64s/it]Setting `pad_token_id` to `eos_token_id`:128001 for open-end generation.
behavioral smollm3/step2400k:  22%|██▏       | 98/451 [32:04<1:19:22, 13.49s/it]Setting `pad_token_id` to `eos_token_id`:128001 for open-end generation.
behavioral smollm3/step2400k:  22%|██▏       | 99/451 [32:13<1:11:52, 12.25s/it]behavioral smollm3/step2400k:  22%|██▏       | 100/451 [32:54<2:01:21, 20.75s/it]behavioral smollm3/step2400k:  22%|██▏       | 101/451 [33:22<2:14:24, 23.04s/it]behavioral smollm3/step2400k:  23%|██▎       | 102/451 [33:31<1:49:39, 18.85s/it]behavioral smollm3/step2400k:  23%|██▎       | 103/451 [34:11<2:25:43, 25.12s/it]behavioral smollm3/step2400k:  23%|██▎       | 104/451 [34:57<3:01:30, 31.38s/it]Setting `pad_token_id` to `eos_token_id`:128001 for open-end generation.
behavioral smollm3/step2400k:  23%|██▎       | 105/451 [35:05<2:21:19, 24.51s/it]Setting `pad_token_id` to `eos_token_id`:128001 for open-end generation.
behavioral smollm3/step2400k:  24%|██▎       | 106/451 [35:14<1:53:19, 19.71s/it]Setting `pad_token_id` to `eos_token_id`:128001 for open-end generation.
behavioral smollm3/step2400k:  24%|██▎       | 107/451 [35:24<1:36:35, 16.85s/it]Setting `pad_token_id` to `eos_token_id`:128001 for open-end generation.
behavioral smollm3/step2400k:  24%|██▍       | 108/451 [35:36<1:27:09, 15.25s/it]Setting `pad_token_id` to `eos_token_id`:128001 for open-end generation.
behavioral smollm3/step2400k:  24%|██▍       | 109/451 [35:47<1:20:36, 14.14s/it]Setting `pad_token_id` to `eos_token_id`:128001 for open-end generation.
behavioral smollm3/step2400k:  24%|██▍       | 110/451 [35:57<1:13:35, 12.95s/it]behavioral smollm3/step2400k:  25%|██▍       | 111/451 [36:37<1:58:53, 20.98s/it]behavioral smollm3/step2400k:  25%|██▍       | 112/451 [37:12<2:22:41, 25.25s/it]behavioral smollm3/step2400k:  25%|██▌       | 113/451 [37:21<1:54:50, 20.39s/it]behavioral smollm3/step2400k:  25%|██▌       | 114/451 [38:01<2:27:28, 26.26s/it]behavioral smollm3/step2400k:  25%|██▌       | 115/451 [38:46<2:58:12, 31.82s/it]Setting `pad_token_id` to `eos_token_id`:128001 for open-end generation.
behavioral smollm3/step2400k:  26%|██▌       | 116/451 [38:54<2:17:40, 24.66s/it]Setting `pad_token_id` to `eos_token_id`:128001 for open-end generation.
behavioral smollm3/step2400k:  26%|██▌       | 117/451 [39:03<1:50:45, 19.90s/it]Setting `pad_token_id` to `eos_token_id`:128001 for open-end generation.
behavioral smollm3/step2400k:  26%|██▌       | 118/451 [39:13<1:33:29, 16.85s/it]Setting `pad_token_id` to `eos_token_id`:128001 for open-end generation.
behavioral smollm3/step2400k:  26%|██▋       | 119/451 [39:22<1:20:51, 14.61s/it]Setting `pad_token_id` to `eos_token_id`:128001 for open-end generation.
behavioral smollm3/step2400k:  27%|██▋       | 120/451 [39:32<1:13:15, 13.28s/it]Setting `pad_token_id` to `eos_token_id`:128001 for open-end generation.
behavioral smollm3/step2400k:  27%|██▋       | 121/451 [39:41<1:06:08, 12.03s/it]behavioral smollm3/step2400k:  27%|██▋       | 122/451 [40:11<1:34:45, 17.28s/it]behavioral smollm3/step2400k:  27%|██▋       | 123/451 [40:39<1:51:38, 20.42s/it]behavioral smollm3/step2400k:  27%|██▋       | 124/451 [40:47<1:31:26, 16.78s/it]behavioral smollm3/step2400k:  28%|██▊       | 125/451 [41:24<2:05:03, 23.02s/it]behavioral smollm3/step2400k:  28%|██▊       | 126/451 [42:03<2:29:25, 27.59s/it]Setting `pad_token_id` to `eos_token_id`:128001 for open-end generation.
behavioral smollm3/step2400k:  28%|██▊       | 127/451 [42:11<1:57:16, 21.72s/it]Setting `pad_token_id` to `eos_token_id`:128001 for open-end generation.
behavioral smollm3/step2400k:  28%|██▊       | 128/451 [42:18<1:34:27, 17.55s/it]Setting `pad_token_id` to `eos_token_id`:128001 for open-end generation.
behavioral smollm3/step2400k:  29%|██▊       | 129/451 [42:28<1:21:59, 15.28s/it]Setting `pad_token_id` to `eos_token_id`:128001 for open-end generation.
behavioral smollm3/step2400k:  29%|██▉       | 130/451 [42:38<1:13:11, 13.68s/it]Setting `pad_token_id` to `eos_token_id`:128001 for open-end generation.
behavioral smollm3/step2400k:  29%|██▉       | 131/451 [42:48<1:06:27, 12.46s/it]Setting `pad_token_id` to `eos_token_id`:128001 for open-end generation.
behavioral smollm3/step2400k:  29%|██▉       | 132/451 [42:58<1:02:30, 11.76s/it]behavioral smollm3/step2400k:  29%|██▉       | 133/451 [43:35<1:41:54, 19.23s/it]behavioral smollm3/step2400k:  30%|██▉       | 134/451 [44:02<1:54:25, 21.66s/it]behavioral smollm3/step2400k:  30%|██▉       | 135/451 [44:11<1:34:16, 17.90s/it]behavioral smollm3/step2400k:  30%|███       | 136/451 [44:51<2:08:33, 24.49s/it]behavioral smollm3/step2400k:  30%|███       | 137/451 [45:36<2:39:44, 30.52s/it]Setting `pad_token_id` to `eos_token_id`:128001 for open-end generation.
behavioral smollm3/step2400k:  31%|███       | 138/451 [45:45<2:05:50, 24.12s/it]Setting `pad_token_id` to `eos_token_id`:128001 for open-end generation.
behavioral smollm3/step2400k:  31%|███       | 139/451 [45:53<1:40:56, 19.41s/it]Setting `pad_token_id` to `eos_token_id`:128001 for open-end generation.
behavioral smollm3/step2400k:  31%|███       | 140/451 [46:03<1:26:01, 16.60s/it]Setting `pad_token_id` to `eos_token_id`:128001 for open-end generation.
behavioral smollm3/step2400k:  31%|███▏      | 141/451 [46:13<1:15:23, 14.59s/it]Setting `pad_token_id` to `eos_token_id`:128001 for open-end generation.
behavioral smollm3/step2400k:  31%|███▏      | 142/451 [46:24<1:08:38, 13.33s/it]Setting `pad_token_id` to `eos_token_id`:128001 for open-end generation.
behavioral smollm3/step2400k:  32%|███▏      | 143/451 [46:33<1:02:42, 12.22s/it]behavioral smollm3/step2400k:  32%|███▏      | 144/451 [47:16<1:49:23, 21.38s/it]behavioral smollm3/step2400k:  32%|███▏      | 145/451 [47:47<2:03:28, 24.21s/it]behavioral smollm3/step2400k:  32%|███▏      | 146/451 [47:56<1:39:55, 19.66s/it]behavioral smollm3/step2400k:  33%|███▎      | 147/451 [48:36<2:10:13, 25.70s/it]behavioral smollm3/step2400k:  33%|███▎      | 148/451 [49:20<2:38:34, 31.40s/it]Setting `pad_token_id` to `eos_token_id`:128001 for open-end generation.
behavioral smollm3/step2400k:  33%|███▎      | 149/451 [49:30<2:05:19, 24.90s/it]Setting `pad_token_id` to `eos_token_id`:128001 for open-end generation.
behavioral smollm3/step2400k:  33%|███▎      | 150/451 [49:39<1:40:17, 19.99s/it]Setting `pad_token_id` to `eos_token_id`:128001 for open-end generation.
behavioral smollm3/step2400k:  33%|███▎      | 151/451 [49:51<1:27:54, 17.58s/it]Setting `pad_token_id` to `eos_token_id`:128001 for open-end generation.
behavioral smollm3/step2400k:  34%|███▎      | 152/451 [50:01<1:17:23, 15.53s/it]Setting `pad_token_id` to `eos_token_id`:128001 for open-end generation.
behavioral smollm3/step2400k:  34%|███▍      | 153/451 [50:15<1:13:54, 14.88s/it]Setting `pad_token_id` to `eos_token_id`:128001 for open-end generation.
behavioral smollm3/step2400k:  34%|███▍      | 154/451 [50:27<1:10:03, 14.15s/it]behavioral smollm3/step2400k:  34%|███▍      | 155/451 [51:06<1:46:17, 21.55s/it]behavioral smollm3/step2400k:  35%|███▍      | 156/451 [51:46<2:12:47, 27.01s/it]behavioral smollm3/step2400k:  35%|███▍      | 157/451 [51:56<1:47:56, 22.03s/it]behavioral smollm3/step2400k:  35%|███▌      | 158/451 [52:37<2:15:24, 27.73s/it]behavioral smollm3/step2400k:  35%|███▌      | 159/451 [53:23<2:41:32, 33.19s/it]Setting `pad_token_id` to `eos_token_id`:128001 for open-end generation.
behavioral smollm3/step2400k:  35%|███▌      | 160/451 [53:33<2:06:42, 26.12s/it]Setting `pad_token_id` to `eos_token_id`:128001 for open-end generation.
behavioral smollm3/step2400k:  36%|███▌      | 161/451 [53:43<1:43:56, 21.51s/it]Setting `pad_token_id` to `eos_token_id`:128001 for open-end generation.
behavioral smollm3/step2400k:  36%|███▌      | 162/451 [53:56<1:30:22, 18.76s/it]Setting `pad_token_id` to `eos_token_id`:128001 for open-end generation.
behavioral smollm3/step2400k:  36%|███▌      | 163/451 [54:08<1:20:32, 16.78s/it]Setting `pad_token_id` to `eos_token_id`:128001 for open-end generation.
behavioral smollm3/step2400k:  36%|███▋      | 164/451 [54:21<1:14:59, 15.68s/it]Setting `pad_token_id` to `eos_token_id`:128001 for open-end generation.
behavioral smollm3/step2400k:  37%|███▋      | 165/451 [54:34<1:10:12, 14.73s/it]behavioral smollm3/step2400k:  37%|███▋      | 166/451 [55:05<1:34:05, 19.81s/it]behavioral smollm3/step2400k:  37%|███▋      | 167/451 [55:38<1:52:24, 23.75s/it]behavioral smollm3/step2400k:  37%|███▋      | 168/451 [55:48<1:32:49, 19.68s/it]behavioral smollm3/step2400k:  37%|███▋      | 169/451 [56:31<2:04:58, 26.59s/it]behavioral smollm3/step2400k:  38%|███▊      | 170/451 [57:12<2:24:37, 30.88s/it]Setting `pad_token_id` to `eos_token_id`:128001 for open-end generation.
behavioral smollm3/step2400k:  38%|███▊      | 171/451 [57:22<1:55:03, 24.66s/it]Setting `pad_token_id` to `eos_token_id`:128001 for open-end generation.
behavioral smollm3/step2400k:  38%|███▊      | 172/451 [57:33<1:35:06, 20.45s/it]Setting `pad_token_id` to `eos_token_id`:128001 for open-end generation.
behavioral smollm3/step2400k:  38%|███▊      | 173/451 [57:48<1:27:00, 18.78s/it]Setting `pad_token_id` to `eos_token_id`:128001 for open-end generation.
behavioral smollm3/step2400k:  39%|███▊      | 174/451 [58:22<1:47:59, 23.39s/it]Setting `pad_token_id` to `eos_token_id`:128001 for open-end generation.
behavioral smollm3/step2400k:  39%|███▉      | 175/451 [59:05<2:15:21, 29.43s/it]Setting `pad_token_id` to `eos_token_id`:128001 for open-end generation.
behavioral smollm3/step2400k:  39%|███▉      | 176/451 [59:18<1:51:46, 24.39s/it]behavioral smollm3/step2400k:  39%|███▉      | 177/451 [59:55<2:08:04, 28.04s/it]behavioral smollm3/step2400k:  39%|███▉      | 178/451 [1:00:26<2:12:22, 29.10s/it]behavioral smollm3/step2400k:  40%|███▉      | 179/451 [1:00:36<1:45:31, 23.28s/it]behavioral smollm3/step2400k:  40%|███▉      | 180/451 [1:01:16<2:08:06, 28.36s/it]behavioral smollm3/step2400k:  40%|████      | 181/451 [1:02:02<2:31:47, 33.73s/it]Setting `pad_token_id` to `eos_token_id`:128001 for open-end generation.
behavioral smollm3/step2400k:  40%|████      | 182/451 [1:02:11<1:58:12, 26.36s/it]Setting `pad_token_id` to `eos_token_id`:128001 for open-end generation.
behavioral smollm3/step2400k:  41%|████      | 183/451 [1:02:23<1:37:32, 21.84s/it]Setting `pad_token_id` to `eos_token_id`:128001 for open-end generation.
behavioral smollm3/step2400k:  41%|████      | 184/451 [1:02:35<1:24:31, 18.99s/it]Setting `pad_token_id` to `eos_token_id`:128001 for open-end generation.
behavioral smollm3/step2400k:  41%|████      | 185/451 [1:02:48<1:15:38, 17.06s/it]Setting `pad_token_id` to `eos_token_id`:128001 for open-end generation.
behavioral smollm3/step2400k:  41%|████      | 186/451 [1:03:01<1:09:51, 15.82s/it]Setting `pad_token_id` to `eos_token_id`:128001 for open-end generation.
behavioral smollm3/step2400k:  41%|████▏     | 187/451 [1:03:12<1:04:25, 14.64s/it]behavioral smollm3/step2400k:  42%|████▏     | 188/451 [1:03:52<1:36:41, 22.06s/it]behavioral smollm3/step2400k:  42%|████▏     | 189/451 [1:04:24<1:50:08, 25.22s/it]behavioral smollm3/step2400k:  42%|████▏     | 190/451 [1:04:34<1:29:23, 20.55s/it]behavioral smollm3/step2400k:  42%|████▏     | 191/451 [1:05:15<1:55:12, 26.58s/it]behavioral smollm3/step2400k:  43%|████▎     | 192/451 [1:06:01<2:20:02, 32.44s/it]Setting `pad_token_id` to `eos_token_id`:128001 for open-end generation.
behavioral smollm3/step2400k:  43%|████▎     | 193/451 [1:06:13<1:53:12, 26.33s/it]Setting `pad_token_id` to `eos_token_id`:128001 for open-end generation.
behavioral smollm3/step2400k:  43%|████▎     | 194/451 [1:06:24<1:33:01, 21.72s/it]Setting `pad_token_id` to `eos_token_id`:128001 for open-end generation.
behavioral smollm3/step2400k:  43%|████▎     | 195/451 [1:06:36<1:20:34, 18.89s/it]Setting `pad_token_id` to `eos_token_id`:128001 for open-end generation.
behavioral smollm3/step2400k:  43%|████▎     | 196/451 [1:06:48<1:11:23, 16.80s/it]Setting `pad_token_id` to `eos_token_id`:128001 for open-end generation.
behavioral smollm3/step2400k:  44%|████▎     | 197/451 [1:07:00<1:05:14, 15.41s/it]Setting `pad_token_id` to `eos_token_id`:128001 for open-end generation.
behavioral smollm3/step2400k:  44%|████▍     | 198/451 [1:07:11<59:17, 14.06s/it]  behavioral smollm3/step2400k:  44%|████▍     | 199/451 [1:07:49<1:29:31, 21.32s/it]behavioral smollm3/step2400k:  44%|████▍     | 200/451 [1:08:25<1:46:41, 25.50s/it]behavioral smollm3/step2400k:  45%|████▍     | 201/451 [1:08:34<1:26:05, 20.66s/it]behavioral smollm3/step2400k:  45%|████▍     | 202/451 [1:09:15<1:51:34, 26.88s/it]behavioral smollm3/step2400k:  45%|████▌     | 203/451 [1:10:02<2:15:03, 32.68s/it]Setting `pad_token_id` to `eos_token_id`:128001 for open-end generation.
behavioral smollm3/step2400k:  45%|████▌     | 204/451 [1:10:13<1:47:35, 26.14s/it]Setting `pad_token_id` to `eos_token_id`:128001 for open-end generation.
behavioral smollm3/step2400k:  45%|████▌     | 205/451 [1:10:23<1:28:10, 21.51s/it]Setting `pad_token_id` to `eos_token_id`:128001 for open-end generation.
behavioral smollm3/step2400k:  46%|████▌     | 206/451 [1:10:36<1:17:19, 18.94s/it]Setting `pad_token_id` to `eos_token_id`:128001 for open-end generation.
behavioral smollm3/step2400k:  46%|████▌     | 207/451 [1:10:49<1:09:19, 17.05s/it]Setting `pad_token_id` to `eos_token_id`:128001 for open-end generation.
behavioral smollm3/step2400k:  46%|████▌     | 208/451 [1:11:01<1:03:21, 15.64s/it]Setting `pad_token_id` to `eos_token_id`:128001 for open-end generation.
behavioral smollm3/step2400k:  46%|████▋     | 209/451 [1:11:39<1:30:16, 22.38s/it]behavioral smollm3/step2400k:  47%|████▋     | 210/451 [1:12:23<1:55:32, 28.77s/it]behavioral smollm3/step2400k:  47%|████▋     | 211/451 [1:12:53<1:57:12, 29.30s/it]behavioral smollm3/step2400k:  47%|████▋     | 212/451 [1:13:03<1:33:10, 23.39s/it]behavioral smollm3/step2400k:  47%|████▋     | 213/451 [1:13:44<1:53:13, 28.55s/it]behavioral smollm3/step2400k:  47%|████▋     | 214/451 [1:14:30<2:13:27, 33.79s/it]Setting `pad_token_id` to `eos_token_id`:128001 for open-end generation.
behavioral smollm3/step2400k:  48%|████▊     | 215/451 [1:14:39<1:44:30, 26.57s/it]Setting `pad_token_id` to `eos_token_id`:128001 for open-end generation.
behavioral smollm3/step2400k:  48%|████▊     | 216/451 [1:14:49<1:24:06, 21.47s/it]Setting `pad_token_id` to `eos_token_id`:128001 for open-end generation.
behavioral smollm3/step2400k:  48%|████▊     | 217/451 [1:15:02<1:13:36, 18.87s/it]Setting `pad_token_id` to `eos_token_id`:128001 for open-end generation.
behavioral smollm3/step2400k:  48%|████▊     | 218/451 [1:15:44<1:39:58, 25.74s/it]Setting `pad_token_id` to `eos_token_id`:128001 for open-end generation.
behavioral smollm3/step2400k:  49%|████▊     | 219/451 [1:16:19<1:51:02, 28.72s/it]Setting `pad_token_id` to `eos_token_id`:128001 for open-end generation.
behavioral smollm3/step2400k:  49%|████▉     | 220/451 [1:16:31<1:30:30, 23.51s/it]behavioral smollm3/step2400k:  49%|████▉     | 221/451 [1:17:02<1:38:39, 25.74s/it]behavioral smollm3/step2400k:  49%|████▉     | 222/451 [1:17:34<1:46:02, 27.78s/it]behavioral smollm3/step2400k:  49%|████▉     | 223/451 [1:17:43<1:23:50, 22.06s/it]behavioral smollm3/step2400k:  50%|████▉     | 224/451 [1:18:20<1:40:47, 26.64s/it]behavioral smollm3/step2400k:  50%|████▉     | 225/451 [1:18:57<1:51:34, 29.62s/it]Setting `pad_token_id` to `eos_token_id`:128001 for open-end generation.
behavioral smollm3/step2400k:  50%|█████     | 226/451 [1:19:05<1:26:50, 23.16s/it]Setting `pad_token_id` to `eos_token_id`:128001 for open-end generation.
behavioral smollm3/step2400k:  50%|█████     | 227/451 [1:19:13<1:09:11, 18.54s/it]Setting `pad_token_id` to `eos_token_id`:128001 for open-end generation.
behavioral smollm3/step2400k:  51%|█████     | 228/451 [1:19:22<58:16, 15.68s/it]  Setting `pad_token_id` to `eos_token_id`:128001 for open-end generation.
behavioral smollm3/step2400k:  51%|█████     | 229/451 [1:19:31<51:22, 13.88s/it]Setting `pad_token_id` to `eos_token_id`:128001 for open-end generation.
behavioral smollm3/step2400k:  51%|█████     | 230/451 [1:19:42<47:42, 12.95s/it]Setting `pad_token_id` to `eos_token_id`:128001 for open-end generation.
behavioral smollm3/step2400k:  51%|█████     | 231/451 [1:19:53<45:04, 12.29s/it]behavioral smollm3/step2400k:  51%|█████▏    | 232/451 [1:20:32<1:14:01, 20.28s/it]behavioral smollm3/step2400k:  52%|█████▏    | 233/451 [1:21:01<1:23:26, 22.97s/it]behavioral smollm3/step2400k:  52%|█████▏    | 234/451 [1:21:10<1:07:45, 18.73s/it]behavioral smollm3/step2400k:  52%|█████▏    | 235/451 [1:21:50<1:30:11, 25.05s/it]behavioral smollm3/step2400k:  52%|█████▏    | 236/451 [1:22:34<1:50:24, 30.81s/it]Setting `pad_token_id` to `eos_token_id`:128001 for open-end generation.
behavioral smollm3/step2400k:  53%|█████▎    | 237/451 [1:22:41<1:24:56, 23.82s/it]Setting `pad_token_id` to `eos_token_id`:128001 for open-end generation.
behavioral smollm3/step2400k:  53%|█████▎    | 238/451 [1:22:50<1:08:16, 19.23s/it]Setting `pad_token_id` to `eos_token_id`:128001 for open-end generation.
behavioral smollm3/step2400k:  53%|█████▎    | 239/451 [1:22:59<57:12, 16.19s/it]  Setting `pad_token_id` to `eos_token_id`:128001 for open-end generation.
behavioral smollm3/step2400k:  53%|█████▎    | 240/451 [1:23:08<49:26, 14.06s/it]Setting `pad_token_id` to `eos_token_id`:128001 for open-end generation.
behavioral smollm3/step2400k:  53%|█████▎    | 241/451 [1:23:18<45:01, 12.87s/it]Setting `pad_token_id` to `eos_token_id`:128001 for open-end generation.
behavioral smollm3/step2400k:  54%|█████▎    | 242/451 [1:23:27<41:02, 11.78s/it]behavioral smollm3/step2400k:  54%|█████▍    | 243/451 [1:24:09<1:12:17, 20.85s/it]behavioral smollm3/step2400k:  54%|█████▍    | 244/451 [1:24:44<1:25:42, 24.85s/it]behavioral smollm3/step2400k:  54%|█████▍    | 245/451 [1:24:53<1:09:08, 20.14s/it]behavioral smollm3/step2400k:  55%|█████▍    | 246/451 [1:25:32<1:28:43, 25.97s/it]behavioral smollm3/step2400k:  55%|█████▍    | 247/451 [1:26:14<1:44:42, 30.80s/it]Setting `pad_token_id` to `eos_token_id`:128001 for open-end generation.
behavioral smollm3/step2400k:  55%|█████▍    | 248/451 [1:26:22<1:20:23, 23.76s/it]Setting `pad_token_id` to `eos_token_id`:128001 for open-end generation.
behavioral smollm3/step2400k:  55%|█████▌    | 249/451 [1:26:31<1:04:57, 19.30s/it]Setting `pad_token_id` to `eos_token_id`:128001 for open-end generation.
behavioral smollm3/step2400k:  55%|█████▌    | 250/451 [1:26:40<54:23, 16.24s/it]  Setting `pad_token_id` to `eos_token_id`:128001 for open-end generation.
behavioral smollm3/step2400k:  56%|█████▌    | 251/451 [1:26:49<46:50, 14.05s/it]Setting `pad_token_id` to `eos_token_id`:128001 for open-end generation.
behavioral smollm3/step2400k:  56%|█████▌    | 252/451 [1:26:58<42:26, 12.80s/it]Setting `pad_token_id` to `eos_token_id`:128001 for open-end generation.
behavioral smollm3/step2400k:  56%|█████▌    | 253/451 [1:27:07<38:09, 11.56s/it]behavioral smollm3/step2400k:  56%|█████▋    | 254/451 [1:27:51<1:09:46, 21.25s/it]behavioral smollm3/step2400k:  57%|█████▋    | 255/451 [1:28:23<1:19:27, 24.32s/it]behavioral smollm3/step2400k:  57%|█████▋    | 256/451 [1:28:32<1:04:26, 19.83s/it]behavioral smollm3/step2400k:  57%|█████▋    | 257/451 [1:29:12<1:23:34, 25.85s/it]behavioral smollm3/step2400k:  57%|█████▋    | 258/451 [1:29:58<1:42:26, 31.85s/it]Setting `pad_token_id` to `eos_token_id`:128001 for open-end generation.
behavioral smollm3/step2400k:  57%|█████▋    | 259/451 [1:30:05<1:18:53, 24.65s/it]Setting `pad_token_id` to `eos_token_id`:128001 for open-end generation.
behavioral smollm3/step2400k:  58%|█████▊    | 260/451 [1:30:13<1:02:15, 19.56s/it]Setting `pad_token_id` to `eos_token_id`:128001 for open-end generation.
behavioral smollm3/step2400k:  58%|█████▊    | 261/451 [1:30:23<52:51, 16.69s/it]  Setting `pad_token_id` to `eos_token_id`:128001 for open-end generation.
behavioral smollm3/step2400k:  58%|█████▊    | 262/451 [1:30:33<46:01, 14.61s/it]Setting `pad_token_id` to `eos_token_id`:128001 for open-end generation.
behavioral smollm3/step2400k:  58%|█████▊    | 263/451 [1:30:43<41:53, 13.37s/it]Setting `pad_token_id` to `eos_token_id`:128001 for open-end generation.
behavioral smollm3/step2400k:  59%|█████▊    | 264/451 [1:30:53<38:05, 12.22s/it]behavioral smollm3/step2400k:  59%|█████▉    | 265/451 [1:31:34<1:04:53, 20.93s/it]behavioral smollm3/step2400k:  59%|█████▉    | 266/451 [1:32:09<1:17:25, 25.11s/it]behavioral smollm3/step2400k:  59%|█████▉    | 267/451 [1:32:18<1:02:05, 20.25s/it]behavioral smollm3/step2400k:  59%|█████▉    | 268/451 [1:32:57<1:19:05, 25.93s/it]behavioral smollm3/step2400k:  60%|█████▉    | 269/451 [1:33:42<1:35:42, 31.55s/it]Setting `pad_token_id` to `eos_token_id`:128001 for open-end generation.
behavioral smollm3/step2400k:  60%|█████▉    | 270/451 [1:33:49<1:13:33, 24.38s/it]Setting `pad_token_id` to `eos_token_id`:128001 for open-end generation.
behavioral smollm3/step2400k:  60%|██████    | 271/451 [1:33:57<57:58, 19.33s/it]  Setting `pad_token_id` to `eos_token_id`:128001 for open-end generation.
behavioral smollm3/step2400k:  60%|██████    | 272/451 [1:34:06<48:28, 16.25s/it]Setting `pad_token_id` to `eos_token_id`:128001 for open-end generation.
behavioral smollm3/step2400k:  61%|██████    | 273/451 [1:34:15<42:02, 14.17s/it]Setting `pad_token_id` to `eos_token_id`:128001 for open-end generation.
behavioral smollm3/step2400k:  61%|██████    | 274/451 [1:34:26<38:25, 13.03s/it]Setting `pad_token_id` to `eos_token_id`:128001 for open-end generation.
behavioral smollm3/step2400k:  61%|██████    | 275/451 [1:34:35<34:52, 11.89s/it]behavioral smollm3/step2400k:  61%|██████    | 276/451 [1:35:13<57:21, 19.66s/it]behavioral smollm3/step2400k:  61%|██████▏   | 277/451 [1:35:43<1:06:17, 22.86s/it]behavioral smollm3/step2400k:  62%|██████▏   | 278/451 [1:35:52<53:48, 18.66s/it]  behavioral smollm3/step2400k:  62%|██████▏   | 279/451 [1:36:31<1:10:59, 24.77s/it]behavioral smollm3/step2400k:  62%|██████▏   | 280/451 [1:37:15<1:26:54, 30.49s/it]Setting `pad_token_id` to `eos_token_id`:128001 for open-end generation.
behavioral smollm3/step2400k:  62%|██████▏   | 281/451 [1:37:22<1:06:53, 23.61s/it]Setting `pad_token_id` to `eos_token_id`:128001 for open-end generation.
behavioral smollm3/step2400k:  63%|██████▎   | 282/451 [1:37:30<53:06, 18.85s/it]  Setting `pad_token_id` to `eos_token_id`:128001 for open-end generation.
behavioral smollm3/step2400k:  63%|██████▎   | 283/451 [1:37:39<44:17, 15.82s/it]Setting `pad_token_id` to `eos_token_id`:128001 for open-end generation.
behavioral smollm3/step2400k:  63%|██████▎   | 284/451 [1:37:48<38:06, 13.69s/it]Setting `pad_token_id` to `eos_token_id`:128001 for open-end generation.
behavioral smollm3/step2400k:  63%|██████▎   | 285/451 [1:37:57<34:34, 12.50s/it]Setting `pad_token_id` to `eos_token_id`:128001 for open-end generation.
behavioral smollm3/step2400k:  63%|██████▎   | 286/451 [1:38:06<31:08, 11.32s/it]behavioral smollm3/step2400k:  64%|██████▎   | 287/451 [1:38:45<53:44, 19.66s/it]behavioral smollm3/step2400k:  64%|██████▍   | 288/451 [1:39:15<1:01:28, 22.63s/it]behavioral smollm3/step2400k:  64%|██████▍   | 289/451 [1:39:23<49:56, 18.50s/it]  behavioral smollm3/step2400k:  64%|██████▍   | 290/451 [1:40:01<1:04:56, 24.20s/it]behavioral smollm3/step2400k:  65%|██████▍   | 291/451 [1:40:44<1:19:44, 29.90s/it]Setting `pad_token_id` to `eos_token_id`:128001 for open-end generation.
behavioral smollm3/step2400k:  65%|██████▍   | 292/451 [1:40:52<1:01:35, 23.24s/it]Setting `pad_token_id` to `eos_token_id`:128001 for open-end generation.
behavioral smollm3/step2400k:  65%|██████▍   | 293/451 [1:40:59<48:49, 18.54s/it]  Setting `pad_token_id` to `eos_token_id`:128001 for open-end generation.
behavioral smollm3/step2400k:  65%|██████▌   | 294/451 [1:41:08<41:04, 15.70s/it]Setting `pad_token_id` to `eos_token_id`:128001 for open-end generation.
behavioral smollm3/step2400k:  65%|██████▌   | 295/451 [1:41:18<35:47, 13.77s/it]Setting `pad_token_id` to `eos_token_id`:128001 for open-end generation.
behavioral smollm3/step2400k:  66%|██████▌   | 296/451 [1:41:28<32:29, 12.58s/it]Setting `pad_token_id` to `eos_token_id`:128001 for open-end generation.
behavioral smollm3/step2400k:  66%|██████▌   | 297/451 [1:41:36<29:15, 11.40s/it]behavioral smollm3/step2400k:  66%|██████▌   | 298/451 [1:42:18<52:34, 20.62s/it]behavioral smollm3/step2400k:  66%|██████▋   | 299/451 [1:42:52<1:02:11, 24.55s/it]behavioral smollm3/step2400k:  67%|██████▋   | 300/451 [1:43:01<50:21, 20.01s/it]  behavioral smollm3/step2400k:  67%|██████▋   | 301/451 [1:43:41<1:04:52, 25.95s/it]behavioral smollm3/step2400k:  67%|██████▋   | 302/451 [1:44:26<1:18:37, 31.66s/it]Setting `pad_token_id` to `eos_token_id`:128001 for open-end generation.
behavioral smollm3/step2400k:  67%|██████▋   | 303/451 [1:44:34<1:00:36, 24.57s/it]Setting `pad_token_id` to `eos_token_id`:128001 for open-end generation.
behavioral smollm3/step2400k:  67%|██████▋   | 304/451 [1:44:43<48:16, 19.70s/it]  Setting `pad_token_id` to `eos_token_id`:128001 for open-end generation.
behavioral smollm3/step2400k:  68%|██████▊   | 305/451 [1:44:52<40:28, 16.64s/it]Setting `pad_token_id` to `eos_token_id`:128001 for open-end generation.
behavioral smollm3/step2400k:  68%|██████▊   | 306/451 [1:45:02<35:08, 14.54s/it]Setting `pad_token_id` to `eos_token_id`:128001 for open-end generation.
behavioral smollm3/step2400k:  68%|██████▊   | 307/451 [1:45:12<31:59, 13.33s/it]Setting `pad_token_id` to `eos_token_id`:128001 for open-end generation.
behavioral smollm3/step2400k:  68%|██████▊   | 308/451 [1:45:22<29:01, 12.18s/it]behavioral smollm3/step2400k:  69%|██████▊   | 309/451 [1:46:02<48:52, 20.65s/it]behavioral smollm3/step2400k:  69%|██████▊   | 310/451 [1:46:29<53:06, 22.60s/it]behavioral smollm3/step2400k:  69%|██████▉   | 311/451 [1:46:39<43:38, 18.71s/it]behavioral smollm3/step2400k:  69%|██████▉   | 312/451 [1:47:20<58:54, 25.43s/it]behavioral smollm3/step2400k:  69%|██████▉   | 313/451 [1:48:05<1:12:18, 31.44s/it]Setting `pad_token_id` to `eos_token_id`:128001 for open-end generation.
behavioral smollm3/step2400k:  70%|██████▉   | 314/451 [1:48:13<55:36, 24.36s/it]  Setting `pad_token_id` to `eos_token_id`:128001 for open-end generation.
behavioral smollm3/step2400k:  70%|██████▉   | 315/451 [1:48:21<44:06, 19.46s/it]Setting `pad_token_id` to `eos_token_id`:128001 for open-end generation.
behavioral smollm3/step2400k:  70%|███████   | 316/451 [1:48:31<37:06, 16.49s/it]Setting `pad_token_id` to `eos_token_id`:128001 for open-end generation.
behavioral smollm3/step2400k:  70%|███████   | 317/451 [1:48:41<32:28, 14.54s/it]Setting `pad_token_id` to `eos_token_id`:128001 for open-end generation.
behavioral smollm3/step2400k:  71%|███████   | 318/451 [1:48:52<29:36, 13.36s/it]Setting `pad_token_id` to `eos_token_id`:128001 for open-end generation.
behavioral smollm3/step2400k:  71%|███████   | 319/451 [1:49:01<26:44, 12.15s/it]behavioral smollm3/step2400k:  71%|███████   | 320/451 [1:49:34<40:15, 18.44s/it]behavioral smollm3/step2400k:  71%|███████   | 321/451 [1:50:01<45:16, 20.90s/it]behavioral smollm3/step2400k:  71%|███████▏  | 322/451 [1:50:09<37:05, 17.25s/it]behavioral smollm3/step2400k:  72%|███████▏  | 323/451 [1:50:38<43:54, 20.58s/it]behavioral smollm3/step2400k:  72%|███████▏  | 324/451 [1:51:20<57:23, 27.11s/it]Setting `pad_token_id` to `eos_token_id`:128001 for open-end generation.
behavioral smollm3/step2400k:  72%|███████▏  | 325/451 [1:51:27<44:25, 21.15s/it]Setting `pad_token_id` to `eos_token_id`:128001 for open-end generation.
behavioral smollm3/step2400k:  72%|███████▏  | 326/451 [1:51:34<35:15, 16.92s/it]Setting `pad_token_id` to `eos_token_id`:128001 for open-end generation.
behavioral smollm3/step2400k:  73%|███████▎  | 327/451 [1:51:43<29:42, 14.37s/it]Setting `pad_token_id` to `eos_token_id`:128001 for open-end generation.
behavioral smollm3/step2400k:  73%|███████▎  | 328/451 [1:51:52<26:27, 12.91s/it]Setting `pad_token_id` to `eos_token_id`:128001 for open-end generation.
behavioral smollm3/step2400k:  73%|███████▎  | 329/451 [1:52:03<25:04, 12.33s/it]Setting `pad_token_id` to `eos_token_id`:128001 for open-end generation.
behavioral smollm3/step2400k:  73%|███████▎  | 330/451 [1:52:13<23:04, 11.44s/it]behavioral smollm3/step2400k:  73%|███████▎  | 331/451 [1:52:51<39:16, 19.64s/it]behavioral smollm3/step2400k:  74%|███████▎  | 332/451 [1:53:27<48:18, 24.36s/it]behavioral smollm3/step2400k:  74%|███████▍  | 333/451 [1:53:36<38:56, 19.80s/it]behavioral smollm3/step2400k:  74%|███████▍  | 334/451 [1:54:16<50:15, 25.77s/it]behavioral smollm3/step2400k:  74%|███████▍  | 335/451 [1:55:01<1:01:13, 31.67s/it]Setting `pad_token_id` to `eos_token_id`:128001 for open-end generation.
behavioral smollm3/step2400k:  75%|███████▍  | 336/451 [1:55:09<47:12, 24.63s/it]  Setting `pad_token_id` to `eos_token_id`:128001 for open-end generation.
behavioral smollm3/step2400k:  75%|███████▍  | 337/451 [1:55:17<37:21, 19.66s/it]Setting `pad_token_id` to `eos_token_id`:128001 for open-end generation.
behavioral smollm3/step2400k:  75%|███████▍  | 338/451 [1:55:27<31:18, 16.63s/it]Setting `pad_token_id` to `eos_token_id`:128001 for open-end generation.
behavioral smollm3/step2400k:  75%|███████▌  | 339/451 [1:55:37<27:10, 14.56s/it]Setting `pad_token_id` to `eos_token_id`:128001 for open-end generation.
behavioral smollm3/step2400k:  75%|███████▌  | 340/451 [1:55:48<25:02, 13.53s/it]Setting `pad_token_id` to `eos_token_id`:128001 for open-end generation.
behavioral smollm3/step2400k:  76%|███████▌  | 341/451 [1:55:57<22:33, 12.30s/it]behavioral smollm3/step2400k:  76%|███████▌  | 342/451 [1:56:38<37:40, 20.74s/it]behavioral smollm3/step2400k:  76%|███████▌  | 343/451 [1:57:10<43:41, 24.27s/it]behavioral smollm3/step2400k:  76%|███████▋  | 344/451 [1:57:19<35:12, 19.74s/it]behavioral smollm3/step2400k:  76%|███████▋  | 345/451 [1:57:59<45:22, 25.69s/it]behavioral smollm3/step2400k:  77%|███████▋  | 346/451 [1:58:44<54:58, 31.41s/it]Setting `pad_token_id` to `eos_token_id`:128001 for open-end generation.
behavioral smollm3/step2400k:  77%|███████▋  | 347/451 [1:58:51<42:07, 24.30s/it]Setting `pad_token_id` to `eos_token_id`:128001 for open-end generation.
behavioral smollm3/step2400k:  77%|███████▋  | 348/451 [1:58:59<33:14, 19.36s/it]Setting `pad_token_id` to `eos_token_id`:128001 for open-end generation.
behavioral smollm3/step2400k:  77%|███████▋  | 349/451 [1:59:08<27:45, 16.32s/it]Setting `pad_token_id` to `eos_token_id`:128001 for open-end generation.
behavioral smollm3/step2400k:  78%|███████▊  | 350/451 [1:59:18<24:03, 14.29s/it]Setting `pad_token_id` to `eos_token_id`:128001 for open-end generation.
behavioral smollm3/step2400k:  78%|███████▊  | 351/451 [1:59:28<21:52, 13.12s/it]Setting `pad_token_id` to `eos_token_id`:128001 for open-end generation.
behavioral smollm3/step2400k:  78%|███████▊  | 352/451 [1:59:38<19:50, 12.03s/it]behavioral smollm3/step2400k:  78%|███████▊  | 353/451 [2:00:09<29:02, 17.78s/it]behavioral smollm3/step2400k:  78%|███████▊  | 354/451 [2:00:35<32:40, 20.21s/it]behavioral smollm3/step2400k:  79%|███████▊  | 355/451 [2:00:44<27:02, 16.90s/it]behavioral smollm3/step2400k:  79%|███████▉  | 356/451 [2:01:22<36:49, 23.26s/it]behavioral smollm3/step2400k:  79%|███████▉  | 357/451 [2:01:55<41:02, 26.20s/it]Setting `pad_token_id` to `eos_token_id`:128001 for open-end generation.
behavioral smollm3/step2400k:  79%|███████▉  | 358/451 [2:02:03<32:00, 20.65s/it]Setting `pad_token_id` to `eos_token_id`:128001 for open-end generation.
behavioral smollm3/step2400k:  80%|███████▉  | 359/451 [2:02:10<25:30, 16.63s/it]Setting `pad_token_id` to `eos_token_id`:128001 for open-end generation.
behavioral smollm3/step2400k:  80%|███████▉  | 360/451 [2:02:19<21:42, 14.32s/it]Setting `pad_token_id` to `eos_token_id`:128001 for open-end generation.
behavioral smollm3/step2400k:  80%|████████  | 361/451 [2:02:28<19:10, 12.78s/it]Setting `pad_token_id` to `eos_token_id`:128001 for open-end generation.
behavioral smollm3/step2400k:  80%|████████  | 362/451 [2:02:38<17:43, 11.95s/it]Setting `pad_token_id` to `eos_token_id`:128001 for open-end generation.
behavioral smollm3/step2400k:  80%|████████  | 363/451 [2:02:47<16:14, 11.07s/it]behavioral smollm3/step2400k:  81%|████████  | 364/451 [2:03:26<28:15, 19.49s/it]behavioral smollm3/step2400k:  81%|████████  | 365/451 [2:03:54<31:18, 21.84s/it]behavioral smollm3/step2400k:  81%|████████  | 366/451 [2:04:03<25:32, 18.03s/it]behavioral smollm3/step2400k:  81%|████████▏ | 367/451 [2:04:42<34:13, 24.44s/it]behavioral smollm3/step2400k:  82%|████████▏ | 368/451 [2:05:27<42:15, 30.55s/it]Setting `pad_token_id` to `eos_token_id`:128001 for open-end generation.
behavioral smollm3/step2400k:  82%|████████▏ | 369/451 [2:05:35<32:24, 23.71s/it]Setting `pad_token_id` to `eos_token_id`:128001 for open-end generation.
behavioral smollm3/step2400k:  82%|████████▏ | 370/451 [2:05:42<25:26, 18.85s/it]Setting `pad_token_id` to `eos_token_id`:128001 for open-end generation.
behavioral smollm3/step2400k:  82%|████████▏ | 371/451 [2:05:51<21:13, 15.92s/it]Setting `pad_token_id` to `eos_token_id`:128001 for open-end generation.
behavioral smollm3/step2400k:  82%|████████▏ | 372/451 [2:06:01<18:27, 14.01s/it]Setting `pad_token_id` to `eos_token_id`:128001 for open-end generation.
behavioral smollm3/step2400k:  83%|████████▎ | 373/451 [2:06:11<16:47, 12.92s/it]Setting `pad_token_id` to `eos_token_id`:128001 for open-end generation.
behavioral smollm3/step2400k:  83%|████████▎ | 374/451 [2:06:21<15:13, 11.86s/it]behavioral smollm3/step2400k:  83%|████████▎ | 375/451 [2:07:00<25:32, 20.17s/it]behavioral smollm3/step2400k:  83%|████████▎ | 376/451 [2:07:29<28:18, 22.64s/it]behavioral smollm3/step2400k:  84%|████████▎ | 377/451 [2:07:38<22:52, 18.55s/it]behavioral smollm3/step2400k:  84%|████████▍ | 378/451 [2:08:17<30:15, 24.88s/it]behavioral smollm3/step2400k:  84%|████████▍ | 379/451 [2:09:02<36:57, 30.80s/it]Setting `pad_token_id` to `eos_token_id`:128001 for open-end generation.
behavioral smollm3/step2400k:  84%|████████▍ | 380/451 [2:09:10<28:11, 23.83s/it]Setting `pad_token_id` to `eos_token_id`:128001 for open-end generation.
behavioral smollm3/step2400k:  84%|████████▍ | 381/451 [2:09:18<22:23, 19.19s/it]Setting `pad_token_id` to `eos_token_id`:128001 for open-end generation.
behavioral smollm3/step2400k:  85%|████████▍ | 382/451 [2:09:27<18:35, 16.17s/it]Setting `pad_token_id` to `eos_token_id`:128001 for open-end generation.
behavioral smollm3/step2400k:  85%|████████▍ | 383/451 [2:09:36<15:54, 14.04s/it]Setting `pad_token_id` to `eos_token_id`:128001 for open-end generation.
behavioral smollm3/step2400k:  85%|████████▌ | 384/451 [2:09:46<14:20, 12.85s/it]Setting `pad_token_id` to `eos_token_id`:128001 for open-end generation.
behavioral smollm3/step2400k:  85%|████████▌ | 385/451 [2:09:56<13:00, 11.83s/it]behavioral smollm3/step2400k:  86%|████████▌ | 386/451 [2:10:35<21:53, 20.21s/it]behavioral smollm3/step2400k:  86%|████████▌ | 387/451 [2:11:05<24:35, 23.05s/it]behavioral smollm3/step2400k:  86%|████████▌ | 388/451 [2:11:14<19:47, 18.84s/it]behavioral smollm3/step2400k:  86%|████████▋ | 389/451 [2:11:54<25:51, 25.02s/it]behavioral smollm3/step2400k:  86%|████████▋ | 390/451 [2:12:39<31:38, 31.13s/it]Setting `pad_token_id` to `eos_token_id`:128001 for open-end generation.
behavioral smollm3/step2400k:  87%|████████▋ | 391/451 [2:12:46<24:02, 24.03s/it]Setting `pad_token_id` to `eos_token_id`:128001 for open-end generation.
behavioral smollm3/step2400k:  87%|████████▋ | 392/451 [2:12:54<18:55, 19.24s/it]Setting `pad_token_id` to `eos_token_id`:128001 for open-end generation.
behavioral smollm3/step2400k:  87%|████████▋ | 393/451 [2:13:03<15:37, 16.17s/it]Setting `pad_token_id` to `eos_token_id`:128001 for open-end generation.
behavioral smollm3/step2400k:  87%|████████▋ | 394/451 [2:13:12<13:18, 14.01s/it]Setting `pad_token_id` to `eos_token_id`:128001 for open-end generation.
behavioral smollm3/step2400k:  88%|████████▊ | 395/451 [2:13:22<11:54, 12.76s/it]Setting `pad_token_id` to `eos_token_id`:128001 for open-end generation.
behavioral smollm3/step2400k:  88%|████████▊ | 396/451 [2:13:31<10:37, 11.60s/it]behavioral smollm3/step2400k:  88%|████████▊ | 397/451 [2:14:16<19:25, 21.58s/it]behavioral smollm3/step2400k:  88%|████████▊ | 398/451 [2:14:47<21:26, 24.28s/it]behavioral smollm3/step2400k:  88%|████████▊ | 399/451 [2:14:56<17:05, 19.72s/it]behavioral smollm3/step2400k:  89%|████████▊ | 400/451 [2:15:35<21:46, 25.61s/it]behavioral smollm3/step2400k:  89%|████████▉ | 401/451 [2:16:20<26:08, 31.38s/it]Setting `pad_token_id` to `eos_token_id`:128001 for open-end generation.
behavioral smollm3/step2400k:  89%|████████▉ | 402/451 [2:16:28<19:53, 24.36s/it]Setting `pad_token_id` to `eos_token_id`:128001 for open-end generation.
behavioral smollm3/step2400k:  89%|████████▉ | 403/451 [2:16:36<15:39, 19.57s/it]Setting `pad_token_id` to `eos_token_id`:128001 for open-end generation.
behavioral smollm3/step2400k:  90%|████████▉ | 404/451 [2:16:46<12:59, 16.58s/it]Setting `pad_token_id` to `eos_token_id`:128001 for open-end generation.
behavioral smollm3/step2400k:  90%|████████▉ | 405/451 [2:16:55<11:05, 14.46s/it]Setting `pad_token_id` to `eos_token_id`:128001 for open-end generation.
behavioral smollm3/step2400k:  90%|█████████ | 406/451 [2:17:06<09:53, 13.20s/it]Setting `pad_token_id` to `eos_token_id`:128001 for open-end generation.
behavioral smollm3/step2400k:  90%|█████████ | 407/451 [2:17:15<08:51, 12.09s/it]behavioral smollm3/step2400k:  90%|█████████ | 408/451 [2:17:59<15:34, 21.73s/it]behavioral smollm3/step2400k:  91%|█████████ | 409/451 [2:18:35<18:08, 25.93s/it]behavioral smollm3/step2400k:  91%|█████████ | 410/451 [2:18:44<14:14, 20.85s/it]behavioral smollm3/step2400k:  91%|█████████ | 411/451 [2:19:24<17:38, 26.47s/it]behavioral smollm3/step2400k:  91%|█████████▏| 412/451 [2:20:08<20:43, 31.89s/it]Setting `pad_token_id` to `eos_token_id`:128001 for open-end generation.
behavioral smollm3/step2400k:  92%|█████████▏| 413/451 [2:20:16<15:38, 24.69s/it]Setting `pad_token_id` to `eos_token_id`:128001 for open-end generation.
behavioral smollm3/step2400k:  92%|█████████▏| 414/451 [2:20:25<12:16, 19.91s/it]Setting `pad_token_id` to `eos_token_id`:128001 for open-end generation.
behavioral smollm3/step2400k:  92%|█████████▏| 415/451 [2:20:34<10:01, 16.71s/it]Setting `pad_token_id` to `eos_token_id`:128001 for open-end generation.
behavioral smollm3/step2400k:  92%|█████████▏| 416/451 [2:20:43<08:27, 14.50s/it]Setting `pad_token_id` to `eos_token_id`:128001 for open-end generation.
behavioral smollm3/step2400k:  92%|█████████▏| 417/451 [2:20:54<07:33, 13.34s/it]Setting `pad_token_id` to `eos_token_id`:128001 for open-end generation.
behavioral smollm3/step2400k:  93%|█████████▎| 418/451 [2:21:03<06:41, 12.16s/it]behavioral smollm3/step2400k:  93%|█████████▎| 419/451 [2:21:46<11:20, 21.28s/it]behavioral smollm3/step2400k:  93%|█████████▎| 420/451 [2:22:21<13:10, 25.49s/it]behavioral smollm3/step2400k:  93%|█████████▎| 421/451 [2:22:31<10:20, 20.69s/it]behavioral smollm3/step2400k:  94%|█████████▎| 422/451 [2:23:11<12:48, 26.52s/it]behavioral smollm3/step2400k:  94%|█████████▍| 423/451 [2:23:58<15:10, 32.53s/it]Setting `pad_token_id` to `eos_token_id`:128001 for open-end generation.
behavioral smollm3/step2400k:  94%|█████████▍| 424/451 [2:24:05<11:17, 25.10s/it]Setting `pad_token_id` to `eos_token_id`:128001 for open-end generation.
behavioral smollm3/step2400k:  94%|█████████▍| 425/451 [2:24:15<08:49, 20.38s/it]Setting `pad_token_id` to `eos_token_id`:128001 for open-end generation.
behavioral smollm3/step2400k:  94%|█████████▍| 426/451 [2:24:24<07:06, 17.05s/it]Setting `pad_token_id` to `eos_token_id`:128001 for open-end generation.
behavioral smollm3/step2400k:  95%|█████████▍| 427/451 [2:24:33<05:53, 14.75s/it]Setting `pad_token_id` to `eos_token_id`:128001 for open-end generation.
behavioral smollm3/step2400k:  95%|█████████▍| 428/451 [2:24:43<05:07, 13.36s/it]Setting `pad_token_id` to `eos_token_id`:128001 for open-end generation.
behavioral smollm3/step2400k:  95%|█████████▌| 429/451 [2:24:53<04:25, 12.08s/it]behavioral smollm3/step2400k:  95%|█████████▌| 430/451 [2:25:33<07:10, 20.52s/it]behavioral smollm3/step2400k:  96%|█████████▌| 431/451 [2:26:03<07:50, 23.50s/it]behavioral smollm3/step2400k:  96%|█████████▌| 432/451 [2:26:12<06:04, 19.16s/it]behavioral smollm3/step2400k:  96%|█████████▌| 433/451 [2:26:51<07:32, 25.13s/it]behavioral smollm3/step2400k:  96%|█████████▌| 434/451 [2:27:36<08:45, 30.93s/it]Setting `pad_token_id` to `eos_token_id`:128001 for open-end generation.
behavioral smollm3/step2400k:  96%|█████████▋| 435/451 [2:27:43<06:22, 23.94s/it]Setting `pad_token_id` to `eos_token_id`:128001 for open-end generation.
behavioral smollm3/step2400k:  97%|█████████▋| 436/451 [2:27:52<04:51, 19.45s/it]Setting `pad_token_id` to `eos_token_id`:128001 for open-end generation.
behavioral smollm3/step2400k:  97%|█████████▋| 437/451 [2:28:02<03:49, 16.36s/it]Setting `pad_token_id` to `eos_token_id`:128001 for open-end generation.
behavioral smollm3/step2400k:  97%|█████████▋| 438/451 [2:28:11<03:05, 14.27s/it]Setting `pad_token_id` to `eos_token_id`:128001 for open-end generation.
behavioral smollm3/step2400k:  97%|█████████▋| 439/451 [2:28:21<02:36, 13.06s/it]Setting `pad_token_id` to `eos_token_id`:128001 for open-end generation.
behavioral smollm3/step2400k:  98%|█████████▊| 440/451 [2:28:30<02:11, 11.93s/it]behavioral smollm3/step2400k:  98%|█████████▊| 441/451 [2:29:06<03:11, 19.16s/it]behavioral smollm3/step2400k:  98%|█████████▊| 442/451 [2:29:40<03:32, 23.60s/it]behavioral smollm3/step2400k:  98%|█████████▊| 443/451 [2:29:49<02:33, 19.21s/it]behavioral smollm3/step2400k:  98%|█████████▊| 444/451 [2:30:29<02:56, 25.24s/it]behavioral smollm3/step2400k:  99%|█████████▊| 445/451 [2:31:15<03:09, 31.51s/it]Setting `pad_token_id` to `eos_token_id`:128001 for open-end generation.
behavioral smollm3/step2400k:  99%|█████████▉| 446/451 [2:31:22<02:01, 24.32s/it]Setting `pad_token_id` to `eos_token_id`:128001 for open-end generation.
behavioral smollm3/step2400k:  99%|█████████▉| 447/451 [2:31:31<01:18, 19.52s/it]Setting `pad_token_id` to `eos_token_id`:128001 for open-end generation.
behavioral smollm3/step2400k:  99%|█████████▉| 448/451 [2:31:40<00:49, 16.50s/it]Setting `pad_token_id` to `eos_token_id`:128001 for open-end generation.
behavioral smollm3/step2400k: 100%|█████████▉| 449/451 [2:31:50<00:28, 14.39s/it]Setting `pad_token_id` to `eos_token_id`:128001 for open-end generation.
behavioral smollm3/step2400k: 100%|█████████▉| 450/451 [2:32:00<00:13, 13.08s/it]Setting `pad_token_id` to `eos_token_id`:128001 for open-end generation.
behavioral smollm3/step2400k: 100%|██████████| 451/451 [2:32:09<00:00, 12.01s/it]behavioral smollm3/step2400k: 100%|██████████| 451/451 [2:32:09<00:00, 20.24s/it]
  ✅ Saved 451 records → data/results/behavioral_smollm3_45/smollm3_step2400k_behavioral_smollm3.jsonl

Loading SmolLM3-3B @ step3440k ...
Loading checkpoint shards:   0%|          | 0/2 [00:00<?, ?it/s]Loading checkpoint shards:  50%|█████     | 1/2 [00:07<00:07,  7.02s/it]Loading checkpoint shards: 100%|██████████| 2/2 [00:08<00:00,  3.90s/it]Loading checkpoint shards: 100%|██████████| 2/2 [00:08<00:00,  4.37s/it]
behavioral smollm3/step3440k:   0%|          | 0/451 [00:00<?, ?it/s]behavioral smollm3/step3440k:   0%|          | 1/451 [00:39<4:57:13, 39.63s/it]behavioral smollm3/step3440k:   0%|          | 2/451 [01:08<4:11:14, 33.57s/it]behavioral smollm3/step3440k:   1%|          | 3/451 [01:18<2:47:29, 22.43s/it]behavioral smollm3/step3440k:   1%|          | 4/451 [01:57<3:37:29, 29.19s/it]behavioral smollm3/step3440k:   1%|          | 5/451 [02:41<4:16:38, 34.53s/it]Setting `pad_token_id` to `eos_token_id`:128001 for open-end generation.
behavioral smollm3/step3440k:   1%|▏         | 6/451 [02:49<3:08:24, 25.40s/it]Setting `pad_token_id` to `eos_token_id`:128001 for open-end generation.
behavioral smollm3/step3440k:   2%|▏         | 7/451 [02:56<2:24:42, 19.56s/it]Setting `pad_token_id` to `eos_token_id`:128001 for open-end generation.
behavioral smollm3/step3440k:   2%|▏         | 8/451 [03:06<2:00:01, 16.26s/it]Setting `pad_token_id` to `eos_token_id`:128001 for open-end generation.
behavioral smollm3/step3440k:   2%|▏         | 9/451 [03:15<1:43:41, 14.08s/it]Setting `pad_token_id` to `eos_token_id`:128001 for open-end generation.
behavioral smollm3/step3440k:   2%|▏         | 10/451 [03:25<1:34:33, 12.86s/it]Setting `pad_token_id` to `eos_token_id`:128001 for open-end generation.
behavioral smollm3/step3440k:   2%|▏         | 11/451 [03:34<1:26:03, 11.73s/it]behavioral smollm3/step3440k:   3%|▎         | 12/451 [04:00<1:57:54, 16.11s/it]behavioral smollm3/step3440k:   3%|▎         | 13/451 [04:34<2:36:03, 21.38s/it]behavioral smollm3/step3440k:   3%|▎         | 14/451 [04:42<2:06:07, 17.32s/it]behavioral smollm3/step3440k:   3%|▎         | 15/451 [05:18<2:47:02, 22.99s/it]behavioral smollm3/step3440k:   4%|▎         | 16/451 [05:58<3:24:34, 28.22s/it]Setting `pad_token_id` to `eos_token_id`:128001 for open-end generation.
behavioral smollm3/step3440k:   4%|▍         | 17/451 [06:05<2:38:27, 21.91s/it]Setting `pad_token_id` to `eos_token_id`:128001 for open-end generation.
behavioral smollm3/step3440k:   4%|▍         | 18/451 [06:13<2:06:35, 17.54s/it]Setting `pad_token_id` to `eos_token_id`:128001 for open-end generation.
behavioral smollm3/step3440k:   4%|▍         | 19/451 [06:22<1:48:09, 15.02s/it]Setting `pad_token_id` to `eos_token_id`:128001 for open-end generation.
behavioral smollm3/step3440k:   4%|▍         | 20/451 [06:31<1:34:22, 13.14s/it]Setting `pad_token_id` to `eos_token_id`:128001 for open-end generation.
behavioral smollm3/step3440k:   5%|▍         | 21/451 [06:40<1:26:10, 12.02s/it]Setting `pad_token_id` to `eos_token_id`:128001 for open-end generation.
behavioral smollm3/step3440k:   5%|▍         | 22/451 [06:49<1:19:06, 11.06s/it]behavioral smollm3/step3440k:   5%|▌         | 23/451 [07:21<2:03:05, 17.26s/it]behavioral smollm3/step3440k:   5%|▌         | 24/451 [07:51<2:30:46, 21.19s/it]behavioral smollm3/step3440k:   6%|▌         | 25/451 [07:59<2:01:43, 17.14s/it]behavioral smollm3/step3440k:   6%|▌         | 26/451 [08:33<2:37:36, 22.25s/it]behavioral smollm3/step3440k:   6%|▌         | 27/451 [09:13<3:15:05, 27.61s/it]Setting `pad_token_id` to `eos_token_id`:128001 for open-end generation.
behavioral smollm3/step3440k:   6%|▌         | 28/451 [09:21<2:32:17, 21.60s/it]Setting `pad_token_id` to `eos_token_id`:128001 for open-end generation.
behavioral smollm3/step3440k:   6%|▋         | 29/451 [09:28<2:02:25, 17.41s/it]Setting `pad_token_id` to `eos_token_id`:128001 for open-end generation.
behavioral smollm3/step3440k:   7%|▋         | 30/451 [09:37<1:44:48, 14.94s/it]Setting `pad_token_id` to `eos_token_id`:128001 for open-end generation.
behavioral smollm3/step3440k:   7%|▋         | 31/451 [09:46<1:32:14, 13.18s/it]Setting `pad_token_id` to `eos_token_id`:128001 for open-end generation.
behavioral smollm3/step3440k:   7%|▋         | 32/451 [09:57<1:26:24, 12.37s/it]Setting `pad_token_id` to `eos_token_id`:128001 for open-end generation.
behavioral smollm3/step3440k:   7%|▋         | 33/451 [10:06<1:19:11, 11.37s/it]behavioral smollm3/step3440k:   8%|▊         | 34/451 [10:43<2:12:04, 19.00s/it]behavioral smollm3/step3440k:   8%|▊         | 35/451 [11:12<2:33:35, 22.15s/it]behavioral smollm3/step3440k:   8%|▊         | 36/451 [11:21<2:05:52, 18.20s/it]behavioral smollm3/step3440k:   8%|▊         | 37/451 [12:01<2:49:47, 24.61s/it]behavioral smollm3/step3440k:   8%|▊         | 38/451 [12:45<3:30:36, 30.60s/it]Setting `pad_token_id` to `eos_token_id`:128001 for open-end generation.
behavioral smollm3/step3440k:   9%|▊         | 39/451 [12:53<2:43:24, 23.80s/it]Setting `pad_token_id` to `eos_token_id`:128001 for open-end generation.
behavioral smollm3/step3440k:   9%|▉         | 40/451 [13:02<2:12:00, 19.27s/it]Setting `pad_token_id` to `eos_token_id`:128001 for open-end generation.
behavioral smollm3/step3440k:   9%|▉         | 41/451 [13:11<1:50:50, 16.22s/it]Setting `pad_token_id` to `eos_token_id`:128001 for open-end generation.
behavioral smollm3/step3440k:   9%|▉         | 42/451 [13:20<1:36:23, 14.14s/it]Setting `pad_token_id` to `eos_token_id`:128001 for open-end generation.
behavioral smollm3/step3440k:  10%|▉         | 43/451 [13:30<1:27:41, 12.90s/it]Setting `pad_token_id` to `eos_token_id`:128001 for open-end generation.
behavioral smollm3/step3440k:  10%|▉         | 44/451 [13:40<1:19:40, 11.75s/it]behavioral smollm3/step3440k:  10%|▉         | 45/451 [14:17<2:11:31, 19.44s/it]behavioral smollm3/step3440k:  10%|█         | 46/451 [14:50<2:39:32, 23.64s/it]behavioral smollm3/step3440k:  10%|█         | 47/451 [15:00<2:10:09, 19.33s/it]behavioral smollm3/step3440k:  11%|█         | 48/451 [15:40<2:51:56, 25.60s/it]behavioral smollm3/step3440k:  11%|█         | 49/451 [16:26<3:33:28, 31.86s/it]Setting `pad_token_id` to `eos_token_id`:128001 for open-end generation.
behavioral smollm3/step3440k:  11%|█         | 50/451 [16:34<2:44:56, 24.68s/it]Setting `pad_token_id` to `eos_token_id`:128001 for open-end generation.
behavioral smollm3/step3440k:  11%|█▏        | 51/451 [16:43<2:11:50, 19.78s/it]Setting `pad_token_id` to `eos_token_id`:128001 for open-end generation.
behavioral smollm3/step3440k:  12%|█▏        | 52/451 [16:52<1:51:26, 16.76s/it]Setting `pad_token_id` to `eos_token_id`:128001 for open-end generation.
behavioral smollm3/step3440k:  12%|█▏        | 53/451 [17:02<1:36:58, 14.62s/it]Setting `pad_token_id` to `eos_token_id`:128001 for open-end generation.
behavioral smollm3/step3440k:  12%|█▏        | 54/451 [17:12<1:28:20, 13.35s/it]Setting `pad_token_id` to `eos_token_id`:128001 for open-end generation.
behavioral smollm3/step3440k:  12%|█▏        | 55/451 [17:22<1:20:12, 12.15s/it]behavioral smollm3/step3440k:  12%|█▏        | 56/451 [18:01<2:12:53, 20.19s/it]behavioral smollm3/step3440k:  13%|█▎        | 57/451 [18:30<2:30:13, 22.88s/it]behavioral smollm3/step3440k:  13%|█▎        | 58/451 [18:39<2:02:30, 18.70s/it]behavioral smollm3/step3440k:  13%|█▎        | 59/451 [19:18<2:42:49, 24.92s/it]behavioral smollm3/step3440k:  13%|█▎        | 60/451 [20:04<3:22:53, 31.14s/it]Setting `pad_token_id` to `eos_token_id`:128001 for open-end generation.
behavioral smollm3/step3440k:  14%|█▎        | 61/451 [20:11<2:36:24, 24.06s/it]Setting `pad_token_id` to `eos_token_id`:128001 for open-end generation.
behavioral smollm3/step3440k:  14%|█▎        | 62/451 [20:19<2:03:47, 19.09s/it]Setting `pad_token_id` to `eos_token_id`:128001 for open-end generation.
behavioral smollm3/step3440k:  14%|█▍        | 63/451 [20:28<1:44:37, 16.18s/it]Setting `pad_token_id` to `eos_token_id`:128001 for open-end generation.
behavioral smollm3/step3440k:  14%|█▍        | 64/451 [20:37<1:30:56, 14.10s/it]Setting `pad_token_id` to `eos_token_id`:128001 for open-end generation.
behavioral smollm3/step3440k:  14%|█▍        | 65/451 [20:48<1:23:33, 12.99s/it]Setting `pad_token_id` to `eos_token_id`:128001 for open-end generation.
behavioral smollm3/step3440k:  15%|█▍        | 66/451 [20:57<1:16:12, 11.88s/it]behavioral smollm3/step3440k:  15%|█▍        | 67/451 [21:34<2:03:33, 19.31s/it]behavioral smollm3/step3440k:  15%|█▌        | 68/451 [22:02<2:20:21, 21.99s/it]behavioral smollm3/step3440k:  15%|█▌        | 69/451 [22:11<1:55:08, 18.09s/it]behavioral smollm3/step3440k:  16%|█▌        | 70/451 [22:50<2:35:27, 24.48s/it]behavioral smollm3/step3440k:  16%|█▌        | 71/451 [23:35<3:13:38, 30.58s/it]Setting `pad_token_id` to `eos_token_id`:128001 for open-end generation.
behavioral smollm3/step3440k:  16%|█▌        | 72/451 [23:43<2:30:41, 23.86s/it]Setting `pad_token_id` to `eos_token_id`:128001 for open-end generation.
behavioral smollm3/step3440k:  16%|█▌        | 73/451 [23:51<1:59:38, 18.99s/it]Setting `pad_token_id` to `eos_token_id`:128001 for open-end generation.
behavioral smollm3/step3440k:  16%|█▋        | 74/451 [24:01<1:41:27, 16.15s/it]Setting `pad_token_id` to `eos_token_id`:128001 for open-end generation.
behavioral smollm3/step3440k:  17%|█▋        | 75/451 [24:10<1:29:21, 14.26s/it]Setting `pad_token_id` to `eos_token_id`:128001 for open-end generation.
behavioral smollm3/step3440k:  17%|█▋        | 76/451 [24:21<1:22:08, 13.14s/it]Setting `pad_token_id` to `eos_token_id`:128001 for open-end generation.
behavioral smollm3/step3440k:  17%|█▋        | 77/451 [24:30<1:14:20, 11.93s/it]behavioral smollm3/step3440k:  17%|█▋        | 78/451 [25:01<1:49:34, 17.63s/it]behavioral smollm3/step3440k:  18%|█▊        | 79/451 [25:31<2:11:41, 21.24s/it]behavioral smollm3/step3440k:  18%|█▊        | 80/451 [25:39<1:46:57, 17.30s/it]behavioral smollm3/step3440k:  18%|█▊        | 81/451 [26:21<2:32:13, 24.69s/it]behavioral smollm3/step3440k:  18%|█▊        | 82/451 [27:02<3:02:47, 29.72s/it]Setting `pad_token_id` to `eos_token_id`:128001 for open-end generation.
behavioral smollm3/step3440k:  18%|█▊        | 83/451 [27:10<2:21:29, 23.07s/it]Setting `pad_token_id` to `eos_token_id`:128001 for open-end generation.
behavioral smollm3/step3440k:  19%|█▊        | 84/451 [27:17<1:52:20, 18.37s/it]Setting `pad_token_id` to `eos_token_id`:128001 for open-end generation.
behavioral smollm3/step3440k:  19%|█▉        | 85/451 [27:26<1:34:28, 15.49s/it]Setting `pad_token_id` to `eos_token_id`:128001 for open-end generation.
behavioral smollm3/step3440k:  19%|█▉        | 86/451 [27:35<1:23:10, 13.67s/it]Setting `pad_token_id` to `eos_token_id`:128001 for open-end generation.
behavioral smollm3/step3440k:  19%|█▉        | 87/451 [27:45<1:14:56, 12.35s/it]Setting `pad_token_id` to `eos_token_id`:128001 for open-end generation.
behavioral smollm3/step3440k:  20%|█▉        | 88/451 [27:54<1:08:37, 11.34s/it]behavioral smollm3/step3440k:  20%|█▉        | 89/451 [28:32<1:57:55, 19.54s/it]behavioral smollm3/step3440k:  20%|█▉        | 90/451 [29:02<2:16:29, 22.68s/it]behavioral smollm3/step3440k:  20%|██        | 91/451 [29:11<1:51:08, 18.52s/it]behavioral smollm3/step3440k:  20%|██        | 92/451 [29:50<2:27:33, 24.66s/it]behavioral smollm3/step3440k:  21%|██        | 93/451 [30:35<3:03:31, 30.76s/it]Setting `pad_token_id` to `eos_token_id`:128001 for open-end generation.
behavioral smollm3/step3440k:  21%|██        | 94/451 [30:43<2:21:33, 23.79s/it]Setting `pad_token_id` to `eos_token_id`:128001 for open-end generation.
behavioral smollm3/step3440k:  21%|██        | 95/451 [30:50<1:52:11, 18.91s/it]Setting `pad_token_id` to `eos_token_id`:128001 for open-end generation.
behavioral smollm3/step3440k:  21%|██▏       | 96/451 [30:59<1:34:11, 15.92s/it]Setting `pad_token_id` to `eos_token_id`:128001 for open-end generation.
behavioral smollm3/step3440k:  22%|██▏       | 97/451 [31:08<1:21:43, 13.85s/it]Setting `pad_token_id` to `eos_token_id`:128001 for open-end generation.
behavioral smollm3/step3440k:  22%|██▏       | 98/451 [31:18<1:14:16, 12.63s/it]Setting `pad_token_id` to `eos_token_id`:128001 for open-end generation.
behavioral smollm3/step3440k:  22%|██▏       | 99/451 [31:27<1:07:31, 11.51s/it]behavioral smollm3/step3440k:  22%|██▏       | 100/451 [32:06<1:56:52, 19.98s/it]behavioral smollm3/step3440k:  22%|██▏       | 101/451 [32:34<2:10:19, 22.34s/it]behavioral smollm3/step3440k:  23%|██▎       | 102/451 [32:43<1:46:32, 18.32s/it]behavioral smollm3/step3440k:  23%|██▎       | 103/451 [33:22<2:22:00, 24.48s/it]behavioral smollm3/step3440k:  23%|██▎       | 104/451 [34:06<2:55:27, 30.34s/it]Setting `pad_token_id` to `eos_token_id`:128001 for open-end generation.
behavioral smollm3/step3440k:  23%|██▎       | 105/451 [34:13<2:15:13, 23.45s/it]Setting `pad_token_id` to `eos_token_id`:128001 for open-end generation.
behavioral smollm3/step3440k:  24%|██▎       | 106/451 [34:21<1:46:45, 18.57s/it]Setting `pad_token_id` to `eos_token_id`:128001 for open-end generation.
behavioral smollm3/step3440k:  24%|██▎       | 107/451 [34:30<1:29:49, 15.67s/it]Setting `pad_token_id` to `eos_token_id`:128001 for open-end generation.
behavioral smollm3/step3440k:  24%|██▍       | 108/451 [34:39<1:18:11, 13.68s/it]Setting `pad_token_id` to `eos_token_id`:128001 for open-end generation.
behavioral smollm3/step3440k:  24%|██▍       | 109/451 [34:48<1:11:26, 12.53s/it]Setting `pad_token_id` to `eos_token_id`:128001 for open-end generation.
behavioral smollm3/step3440k:  24%|██▍       | 110/451 [34:57<1:05:04, 11.45s/it]behavioral smollm3/step3440k:  25%|██▍       | 111/451 [35:36<1:51:29, 19.67s/it]behavioral smollm3/step3440k:  25%|██▍       | 112/451 [36:11<2:16:48, 24.21s/it]behavioral smollm3/step3440k:  25%|██▌       | 113/451 [36:20<1:51:01, 19.71s/it]behavioral smollm3/step3440k:  25%|██▌       | 114/451 [36:59<2:22:53, 25.44s/it]behavioral smollm3/step3440k:  25%|██▌       | 115/451 [37:43<2:54:05, 31.09s/it]Setting `pad_token_id` to `eos_token_id`:128001 for open-end generation.
behavioral smollm3/step3440k:  26%|██▌       | 116/451 [37:51<2:14:05, 24.02s/it]Setting `pad_token_id` to `eos_token_id`:128001 for open-end generation.
behavioral smollm3/step3440k:  26%|██▌       | 117/451 [37:59<1:47:27, 19.30s/it]Setting `pad_token_id` to `eos_token_id`:128001 for open-end generation.
behavioral smollm3/step3440k:  26%|██▌       | 118/451 [38:08<1:29:23, 16.11s/it]Setting `pad_token_id` to `eos_token_id`:128001 for open-end generation.
behavioral smollm3/step3440k:  26%|██▋       | 119/451 [38:17<1:17:32, 14.01s/it]Setting `pad_token_id` to `eos_token_id`:128001 for open-end generation.
behavioral smollm3/step3440k:  27%|██▋       | 120/451 [38:27<1:10:47, 12.83s/it]Setting `pad_token_id` to `eos_token_id`:128001 for open-end generation.
behavioral smollm3/step3440k:  27%|██▋       | 121/451 [38:36<1:03:52, 11.61s/it]behavioral smollm3/step3440k:  27%|██▋       | 122/451 [39:04<1:31:15, 16.64s/it]behavioral smollm3/step3440k:  27%|██▋       | 123/451 [39:31<1:47:38, 19.69s/it]behavioral smollm3/step3440k:  27%|██▋       | 124/451 [39:39<1:28:06, 16.17s/it]behavioral smollm3/step3440k:  28%|██▊       | 125/451 [40:16<2:01:43, 22.40s/it]behavioral smollm3/step3440k:  28%|██▊       | 126/451 [40:53<2:25:53, 26.93s/it]Setting `pad_token_id` to `eos_token_id`:128001 for open-end generation.
behavioral smollm3/step3440k:  28%|██▊       | 127/451 [41:01<1:53:34, 21.03s/it]Setting `pad_token_id` to `eos_token_id`:128001 for open-end generation.
behavioral smollm3/step3440k:  28%|██▊       | 128/451 [41:08<1:30:42, 16.85s/it]Setting `pad_token_id` to `eos_token_id`:128001 for open-end generation.
behavioral smollm3/step3440k:  29%|██▊       | 129/451 [41:17<1:17:30, 14.44s/it]Setting `pad_token_id` to `eos_token_id`:128001 for open-end generation.
behavioral smollm3/step3440k:  29%|██▉       | 130/451 [41:25<1:08:27, 12.80s/it]Setting `pad_token_id` to `eos_token_id`:128001 for open-end generation.
behavioral smollm3/step3440k:  29%|██▉       | 131/451 [41:35<1:02:33, 11.73s/it]Setting `pad_token_id` to `eos_token_id`:128001 for open-end generation.
behavioral smollm3/step3440k:  29%|██▉       | 132/451 [41:44<58:05, 10.93s/it]  behavioral smollm3/step3440k:  29%|██▉       | 133/451 [42:20<1:38:00, 18.49s/it]behavioral smollm3/step3440k:  30%|██▉       | 134/451 [42:46<1:50:17, 20.88s/it]behavioral smollm3/step3440k:  30%|██▉       | 135/451 [42:55<1:31:08, 17.30s/it]behavioral smollm3/step3440k:  30%|███       | 136/451 [43:34<2:04:39, 23.74s/it]behavioral smollm3/step3440k:  30%|███       | 137/451 [44:18<2:36:00, 29.81s/it]Setting `pad_token_id` to `eos_token_id`:128001 for open-end generation.
behavioral smollm3/step3440k:  31%|███       | 138/451 [44:25<2:00:30, 23.10s/it]Setting `pad_token_id` to `eos_token_id`:128001 for open-end generation.
behavioral smollm3/step3440k:  31%|███       | 139/451 [44:32<1:34:54, 18.25s/it]Setting `pad_token_id` to `eos_token_id`:128001 for open-end generation.
behavioral smollm3/step3440k:  31%|███       | 140/451 [44:41<1:19:55, 15.42s/it]Setting `pad_token_id` to `eos_token_id`:128001 for open-end generation.
behavioral smollm3/step3440k:  31%|███▏      | 141/451 [44:50<1:09:50, 13.52s/it]Setting `pad_token_id` to `eos_token_id`:128001 for open-end generation.
behavioral smollm3/step3440k:  31%|███▏      | 142/451 [45:00<1:03:49, 12.39s/it]Setting `pad_token_id` to `eos_token_id`:128001 for open-end generation.
behavioral smollm3/step3440k:  32%|███▏      | 143/451 [45:09<58:10, 11.33s/it]  behavioral smollm3/step3440k:  32%|███▏      | 144/451 [45:51<1:45:19, 20.59s/it]behavioral smollm3/step3440k:  32%|███▏      | 145/451 [46:21<1:59:35, 23.45s/it]behavioral smollm3/step3440k:  32%|███▏      | 146/451 [46:30<1:36:50, 19.05s/it]behavioral smollm3/step3440k:  33%|███▎      | 147/451 [47:09<2:06:49, 25.03s/it]behavioral smollm3/step3440k:  33%|███▎      | 148/451 [47:53<2:34:59, 30.69s/it]Setting `pad_token_id` to `eos_token_id`:128001 for open-end generation.
behavioral smollm3/step3440k:  33%|███▎      | 149/451 [48:00<1:59:11, 23.68s/it]Setting `pad_token_id` to `eos_token_id`:128001 for open-end generation.
behavioral smollm3/step3440k:  33%|███▎      | 150/451 [48:08<1:34:08, 18.77s/it]Setting `pad_token_id` to `eos_token_id`:128001 for open-end generation.
behavioral smollm3/step3440k:  33%|███▎      | 151/451 [48:16<1:18:52, 15.77s/it]Setting `pad_token_id` to `eos_token_id`:128001 for open-end generation.
behavioral smollm3/step3440k:  34%|███▎      | 152/451 [48:25<1:08:20, 13.71s/it]Setting `pad_token_id` to `eos_token_id`:128001 for open-end generation.
behavioral smollm3/step3440k:  34%|███▍      | 153/451 [48:35<1:02:08, 12.51s/it]Setting `pad_token_id` to `eos_token_id`:128001 for open-end generation.
behavioral smollm3/step3440k:  34%|███▍      | 154/451 [48:44<56:22, 11.39s/it]  behavioral smollm3/step3440k:  34%|███▍      | 155/451 [49:21<1:34:20, 19.12s/it]behavioral smollm3/step3440k:  35%|███▍      | 156/451 [49:57<1:59:31, 24.31s/it]behavioral smollm3/step3440k:  35%|███▍      | 157/451 [50:07<1:36:59, 19.79s/it]behavioral smollm3/step3440k:  35%|███▌      | 158/451 [50:47<2:06:28, 25.90s/it]behavioral smollm3/step3440k:  35%|███▌      | 159/451 [51:32<2:34:16, 31.70s/it]Setting `pad_token_id` to `eos_token_id`:128001 for open-end generation.
behavioral smollm3/step3440k:  35%|███▌      | 160/451 [51:39<1:58:29, 24.43s/it]Setting `pad_token_id` to `eos_token_id`:128001 for open-end generation.
behavioral smollm3/step3440k:  36%|███▌      | 161/451 [51:48<1:34:30, 19.55s/it]Setting `pad_token_id` to `eos_token_id`:128001 for open-end generation.
behavioral smollm3/step3440k:  36%|███▌      | 162/451 [51:57<1:18:55, 16.38s/it]Setting `pad_token_id` to `eos_token_id`:128001 for open-end generation.
behavioral smollm3/step3440k:  36%|███▌      | 163/451 [52:06<1:08:18, 14.23s/it]Setting `pad_token_id` to `eos_token_id`:128001 for open-end generation.
behavioral smollm3/step3440k:  36%|███▋      | 164/451 [52:16<1:01:59, 12.96s/it]Setting `pad_token_id` to `eos_token_id`:128001 for open-end generation.
behavioral smollm3/step3440k:  37%|███▋      | 165/451 [52:25<56:38, 11.88s/it]  behavioral smollm3/step3440k:  37%|███▋      | 166/451 [52:55<1:22:34, 17.38s/it]behavioral smollm3/step3440k:  37%|███▋      | 167/451 [53:26<1:41:40, 21.48s/it]behavioral smollm3/step3440k:  37%|███▋      | 168/451 [53:36<1:24:47, 17.98s/it]behavioral smollm3/step3440k:  37%|███▋      | 169/451 [54:17<1:56:42, 24.83s/it]behavioral smollm3/step3440k:  38%|███▊      | 170/451 [54:54<2:12:47, 28.35s/it]Setting `pad_token_id` to `eos_token_id`:128001 for open-end generation.
behavioral smollm3/step3440k:  38%|███▊      | 171/451 [55:01<1:42:50, 22.04s/it]Setting `pad_token_id` to `eos_token_id`:128001 for open-end generation.
behavioral smollm3/step3440k:  38%|███▊      | 172/451 [55:08<1:21:41, 17.57s/it]Setting `pad_token_id` to `eos_token_id`:128001 for open-end generation.
behavioral smollm3/step3440k:  38%|███▊      | 173/451 [55:17<1:09:25, 14.98s/it]Setting `pad_token_id` to `eos_token_id`:128001 for open-end generation.
behavioral smollm3/step3440k:  39%|███▊      | 174/451 [55:26<1:01:04, 13.23s/it]Setting `pad_token_id` to `eos_token_id`:128001 for open-end generation.
behavioral smollm3/step3440k:  39%|███▉      | 175/451 [55:35<55:30, 12.07s/it]  Setting `pad_token_id` to `eos_token_id`:128001 for open-end generation.
behavioral smollm3/step3440k:  39%|███▉      | 176/451 [55:44<51:03, 11.14s/it]behavioral smollm3/step3440k:  39%|███▉      | 177/451 [56:20<1:23:49, 18.36s/it]behavioral smollm3/step3440k:  39%|███▉      | 178/451 [56:49<1:37:53, 21.51s/it]behavioral smollm3/step3440k:  40%|███▉      | 179/451 [56:57<1:20:22, 17.73s/it]behavioral smollm3/step3440k:  40%|███▉      | 180/451 [57:37<1:49:03, 24.15s/it]behavioral smollm3/step3440k:  40%|████      | 181/451 [58:21<2:16:30, 30.33s/it]Setting `pad_token_id` to `eos_token_id`:128001 for open-end generation.
behavioral smollm3/step3440k:  40%|████      | 182/451 [58:29<1:45:18, 23.49s/it]Setting `pad_token_id` to `eos_token_id`:128001 for open-end generation.
behavioral smollm3/step3440k:  41%|████      | 183/451 [58:37<1:24:19, 18.88s/it]Setting `pad_token_id` to `eos_token_id`:128001 for open-end generation.
behavioral smollm3/step3440k:  41%|████      | 184/451 [58:46<1:10:53, 15.93s/it]Setting `pad_token_id` to `eos_token_id`:128001 for open-end generation.
behavioral smollm3/step3440k:  41%|████      | 185/451 [58:55<1:01:17, 13.83s/it]Setting `pad_token_id` to `eos_token_id`:128001 for open-end generation.
behavioral smollm3/step3440k:  41%|████      | 186/451 [59:05<55:58, 12.67s/it]  Setting `pad_token_id` to `eos_token_id`:128001 for open-end generation.
behavioral smollm3/step3440k:  41%|████▏     | 187/451 [59:14<50:44, 11.53s/it]behavioral smollm3/step3440k:  42%|████▏     | 188/451 [59:52<1:25:20, 19.47s/it]behavioral smollm3/step3440k:  42%|████▏     | 189/451 [1:00:22<1:39:07, 22.70s/it]behavioral smollm3/step3440k:  42%|████▏     | 190/451 [1:00:31<1:20:44, 18.56s/it]behavioral smollm3/step3440k:  42%|████▏     | 191/451 [1:01:10<1:46:54, 24.67s/it]behavioral smollm3/step3440k:  43%|████▎     | 192/451 [1:01:54<2:11:43, 30.51s/it]Setting `pad_token_id` to `eos_token_id`:128001 for open-end generation.
behavioral smollm3/step3440k:  43%|████▎     | 193/451 [1:02:02<1:41:42, 23.65s/it]Setting `pad_token_id` to `eos_token_id`:128001 for open-end generation.
behavioral smollm3/step3440k:  43%|████▎     | 194/451 [1:02:09<1:20:39, 18.83s/it]Setting `pad_token_id` to `eos_token_id`:128001 for open-end generation.
behavioral smollm3/step3440k:  43%|████▎     | 195/451 [1:02:18<1:07:34, 15.84s/it]Setting `pad_token_id` to `eos_token_id`:128001 for open-end generation.
behavioral smollm3/step3440k:  43%|████▎     | 196/451 [1:02:27<58:45, 13.83s/it]  Setting `pad_token_id` to `eos_token_id`:128001 for open-end generation.
behavioral smollm3/step3440k:  44%|████▎     | 197/451 [1:02:37<53:47, 12.71s/it]Setting `pad_token_id` to `eos_token_id`:128001 for open-end generation.
behavioral smollm3/step3440k:  44%|████▍     | 198/451 [1:02:46<48:50, 11.58s/it]behavioral smollm3/step3440k:  44%|████▍     | 199/451 [1:03:23<1:20:21, 19.13s/it]behavioral smollm3/step3440k:  44%|████▍     | 200/451 [1:03:57<1:38:09, 23.47s/it]behavioral smollm3/step3440k:  45%|████▍     | 201/451 [1:04:06<1:19:51, 19.16s/it]behavioral smollm3/step3440k:  45%|████▍     | 202/451 [1:04:45<1:44:26, 25.17s/it]behavioral smollm3/step3440k:  45%|████▌     | 203/451 [1:05:29<2:07:35, 30.87s/it]Setting `pad_token_id` to `eos_token_id`:128001 for open-end generation.
behavioral smollm3/step3440k:  45%|████▌     | 204/451 [1:05:37<1:38:25, 23.91s/it]Setting `pad_token_id` to `eos_token_id`:128001 for open-end generation.
behavioral smollm3/step3440k:  45%|████▌     | 205/451 [1:05:45<1:18:47, 19.22s/it]Setting `pad_token_id` to `eos_token_id`:128001 for open-end generation.
behavioral smollm3/step3440k:  46%|████▌     | 206/451 [1:05:54<1:05:52, 16.13s/it]Setting `pad_token_id` to `eos_token_id`:128001 for open-end generation.
behavioral smollm3/step3440k:  46%|████▌     | 207/451 [1:06:03<57:09, 14.06s/it]  Setting `pad_token_id` to `eos_token_id`:128001 for open-end generation.
behavioral smollm3/step3440k:  46%|████▌     | 208/451 [1:06:13<51:59, 12.84s/it]Setting `pad_token_id` to `eos_token_id`:128001 for open-end generation.
behavioral smollm3/step3440k:  46%|████▋     | 209/451 [1:06:22<47:11, 11.70s/it]behavioral smollm3/step3440k:  47%|████▋     | 210/451 [1:06:59<1:16:43, 19.10s/it]behavioral smollm3/step3440k:  47%|████▋     | 211/451 [1:07:28<1:28:12, 22.05s/it]behavioral smollm3/step3440k:  47%|████▋     | 212/451 [1:07:36<1:12:06, 18.10s/it]behavioral smollm3/step3440k:  47%|████▋     | 213/451 [1:08:15<1:36:31, 24.33s/it]behavioral smollm3/step3440k:  47%|████▋     | 214/451 [1:08:59<1:59:32, 30.26s/it]Setting `pad_token_id` to `eos_token_id`:128001 for open-end generation.
behavioral smollm3/step3440k:  48%|████▊     | 215/451 [1:09:07<1:32:11, 23.44s/it]Setting `pad_token_id` to `eos_token_id`:128001 for open-end generation.
behavioral smollm3/step3440k:  48%|████▊     | 216/451 [1:09:14<1:12:37, 18.54s/it]Setting `pad_token_id` to `eos_token_id`:128001 for open-end generation.
behavioral smollm3/step3440k:  48%|████▊     | 217/451 [1:09:23<1:01:09, 15.68s/it]Setting `pad_token_id` to `eos_token_id`:128001 for open-end generation.
behavioral smollm3/step3440k:  48%|████▊     | 218/451 [1:09:32<53:11, 13.70s/it]  Setting `pad_token_id` to `eos_token_id`:128001 for open-end generation.
behavioral smollm3/step3440k:  49%|████▊     | 219/451 [1:09:42<48:45, 12.61s/it]Setting `pad_token_id` to `eos_token_id`:128001 for open-end generation.
behavioral smollm3/step3440k:  49%|████▉     | 220/451 [1:09:51<44:11, 11.48s/it]behavioral smollm3/step3440k:  49%|████▉     | 221/451 [1:10:22<1:06:09, 17.26s/it]behavioral smollm3/step3440k:  49%|████▉     | 222/451 [1:10:54<1:22:54, 21.72s/it]behavioral smollm3/step3440k:  49%|████▉     | 223/451 [1:11:03<1:07:45, 17.83s/it]behavioral smollm3/step3440k:  50%|████▉     | 224/451 [1:11:40<1:29:19, 23.61s/it]behavioral smollm3/step3440k:  50%|████▉     | 225/451 [1:12:16<1:43:13, 27.41s/it]Setting `pad_token_id` to `eos_token_id`:128001 for open-end generation.
behavioral smollm3/step3440k:  50%|█████     | 226/451 [1:12:24<1:20:28, 21.46s/it]Setting `pad_token_id` to `eos_token_id`:128001 for open-end generation.
behavioral smollm3/step3440k:  50%|█████     | 227/451 [1:12:31<1:04:13, 17.20s/it]Setting `pad_token_id` to `eos_token_id`:128001 for open-end generation.
behavioral smollm3/step3440k:  51%|█████     | 228/451 [1:12:40<54:26, 14.65s/it]  Setting `pad_token_id` to `eos_token_id`:128001 for open-end generation.
behavioral smollm3/step3440k:  51%|█████     | 229/451 [1:12:49<48:16, 13.05s/it]Setting `pad_token_id` to `eos_token_id`:128001 for open-end generation.
behavioral smollm3/step3440k:  51%|█████     | 230/451 [1:12:58<43:45, 11.88s/it]Setting `pad_token_id` to `eos_token_id`:128001 for open-end generation.
behavioral smollm3/step3440k:  51%|█████     | 231/451 [1:13:07<40:41, 11.10s/it]behavioral smollm3/step3440k:  51%|█████▏    | 232/451 [1:13:46<1:11:03, 19.47s/it]behavioral smollm3/step3440k:  52%|█████▏    | 233/451 [1:14:15<1:21:17, 22.37s/it]behavioral smollm3/step3440k:  52%|█████▏    | 234/451 [1:14:24<1:06:18, 18.34s/it]behavioral smollm3/step3440k:  52%|█████▏    | 235/451 [1:15:03<1:28:18, 24.53s/it]behavioral smollm3/step3440k:  52%|█████▏    | 236/451 [1:15:47<1:49:00, 30.42s/it]Setting `pad_token_id` to `eos_token_id`:128001 for open-end generation.
behavioral smollm3/step3440k:  53%|█████▎    | 237/451 [1:15:56<1:24:42, 23.75s/it]Setting `pad_token_id` to `eos_token_id`:128001 for open-end generation.
behavioral smollm3/step3440k:  53%|█████▎    | 238/451 [1:16:04<1:08:03, 19.17s/it]Setting `pad_token_id` to `eos_token_id`:128001 for open-end generation.
behavioral smollm3/step3440k:  53%|█████▎    | 239/451 [1:16:13<57:03, 16.15s/it]  Setting `pad_token_id` to `eos_token_id`:128001 for open-end generation.
behavioral smollm3/step3440k:  53%|█████▎    | 240/451 [1:16:23<49:38, 14.12s/it]Setting `pad_token_id` to `eos_token_id`:128001 for open-end generation.
behavioral smollm3/step3440k:  53%|█████▎    | 241/451 [1:16:33<45:27, 12.99s/it]Setting `pad_token_id` to `eos_token_id`:128001 for open-end generation.
behavioral smollm3/step3440k:  54%|█████▎    | 242/451 [1:16:42<41:09, 11.82s/it]behavioral smollm3/step3440k:  54%|█████▍    | 243/451 [1:17:23<1:11:36, 20.66s/it]behavioral smollm3/step3440k:  54%|█████▍    | 244/451 [1:17:57<1:24:37, 24.53s/it]behavioral smollm3/step3440k:  54%|█████▍    | 245/451 [1:18:06<1:08:09, 19.85s/it]behavioral smollm3/step3440k:  55%|█████▍    | 246/451 [1:18:45<1:27:43, 25.67s/it]behavioral smollm3/step3440k:  55%|█████▍    | 247/451 [1:19:29<1:46:17, 31.26s/it]Setting `pad_token_id` to `eos_token_id`:128001 for open-end generation.
behavioral smollm3/step3440k:  55%|█████▍    | 248/451 [1:19:37<1:22:14, 24.31s/it]Setting `pad_token_id` to `eos_token_id`:128001 for open-end generation.
behavioral smollm3/step3440k:  55%|█████▌    | 249/451 [1:19:47<1:06:45, 19.83s/it]Setting `pad_token_id` to `eos_token_id`:128001 for open-end generation.
behavioral smollm3/step3440k:  55%|█████▌    | 250/451 [1:19:56<55:43, 16.64s/it]  Setting `pad_token_id` to `eos_token_id`:128001 for open-end generation.
behavioral smollm3/step3440k:  56%|█████▌    | 251/451 [1:20:06<48:19, 14.50s/it]Setting `pad_token_id` to `eos_token_id`:128001 for open-end generation.
behavioral smollm3/step3440k:  56%|█████▌    | 252/451 [1:20:16<44:07, 13.30s/it]Setting `pad_token_id` to `eos_token_id`:128001 for open-end generation.
behavioral smollm3/step3440k:  56%|█████▌    | 253/451 [1:20:26<40:20, 12.22s/it]behavioral smollm3/step3440k:  56%|█████▋    | 254/451 [1:21:12<1:13:17, 22.32s/it]behavioral smollm3/step3440k:  57%|█████▋    | 255/451 [1:21:44<1:23:04, 25.43s/it]behavioral smollm3/step3440k:  57%|█████▋    | 256/451 [1:21:54<1:07:12, 20.68s/it]behavioral smollm3/step3440k:  57%|█████▋    | 257/451 [1:22:34<1:25:57, 26.58s/it]behavioral smollm3/step3440k:  57%|█████▋    | 258/451 [1:23:20<1:43:34, 32.20s/it]Setting `pad_token_id` to `eos_token_id`:128001 for open-end generation.
behavioral smollm3/step3440k:  57%|█████▋    | 259/451 [1:23:27<1:19:34, 24.87s/it]Setting `pad_token_id` to `eos_token_id`:128001 for open-end generation.
behavioral smollm3/step3440k:  58%|█████▊    | 260/451 [1:23:35<1:02:27, 19.62s/it]Setting `pad_token_id` to `eos_token_id`:128001 for open-end generation.
behavioral smollm3/step3440k:  58%|█████▊    | 261/451 [1:23:44<52:10, 16.48s/it]  Setting `pad_token_id` to `eos_token_id`:128001 for open-end generation.
behavioral smollm3/step3440k:  58%|█████▊    | 262/451 [1:23:53<45:01, 14.29s/it]Setting `pad_token_id` to `eos_token_id`:128001 for open-end generation.
behavioral smollm3/step3440k:  58%|█████▊    | 263/451 [1:24:03<41:06, 13.12s/it]Setting `pad_token_id` to `eos_token_id`:128001 for open-end generation.
behavioral smollm3/step3440k:  59%|█████▊    | 264/451 [1:24:13<37:10, 11.93s/it]behavioral smollm3/step3440k:  59%|█████▉    | 265/451 [1:24:54<1:04:04, 20.67s/it]behavioral smollm3/step3440k:  59%|█████▉    | 266/451 [1:25:28<1:16:34, 24.83s/it]behavioral smollm3/step3440k:  59%|█████▉    | 267/451 [1:25:37<1:01:30, 20.06s/it]behavioral smollm3/step3440k:  59%|█████▉    | 268/451 [1:26:16<1:18:13, 25.65s/it]behavioral smollm3/step3440k:  60%|█████▉    | 269/451 [1:27:00<1:34:58, 31.31s/it]Setting `pad_token_id` to `eos_token_id`:128001 for open-end generation.
behavioral smollm3/step3440k:  60%|█████▉    | 270/451 [1:27:08<1:12:47, 24.13s/it]Setting `pad_token_id` to `eos_token_id`:128001 for open-end generation.
behavioral smollm3/step3440k:  60%|██████    | 271/451 [1:27:15<56:56, 18.98s/it]  Setting `pad_token_id` to `eos_token_id`:128001 for open-end generation.
behavioral smollm3/step3440k:  60%|██████    | 272/451 [1:27:23<47:20, 15.87s/it]Setting `pad_token_id` to `eos_token_id`:128001 for open-end generation.
behavioral smollm3/step3440k:  61%|██████    | 273/451 [1:27:33<41:12, 13.89s/it]Setting `pad_token_id` to `eos_token_id`:128001 for open-end generation.
behavioral smollm3/step3440k:  61%|██████    | 274/451 [1:27:43<37:29, 12.71s/it]Setting `pad_token_id` to `eos_token_id`:128001 for open-end generation.
behavioral smollm3/step3440k:  61%|██████    | 275/451 [1:27:51<33:56, 11.57s/it]behavioral smollm3/step3440k:  61%|██████    | 276/451 [1:28:29<56:26, 19.35s/it]behavioral smollm3/step3440k:  61%|██████▏   | 277/451 [1:28:59<1:05:22, 22.54s/it]behavioral smollm3/step3440k:  62%|██████▏   | 278/451 [1:29:08<53:13, 18.46s/it]  behavioral smollm3/step3440k:  62%|██████▏   | 279/451 [1:29:47<1:10:34, 24.62s/it]behavioral smollm3/step3440k:  62%|██████▏   | 280/451 [1:30:32<1:27:33, 30.72s/it]Setting `pad_token_id` to `eos_token_id`:128001 for open-end generation.
behavioral smollm3/step3440k:  62%|██████▏   | 281/451 [1:30:39<1:07:13, 23.72s/it]Setting `pad_token_id` to `eos_token_id`:128001 for open-end generation.
behavioral smollm3/step3440k:  63%|██████▎   | 282/451 [1:30:47<53:07, 18.86s/it]  Setting `pad_token_id` to `eos_token_id`:128001 for open-end generation.
behavioral smollm3/step3440k:  63%|██████▎   | 283/451 [1:30:55<44:16, 15.81s/it]Setting `pad_token_id` to `eos_token_id`:128001 for open-end generation.
behavioral smollm3/step3440k:  63%|██████▎   | 284/451 [1:31:04<38:14, 13.74s/it]Setting `pad_token_id` to `eos_token_id`:128001 for open-end generation.
behavioral smollm3/step3440k:  63%|██████▎   | 285/451 [1:31:14<34:38, 12.52s/it]Setting `pad_token_id` to `eos_token_id`:128001 for open-end generation.
behavioral smollm3/step3440k:  63%|██████▎   | 286/451 [1:31:23<31:20, 11.40s/it]behavioral smollm3/step3440k:  64%|██████▎   | 287/451 [1:32:02<54:09, 19.82s/it]behavioral smollm3/step3440k:  64%|██████▍   | 288/451 [1:32:32<1:02:15, 22.92s/it]behavioral smollm3/step3440k:  64%|██████▍   | 289/451 [1:32:41<50:30, 18.71s/it]  behavioral smollm3/step3440k:  64%|██████▍   | 290/451 [1:33:20<1:06:36, 24.83s/it]behavioral smollm3/step3440k:  65%|██████▍   | 291/451 [1:34:04<1:21:21, 30.51s/it]Setting `pad_token_id` to `eos_token_id`:128001 for open-end generation.
behavioral smollm3/step3440k:  65%|██████▍   | 292/451 [1:34:12<1:02:32, 23.60s/it]Setting `pad_token_id` to `eos_token_id`:128001 for open-end generation.
behavioral smollm3/step3440k:  65%|██████▍   | 293/451 [1:34:19<49:39, 18.86s/it]  Setting `pad_token_id` to `eos_token_id`:128001 for open-end generation.
behavioral smollm3/step3440k:  65%|██████▌   | 294/451 [1:34:29<41:46, 15.96s/it]Setting `pad_token_id` to `eos_token_id`:128001 for open-end generation.
behavioral smollm3/step3440k:  65%|██████▌   | 295/451 [1:34:38<36:02, 13.86s/it]Setting `pad_token_id` to `eos_token_id`:128001 for open-end generation.
behavioral smollm3/step3440k:  66%|██████▌   | 296/451 [1:34:48<32:53, 12.73s/it]Setting `pad_token_id` to `eos_token_id`:128001 for open-end generation.
behavioral smollm3/step3440k:  66%|██████▌   | 297/451 [1:34:57<29:49, 11.62s/it]behavioral smollm3/step3440k:  66%|██████▌   | 298/451 [1:35:39<52:47, 20.70s/it]behavioral smollm3/step3440k:  66%|██████▋   | 299/451 [1:36:12<1:01:48, 24.40s/it]behavioral smollm3/step3440k:  67%|██████▋   | 300/451 [1:36:21<50:10, 19.94s/it]  behavioral smollm3/step3440k:  67%|██████▋   | 301/451 [1:37:01<1:04:31, 25.81s/it]behavioral smollm3/step3440k:  67%|██████▋   | 302/451 [1:37:45<1:18:04, 31.44s/it]Setting `pad_token_id` to `eos_token_id`:128001 for open-end generation.
behavioral smollm3/step3440k:  67%|██████▋   | 303/451 [1:37:54<1:00:34, 24.56s/it]Setting `pad_token_id` to `eos_token_id`:128001 for open-end generation.
behavioral smollm3/step3440k:  67%|██████▋   | 304/451 [1:38:02<48:01, 19.60s/it]  Setting `pad_token_id` to `eos_token_id`:128001 for open-end generation.
behavioral smollm3/step3440k:  68%|██████▊   | 305/451 [1:38:11<40:15, 16.54s/it]Setting `pad_token_id` to `eos_token_id`:128001 for open-end generation.
behavioral smollm3/step3440k:  68%|██████▊   | 306/451 [1:38:21<35:07, 14.53s/it]Setting `pad_token_id` to `eos_token_id`:128001 for open-end generation.
behavioral smollm3/step3440k:  68%|██████▊   | 307/451 [1:38:31<31:48, 13.25s/it]Setting `pad_token_id` to `eos_token_id`:128001 for open-end generation.
behavioral smollm3/step3440k:  68%|██████▊   | 308/451 [1:38:40<28:39, 12.02s/it]behavioral smollm3/step3440k:  69%|██████▊   | 309/451 [1:39:20<48:05, 20.32s/it]behavioral smollm3/step3440k:  69%|██████▊   | 310/451 [1:39:47<52:22, 22.29s/it]behavioral smollm3/step3440k:  69%|██████▉   | 311/451 [1:39:56<43:01, 18.44s/it]behavioral smollm3/step3440k:  69%|██████▉   | 312/451 [1:40:36<57:22, 24.76s/it]behavioral smollm3/step3440k:  69%|██████▉   | 313/451 [1:41:20<1:10:33, 30.68s/it]Setting `pad_token_id` to `eos_token_id`:128001 for open-end generation.
behavioral smollm3/step3440k:  70%|██████▉   | 314/451 [1:41:28<54:25, 23.84s/it]  Setting `pad_token_id` to `eos_token_id`:128001 for open-end generation.
behavioral smollm3/step3440k:  70%|██████▉   | 315/451 [1:41:37<43:24, 19.15s/it]Setting `pad_token_id` to `eos_token_id`:128001 for open-end generation.
behavioral smollm3/step3440k:  70%|███████   | 316/451 [1:41:46<36:15, 16.12s/it]Setting `pad_token_id` to `eos_token_id`:128001 for open-end generation.
behavioral smollm3/step3440k:  70%|███████   | 317/451 [1:41:55<31:21, 14.04s/it]Setting `pad_token_id` to `eos_token_id`:128001 for open-end generation.
behavioral smollm3/step3440k:  71%|███████   | 318/451 [1:42:05<28:41, 12.95s/it]Setting `pad_token_id` to `eos_token_id`:128001 for open-end generation.
behavioral smollm3/step3440k:  71%|███████   | 319/451 [1:42:15<26:14, 11.93s/it]behavioral smollm3/step3440k:  71%|███████   | 320/451 [1:42:48<39:50, 18.25s/it]behavioral smollm3/step3440k:  71%|███████   | 321/451 [1:43:14<44:43, 20.64s/it]behavioral smollm3/step3440k:  71%|███████▏  | 322/451 [1:43:23<36:55, 17.18s/it]behavioral smollm3/step3440k:  72%|███████▏  | 323/451 [1:43:52<44:07, 20.68s/it]behavioral smollm3/step3440k:  72%|███████▏  | 324/451 [1:44:34<57:18, 27.08s/it]Setting `pad_token_id` to `eos_token_id`:128001 for open-end generation.
behavioral smollm3/step3440k:  72%|███████▏  | 325/451 [1:44:42<44:40, 21.27s/it]Setting `pad_token_id` to `eos_token_id`:128001 for open-end generation.
behavioral smollm3/step3440k:  72%|███████▏  | 326/451 [1:44:49<35:41, 17.13s/it]Setting `pad_token_id` to `eos_token_id`:128001 for open-end generation.
behavioral smollm3/step3440k:  73%|███████▎  | 327/451 [1:44:58<30:29, 14.76s/it]Setting `pad_token_id` to `eos_token_id`:128001 for open-end generation.
behavioral smollm3/step3440k:  73%|███████▎  | 328/451 [1:45:08<27:07, 13.24s/it]Setting `pad_token_id` to `eos_token_id`:128001 for open-end generation.
behavioral smollm3/step3440k:  73%|███████▎  | 329/451 [1:45:19<25:18, 12.45s/it]Setting `pad_token_id` to `eos_token_id`:128001 for open-end generation.
behavioral smollm3/step3440k:  73%|███████▎  | 330/451 [1:45:28<23:17, 11.55s/it]behavioral smollm3/step3440k:  73%|███████▎  | 331/451 [1:46:06<39:01, 19.52s/it]behavioral smollm3/step3440k:  74%|███████▎  | 332/451 [1:46:40<47:28, 23.94s/it]behavioral smollm3/step3440k:  74%|███████▍  | 333/451 [1:46:49<38:13, 19.43s/it]behavioral smollm3/step3440k:  74%|███████▍  | 334/451 [1:47:28<49:12, 25.24s/it]behavioral smollm3/step3440k:  74%|███████▍  | 335/451 [1:48:13<1:00:04, 31.08s/it]Setting `pad_token_id` to `eos_token_id`:128001 for open-end generation.
behavioral smollm3/step3440k:  75%|███████▍  | 336/451 [1:48:21<46:07, 24.06s/it]  Setting `pad_token_id` to `eos_token_id`:128001 for open-end generation.
behavioral smollm3/step3440k:  75%|███████▍  | 337/451 [1:48:28<36:24, 19.16s/it]Setting `pad_token_id` to `eos_token_id`:128001 for open-end generation.
behavioral smollm3/step3440k:  75%|███████▍  | 338/451 [1:48:37<30:12, 16.04s/it]Setting `pad_token_id` to `eos_token_id`:128001 for open-end generation.
behavioral smollm3/step3440k:  75%|███████▌  | 339/451 [1:48:46<26:08, 14.00s/it]Setting `pad_token_id` to `eos_token_id`:128001 for open-end generation.
behavioral smollm3/step3440k:  75%|███████▌  | 340/451 [1:48:56<23:44, 12.84s/it]Setting `pad_token_id` to `eos_token_id`:128001 for open-end generation.
behavioral smollm3/step3440k:  76%|███████▌  | 341/451 [1:49:06<21:31, 11.74s/it]behavioral smollm3/step3440k:  76%|███████▌  | 342/451 [1:49:46<36:50, 20.28s/it]behavioral smollm3/step3440k:  76%|███████▌  | 343/451 [1:50:19<43:21, 24.09s/it]behavioral smollm3/step3440k:  76%|███████▋  | 344/451 [1:50:28<35:02, 19.65s/it]behavioral smollm3/step3440k:  76%|███████▋  | 345/451 [1:51:08<45:16, 25.62s/it]behavioral smollm3/step3440k:  77%|███████▋  | 346/451 [1:51:52<54:33, 31.18s/it]Setting `pad_token_id` to `eos_token_id`:128001 for open-end generation.
behavioral smollm3/step3440k:  77%|███████▋  | 347/451 [1:52:00<42:03, 24.26s/it]Setting `pad_token_id` to `eos_token_id`:128001 for open-end generation.
behavioral smollm3/step3440k:  77%|███████▋  | 348/451 [1:52:08<33:06, 19.29s/it]Setting `pad_token_id` to `eos_token_id`:128001 for open-end generation.
behavioral smollm3/step3440k:  77%|███████▋  | 349/451 [1:52:17<27:36, 16.24s/it]Setting `pad_token_id` to `eos_token_id`:128001 for open-end generation.
behavioral smollm3/step3440k:  78%|███████▊  | 350/451 [1:52:26<23:46, 14.12s/it]Setting `pad_token_id` to `eos_token_id`:128001 for open-end generation.
behavioral smollm3/step3440k:  78%|███████▊  | 351/451 [1:52:36<21:39, 13.00s/it]Setting `pad_token_id` to `eos_token_id`:128001 for open-end generation.
behavioral smollm3/step3440k:  78%|███████▊  | 352/451 [1:52:45<19:27, 11.80s/it]behavioral smollm3/step3440k:  78%|███████▊  | 353/451 [1:53:16<28:48, 17.63s/it]behavioral smollm3/step3440k:  78%|███████▊  | 354/451 [1:53:43<32:38, 20.20s/it]behavioral smollm3/step3440k:  79%|███████▊  | 355/451 [1:53:52<26:54, 16.82s/it]behavioral smollm3/step3440k:  79%|███████▉  | 356/451 [1:54:30<36:55, 23.32s/it]behavioral smollm3/step3440k:  79%|███████▉  | 357/451 [1:55:03<41:00, 26.17s/it]Setting `pad_token_id` to `eos_token_id`:128001 for open-end generation.
behavioral smollm3/step3440k:  79%|███████▉  | 358/451 [1:55:11<32:04, 20.69s/it]Setting `pad_token_id` to `eos_token_id`:128001 for open-end generation.
behavioral smollm3/step3440k:  80%|███████▉  | 359/451 [1:55:19<25:46, 16.81s/it]Setting `pad_token_id` to `eos_token_id`:128001 for open-end generation.
behavioral smollm3/step3440k:  80%|███████▉  | 360/451 [1:55:28<22:04, 14.55s/it]Setting `pad_token_id` to `eos_token_id`:128001 for open-end generation.
behavioral smollm3/step3440k:  80%|████████  | 361/451 [1:55:37<19:34, 13.04s/it]Setting `pad_token_id` to `eos_token_id`:128001 for open-end generation.
behavioral smollm3/step3440k:  80%|████████  | 362/451 [1:55:48<18:03, 12.17s/it]Setting `pad_token_id` to `eos_token_id`:128001 for open-end generation.
behavioral smollm3/step3440k:  80%|████████  | 363/451 [1:55:57<16:39, 11.36s/it]behavioral smollm3/step3440k:  81%|████████  | 364/451 [1:56:36<28:30, 19.66s/it]behavioral smollm3/step3440k:  81%|████████  | 365/451 [1:57:03<31:18, 21.84s/it]behavioral smollm3/step3440k:  81%|████████  | 366/451 [1:57:12<25:31, 18.01s/it]behavioral smollm3/step3440k:  81%|████████▏ | 367/451 [1:57:51<34:04, 24.34s/it]behavioral smollm3/step3440k:  82%|████████▏ | 368/451 [1:58:35<41:59, 30.35s/it]Setting `pad_token_id` to `eos_token_id`:128001 for open-end generation.
behavioral smollm3/step3440k:  82%|████████▏ | 369/451 [1:58:44<32:26, 23.73s/it]Setting `pad_token_id` to `eos_token_id`:128001 for open-end generation.
behavioral smollm3/step3440k:  82%|████████▏ | 370/451 [1:58:51<25:22, 18.79s/it]Setting `pad_token_id` to `eos_token_id`:128001 for open-end generation.
behavioral smollm3/step3440k:  82%|████████▏ | 371/451 [1:59:00<21:14, 15.93s/it]Setting `pad_token_id` to `eos_token_id`:128001 for open-end generation.
behavioral smollm3/step3440k:  82%|████████▏ | 372/451 [1:59:10<18:25, 13.99s/it]Setting `pad_token_id` to `eos_token_id`:128001 for open-end generation.
behavioral smollm3/step3440k:  83%|████████▎ | 373/451 [1:59:20<16:48, 12.93s/it]Setting `pad_token_id` to `eos_token_id`:128001 for open-end generation.
behavioral smollm3/step3440k:  83%|████████▎ | 374/451 [1:59:29<15:08, 11.80s/it]behavioral smollm3/step3440k:  83%|████████▎ | 375/451 [2:00:08<25:16, 19.96s/it]behavioral smollm3/step3440k:  83%|████████▎ | 376/451 [2:00:37<28:09, 22.53s/it]behavioral smollm3/step3440k:  84%|████████▎ | 377/451 [2:00:46<22:48, 18.50s/it]behavioral smollm3/step3440k:  84%|████████▍ | 378/451 [2:01:25<30:07, 24.76s/it]behavioral smollm3/step3440k:  84%|████████▍ | 379/451 [2:02:10<36:45, 30.64s/it]Setting `pad_token_id` to `eos_token_id`:128001 for open-end generation.
behavioral smollm3/step3440k:  84%|████████▍ | 380/451 [2:02:18<28:11, 23.83s/it]Setting `pad_token_id` to `eos_token_id`:128001 for open-end generation.
behavioral smollm3/step3440k:  84%|████████▍ | 381/451 [2:02:26<22:21, 19.17s/it]Setting `pad_token_id` to `eos_token_id`:128001 for open-end generation.
behavioral smollm3/step3440k:  85%|████████▍ | 382/451 [2:02:35<18:39, 16.23s/it]Setting `pad_token_id` to `eos_token_id`:128001 for open-end generation.
behavioral smollm3/step3440k:  85%|████████▍ | 383/451 [2:02:45<16:08, 14.24s/it]Setting `pad_token_id` to `eos_token_id`:128001 for open-end generation.
behavioral smollm3/step3440k:  85%|████████▌ | 384/451 [2:02:55<14:30, 13.00s/it]Setting `pad_token_id` to `eos_token_id`:128001 for open-end generation.
behavioral smollm3/step3440k:  85%|████████▌ | 385/451 [2:03:04<13:07, 11.94s/it]behavioral smollm3/step3440k:  86%|████████▌ | 386/451 [2:03:43<21:41, 20.03s/it]behavioral smollm3/step3440k:  86%|████████▌ | 387/451 [2:04:13<24:21, 22.84s/it]behavioral smollm3/step3440k:  86%|████████▌ | 388/451 [2:04:22<19:35, 18.66s/it]behavioral smollm3/step3440k:  86%|████████▋ | 389/451 [2:05:01<25:37, 24.79s/it]behavioral smollm3/step3440k:  86%|████████▋ | 390/451 [2:05:46<31:21, 30.84s/it]Setting `pad_token_id` to `eos_token_id`:128001 for open-end generation.
behavioral smollm3/step3440k:  87%|████████▋ | 391/451 [2:05:54<23:57, 23.95s/it]Setting `pad_token_id` to `eos_token_id`:128001 for open-end generation.
behavioral smollm3/step3440k:  87%|████████▋ | 392/451 [2:06:02<19:01, 19.35s/it]Setting `pad_token_id` to `eos_token_id`:128001 for open-end generation.
behavioral smollm3/step3440k:  87%|████████▋ | 393/451 [2:06:11<15:45, 16.30s/it]Setting `pad_token_id` to `eos_token_id`:128001 for open-end generation.
behavioral smollm3/step3440k:  87%|████████▋ | 394/451 [2:06:21<13:28, 14.18s/it]Setting `pad_token_id` to `eos_token_id`:128001 for open-end generation.
behavioral smollm3/step3440k:  88%|████████▊ | 395/451 [2:06:31<12:12, 13.08s/it]Setting `pad_token_id` to `eos_token_id`:128001 for open-end generation.
behavioral smollm3/step3440k:  88%|████████▊ | 396/451 [2:06:40<10:54, 11.90s/it]behavioral smollm3/step3440k:  88%|████████▊ | 397/451 [2:07:25<19:32, 21.71s/it]behavioral smollm3/step3440k:  88%|████████▊ | 398/451 [2:07:56<21:31, 24.38s/it]behavioral smollm3/step3440k:  88%|████████▊ | 399/451 [2:08:05<17:12, 19.86s/it]behavioral smollm3/step3440k:  89%|████████▊ | 400/451 [2:08:44<21:48, 25.66s/it]behavioral smollm3/step3440k:  89%|████████▉ | 401/451 [2:09:28<26:01, 31.23s/it]Setting `pad_token_id` to `eos_token_id`:128001 for open-end generation.
behavioral smollm3/step3440k:  89%|████████▉ | 402/451 [2:09:36<19:51, 24.32s/it]Setting `pad_token_id` to `eos_token_id`:128001 for open-end generation.
behavioral smollm3/step3440k:  89%|████████▉ | 403/451 [2:09:44<15:32, 19.42s/it]Setting `pad_token_id` to `eos_token_id`:128001 for open-end generation.
behavioral smollm3/step3440k:  90%|████████▉ | 404/451 [2:09:54<12:52, 16.43s/it]Setting `pad_token_id` to `eos_token_id`:128001 for open-end generation.
behavioral smollm3/step3440k:  90%|████████▉ | 405/451 [2:10:03<11:01, 14.38s/it]Setting `pad_token_id` to `eos_token_id`:128001 for open-end generation.
behavioral smollm3/step3440k:  90%|█████████ | 406/451 [2:10:14<09:51, 13.13s/it]Setting `pad_token_id` to `eos_token_id`:128001 for open-end generation.
behavioral smollm3/step3440k:  90%|█████████ | 407/451 [2:10:23<08:51, 12.08s/it]behavioral smollm3/step3440k:  90%|█████████ | 408/451 [2:11:07<15:22, 21.46s/it]behavioral smollm3/step3440k:  91%|█████████ | 409/451 [2:11:41<17:48, 25.45s/it]behavioral smollm3/step3440k:  91%|█████████ | 410/451 [2:11:51<14:03, 20.57s/it]behavioral smollm3/step3440k:  91%|█████████ | 411/451 [2:12:30<17:28, 26.22s/it]behavioral smollm3/step3440k:  91%|█████████▏| 412/451 [2:13:15<20:37, 31.74s/it]Setting `pad_token_id` to `eos_token_id`:128001 for open-end generation.
behavioral smollm3/step3440k:  92%|█████████▏| 413/451 [2:13:23<15:34, 24.59s/it]Setting `pad_token_id` to `eos_token_id`:128001 for open-end generation.
behavioral smollm3/step3440k:  92%|█████████▏| 414/451 [2:13:31<12:13, 19.83s/it]Setting `pad_token_id` to `eos_token_id`:128001 for open-end generation.
behavioral smollm3/step3440k:  92%|█████████▏| 415/451 [2:13:40<09:59, 16.64s/it]Setting `pad_token_id` to `eos_token_id`:128001 for open-end generation.
behavioral smollm3/step3440k:  92%|█████████▏| 416/451 [2:13:50<08:28, 14.53s/it]Setting `pad_token_id` to `eos_token_id`:128001 for open-end generation.
behavioral smollm3/step3440k:  92%|█████████▏| 417/451 [2:14:01<07:33, 13.33s/it]Setting `pad_token_id` to `eos_token_id`:128001 for open-end generation.
behavioral smollm3/step3440k:  93%|█████████▎| 418/451 [2:14:10<06:41, 12.17s/it]behavioral smollm3/step3440k:  93%|█████████▎| 419/451 [2:14:53<11:20, 21.27s/it]behavioral smollm3/step3440k:  93%|█████████▎| 420/451 [2:15:28<13:06, 25.37s/it]behavioral smollm3/step3440k:  93%|█████████▎| 421/451 [2:15:37<10:17, 20.58s/it]behavioral smollm3/step3440k:  94%|█████████▎| 422/451 [2:16:17<12:47, 26.45s/it]behavioral smollm3/step3440k:  94%|█████████▍| 423/451 [2:17:03<15:05, 32.33s/it]Setting `pad_token_id` to `eos_token_id`:128001 for open-end generation.
behavioral smollm3/step3440k:  94%|█████████▍| 424/451 [2:17:12<11:19, 25.15s/it]Setting `pad_token_id` to `eos_token_id`:128001 for open-end generation.
behavioral smollm3/step3440k:  94%|█████████▍| 425/451 [2:17:21<08:53, 20.51s/it]Setting `pad_token_id` to `eos_token_id`:128001 for open-end generation.
behavioral smollm3/step3440k:  94%|█████████▍| 426/451 [2:17:31<07:14, 17.36s/it]Setting `pad_token_id` to `eos_token_id`:128001 for open-end generation.
behavioral smollm3/step3440k:  95%|█████████▍| 427/451 [2:17:41<06:03, 15.14s/it]Setting `pad_token_id` to `eos_token_id`:128001 for open-end generation.
behavioral smollm3/step3440k:  95%|█████████▍| 428/451 [2:17:52<05:15, 13.70s/it]Setting `pad_token_id` to `eos_token_id`:128001 for open-end generation.
behavioral smollm3/step3440k:  95%|█████████▌| 429/451 [2:18:01<04:33, 12.44s/it]behavioral smollm3/step3440k:  95%|█████████▌| 430/451 [2:18:41<07:15, 20.73s/it]behavioral smollm3/step3440k:  96%|█████████▌| 431/451 [2:19:12<07:53, 23.69s/it]behavioral smollm3/step3440k:  96%|█████████▌| 432/451 [2:19:21<06:06, 19.28s/it]behavioral smollm3/step3440k:  96%|█████████▌| 433/451 [2:20:00<07:36, 25.34s/it]behavioral smollm3/step3440k:  96%|█████████▌| 434/451 [2:20:44<08:47, 31.04s/it]Setting `pad_token_id` to `eos_token_id`:128001 for open-end generation.
behavioral smollm3/step3440k:  96%|█████████▋| 435/451 [2:20:52<06:25, 24.12s/it]Setting `pad_token_id` to `eos_token_id`:128001 for open-end generation.
behavioral smollm3/step3440k:  97%|█████████▋| 436/451 [2:21:01<04:53, 19.58s/it]Setting `pad_token_id` to `eos_token_id`:128001 for open-end generation.
behavioral smollm3/step3440k:  97%|█████████▋| 437/451 [2:21:10<03:49, 16.40s/it]Setting `pad_token_id` to `eos_token_id`:128001 for open-end generation.
behavioral smollm3/step3440k:  97%|█████████▋| 438/451 [2:21:20<03:07, 14.42s/it]Setting `pad_token_id` to `eos_token_id`:128001 for open-end generation.
behavioral smollm3/step3440k:  97%|█████████▋| 439/451 [2:21:31<02:40, 13.40s/it]Setting `pad_token_id` to `eos_token_id`:128001 for open-end generation.
behavioral smollm3/step3440k:  98%|█████████▊| 440/451 [2:21:41<02:14, 12.20s/it]behavioral smollm3/step3440k:  98%|█████████▊| 441/451 [2:22:16<03:12, 19.24s/it]behavioral smollm3/step3440k:  98%|█████████▊| 442/451 [2:22:50<03:32, 23.61s/it]behavioral smollm3/step3440k:  98%|█████████▊| 443/451 [2:22:59<02:34, 19.31s/it]behavioral smollm3/step3440k:  98%|█████████▊| 444/451 [2:23:39<02:57, 25.30s/it]behavioral smollm3/step3440k:  99%|█████████▊| 445/451 [2:24:25<03:09, 31.51s/it]Setting `pad_token_id` to `eos_token_id`:128001 for open-end generation.
behavioral smollm3/step3440k:  99%|█████████▉| 446/451 [2:24:33<02:02, 24.57s/it]Setting `pad_token_id` to `eos_token_id`:128001 for open-end generation.
behavioral smollm3/step3440k:  99%|█████████▉| 447/451 [2:24:41<01:18, 19.69s/it]Setting `pad_token_id` to `eos_token_id`:128001 for open-end generation.
behavioral smollm3/step3440k:  99%|█████████▉| 448/451 [2:24:51<00:49, 16.56s/it]Setting `pad_token_id` to `eos_token_id`:128001 for open-end generation.
behavioral smollm3/step3440k: 100%|█████████▉| 449/451 [2:25:01<00:29, 14.66s/it]Setting `pad_token_id` to `eos_token_id`:128001 for open-end generation.
behavioral smollm3/step3440k: 100%|█████████▉| 450/451 [2:25:11<00:13, 13.40s/it]Setting `pad_token_id` to `eos_token_id`:128001 for open-end generation.
behavioral smollm3/step3440k: 100%|██████████| 451/451 [2:25:21<00:00, 12.21s/it]behavioral smollm3/step3440k: 100%|██████████| 451/451 [2:25:21<00:00, 19.34s/it]
  ✅ Saved 451 records → data/results/behavioral_smollm3_45/smollm3_step3440k_behavioral_smollm3.jsonl

============================================================
STEP: C1-B smollm345
CMD:  python src/analyze_c1b_within_term.py --model smollm345
============================================================

=== C1-B: Within-Term Temporal Precedence Analysis ===
H1: EB* rise precedes behavioral emergence in >50% of terms


============================================================
C1-B: smollm3-3b-45
============================================================
  alert dialog                    r_fwd=-0.113  r_bck=-0.281  → EB* leads
  alt text                        r_fwd=-0.172  r_bck=+0.223  ← Beh leads
  aria attribute                  r_fwd=-0.498  r_bck=+0.261  ← Beh leads
  audio description               r_fwd=-0.479  r_bck=-0.048  ← Beh leads
  braille display                 r_fwd=-0.366  r_bck=+0.194  ← Beh leads
  captions closed                 r_fwd=+0.700  r_bck=+0.407  → EB* leads
  cognitive load                  r_fwd=+0.005  r_bck=+0.424  ← Beh leads
  color contrast                  r_fwd=+0.595  r_bck=+0.488  → EB* leads
  contrast ratio                  r_fwd=+0.558  r_bck=+0.409  → EB* leads
  error identification            r_fwd=+0.205  r_bck=-0.017  → EB* leads
  eye tracking                    r_fwd=-0.059  r_bck=-0.032  ← Beh leads
  focus indicator                 r_fwd=-0.334  r_bck=+0.453  ← Beh leads
  focus management                r_fwd=+0.777  r_bck=-0.046  → EB* leads
  focus trap                      r_fwd=+0.807  r_bck=+0.123  → EB* leads
  haptic feedback                 r_fwd=-0.170  r_bck=+0.005  ← Beh leads
  heading structure               r_fwd=-0.072  r_bck=-0.456  → EB* leads
  high contrast                   r_fwd=+0.580  r_bck=-0.385  → EB* leads
  input purpose                   r_fwd=-0.929  r_bck=-0.604  ← Beh leads
  keyboard navigation             r_fwd=+0.085  r_bck=-0.401  → EB* leads
  keyboard shortcut               r_fwd=-0.600  r_bck=+0.440  ← Beh leads
  landmark region                 r_fwd=+0.582  r_bck=-0.743  → EB* leads
  live region                     r_fwd=-0.243  r_bck=-0.199  ← Beh leads
  motion sensitivity              r_fwd=+0.268  r_bck=+0.159  → EB* leads
  non-text content                r_fwd=-0.767  r_bck=+0.662  ← Beh leads
  orientation support             r_fwd=+0.657  r_bck=+0.174  → EB* leads
  plain language                  r_fwd=+0.397  r_bck=+0.077  → EB* leads
  reduced motion                  r_fwd=-0.503  r_bck=+0.819  ← Beh leads
  reflow content                  r_fwd=-0.533  r_bck=+0.356  ← Beh leads
  screen magnifier                r_fwd=-0.318  r_bck=+0.254  ← Beh leads
  screen reader                   r_fwd=-0.532  r_bck=-0.123  ← Beh leads
  semantic html                   r_fwd=-0.455  r_bck=+0.620  ← Beh leads
  sign language                   r_fwd=+0.765  r_bck=+0.121  → EB* leads
  skip link                       r_fwd=+0.135  r_bck=+0.609  ← Beh leads
  skip navigation                 r_fwd=+0.657  r_bck=-0.148  → EB* leads
  switch access                   r_fwd=-0.038  r_bck=-0.144  → EB* leads
  text resize                     r_fwd=-0.345  r_bck=-0.597  → EB* leads
  text spacing                    r_fwd=+0.163  r_bck=-0.332  → EB* leads
  time limits                     r_fwd=+0.437  r_bck=-0.298  → EB* leads
  touch target size               r_fwd=+0.092  r_bck=+0.212  ← Beh leads
  tree grid                       r_fwd=+0.438  r_bck=+0.664  ← Beh leads
  voice control                   r_fwd=+0.576  r_bck=+0.280  → EB* leads

  Population: 21/41 terms where EB* leads (51.2%)
  Binomial p = 0.5000  (H1: frac > 0.5)
  Mean r_forward - r_backward = -0.0397
  ✅ Saved: smollm3-3b-45_within_term_lead.csv, smollm3-3b-45_population_test.json

=== SUMMARY ===
  smollm3-3b-45: 21/41 lead (51%)

============================================================
STEP: C4-B smollm345
CMD:  python src/analyze_c4b_decoupling.py --model smollm345
============================================================

=== C4-B: Within-Term Decoupling Analysis ===
H: decoupling fraction increases with model scale


============================================================
C4-B: smollm3-3b-45
============================================================
  Term                            rho_early  rho_late   decouple
  ------------------------------------------------------------
  alert dialog                    -0.400     -0.200       neg/zero
  alt text                        +0.800     +0.105       coupled 
  aria attribute                  +0.400     -0.258     ✓ DECOUPLE
  audio description               +0.200     -1.000     ✓ DECOUPLE
  braille display                 +0.949     -0.400     ✓ DECOUPLE
  captions closed                 -1.000     -0.949       neg/zero
  cognitive load                  +0.949     +0.000     ✓ DECOUPLE
  color contrast                  +0.600     -0.200     ✓ DECOUPLE
  contrast ratio                  -0.775     +0.775       neg/zero
  error identification            -0.200     -0.316       neg/zero
  eye tracking                    +0.258     -0.775     ✓ DECOUPLE
  focus indicator                 -1.000     +0.211       neg/zero
  focus management                +0.738     -0.632     ✓ DECOUPLE
  focus trap                      -0.775     +0.775       neg/zero
  haptic feedback                 +0.775     -0.894     ✓ DECOUPLE
  heading structure               +0.316     -0.632     ✓ DECOUPLE
  high contrast                   +0.316     +0.400       coupled 
  input purpose                   +1.000     -0.400     ✓ DECOUPLE
  keyboard navigation             -0.400     -0.400       neg/zero
  keyboard shortcut               +0.105     -0.400     ✓ DECOUPLE
  landmark region                 +0.258     -0.775     ✓ DECOUPLE
  live region                     +0.000     -0.800       neg/zero
  motion sensitivity              +0.258     -0.258     ✓ DECOUPLE
  non-text content                +0.200     -0.258     ✓ DECOUPLE
  orientation support             +0.775     -0.258     ✓ DECOUPLE
  plain language                  +0.258     -0.775     ✓ DECOUPLE
  reduced motion                  +0.258     +0.447       coupled 
  reflow content                  +0.800     -0.316     ✓ DECOUPLE
  screen magnifier                +0.316     +0.949       coupled 
  screen reader                   +0.316     +0.000     ✓ DECOUPLE
  semantic html                   +0.258     -0.258     ✓ DECOUPLE
  sign language                   -0.775     -0.258       neg/zero
  skip link                       +0.800     +0.000     ✓ DECOUPLE
  skip navigation                 -0.400     -0.200       neg/zero
  switch access                   -0.800     -1.000       neg/zero
  text resize                     -0.600     -0.200       neg/zero
  text spacing                    -0.211     -0.400       neg/zero
  (skip constant)                 time limits
  touch target size               -0.775     -0.775       neg/zero
  tree grid                       +0.316     -0.316     ✓ DECOUPLE
  voice control                   +0.600     -0.600     ✓ DECOUPLE

  Early coupling     (rho_e > 0):          26/40 (65.0%)
  Strict decouple    (e>0, l≤0):           22/40 (55.0%)
  Attenuation        (e>0, l<0.5×e):       23/40 (57.5%)
  Mean rho_early=+0.118   mean rho_late=-0.281
  ✅ Saved: smollm3-3b-45_within_term_decoupling.csv

=== DECOUPLING SUMMARY ===
  smollm3-3b-45         22/40 decouple (55%)

============================================================
STEP: C3 OLMo
CMD:  python src/run_c3_new_models.py --model olmo
============================================================

  Loading OLMo @ step15k ...
C3 olmo/step15k:   0%|          | 0/54 [00:00<?, ?it/s]C3 olmo/step15k:   2%|▏         | 1/54 [00:11<09:44, 11.02s/it]C3 olmo/step15k:   4%|▎         | 2/54 [00:22<09:37, 11.10s/it]C3 olmo/step15k:   6%|▌         | 3/54 [00:33<09:23, 11.04s/it]C3 olmo/step15k:   7%|▋         | 4/54 [00:44<09:23, 11.28s/it]C3 olmo/step15k:   9%|▉         | 5/54 [00:56<09:26, 11.56s/it]C3 olmo/step15k:  11%|█         | 6/54 [01:08<09:08, 11.44s/it]C3 olmo/step15k:  13%|█▎        | 7/54 [01:18<08:48, 11.26s/it]C3 olmo/step15k:  15%|█▍        | 8/54 [01:30<08:35, 11.21s/it]C3 olmo/step15k:  17%|█▋        | 9/54 [01:40<08:20, 11.11s/it]C3 olmo/step15k:  19%|█▊        | 10/54 [01:51<08:06, 11.06s/it]C3 olmo/step15k:  20%|██        | 11/54 [02:03<08:03, 11.24s/it]C3 olmo/step15k:  22%|██▏       | 12/54 [02:14<07:53, 11.26s/it]C3 olmo/step15k:  24%|██▍       | 13/54 [02:25<07:38, 11.17s/it]C3 olmo/step15k:  26%|██▌       | 14/54 [02:36<07:24, 11.11s/it]C3 olmo/step15k:  28%|██▊       | 15/54 [02:47<07:12, 11.09s/it]C3 olmo/step15k:  30%|██▉       | 16/54 [02:59<07:04, 11.16s/it]C3 olmo/step15k:  31%|███▏      | 17/54 [03:10<06:57, 11.27s/it]C3 olmo/step15k:  33%|███▎      | 18/54 [03:22<06:48, 11.33s/it]C3 olmo/step15k:  35%|███▌      | 19/54 [03:32<06:31, 11.18s/it]C3 olmo/step15k:  37%|███▋      | 20/54 [03:44<06:21, 11.22s/it]C3 olmo/step15k:  39%|███▉      | 21/54 [03:55<06:08, 11.17s/it]C3 olmo/step15k:  41%|████      | 22/54 [04:06<05:59, 11.25s/it]C3 olmo/step15k:  43%|████▎     | 23/54 [04:18<05:49, 11.28s/it]C3 olmo/step15k:  44%|████▍     | 24/54 [04:29<05:38, 11.27s/it]C3 olmo/step15k:  46%|████▋     | 25/54 [04:40<05:25, 11.23s/it]C3 olmo/step15k:  48%|████▊     | 26/54 [04:51<05:12, 11.18s/it]C3 olmo/step15k:  50%|█████     | 27/54 [05:02<04:58, 11.05s/it]C3 olmo/step15k:  52%|█████▏    | 28/54 [05:13<04:51, 11.23s/it]C3 olmo/step15k:  54%|█████▎    | 29/54 [05:25<04:43, 11.33s/it]C3 olmo/step15k:  56%|█████▌    | 30/54 [05:36<04:30, 11.25s/it]C3 olmo/step15k:  57%|█████▋    | 31/54 [05:47<04:14, 11.07s/it]C3 olmo/step15k:  59%|█████▉    | 32/54 [05:57<03:59, 10.89s/it]C3 olmo/step15k:  61%|██████    | 33/54 [06:08<03:50, 10.97s/it]C3 olmo/step15k:  63%|██████▎   | 34/54 [06:19<03:39, 10.99s/it]C3 olmo/step15k:  65%|██████▍   | 35/54 [06:31<03:31, 11.13s/it]C3 olmo/step15k:  67%|██████▋   | 36/54 [06:42<03:18, 11.03s/it]C3 olmo/step15k:  69%|██████▊   | 37/54 [06:52<03:05, 10.89s/it]C3 olmo/step15k:  70%|███████   | 38/54 [07:03<02:55, 10.98s/it]C3 olmo/step15k:  72%|███████▏  | 39/54 [07:14<02:44, 10.94s/it]C3 olmo/step15k:  74%|███████▍  | 40/54 [07:26<02:35, 11.09s/it]C3 olmo/step15k:  76%|███████▌  | 41/54 [07:37<02:24, 11.10s/it]C3 olmo/step15k:  78%|███████▊  | 42/54 [07:47<02:11, 10.96s/it]C3 olmo/step15k:  80%|███████▉  | 43/54 [07:58<01:59, 10.88s/it]C3 olmo/step15k:  81%|████████▏ | 44/54 [08:09<01:47, 10.78s/it]C3 olmo/step15k:  83%|████████▎ | 45/54 [08:19<01:36, 10.73s/it]C3 olmo/step15k:  85%|████████▌ | 46/54 [08:31<01:26, 10.86s/it]C3 olmo/step15k:  87%|████████▋ | 47/54 [08:42<01:16, 10.95s/it]C3 olmo/step15k:  89%|████████▉ | 48/54 [08:52<01:05, 10.88s/it]C3 olmo/step15k:  91%|█████████ | 49/54 [09:03<00:54, 10.81s/it]C3 olmo/step15k:  93%|█████████▎| 50/54 [09:14<00:42, 10.72s/it]C3 olmo/step15k:  94%|█████████▍| 51/54 [09:25<00:32, 10.83s/it]C3 olmo/step15k:  96%|█████████▋| 52/54 [09:36<00:21, 10.93s/it]C3 olmo/step15k:  98%|█████████▊| 53/54 [09:47<00:11, 11.06s/it]C3 olmo/step15k: 100%|██████████| 54/54 [09:58<00:00, 10.94s/it]C3 olmo/step15k: 100%|██████████| 54/54 [09:58<00:00, 11.08s/it]

  Loading OLMo @ step143k ...
C3 olmo/step143k:   0%|          | 0/54 [00:00<?, ?it/s]C3 olmo/step143k:   2%|▏         | 1/54 [00:10<09:31, 10.79s/it]C3 olmo/step143k:   4%|▎         | 2/54 [00:21<09:15, 10.68s/it]C3 olmo/step143k:   6%|▌         | 3/54 [00:32<09:06, 10.72s/it]C3 olmo/step143k:   7%|▋         | 4/54 [00:43<09:04, 10.89s/it]C3 olmo/step143k:   9%|▉         | 5/54 [00:55<09:13, 11.29s/it]C3 olmo/step143k:  11%|█         | 6/54 [01:06<08:54, 11.15s/it]C3 olmo/step143k:  13%|█▎        | 7/54 [01:16<08:36, 10.98s/it]C3 olmo/step143k:  15%|█▍        | 8/54 [01:27<08:19, 10.85s/it]C3 olmo/step143k:  17%|█▋        | 9/54 [01:38<08:07, 10.83s/it]C3 olmo/step143k:  19%|█▊        | 10/54 [01:48<07:53, 10.77s/it]C3 olmo/step143k:  20%|██        | 11/54 [02:00<07:51, 10.97s/it]C3 olmo/step143k:  22%|██▏       | 12/54 [02:10<07:37, 10.89s/it]C3 olmo/step143k:  24%|██▍       | 13/54 [02:21<07:22, 10.80s/it]C3 olmo/step143k:  26%|██▌       | 14/54 [02:31<07:05, 10.64s/it]C3 olmo/step143k:  28%|██▊       | 15/54 [02:42<06:55, 10.66s/it]C3 olmo/step143k:  30%|██▉       | 16/54 [02:53<06:46, 10.69s/it]C3 olmo/step143k:  31%|███▏      | 17/54 [03:04<06:41, 10.85s/it]C3 olmo/step143k:  33%|███▎      | 18/54 [03:15<06:28, 10.79s/it]C3 olmo/step143k:  35%|███▌      | 19/54 [03:25<06:14, 10.70s/it]C3 olmo/step143k:  37%|███▋      | 20/54 [03:36<06:06, 10.79s/it]C3 olmo/step143k:  39%|███▉      | 21/54 [03:47<05:57, 10.85s/it]C3 olmo/step143k:  41%|████      | 22/54 [03:58<05:50, 10.96s/it]C3 olmo/step143k:  43%|████▎     | 23/54 [04:10<05:44, 11.12s/it]C3 olmo/step143k:  44%|████▍     | 24/54 [04:21<05:31, 11.04s/it]C3 olmo/step143k:  46%|████▋     | 25/54 [04:32<05:19, 11.00s/it]C3 olmo/step143k:  48%|████▊     | 26/54 [04:42<05:05, 10.91s/it]C3 olmo/step143k:  50%|█████     | 27/54 [04:53<04:54, 10.90s/it]C3 olmo/step143k:  52%|█████▏    | 28/54 [05:04<04:44, 10.93s/it]C3 olmo/step143k:  54%|█████▎    | 29/54 [05:15<04:35, 11.02s/it]C3 olmo/step143k:  56%|█████▌    | 30/54 [05:26<04:22, 10.93s/it]C3 olmo/step143k:  57%|█████▋    | 31/54 [05:37<04:08, 10.81s/it]C3 olmo/step143k:  59%|█████▉    | 32/54 [05:47<03:55, 10.68s/it]C3 olmo/step143k:  61%|██████    | 33/54 [05:58<03:46, 10.80s/it]C3 olmo/step143k:  63%|██████▎   | 34/54 [06:09<03:35, 10.80s/it]C3 olmo/step143k:  65%|██████▍   | 35/54 [06:20<03:26, 10.86s/it]C3 olmo/step143k:  67%|██████▋   | 36/54 [06:31<03:14, 10.78s/it]C3 olmo/step143k:  69%|██████▊   | 37/54 [06:41<03:01, 10.67s/it]C3 olmo/step143k:  70%|███████   | 38/54 [06:52<02:52, 10.77s/it]C3 olmo/step143k:  72%|███████▏  | 39/54 [07:02<02:40, 10.69s/it]C3 olmo/step143k:  74%|███████▍  | 40/54 [07:14<02:33, 10.94s/it]C3 olmo/step143k:  76%|███████▌  | 41/54 [07:25<02:22, 10.94s/it]C3 olmo/step143k:  78%|███████▊  | 42/54 [07:36<02:11, 10.98s/it]C3 olmo/step143k:  80%|███████▉  | 43/54 [07:47<01:59, 10.87s/it]C3 olmo/step143k:  81%|████████▏ | 44/54 [07:57<01:47, 10.77s/it]C3 olmo/step143k:  83%|████████▎ | 45/54 [08:08<01:36, 10.68s/it]C3 olmo/step143k:  85%|████████▌ | 46/54 [08:19<01:26, 10.79s/it]C3 olmo/step143k:  87%|████████▋ | 47/54 [08:30<01:16, 10.87s/it]C3 olmo/step143k:  89%|████████▉ | 48/54 [08:40<01:05, 10.84s/it]C3 olmo/step143k:  91%|█████████ | 49/54 [08:51<00:53, 10.77s/it]C3 olmo/step143k:  93%|█████████▎| 50/54 [09:02<00:43, 10.78s/it]C3 olmo/step143k:  94%|█████████▍| 51/54 [09:13<00:32, 10.86s/it]C3 olmo/step143k:  96%|█████████▋| 52/54 [09:24<00:21, 10.96s/it]C3 olmo/step143k:  98%|█████████▊| 53/54 [09:35<00:11, 11.08s/it]C3 olmo/step143k: 100%|██████████| 54/54 [09:46<00:00, 11.03s/it]C3 olmo/step143k: 100%|██████████| 54/54 [09:46<00:00, 10.87s/it]
✅ OLMo C3 → data/results/few_shot_c3/olmo_c3_fewshot.jsonl

============================================================
STEP: C3 Qwen
CMD:  python src/run_c3_new_models.py --model qwen
============================================================
Loading Qwen2.5-1.5B ...
C3 qwen/final:   0%|          | 0/246 [00:00<?, ?it/s]C3 qwen/final:   0%|          | 1/246 [00:16<1:08:32, 16.79s/it]C3 qwen/final:   1%|          | 2/246 [00:32<1:06:14, 16.29s/it]C3 qwen/final:   1%|          | 3/246 [00:49<1:07:41, 16.71s/it]C3 qwen/final:   2%|▏         | 4/246 [01:06<1:07:32, 16.75s/it]C3 qwen/final:   2%|▏         | 5/246 [01:23<1:07:24, 16.78s/it]C3 qwen/final:   2%|▏         | 6/246 [01:40<1:06:54, 16.73s/it]C3 qwen/final:   3%|▎         | 7/246 [01:56<1:06:00, 16.57s/it]C3 qwen/final:   3%|▎         | 8/246 [02:12<1:05:04, 16.40s/it]C3 qwen/final:   4%|▎         | 9/246 [02:29<1:05:06, 16.48s/it]C3 qwen/final:   4%|▍         | 10/246 [02:45<1:04:57, 16.51s/it]C3 qwen/final:   4%|▍         | 11/246 [03:02<1:05:01, 16.60s/it]C3 qwen/final:   5%|▍         | 12/246 [03:18<1:04:28, 16.53s/it]C3 qwen/final:   5%|▌         | 13/246 [03:35<1:03:56, 16.47s/it]C3 qwen/final:   6%|▌         | 14/246 [03:51<1:03:10, 16.34s/it]C3 qwen/final:   6%|▌         | 15/246 [04:07<1:02:57, 16.35s/it]C3 qwen/final:   7%|▋         | 16/246 [04:23<1:02:15, 16.24s/it]C3 qwen/final:   7%|▋         | 17/246 [04:40<1:02:32, 16.39s/it]C3 qwen/final:   7%|▋         | 18/246 [04:56<1:02:11, 16.37s/it]C3 qwen/final:   8%|▊         | 19/246 [05:12<1:01:46, 16.33s/it]C3 qwen/final:   8%|▊         | 20/246 [05:30<1:02:22, 16.56s/it]C3 qwen/final:   9%|▊         | 21/246 [05:46<1:02:13, 16.60s/it]C3 qwen/final:   9%|▉         | 22/246 [06:02<1:01:22, 16.44s/it]C3 qwen/final:   9%|▉         | 23/246 [06:19<1:00:51, 16.37s/it]C3 qwen/final:  10%|▉         | 24/246 [06:35<1:00:35, 16.38s/it]C3 qwen/final:  10%|█         | 25/246 [06:51<1:00:18, 16.38s/it]C3 qwen/final:  11%|█         | 26/246 [07:08<1:00:09, 16.41s/it]C3 qwen/final:  11%|█         | 27/246 [07:24<59:57, 16.43s/it]  C3 qwen/final:  11%|█▏        | 28/246 [07:41<1:00:00, 16.52s/it]C3 qwen/final:  12%|█▏        | 29/246 [07:57<59:46, 16.53s/it]  C3 qwen/final:  12%|█▏        | 30/246 [08:14<59:40, 16.58s/it]C3 qwen/final:  13%|█▎        | 31/246 [08:31<59:28, 16.60s/it]C3 qwen/final:  13%|█▎        | 32/246 [08:47<58:45, 16.47s/it]C3 qwen/final:  13%|█▎        | 33/246 [09:03<58:11, 16.39s/it]C3 qwen/final:  14%|█▍        | 34/246 [09:20<58:22, 16.52s/it]C3 qwen/final:  14%|█▍        | 35/246 [09:36<58:00, 16.50s/it]C3 qwen/final:  15%|█▍        | 36/246 [09:53<57:24, 16.40s/it]C3 qwen/final:  15%|█▌        | 37/246 [10:09<57:08, 16.41s/it]C3 qwen/final:  15%|█▌        | 38/246 [10:26<56:54, 16.42s/it]C3 qwen/final:  16%|█▌        | 39/246 [10:42<56:21, 16.34s/it]C3 qwen/final:  16%|█▋        | 40/246 [10:58<56:12, 16.37s/it]C3 qwen/final:  17%|█▋        | 41/246 [11:15<56:00, 16.39s/it]C3 qwen/final:  17%|█▋        | 42/246 [11:31<55:30, 16.33s/it]C3 qwen/final:  17%|█▋        | 43/246 [11:47<54:59, 16.25s/it]C3 qwen/final:  18%|█▊        | 44/246 [12:03<54:37, 16.23s/it]C3 qwen/final:  18%|█▊        | 45/246 [12:19<54:19, 16.22s/it]C3 qwen/final:  19%|█▊        | 46/246 [12:36<54:20, 16.30s/it]C3 qwen/final:  19%|█▉        | 47/246 [12:52<54:05, 16.31s/it]C3 qwen/final:  20%|█▉        | 48/246 [13:08<53:35, 16.24s/it]C3 qwen/final:  20%|█▉        | 49/246 [13:24<53:26, 16.28s/it]C3 qwen/final:  20%|██        | 50/246 [13:41<53:27, 16.36s/it]C3 qwen/final:  21%|██        | 51/246 [13:57<53:05, 16.34s/it]C3 qwen/final:  21%|██        | 52/246 [14:14<52:44, 16.31s/it]C3 qwen/final:  22%|██▏       | 53/246 [14:30<52:39, 16.37s/it]C3 qwen/final:  22%|██▏       | 54/246 [14:46<51:54, 16.22s/it]C3 qwen/final:  22%|██▏       | 55/246 [15:02<51:25, 16.16s/it]C3 qwen/final:  23%|██▎       | 56/246 [15:18<51:12, 16.17s/it]C3 qwen/final:  23%|██▎       | 57/246 [15:35<51:15, 16.28s/it]C3 qwen/final:  24%|██▎       | 58/246 [15:51<50:47, 16.21s/it]C3 qwen/final:  24%|██▍       | 59/246 [16:07<50:40, 16.26s/it]C3 qwen/final:  24%|██▍       | 60/246 [16:23<50:20, 16.24s/it]C3 qwen/final:  25%|██▍       | 61/246 [16:40<50:09, 16.27s/it]C3 qwen/final:  25%|██▌       | 62/246 [16:56<50:04, 16.33s/it]C3 qwen/final:  26%|██▌       | 63/246 [17:13<50:02, 16.41s/it]C3 qwen/final:  26%|██▌       | 64/246 [17:30<50:13, 16.56s/it]C3 qwen/final:  26%|██▋       | 65/246 [17:46<50:03, 16.60s/it]C3 qwen/final:  27%|██▋       | 66/246 [18:02<49:24, 16.47s/it]C3 qwen/final:  27%|██▋       | 67/246 [18:19<49:17, 16.52s/it]C3 qwen/final:  28%|██▊       | 68/246 [18:35<48:49, 16.46s/it]C3 qwen/final:  28%|██▊       | 69/246 [18:52<48:44, 16.52s/it]C3 qwen/final:  28%|██▊       | 70/246 [19:09<48:31, 16.54s/it]C3 qwen/final:  29%|██▉       | 71/246 [19:25<48:29, 16.63s/it]C3 qwen/final:  29%|██▉       | 72/246 [19:42<47:41, 16.45s/it]C3 qwen/final:  30%|██▉       | 73/246 [19:58<47:08, 16.35s/it]C3 qwen/final:  30%|███       | 74/246 [20:14<47:12, 16.47s/it]C3 qwen/final:  30%|███       | 75/246 [20:31<46:51, 16.44s/it]C3 qwen/final:  31%|███       | 76/246 [20:47<46:15, 16.33s/it]C3 qwen/final:  31%|███▏      | 77/246 [21:04<46:20, 16.45s/it]C3 qwen/final:  32%|███▏      | 78/246 [21:19<45:35, 16.28s/it]C3 qwen/final:  32%|███▏      | 79/246 [21:36<45:29, 16.35s/it]C3 qwen/final:  33%|███▎      | 80/246 [21:52<44:58, 16.25s/it]C3 qwen/final:  33%|███▎      | 81/246 [22:08<44:23, 16.14s/it]C3 qwen/final:  33%|███▎      | 82/246 [22:24<44:09, 16.15s/it]C3 qwen/final:  34%|███▎      | 83/246 [22:41<44:17, 16.31s/it]C3 qwen/final:  34%|███▍      | 84/246 [22:57<44:06, 16.34s/it]C3 qwen/final:  35%|███▍      | 85/246 [23:13<43:36, 16.25s/it]C3 qwen/final:  35%|███▍      | 86/246 [23:30<44:03, 16.52s/it]C3 qwen/final:  35%|███▌      | 87/246 [23:46<43:23, 16.38s/it]C3 qwen/final:  36%|███▌      | 88/246 [24:02<42:55, 16.30s/it]C3 qwen/final:  36%|███▌      | 89/246 [24:22<44:53, 17.16s/it]C3 qwen/final:  37%|███▋      | 90/246 [24:38<44:02, 16.94s/it]C3 qwen/final:  37%|███▋      | 91/246 [24:56<44:14, 17.13s/it]C3 qwen/final:  37%|███▋      | 92/246 [25:12<43:05, 16.79s/it]C3 qwen/final:  38%|███▊      | 93/246 [25:30<44:16, 17.36s/it]C3 qwen/final:  38%|███▊      | 94/246 [25:47<43:23, 17.13s/it]C3 qwen/final:  39%|███▊      | 95/246 [26:04<42:53, 17.04s/it]C3 qwen/final:  39%|███▉      | 96/246 [26:20<42:04, 16.83s/it]C3 qwen/final:  39%|███▉      | 97/246 [26:36<41:24, 16.68s/it]C3 qwen/final:  40%|███▉      | 98/246 [26:53<40:44, 16.52s/it]C3 qwen/final:  40%|████      | 99/246 [27:09<40:28, 16.52s/it]C3 qwen/final:  41%|████      | 100/246 [27:26<40:11, 16.52s/it]C3 qwen/final:  41%|████      | 101/246 [27:42<39:55, 16.52s/it]C3 qwen/final:  41%|████▏     | 102/246 [27:58<39:19, 16.39s/it]C3 qwen/final:  42%|████▏     | 103/246 [28:15<39:08, 16.42s/it]C3 qwen/final:  42%|████▏     | 104/246 [28:31<39:02, 16.50s/it]C3 qwen/final:  43%|████▎     | 105/246 [28:48<38:54, 16.56s/it]C3 qwen/final:  43%|████▎     | 106/246 [29:05<38:53, 16.67s/it]C3 qwen/final:  43%|████▎     | 107/246 [29:22<38:38, 16.68s/it]C3 qwen/final:  44%|████▍     | 108/246 [29:38<38:10, 16.60s/it]C3 qwen/final:  44%|████▍     | 109/246 [29:55<37:55, 16.61s/it]C3 qwen/final:  45%|████▍     | 110/246 [30:12<37:46, 16.66s/it]C3 qwen/final:  45%|████▌     | 111/246 [30:28<37:17, 16.58s/it]C3 qwen/final:  46%|████▌     | 112/246 [30:44<36:38, 16.41s/it]C3 qwen/final:  46%|████▌     | 113/246 [31:00<36:25, 16.43s/it]C3 qwen/final:  46%|████▋     | 114/246 [31:16<35:48, 16.28s/it]C3 qwen/final:  47%|████▋     | 115/246 [31:33<35:35, 16.30s/it]C3 qwen/final:  47%|████▋     | 116/246 [31:49<35:31, 16.39s/it]C3 qwen/final:  48%|████▊     | 117/246 [32:06<35:25, 16.48s/it]C3 qwen/final:  48%|████▊     | 118/246 [32:23<35:15, 16.52s/it]C3 qwen/final:  48%|████▊     | 119/246 [32:40<35:36, 16.82s/it]C3 qwen/final:  49%|████▉     | 120/246 [32:58<35:57, 17.12s/it]C3 qwen/final:  49%|████▉     | 121/246 [33:16<36:17, 17.42s/it]C3 qwen/final:  50%|████▉     | 122/246 [33:34<36:09, 17.49s/it]C3 qwen/final:  50%|█████     | 123/246 [33:51<35:56, 17.54s/it]C3 qwen/final:  50%|█████     | 124/246 [34:09<35:44, 17.58s/it]C3 qwen/final:  51%|█████     | 125/246 [34:27<35:30, 17.61s/it]C3 qwen/final:  51%|█████     | 126/246 [34:44<35:04, 17.54s/it]C3 qwen/final:  52%|█████▏    | 127/246 [35:02<34:49, 17.56s/it]C3 qwen/final:  52%|█████▏    | 128/246 [35:19<34:24, 17.50s/it]C3 qwen/final:  52%|█████▏    | 129/246 [35:37<34:12, 17.54s/it]C3 qwen/final:  53%|█████▎    | 130/246 [35:54<33:42, 17.43s/it]C3 qwen/final:  53%|█████▎    | 131/246 [36:12<33:39, 17.56s/it]C3 qwen/final:  54%|█████▎    | 132/246 [36:29<33:10, 17.46s/it]C3 qwen/final:  54%|█████▍    | 133/246 [36:46<32:54, 17.47s/it]C3 qwen/final:  54%|█████▍    | 134/246 [37:04<32:51, 17.61s/it]C3 qwen/final:  55%|█████▍    | 135/246 [37:21<32:14, 17.43s/it]C3 qwen/final:  55%|█████▌    | 136/246 [37:39<31:47, 17.34s/it]C3 qwen/final:  56%|█████▌    | 137/246 [37:56<31:36, 17.40s/it]C3 qwen/final:  56%|█████▌    | 138/246 [38:13<31:19, 17.40s/it]C3 qwen/final:  57%|█████▋    | 139/246 [38:31<31:21, 17.59s/it]C3 qwen/final:  57%|█████▋    | 140/246 [38:49<30:59, 17.54s/it]C3 qwen/final:  57%|█████▋    | 141/246 [39:07<30:55, 17.67s/it]C3 qwen/final:  58%|█████▊    | 142/246 [39:24<30:27, 17.57s/it]C3 qwen/final:  58%|█████▊    | 143/246 [39:42<30:07, 17.55s/it]C3 qwen/final:  59%|█████▊    | 144/246 [39:59<29:45, 17.50s/it]C3 qwen/final:  59%|█████▉    | 145/246 [40:17<29:37, 17.60s/it]C3 qwen/final:  59%|█████▉    | 146/246 [40:34<29:15, 17.56s/it]C3 qwen/final:  60%|█████▉    | 147/246 [40:51<28:40, 17.38s/it]C3 qwen/final:  60%|██████    | 148/246 [41:08<28:02, 17.17s/it]C3 qwen/final:  61%|██████    | 149/246 [41:25<27:28, 17.00s/it]C3 qwen/final:  61%|██████    | 150/246 [41:41<26:55, 16.83s/it]C3 qwen/final:  61%|██████▏   | 151/246 [41:58<26:26, 16.70s/it]C3 qwen/final:  62%|██████▏   | 152/246 [42:14<26:11, 16.71s/it]C3 qwen/final:  62%|██████▏   | 153/246 [42:31<26:08, 16.86s/it]C3 qwen/final:  63%|██████▎   | 154/246 [42:48<25:52, 16.88s/it]C3 qwen/final:  63%|██████▎   | 155/246 [43:05<25:42, 16.96s/it]C3 qwen/final:  63%|██████▎   | 156/246 [43:22<25:18, 16.88s/it]C3 qwen/final:  64%|██████▍   | 157/246 [43:39<25:01, 16.87s/it]C3 qwen/final:  64%|██████▍   | 158/246 [43:56<24:56, 17.00s/it]C3 qwen/final:  65%|██████▍   | 159/246 [44:13<24:34, 16.95s/it]C3 qwen/final:  65%|██████▌   | 160/246 [44:30<24:15, 16.92s/it]C3 qwen/final:  65%|██████▌   | 161/246 [44:47<23:58, 16.92s/it]C3 qwen/final:  66%|██████▌   | 162/246 [45:03<23:19, 16.66s/it]C3 qwen/final:  66%|██████▋   | 163/246 [45:19<22:55, 16.57s/it]C3 qwen/final:  67%|██████▋   | 164/246 [45:36<22:46, 16.66s/it]C3 qwen/final:  67%|██████▋   | 165/246 [45:53<22:22, 16.58s/it]C3 qwen/final:  67%|██████▋   | 166/246 [46:09<21:59, 16.49s/it]C3 qwen/final:  68%|██████▊   | 167/246 [46:25<21:38, 16.43s/it]C3 qwen/final:  68%|██████▊   | 168/246 [46:42<21:29, 16.53s/it]C3 qwen/final:  69%|██████▊   | 169/246 [46:58<21:03, 16.40s/it]C3 qwen/final:  69%|██████▉   | 170/246 [47:15<20:54, 16.51s/it]C3 qwen/final:  70%|██████▉   | 171/246 [47:31<20:27, 16.36s/it]C3 qwen/final:  70%|██████▉   | 172/246 [47:47<20:09, 16.34s/it]C3 qwen/final:  70%|███████   | 173/246 [48:04<20:00, 16.44s/it]C3 qwen/final:  71%|███████   | 174/246 [48:21<19:51, 16.54s/it]C3 qwen/final:  71%|███████   | 175/246 [48:37<19:30, 16.48s/it]C3 qwen/final:  72%|███████▏  | 176/246 [48:53<19:07, 16.39s/it]C3 qwen/final:  72%|███████▏  | 177/246 [49:09<18:48, 16.36s/it]C3 qwen/final:  72%|███████▏  | 178/246 [49:26<18:38, 16.46s/it]C3 qwen/final:  73%|███████▎  | 179/246 [49:43<18:28, 16.55s/it]C3 qwen/final:  73%|███████▎  | 180/246 [49:59<18:09, 16.51s/it]C3 qwen/final:  74%|███████▎  | 181/246 [50:16<17:58, 16.60s/it]C3 qwen/final:  74%|███████▍  | 182/246 [50:33<17:41, 16.58s/it]C3 qwen/final:  74%|███████▍  | 183/246 [50:49<17:24, 16.59s/it]C3 qwen/final:  75%|███████▍  | 184/246 [51:06<17:16, 16.73s/it]C3 qwen/final:  75%|███████▌  | 185/246 [51:23<16:55, 16.64s/it]C3 qwen/final:  76%|███████▌  | 186/246 [51:39<16:36, 16.61s/it]C3 qwen/final:  76%|███████▌  | 187/246 [51:56<16:26, 16.72s/it]C3 qwen/final:  76%|███████▋  | 188/246 [52:12<16:01, 16.59s/it]C3 qwen/final:  77%|███████▋  | 189/246 [52:29<15:47, 16.62s/it]C3 qwen/final:  77%|███████▋  | 190/246 [52:47<15:45, 16.89s/it]C3 qwen/final:  78%|███████▊  | 191/246 [53:04<15:35, 17.01s/it]C3 qwen/final:  78%|███████▊  | 192/246 [53:21<15:12, 16.90s/it]C3 qwen/final:  78%|███████▊  | 193/246 [53:37<14:45, 16.71s/it]C3 qwen/final:  79%|███████▉  | 194/246 [53:53<14:22, 16.59s/it]C3 qwen/final:  79%|███████▉  | 195/246 [54:10<14:04, 16.55s/it]C3 qwen/final:  80%|███████▉  | 196/246 [54:26<13:48, 16.56s/it]C3 qwen/final:  80%|████████  | 197/246 [54:43<13:28, 16.50s/it]C3 qwen/final:  80%|████████  | 198/246 [54:59<13:16, 16.60s/it]C3 qwen/final:  81%|████████  | 199/246 [55:16<13:04, 16.69s/it]C3 qwen/final:  81%|████████▏ | 200/246 [55:33<12:45, 16.64s/it]C3 qwen/final:  82%|████████▏ | 201/246 [55:50<12:29, 16.66s/it]C3 qwen/final:  82%|████████▏ | 202/246 [56:06<12:15, 16.72s/it]C3 qwen/final:  83%|████████▎ | 203/246 [56:23<11:56, 16.66s/it]C3 qwen/final:  83%|████████▎ | 204/246 [56:40<11:39, 16.67s/it]C3 qwen/final:  83%|████████▎ | 205/246 [56:57<11:26, 16.74s/it]C3 qwen/final:  84%|████████▎ | 206/246 [57:13<11:05, 16.64s/it]C3 qwen/final:  84%|████████▍ | 207/246 [57:30<10:49, 16.65s/it]C3 qwen/final:  85%|████████▍ | 208/246 [57:47<10:36, 16.76s/it]C3 qwen/final:  85%|████████▍ | 209/246 [58:03<10:20, 16.76s/it]C3 qwen/final:  85%|████████▌ | 210/246 [58:20<10:04, 16.79s/it]C3 qwen/final:  86%|████████▌ | 211/246 [58:37<09:47, 16.80s/it]C3 qwen/final:  86%|████████▌ | 212/246 [58:53<09:26, 16.65s/it]C3 qwen/final:  87%|████████▋ | 213/246 [59:10<09:10, 16.68s/it]C3 qwen/final:  87%|████████▋ | 214/246 [59:26<08:48, 16.51s/it]C3 qwen/final:  87%|████████▋ | 215/246 [59:43<08:34, 16.60s/it]C3 qwen/final:  88%|████████▊ | 216/246 [1:00:00<08:20, 16.68s/it]C3 qwen/final:  88%|████████▊ | 217/246 [1:00:17<08:04, 16.70s/it]C3 qwen/final:  89%|████████▊ | 218/246 [1:00:33<07:44, 16.57s/it]C3 qwen/final:  89%|████████▉ | 219/246 [1:00:50<07:28, 16.60s/it]C3 qwen/final:  89%|████████▉ | 220/246 [1:01:07<07:14, 16.70s/it]C3 qwen/final:  90%|████████▉ | 221/246 [1:01:23<06:57, 16.70s/it]C3 qwen/final:  90%|█████████ | 222/246 [1:01:40<06:38, 16.59s/it]C3 qwen/final:  91%|█████████ | 223/246 [1:01:57<06:24, 16.72s/it]C3 qwen/final:  91%|█████████ | 224/246 [1:02:13<06:07, 16.72s/it]C3 qwen/final:  91%|█████████▏| 225/246 [1:02:30<05:48, 16.59s/it]C3 qwen/final:  92%|█████████▏| 226/246 [1:02:47<05:33, 16.68s/it]C3 qwen/final:  92%|█████████▏| 227/246 [1:03:03<05:15, 16.60s/it]C3 qwen/final:  93%|█████████▎| 228/246 [1:03:19<04:58, 16.56s/it]C3 qwen/final:  93%|█████████▎| 229/246 [1:03:36<04:42, 16.64s/it]C3 qwen/final:  93%|█████████▎| 230/246 [1:03:55<04:34, 17.14s/it]C3 qwen/final:  94%|█████████▍| 231/246 [1:04:12<04:19, 17.30s/it]C3 qwen/final:  94%|█████████▍| 232/246 [1:04:29<04:02, 17.30s/it]C3 qwen/final:  95%|█████████▍| 233/246 [1:04:47<03:46, 17.40s/it]C3 qwen/final:  95%|█████████▌| 234/246 [1:05:04<03:28, 17.36s/it]C3 qwen/final:  96%|█████████▌| 235/246 [1:05:22<03:11, 17.41s/it]C3 qwen/final:  96%|█████████▌| 236/246 [1:05:39<02:54, 17.42s/it]C3 qwen/final:  96%|█████████▋| 237/246 [1:05:56<02:34, 17.14s/it]C3 qwen/final:  97%|█████████▋| 238/246 [1:06:13<02:17, 17.20s/it]C3 qwen/final:  97%|█████████▋| 239/246 [1:06:31<02:01, 17.35s/it]C3 qwen/final:  98%|█████████▊| 240/246 [1:06:49<01:45, 17.53s/it]C3 qwen/final:  98%|█████████▊| 241/246 [1:07:07<01:28, 17.61s/it]C3 qwen/final:  98%|█████████▊| 242/246 [1:07:25<01:11, 17.78s/it]C3 qwen/final:  99%|█████████▉| 243/246 [1:07:43<00:53, 17.77s/it]C3 qwen/final:  99%|█████████▉| 244/246 [1:08:00<00:35, 17.74s/it]C3 qwen/final: 100%|█████████▉| 245/246 [1:08:18<00:17, 17.76s/it]C3 qwen/final: 100%|██████████| 246/246 [1:08:37<00:00, 18.07s/it]C3 qwen/final: 100%|██████████| 246/246 [1:08:37<00:00, 16.74s/it]
✅ Qwen C3 → data/results/few_shot_c3/qwen_final_c3_fewshot.jsonl

============================================================
STEP: C3 CRFM
CMD:  python src/run_c3_new_models.py --model crfm
============================================================

  Loading CRFM seed1 @ checkpoint-1000 ...
  Loading stanford-crfm/alias-gpt2-small-x21 @ checkpoint-1000 ...
Loaded pretrained model gpt2 into HookedTransformer
C3 crfm/checkpoint-1000:   0%|          | 0/54 [00:00<?, ?it/s]
  0%|          | 0/20 [00:00<?, ?it/s][A
  5%|▌         | 1/20 [00:00<00:02,  7.66it/s][A
 20%|██        | 4/20 [00:00<00:01, 15.51it/s][A
 30%|███       | 6/20 [00:00<00:00, 16.79it/s][A
 40%|████      | 8/20 [00:00<00:00, 17.87it/s][A
 50%|█████     | 10/20 [00:00<00:00, 17.99it/s][A
 60%|██████    | 12/20 [00:00<00:00, 18.34it/s][A
 75%|███████▌  | 15/20 [00:00<00:00, 19.41it/s][A
 90%|█████████ | 18/20 [00:00<00:00, 20.61it/s][A100%|██████████| 20/20 [00:01<00:00, 18.89it/s]

  0%|          | 0/20 [00:00<?, ?it/s][A
  5%|▌         | 1/20 [00:00<00:03,  5.53it/s][A
 20%|██        | 4/20 [00:00<00:01, 14.14it/s][A
 35%|███▌      | 7/20 [00:00<00:00, 17.82it/s][A
 50%|█████     | 10/20 [00:00<00:00, 19.59it/s][A
 65%|██████▌   | 13/20 [00:00<00:00, 19.76it/s][A
 80%|████████  | 16/20 [00:00<00:00, 19.58it/s][A
 90%|█████████ | 18/20 [00:00<00:00, 19.34it/s][A
100%|██████████| 20/20 [00:01<00:00, 18.17it/s][A100%|██████████| 20/20 [00:01<00:00, 17.83it/s]
C3 crfm/checkpoint-1000:   2%|▏         | 1/54 [00:02<01:56,  2.19s/it]
  0%|          | 0/20 [00:00<?, ?it/s][A
  5%|▌         | 1/20 [00:00<00:02,  8.66it/s][A
 15%|█▌        | 3/20 [00:00<00:01, 14.70it/s][A
 25%|██▌       | 5/20 [00:00<00:00, 17.00it/s][A
 35%|███▌      | 7/20 [00:00<00:00, 17.92it/s][A
 45%|████▌     | 9/20 [00:00<00:00, 18.29it/s][A
 55%|█████▌    | 11/20 [00:00<00:00, 18.76it/s][A
 65%|██████▌   | 13/20 [00:00<00:00, 19.06it/s][A
 80%|████████  | 16/20 [00:00<00:00, 19.87it/s][A
 95%|█████████▌| 19/20 [00:00<00:00, 21.12it/s][A100%|██████████| 20/20 [00:01<00:00, 19.07it/s]

  0%|          | 0/20 [00:00<?, ?it/s][A
  5%|▌         | 1/20 [00:00<00:03,  4.91it/s][A
 15%|█▌        | 3/20 [00:00<00:01, 11.09it/s][A
 30%|███       | 6/20 [00:00<00:00, 15.28it/s][A
 40%|████      | 8/20 [00:00<00:00, 16.69it/s][A
 50%|█████     | 10/20 [00:00<00:00, 17.67it/s][A
 60%|██████    | 12/20 [00:00<00:00, 18.37it/s][A
 75%|███████▌  | 15/20 [00:00<00:00, 19.94it/s][A
 90%|█████████ | 18/20 [00:01<00:00, 20.19it/s][A100%|██████████| 20/20 [00:01<00:00, 17.82it/s]
C3 crfm/checkpoint-1000:   4%|▎         | 2/54 [00:04<01:53,  2.18s/it]
  0%|          | 0/25 [00:00<?, ?it/s][A
  8%|▊         | 2/25 [00:00<00:01, 15.49it/s][A
 20%|██        | 5/25 [00:00<00:00, 20.25it/s][A
 32%|███▏      | 8/25 [00:00<00:00, 20.88it/s][A
 44%|████▍     | 11/25 [00:00<00:00, 21.76it/s][A
 56%|█████▌    | 14/25 [00:00<00:00, 22.23it/s][A
 68%|██████▊   | 17/25 [00:00<00:00, 22.43it/s][A
 80%|████████  | 20/25 [00:00<00:00, 22.52it/s][A
 92%|█████████▏| 23/25 [00:01<00:00, 21.93it/s][A100%|██████████| 25/25 [00:01<00:00, 21.36it/s]

  0%|          | 0/25 [00:00<?, ?it/s][A
  4%|▍         | 1/25 [00:00<00:05,  4.42it/s][A
 12%|█▏        | 3/25 [00:00<00:02,  9.68it/s][A
 24%|██▍       | 6/25 [00:00<00:01, 14.67it/s][A
 32%|███▏      | 8/25 [00:00<00:01, 16.19it/s][A
 44%|████▍     | 11/25 [00:00<00:00, 18.15it/s][A
 56%|█████▌    | 14/25 [00:00<00:00, 19.18it/s][A
 68%|██████▊   | 17/25 [00:00<00:00, 20.41it/s][A
 80%|████████  | 20/25 [00:01<00:00, 21.39it/s][A
 92%|█████████▏| 23/25 [00:01<00:00, 21.59it/s][A100%|██████████| 25/25 [00:01<00:00, 18.32it/s]
C3 crfm/checkpoint-1000:   6%|▌         | 3/54 [00:06<01:59,  2.35s/it]
  0%|          | 0/25 [00:00<?, ?it/s][A
  4%|▍         | 1/25 [00:00<00:02,  8.45it/s][A
 16%|█▌        | 4/25 [00:00<00:01, 15.73it/s][A
 24%|██▍       | 6/25 [00:00<00:01, 17.21it/s][A
 32%|███▏      | 8/25 [00:00<00:00, 17.47it/s][A
 40%|████      | 10/25 [00:00<00:00, 17.61it/s][A
 48%|████▊     | 12/25 [00:00<00:00, 17.93it/s][A
 56%|█████▌    | 14/25 [00:00<00:00, 17.52it/s][A
 64%|██████▍   | 16/25 [00:00<00:00, 17.55it/s][A
 72%|███████▏  | 18/25 [00:01<00:00, 17.75it/s][A
 80%|████████  | 20/25 [00:01<00:00, 18.31it/s][A
 92%|█████████▏| 23/25 [00:01<00:00, 19.89it/s][A100%|██████████| 25/25 [00:01<00:00, 18.25it/s]

  0%|          | 0/25 [00:00<?, ?it/s][A
  4%|▍         | 1/25 [00:00<00:04,  5.34it/s][A
 16%|█▌        | 4/25 [00:00<00:01, 14.13it/s][A
 28%|██▊       | 7/25 [00:00<00:01, 17.83it/s][A
 40%|████      | 10/25 [00:00<00:00, 19.61it/s][A
 52%|█████▏    | 13/25 [00:00<00:00, 20.75it/s][A
 64%|██████▍   | 16/25 [00:00<00:00, 21.14it/s][A
 76%|███████▌  | 19/25 [00:00<00:00, 21.72it/s][A
 88%|████████▊ | 22/25 [00:01<00:00, 21.79it/s][A
100%|██████████| 25/25 [00:01<00:00, 22.08it/s][A100%|██████████| 25/25 [00:01<00:00, 20.01it/s]
C3 crfm/checkpoint-1000:   7%|▋         | 4/54 [00:09<02:02,  2.46s/it]
  0%|          | 0/25 [00:00<?, ?it/s][A
  4%|▍         | 1/25 [00:00<00:02,  9.99it/s][A
 16%|█▌        | 4/25 [00:00<00:01, 18.03it/s][A
 28%|██▊       | 7/25 [00:00<00:00, 20.17it/s][A
 40%|████      | 10/25 [00:00<00:00, 21.29it/s][A
 52%|█████▏    | 13/25 [00:00<00:00, 21.79it/s][A
 64%|██████▍   | 16/25 [00:00<00:00, 22.10it/s][A
 76%|███████▌  | 19/25 [00:00<00:00, 22.00it/s][A
 88%|████████▊ | 22/25 [00:01<00:00, 21.39it/s][A
100%|██████████| 25/25 [00:01<00:00, 21.74it/s][A100%|██████████| 25/25 [00:01<00:00, 21.12it/s]

  0%|          | 0/25 [00:00<?, ?it/s][A
  4%|▍         | 1/25 [00:00<00:04,  5.16it/s][A
 16%|█▌        | 4/25 [00:00<00:01, 13.61it/s][A
 28%|██▊       | 7/25 [00:00<00:01, 17.10it/s][A
 40%|████      | 10/25 [00:00<00:00, 18.92it/s][A
 52%|█████▏    | 13/25 [00:00<00:00, 19.81it/s][A
 64%|██████▍   | 16/25 [00:00<00:00, 20.63it/s][A
 76%|███████▌  | 19/25 [00:01<00:00, 21.21it/s][A
 88%|████████▊ | 22/25 [00:01<00:00, 21.23it/s][A
100%|██████████| 25/25 [00:01<00:00, 20.22it/s][A100%|██████████| 25/25 [00:01<00:00, 19.00it/s]
C3 crfm/checkpoint-1000:   9%|▉         | 5/54 [00:12<02:01,  2.47s/it]
  0%|          | 0/25 [00:00<?, ?it/s][A
  4%|▍         | 1/25 [00:00<00:02,  8.68it/s][A
 12%|█▏        | 3/25 [00:00<00:01, 14.32it/s][A
 20%|██        | 5/25 [00:00<00:01, 16.42it/s][A
 28%|██▊       | 7/25 [00:00<00:01, 17.32it/s][A
 36%|███▌      | 9/25 [00:00<00:00, 16.70it/s][A
 44%|████▍     | 11/25 [00:00<00:00, 17.07it/s][A
 56%|█████▌    | 14/25 [00:00<00:00, 18.86it/s][A
 68%|██████▊   | 17/25 [00:00<00:00, 19.68it/s][A
 80%|████████  | 20/25 [00:01<00:00, 20.57it/s][A
 92%|█████████▏| 23/25 [00:01<00:00, 21.21it/s][A100%|██████████| 25/25 [00:01<00:00, 19.10it/s]

  0%|          | 0/25 [00:00<?, ?it/s][A
  4%|▍         | 1/25 [00:00<00:04,  5.80it/s][A
 16%|█▌        | 4/25 [00:00<00:01, 14.71it/s][A
 28%|██▊       | 7/25 [00:00<00:00, 18.11it/s][A
 40%|████      | 10/25 [00:00<00:00, 19.87it/s][A
 52%|█████▏    | 13/25 [00:00<00:00, 17.99it/s][A
 60%|██████    | 15/25 [00:00<00:00, 18.22it/s][A
 68%|██████▊   | 17/25 [00:00<00:00, 18.44it/s][A
 76%|███████▌  | 19/25 [00:01<00:00, 15.44it/s][A
 88%|████████▊ | 22/25 [00:01<00:00, 16.94it/s][A
 96%|█████████▌| 24/25 [00:01<00:00, 17.03it/s][A100%|██████████| 25/25 [00:01<00:00, 17.08it/s]
C3 crfm/checkpoint-1000:  11%|█         | 6/54 [00:14<02:03,  2.58s/it]
  0%|          | 0/20 [00:00<?, ?it/s][A
 10%|█         | 2/20 [00:00<00:01, 14.98it/s][A
 25%|██▌       | 5/20 [00:00<00:00, 19.59it/s][A
 40%|████      | 8/20 [00:00<00:00, 20.70it/s][A
 55%|█████▌    | 11/20 [00:00<00:00, 21.47it/s][A
 70%|███████   | 14/20 [00:00<00:00, 21.96it/s][A
 85%|████████▌ | 17/20 [00:00<00:00, 22.29it/s][A
100%|██████████| 20/20 [00:00<00:00, 22.42it/s][A100%|██████████| 20/20 [00:00<00:00, 21.55it/s]

  0%|          | 0/20 [00:00<?, ?it/s][A
  5%|▌         | 1/20 [00:00<00:03,  5.62it/s][A
 20%|██        | 4/20 [00:00<00:01, 13.65it/s][A
 30%|███       | 6/20 [00:00<00:00, 14.66it/s][A
 40%|████      | 8/20 [00:00<00:00, 15.62it/s][A
 50%|█████     | 10/20 [00:00<00:00, 16.80it/s][A
 65%|██████▌   | 13/20 [00:00<00:00, 18.45it/s][A
 75%|███████▌  | 15/20 [00:00<00:00, 18.68it/s][A
 85%|████████▌ | 17/20 [00:01<00:00, 18.75it/s][A
 95%|█████████▌| 19/20 [00:01<00:00, 16.64it/s][A100%|██████████| 20/20 [00:01<00:00, 16.19it/s]
C3 crfm/checkpoint-1000:  13%|█▎        | 7/54 [00:16<01:54,  2.44s/it]
  0%|          | 0/20 [00:00<?, ?it/s][A
  5%|▌         | 1/20 [00:00<00:02,  7.48it/s][A
 15%|█▌        | 3/20 [00:00<00:01, 12.52it/s][A
 25%|██▌       | 5/20 [00:00<00:01, 14.13it/s][A
 35%|███▌      | 7/20 [00:00<00:00, 14.99it/s][A
 45%|████▌     | 9/20 [00:00<00:00, 15.40it/s][A
 55%|█████▌    | 11/20 [00:00<00:00, 15.88it/s][A
 65%|██████▌   | 13/20 [00:00<00:00, 15.94it/s][A
 75%|███████▌  | 15/20 [00:00<00:00, 15.99it/s][A
 85%|████████▌ | 17/20 [00:01<00:00, 16.79it/s][A
 95%|█████████▌| 19/20 [00:01<00:00, 17.60it/s][A100%|██████████| 20/20 [00:01<00:00, 15.97it/s]

  0%|          | 0/20 [00:00<?, ?it/s][A
  5%|▌         | 1/20 [00:00<00:03,  5.04it/s][A
 15%|█▌        | 3/20 [00:00<00:01, 11.27it/s][A
 25%|██▌       | 5/20 [00:00<00:01, 14.46it/s][A
 35%|███▌      | 7/20 [00:00<00:00, 16.33it/s][A
 45%|████▌     | 9/20 [00:00<00:00, 17.41it/s][A
 55%|█████▌    | 11/20 [00:00<00:00, 18.17it/s][A
 65%|██████▌   | 13/20 [00:00<00:00, 17.96it/s][A
 75%|███████▌  | 15/20 [00:00<00:00, 18.36it/s][A
 85%|████████▌ | 17/20 [00:01<00:00, 18.83it/s][A
 95%|█████████▌| 19/20 [00:01<00:00, 18.99it/s][A100%|██████████| 20/20 [00:01<00:00, 16.98it/s]
C3 crfm/checkpoint-1000:  15%|█▍        | 8/54 [00:19<01:52,  2.44s/it]
  0%|          | 0/25 [00:00<?, ?it/s][A
  4%|▍         | 1/25 [00:00<00:02,  9.59it/s][A
 16%|█▌        | 4/25 [00:00<00:01, 16.57it/s][A
 24%|██▍       | 6/25 [00:00<00:01, 17.71it/s][A
 32%|███▏      | 8/25 [00:00<00:00, 18.51it/s][A
 40%|████      | 10/25 [00:00<00:00, 18.95it/s][A
 48%|████▊     | 12/25 [00:00<00:00, 19.18it/s][A
 56%|█████▌    | 14/25 [00:00<00:00, 19.10it/s][A
 64%|██████▍   | 16/25 [00:00<00:00, 15.68it/s][A
 72%|███████▏  | 18/25 [00:01<00:00, 16.23it/s][A
 80%|████████  | 20/25 [00:01<00:00, 16.74it/s][A
 88%|████████▊ | 22/25 [00:01<00:00, 16.71it/s][A
 96%|█████████▌| 24/25 [00:01<00:00, 17.07it/s][A100%|██████████| 25/25 [00:01<00:00, 17.21it/s]

  0%|          | 0/25 [00:00<?, ?it/s][A
  4%|▍         | 1/25 [00:00<00:04,  5.05it/s][A
 12%|█▏        | 3/25 [00:00<00:02, 10.75it/s][A
 20%|██        | 5/25 [00:00<00:01, 14.05it/s][A
 28%|██▊       | 7/25 [00:00<00:01, 15.82it/s][A
 36%|███▌      | 9/25 [00:00<00:00, 16.78it/s][A
 44%|████▍     | 11/25 [00:00<00:00, 17.66it/s][A
 52%|█████▏    | 13/25 [00:00<00:00, 18.22it/s][A
 64%|██████▍   | 16/25 [00:00<00:00, 18.74it/s][A
 72%|███████▏  | 18/25 [00:01<00:00, 17.76it/s][A
 80%|████████  | 20/25 [00:01<00:00, 17.18it/s][A
 88%|████████▊ | 22/25 [00:01<00:00, 16.81it/s][A
 96%|█████████▌| 24/25 [00:01<00:00, 16.68it/s][A100%|██████████| 25/25 [00:01<00:00, 16.17it/s]
C3 crfm/checkpoint-1000:  17%|█▋        | 9/54 [00:22<01:57,  2.62s/it]
  0%|          | 0/25 [00:00<?, ?it/s][A
  4%|▍         | 1/25 [00:00<00:03,  6.98it/s][A
 16%|█▌        | 4/25 [00:00<00:01, 15.02it/s][A
 28%|██▊       | 7/25 [00:00<00:00, 18.45it/s][A
 40%|████      | 10/25 [00:00<00:00, 20.31it/s][A
 52%|█████▏    | 13/25 [00:00<00:00, 21.45it/s][A
 64%|██████▍   | 16/25 [00:00<00:00, 20.53it/s][A
 76%|███████▌  | 19/25 [00:00<00:00, 20.17it/s][A
 88%|████████▊ | 22/25 [00:01<00:00, 20.05it/s][A
100%|██████████| 25/25 [00:01<00:00, 19.97it/s][A100%|██████████| 25/25 [00:01<00:00, 19.38it/s]

  0%|          | 0/25 [00:00<?, ?it/s][A
  4%|▍         | 1/25 [00:00<00:04,  5.42it/s][A
 12%|█▏        | 3/25 [00:00<00:01, 11.76it/s][A
 24%|██▍       | 6/25 [00:00<00:01, 15.99it/s][A
 36%|███▌      | 9/25 [00:00<00:00, 18.61it/s][A
 48%|████▊     | 12/25 [00:00<00:00, 20.07it/s][A
 60%|██████    | 15/25 [00:00<00:00, 21.05it/s][A
 72%|███████▏  | 18/25 [00:00<00:00, 21.61it/s][A
 84%|████████▍ | 21/25 [00:01<00:00, 21.79it/s][A
 96%|█████████▌| 24/25 [00:01<00:00, 22.01it/s][A100%|██████████| 25/25 [00:01<00:00, 19.71it/s]
C3 crfm/checkpoint-1000:  19%|█▊        | 10/54 [00:24<01:54,  2.60s/it]
  0%|          | 0/25 [00:00<?, ?it/s][A
  8%|▊         | 2/25 [00:00<00:01, 13.81it/s][A
 20%|██        | 5/25 [00:00<00:01, 17.73it/s][A
 32%|███▏      | 8/25 [00:00<00:00, 19.86it/s][A
 44%|████▍     | 11/25 [00:00<00:00, 21.02it/s][A
 56%|█████▌    | 14/25 [00:00<00:00, 21.70it/s][A
 68%|██████▊   | 17/25 [00:00<00:00, 22.10it/s][A
 80%|████████  | 20/25 [00:00<00:00, 22.40it/s][A
 92%|█████████▏| 23/25 [00:01<00:00, 22.46it/s][A100%|██████████| 25/25 [00:01<00:00, 19.50it/s]

  0%|          | 0/25 [00:00<?, ?it/s][A
  4%|▍         | 1/25 [00:00<00:06,  3.79it/s][A
 12%|█▏        | 3/25 [00:00<00:02,  9.42it/s][A
 24%|██▍       | 6/25 [00:00<00:01, 14.72it/s][A
 36%|███▌      | 9/25 [00:00<00:00, 16.83it/s][A
 44%|████▍     | 11/25 [00:00<00:00, 17.43it/s][A
 52%|█████▏    | 13/25 [00:00<00:00, 17.90it/s][A
 60%|██████    | 15/25 [00:00<00:00, 18.19it/s][A
 68%|██████▊   | 17/25 [00:01<00:00, 16.65it/s][A
 76%|███████▌  | 19/25 [00:01<00:00, 17.24it/s][A
 84%|████████▍ | 21/25 [00:01<00:00, 17.65it/s][A
 92%|█████████▏| 23/25 [00:01<00:00, 18.03it/s][A
100%|██████████| 25/25 [00:01<00:00, 18.32it/s][A100%|██████████| 25/25 [00:01<00:00, 16.33it/s]
C3 crfm/checkpoint-1000:  20%|██        | 11/54 [00:27<01:54,  2.67s/it]
  0%|          | 0/25 [00:00<?, ?it/s][A
  4%|▍         | 1/25 [00:00<00:02,  8.95it/s][A
 16%|█▌        | 4/25 [00:00<00:01, 16.90it/s][A
 28%|██▊       | 7/25 [00:00<00:00, 19.71it/s][A
 40%|████      | 10/25 [00:00<00:00, 21.16it/s][A
 52%|█████▏    | 13/25 [00:00<00:00, 22.01it/s][A
 64%|██████▍   | 16/25 [00:00<00:00, 22.49it/s][A
 76%|███████▌  | 19/25 [00:00<00:00, 22.67it/s][A
 88%|████████▊ | 22/25 [00:01<00:00, 22.76it/s][A
100%|██████████| 25/25 [00:01<00:00, 22.87it/s][A100%|██████████| 25/25 [00:01<00:00, 21.60it/s]

  0%|          | 0/25 [00:00<?, ?it/s][A
  4%|▍         | 1/25 [00:00<00:04,  5.88it/s][A
 16%|█▌        | 4/25 [00:00<00:01, 14.69it/s][A
 28%|██▊       | 7/25 [00:00<00:01, 17.90it/s][A
 40%|████      | 10/25 [00:00<00:00, 19.30it/s][A
 52%|█████▏    | 13/25 [00:00<00:00, 20.31it/s][A
 64%|██████▍   | 16/25 [00:00<00:00, 20.87it/s][A
 76%|███████▌  | 19/25 [00:00<00:00, 21.53it/s][A
 88%|████████▊ | 22/25 [00:01<00:00, 21.92it/s][A
100%|██████████| 25/25 [00:01<00:00, 22.20it/s][A100%|██████████| 25/25 [00:01<00:00, 20.09it/s]
C3 crfm/checkpoint-1000:  22%|██▏       | 12/54 [00:30<01:48,  2.59s/it]
  0%|          | 0/20 [00:00<?, ?it/s][A
 10%|█         | 2/20 [00:00<00:01, 15.03it/s][A
 25%|██▌       | 5/20 [00:00<00:00, 19.21it/s][A
 40%|████      | 8/20 [00:00<00:00, 20.90it/s][A
 55%|█████▌    | 11/20 [00:00<00:00, 21.58it/s][A
 70%|███████   | 14/20 [00:00<00:00, 21.87it/s][A
 85%|████████▌ | 17/20 [00:00<00:00, 22.10it/s][A
100%|██████████| 20/20 [00:00<00:00, 22.14it/s][A100%|██████████| 20/20 [00:00<00:00, 21.40it/s]

  0%|          | 0/20 [00:00<?, ?it/s][A
  5%|▌         | 1/20 [00:00<00:03,  5.74it/s][A
 20%|██        | 4/20 [00:00<00:01, 14.41it/s][A
 30%|███       | 6/20 [00:00<00:00, 16.26it/s][A
 45%|████▌     | 9/20 [00:00<00:00, 18.91it/s][A
 60%|██████    | 12/20 [00:00<00:00, 20.01it/s][A
 75%|███████▌  | 15/20 [00:00<00:00, 18.98it/s][A
 85%|████████▌ | 17/20 [00:00<00:00, 18.54it/s][A
 95%|█████████▌| 19/20 [00:01<00:00, 18.25it/s][A100%|██████████| 20/20 [00:01<00:00, 17.60it/s]
C3 crfm/checkpoint-1000:  24%|██▍       | 13/54 [00:32<01:39,  2.43s/it]
  0%|          | 0/20 [00:00<?, ?it/s][A
  5%|▌         | 1/20 [00:00<00:02,  8.19it/s][A
 15%|█▌        | 3/20 [00:00<00:01, 13.89it/s][A
 25%|██▌       | 5/20 [00:00<00:00, 15.66it/s][A
 35%|███▌      | 7/20 [00:00<00:00, 16.71it/s][A
 45%|████▌     | 9/20 [00:00<00:00, 17.19it/s][A
 60%|██████    | 12/20 [00:00<00:00, 19.05it/s][A
 75%|███████▌  | 15/20 [00:00<00:00, 20.57it/s][A
 90%|█████████ | 18/20 [00:00<00:00, 21.62it/s][A100%|██████████| 20/20 [00:01<00:00, 19.30it/s]

  0%|          | 0/20 [00:00<?, ?it/s][A
  5%|▌         | 1/20 [00:00<00:03,  5.97it/s][A
 20%|██        | 4/20 [00:00<00:01, 14.03it/s][A
 35%|███▌      | 7/20 [00:00<00:00, 17.87it/s][A
 50%|█████     | 10/20 [00:00<00:00, 19.88it/s][A
 65%|██████▌   | 13/20 [00:00<00:00, 21.11it/s][A
 80%|████████  | 16/20 [00:00<00:00, 21.69it/s][A
 95%|█████████▌| 19/20 [00:00<00:00, 22.21it/s][A100%|██████████| 20/20 [00:01<00:00, 19.97it/s]
C3 crfm/checkpoint-1000:  26%|██▌       | 14/54 [00:34<01:32,  2.32s/it]
  0%|          | 0/25 [00:00<?, ?it/s][A
  8%|▊         | 2/25 [00:00<00:01, 14.78it/s][A
 20%|██        | 5/25 [00:00<00:01, 19.79it/s][A
 32%|███▏      | 8/25 [00:00<00:00, 21.52it/s][A
 44%|████▍     | 11/25 [00:00<00:00, 22.12it/s][A
 56%|█████▌    | 14/25 [00:00<00:00, 22.70it/s][A
 68%|██████▊   | 17/25 [00:00<00:00, 23.04it/s][A
 80%|████████  | 20/25 [00:00<00:00, 23.02it/s][A
 92%|█████████▏| 23/25 [00:01<00:00, 22.88it/s][A100%|██████████| 25/25 [00:01<00:00, 22.24it/s]

  0%|          | 0/25 [00:00<?, ?it/s][A
  4%|▍         | 1/25 [00:00<00:04,  5.83it/s][A
 16%|█▌        | 4/25 [00:00<00:01, 14.04it/s][A
 28%|██▊       | 7/25 [00:00<00:01, 17.74it/s][A
 40%|████      | 10/25 [00:00<00:00, 19.81it/s][A
 52%|█████▏    | 13/25 [00:00<00:00, 20.51it/s][A
 64%|██████▍   | 16/25 [00:00<00:00, 21.17it/s][A
 76%|███████▌  | 19/25 [00:00<00:00, 21.70it/s][A
 88%|████████▊ | 22/25 [00:01<00:00, 21.97it/s][A
100%|██████████| 25/25 [00:01<00:00, 22.26it/s][A100%|██████████| 25/25 [00:01<00:00, 20.15it/s]
C3 crfm/checkpoint-1000:  28%|██▊       | 15/54 [00:36<01:30,  2.33s/it]
  0%|          | 0/25 [00:00<?, ?it/s][A
  8%|▊         | 2/25 [00:00<00:01, 14.87it/s][A
 16%|█▌        | 4/25 [00:00<00:01, 16.98it/s][A
 24%|██▍       | 6/25 [00:00<00:01, 17.83it/s][A
 32%|███▏      | 8/25 [00:00<00:00, 18.12it/s][A
 40%|████      | 10/25 [00:00<00:00, 18.61it/s][A
 48%|████▊     | 12/25 [00:00<00:00, 18.59it/s][A
 56%|█████▌    | 14/25 [00:00<00:00, 18.56it/s][A
 64%|██████▍   | 16/25 [00:00<00:00, 18.45it/s][A
 76%|███████▌  | 19/25 [00:01<00:00, 19.84it/s][A
 84%|████████▍ | 21/25 [00:01<00:00, 19.80it/s][A
 96%|█████████▌| 24/25 [00:01<00:00, 21.15it/s][A100%|██████████| 25/25 [00:01<00:00, 19.42it/s]

  0%|          | 0/25 [00:00<?, ?it/s][A
  4%|▍         | 1/25 [00:00<00:04,  5.82it/s][A
 16%|█▌        | 4/25 [00:00<00:01, 14.92it/s][A
 28%|██▊       | 7/25 [00:00<00:00, 18.48it/s][A
 40%|████      | 10/25 [00:00<00:00, 20.39it/s][A
 52%|█████▏    | 13/25 [00:00<00:00, 21.50it/s][A
 64%|██████▍   | 16/25 [00:00<00:00, 22.09it/s][A
 76%|███████▌  | 19/25 [00:00<00:00, 22.44it/s][A
 88%|████████▊ | 22/25 [00:01<00:00, 22.59it/s][A
100%|██████████| 25/25 [00:01<00:00, 22.61it/s][A100%|██████████| 25/25 [00:01<00:00, 20.74it/s]
C3 crfm/checkpoint-1000:  30%|██▉       | 16/54 [00:39<01:30,  2.38s/it]
  0%|          | 0/25 [00:00<?, ?it/s][A
  8%|▊         | 2/25 [00:00<00:01, 14.83it/s][A
 20%|██        | 5/25 [00:00<00:01, 19.83it/s][A
 32%|███▏      | 8/25 [00:00<00:00, 21.11it/s][A
 44%|████▍     | 11/25 [00:00<00:00, 21.91it/s][A
 56%|█████▌    | 14/25 [00:00<00:00, 21.65it/s][A
 68%|██████▊   | 17/25 [00:00<00:00, 21.95it/s][A
 80%|████████  | 20/25 [00:00<00:00, 22.36it/s][A
 92%|█████████▏| 23/25 [00:01<00:00, 22.75it/s][A100%|██████████| 25/25 [00:01<00:00, 21.86it/s]

  0%|          | 0/25 [00:00<?, ?it/s][A
  4%|▍         | 1/25 [00:00<00:04,  5.47it/s][A
 16%|█▌        | 4/25 [00:00<00:01, 14.40it/s][A
 28%|██▊       | 7/25 [00:00<00:00, 18.11it/s][A
 40%|████      | 10/25 [00:00<00:00, 20.16it/s][A
 52%|█████▏    | 13/25 [00:00<00:00, 21.11it/s][A
 64%|██████▍   | 16/25 [00:00<00:00, 21.69it/s][A
 76%|███████▌  | 19/25 [00:00<00:00, 22.09it/s][A
 88%|████████▊ | 22/25 [00:01<00:00, 22.12it/s][A
100%|██████████| 25/25 [00:01<00:00, 22.30it/s][A100%|██████████| 25/25 [00:01<00:00, 20.35it/s]
C3 crfm/checkpoint-1000:  31%|███▏      | 17/54 [00:41<01:28,  2.38s/it]
  0%|          | 0/25 [00:00<?, ?it/s][A
  8%|▊         | 2/25 [00:00<00:01, 14.70it/s][A
 20%|██        | 5/25 [00:00<00:01, 19.10it/s][A
 28%|██▊       | 7/25 [00:00<00:00, 18.35it/s][A
 36%|███▌      | 9/25 [00:00<00:00, 17.99it/s][A
 44%|████▍     | 11/25 [00:00<00:00, 17.78it/s][A
 52%|█████▏    | 13/25 [00:00<00:00, 18.43it/s][A
 60%|██████    | 15/25 [00:00<00:00, 18.44it/s][A
 68%|██████▊   | 17/25 [00:00<00:00, 18.85it/s][A
 76%|███████▌  | 19/25 [00:01<00:00, 18.74it/s][A
 84%|████████▍ | 21/25 [00:01<00:00, 18.90it/s][A
 92%|█████████▏| 23/25 [00:01<00:00, 18.88it/s][A
100%|██████████| 25/25 [00:01<00:00, 18.84it/s][A100%|██████████| 25/25 [00:01<00:00, 18.49it/s]

  0%|          | 0/25 [00:00<?, ?it/s][A
  4%|▍         | 1/25 [00:00<00:04,  5.50it/s][A
 16%|█▌        | 4/25 [00:00<00:01, 14.22it/s][A
 28%|██▊       | 7/25 [00:00<00:01, 17.72it/s][A
 40%|████      | 10/25 [00:00<00:00, 19.38it/s][A
 52%|█████▏    | 13/25 [00:00<00:00, 20.42it/s][A
 64%|██████▍   | 16/25 [00:00<00:00, 20.55it/s][A
 76%|███████▌  | 19/25 [00:01<00:00, 19.55it/s][A
 84%|████████▍ | 21/25 [00:01<00:00, 18.68it/s][A
 92%|█████████▏| 23/25 [00:01<00:00, 18.46it/s][A
100%|██████████| 25/25 [00:01<00:00, 18.48it/s][A100%|██████████| 25/25 [00:01<00:00, 18.21it/s]
C3 crfm/checkpoint-1000:  33%|███▎      | 18/54 [00:44<01:29,  2.49s/it]
  0%|          | 0/20 [00:00<?, ?it/s][A
  5%|▌         | 1/20 [00:00<00:01,  9.51it/s][A
 15%|█▌        | 3/20 [00:00<00:01, 14.80it/s][A
 25%|██▌       | 5/20 [00:00<00:00, 16.72it/s][A
 35%|███▌      | 7/20 [00:00<00:00, 17.29it/s][A
 45%|████▌     | 9/20 [00:00<00:00, 17.56it/s][A
 60%|██████    | 12/20 [00:00<00:00, 19.52it/s][A
 75%|███████▌  | 15/20 [00:00<00:00, 20.75it/s][A
 90%|█████████ | 18/20 [00:00<00:00, 21.41it/s][A100%|██████████| 20/20 [00:01<00:00, 19.54it/s]

  0%|          | 0/20 [00:00<?, ?it/s][A
  5%|▌         | 1/20 [00:00<00:03,  5.65it/s][A
 20%|██        | 4/20 [00:00<00:01, 14.53it/s][A
 35%|███▌      | 7/20 [00:00<00:00, 17.83it/s][A
 50%|█████     | 10/20 [00:00<00:00, 19.77it/s][A
 65%|██████▌   | 13/20 [00:00<00:00, 20.75it/s][A
 80%|████████  | 16/20 [00:00<00:00, 20.73it/s][A
 95%|█████████▌| 19/20 [00:00<00:00, 21.36it/s][A100%|██████████| 20/20 [00:01<00:00, 19.42it/s]
C3 crfm/checkpoint-1000:  35%|███▌      | 19/54 [00:46<01:22,  2.36s/it]
  0%|          | 0/20 [00:00<?, ?it/s][A
 10%|█         | 2/20 [00:00<00:01, 15.76it/s][A
 25%|██▌       | 5/20 [00:00<00:00, 20.54it/s][A
 40%|████      | 8/20 [00:00<00:00, 21.72it/s][A
 55%|█████▌    | 11/20 [00:00<00:00, 21.22it/s][A
 70%|███████   | 14/20 [00:00<00:00, 20.48it/s][A
 85%|████████▌ | 17/20 [00:00<00:00, 19.53it/s][A
 95%|█████████▌| 19/20 [00:00<00:00, 19.21it/s][A100%|██████████| 20/20 [00:01<00:00, 19.65it/s]

  0%|          | 0/20 [00:00<?, ?it/s][A
  5%|▌         | 1/20 [00:00<00:04,  3.82it/s][A
 15%|█▌        | 3/20 [00:00<00:01,  9.09it/s][A
 25%|██▌       | 5/20 [00:00<00:01, 12.06it/s][A
 35%|███▌      | 7/20 [00:00<00:00, 14.23it/s][A
 45%|████▌     | 9/20 [00:00<00:00, 15.87it/s][A
 60%|██████    | 12/20 [00:00<00:00, 17.72it/s][A
 70%|███████   | 14/20 [00:00<00:00, 18.34it/s][A
 85%|████████▌ | 17/20 [00:01<00:00, 19.83it/s][A
100%|██████████| 20/20 [00:01<00:00, 20.84it/s][A100%|██████████| 20/20 [00:01<00:00, 16.58it/s]
C3 crfm/checkpoint-1000:  37%|███▋      | 20/54 [00:48<01:18,  2.32s/it]
  0%|          | 0/25 [00:00<?, ?it/s][A
  8%|▊         | 2/25 [00:00<00:01, 15.49it/s][A
 20%|██        | 5/25 [00:00<00:01, 19.71it/s][A
 32%|███▏      | 8/25 [00:00<00:00, 21.31it/s][A
 44%|████▍     | 11/25 [00:00<00:00, 21.66it/s][A
 56%|█████▌    | 14/25 [00:00<00:00, 22.08it/s][A
 68%|██████▊   | 17/25 [00:00<00:00, 22.33it/s][A
 80%|████████  | 20/25 [00:00<00:00, 22.63it/s][A
 92%|█████████▏| 23/25 [00:01<00:00, 22.71it/s][A100%|██████████| 25/25 [00:01<00:00, 21.98it/s]

  0%|          | 0/25 [00:00<?, ?it/s][A
  4%|▍         | 1/25 [00:00<00:04,  5.96it/s][A
 16%|█▌        | 4/25 [00:00<00:01, 14.90it/s][A
 28%|██▊       | 7/25 [00:00<00:00, 18.29it/s][A
 40%|████      | 10/25 [00:00<00:00, 19.84it/s][A
 52%|█████▏    | 13/25 [00:00<00:00, 20.12it/s][A
 64%|██████▍   | 16/25 [00:00<00:00, 21.14it/s][A
 76%|███████▌  | 19/25 [00:00<00:00, 21.66it/s][A
 88%|████████▊ | 22/25 [00:01<00:00, 22.05it/s][A
100%|██████████| 25/25 [00:01<00:00, 22.22it/s][A100%|██████████| 25/25 [00:01<00:00, 20.24it/s]
C3 crfm/checkpoint-1000:  39%|███▉      | 21/54 [00:50<01:17,  2.34s/it]
  0%|          | 0/25 [00:00<?, ?it/s][A
  8%|▊         | 2/25 [00:00<00:01, 14.77it/s][A
 20%|██        | 5/25 [00:00<00:01, 19.70it/s][A
 32%|███▏      | 8/25 [00:00<00:00, 21.14it/s][A
 44%|████▍     | 11/25 [00:00<00:00, 22.13it/s][A
 56%|█████▌    | 14/25 [00:00<00:00, 22.45it/s][A
 68%|██████▊   | 17/25 [00:00<00:00, 22.56it/s][A
 80%|████████  | 20/25 [00:00<00:00, 21.57it/s][A
 92%|█████████▏| 23/25 [00:01<00:00, 20.67it/s][A100%|██████████| 25/25 [00:01<00:00, 20.83it/s]

  0%|          | 0/25 [00:00<?, ?it/s][A
  4%|▍         | 1/25 [00:00<00:05,  4.18it/s][A
 12%|█▏        | 3/25 [00:00<00:02,  9.80it/s][A
 20%|██        | 5/25 [00:00<00:01, 12.83it/s][A
 32%|███▏      | 8/25 [00:00<00:01, 16.44it/s][A
 44%|████▍     | 11/25 [00:00<00:00, 18.87it/s][A
 56%|█████▌    | 14/25 [00:00<00:00, 20.27it/s][A
 68%|██████▊   | 17/25 [00:00<00:00, 20.96it/s][A
 80%|████████  | 20/25 [00:01<00:00, 21.22it/s][A
 92%|█████████▏| 23/25 [00:01<00:00, 21.44it/s][A100%|██████████| 25/25 [00:01<00:00, 18.56it/s]
C3 crfm/checkpoint-1000:  41%|████      | 22/54 [00:53<01:16,  2.40s/it]
  0%|          | 0/25 [00:00<?, ?it/s][A
  8%|▊         | 2/25 [00:00<00:01, 14.56it/s][A
 20%|██        | 5/25 [00:00<00:01, 19.80it/s][A
 32%|███▏      | 8/25 [00:00<00:00, 21.42it/s][A
 44%|████▍     | 11/25 [00:00<00:00, 22.23it/s][A
 56%|█████▌    | 14/25 [00:00<00:00, 22.57it/s][A
 68%|██████▊   | 17/25 [00:00<00:00, 22.93it/s][A
 80%|████████  | 20/25 [00:00<00:00, 22.74it/s][A
 92%|█████████▏| 23/25 [00:01<00:00, 22.29it/s][A100%|██████████| 25/25 [00:01<00:00, 22.02it/s]

  0%|          | 0/25 [00:00<?, ?it/s][A
  4%|▍         | 1/25 [00:00<00:04,  5.51it/s][A
 16%|█▌        | 4/25 [00:00<00:01, 14.37it/s][A
 28%|██▊       | 7/25 [00:00<00:01, 17.94it/s][A
 40%|████      | 10/25 [00:00<00:00, 19.80it/s][A
 52%|█████▏    | 13/25 [00:00<00:00, 20.88it/s][A
 64%|██████▍   | 16/25 [00:00<00:00, 21.63it/s][A
 76%|███████▌  | 19/25 [00:00<00:00, 22.14it/s][A
 88%|████████▊ | 22/25 [00:01<00:00, 22.39it/s][A
100%|██████████| 25/25 [00:01<00:00, 22.57it/s][A100%|██████████| 25/25 [00:01<00:00, 20.39it/s]
C3 crfm/checkpoint-1000:  43%|████▎     | 23/54 [00:55<01:14,  2.39s/it]
  0%|          | 0/25 [00:00<?, ?it/s][A
  8%|▊         | 2/25 [00:00<00:01, 14.88it/s][A
 20%|██        | 5/25 [00:00<00:01, 18.94it/s][A
 32%|███▏      | 8/25 [00:00<00:00, 19.48it/s][A
 40%|████      | 10/25 [00:00<00:00, 19.54it/s][A
 48%|████▊     | 12/25 [00:00<00:00, 19.28it/s][A
 56%|█████▌    | 14/25 [00:00<00:00, 18.64it/s][A
 68%|██████▊   | 17/25 [00:00<00:00, 20.23it/s][A
 80%|████████  | 20/25 [00:01<00:00, 20.11it/s][A
 92%|█████████▏| 23/25 [00:01<00:00, 19.68it/s][A
100%|██████████| 25/25 [00:01<00:00, 19.66it/s][A100%|██████████| 25/25 [00:01<00:00, 19.43it/s]

  0%|          | 0/25 [00:00<?, ?it/s][A
  4%|▍         | 1/25 [00:00<00:06,  3.77it/s][A
 12%|█▏        | 3/25 [00:00<00:02,  9.08it/s][A
 20%|██        | 5/25 [00:00<00:01, 12.10it/s][A
 28%|██▊       | 7/25 [00:00<00:01, 13.87it/s][A
 36%|███▌      | 9/25 [00:00<00:01, 15.30it/s][A
 48%|████▊     | 12/25 [00:00<00:00, 17.68it/s][A
 60%|██████    | 15/25 [00:00<00:00, 19.15it/s][A
 72%|███████▏  | 18/25 [00:01<00:00, 20.04it/s][A
 84%|████████▍ | 21/25 [00:01<00:00, 20.50it/s][A
 96%|█████████▌| 24/25 [00:01<00:00, 21.14it/s][A100%|██████████| 25/25 [00:01<00:00, 17.35it/s]
C3 crfm/checkpoint-1000:  44%|████▍     | 24/54 [00:58<01:14,  2.49s/it]
  0%|          | 0/20 [00:00<?, ?it/s][A
  5%|▌         | 1/20 [00:00<00:02,  9.25it/s][A
 20%|██        | 4/20 [00:00<00:00, 17.97it/s][A
 35%|███▌      | 7/20 [00:00<00:00, 20.44it/s][A
 50%|█████     | 10/20 [00:00<00:00, 21.46it/s][A
 65%|██████▌   | 13/20 [00:00<00:00, 21.83it/s][A
 80%|████████  | 16/20 [00:00<00:00, 22.23it/s][A
 95%|█████████▌| 19/20 [00:00<00:00, 20.14it/s][A100%|██████████| 20/20 [00:00<00:00, 20.35it/s]

  0%|          | 0/20 [00:00<?, ?it/s][A
  5%|▌         | 1/20 [00:00<00:03,  5.70it/s][A
 20%|██        | 4/20 [00:00<00:01, 13.31it/s][A
 35%|███▌      | 7/20 [00:00<00:00, 16.60it/s][A
 45%|████▌     | 9/20 [00:00<00:00, 15.91it/s][A
 60%|██████    | 12/20 [00:00<00:00, 17.70it/s][A
 75%|███████▌  | 15/20 [00:00<00:00, 19.06it/s][A
 90%|█████████ | 18/20 [00:01<00:00, 20.09it/s][A100%|██████████| 20/20 [00:01<00:00, 17.89it/s]
C3 crfm/checkpoint-1000:  46%|████▋     | 25/54 [01:00<01:08,  2.38s/it]
  0%|          | 0/20 [00:00<?, ?it/s][A
  5%|▌         | 1/20 [00:00<00:01,  9.56it/s][A
 20%|██        | 4/20 [00:00<00:00, 18.03it/s][A
 35%|███▌      | 7/20 [00:00<00:00, 20.04it/s][A
 50%|█████     | 10/20 [00:00<00:00, 20.98it/s][A
 65%|██████▌   | 13/20 [00:00<00:00, 21.25it/s][A
 80%|████████  | 16/20 [00:00<00:00, 21.62it/s][A
 95%|█████████▌| 19/20 [00:00<00:00, 21.76it/s][A100%|██████████| 20/20 [00:00<00:00, 20.77it/s]

  0%|          | 0/20 [00:00<?, ?it/s][A
  5%|▌         | 1/20 [00:00<00:03,  5.20it/s][A
 15%|█▌        | 3/20 [00:00<00:01, 11.19it/s][A
 25%|██▌       | 5/20 [00:00<00:01, 14.00it/s][A
 35%|███▌      | 7/20 [00:00<00:00, 15.27it/s][A
 45%|████▌     | 9/20 [00:00<00:00, 15.93it/s][A
 55%|█████▌    | 11/20 [00:00<00:00, 16.34it/s][A
 65%|██████▌   | 13/20 [00:00<00:00, 16.53it/s][A
 75%|███████▌  | 15/20 [00:00<00:00, 16.69it/s][A
 85%|████████▌ | 17/20 [00:01<00:00, 16.82it/s][A
 95%|█████████▌| 19/20 [00:01<00:00, 16.71it/s][A100%|██████████| 20/20 [00:01<00:00, 15.61it/s]
C3 crfm/checkpoint-1000:  48%|████▊     | 26/54 [01:03<01:05,  2.34s/it]
  0%|          | 0/25 [00:00<?, ?it/s][A
  8%|▊         | 2/25 [00:00<00:01, 13.90it/s][A
 16%|█▌        | 4/25 [00:00<00:01, 16.78it/s][A
 28%|██▊       | 7/25 [00:00<00:00, 18.32it/s][A
 36%|███▌      | 9/25 [00:00<00:00, 18.47it/s][A
 44%|████▍     | 11/25 [00:00<00:00, 18.45it/s][A
 52%|█████▏    | 13/25 [00:00<00:00, 18.12it/s][A
 60%|██████    | 15/25 [00:00<00:00, 18.47it/s][A
 68%|██████▊   | 17/25 [00:00<00:00, 18.81it/s][A
 80%|████████  | 20/25 [00:01<00:00, 20.05it/s][A
 92%|█████████▏| 23/25 [00:01<00:00, 20.65it/s][A100%|██████████| 25/25 [00:01<00:00, 19.25it/s]

  0%|          | 0/25 [00:00<?, ?it/s][A
  4%|▍         | 1/25 [00:00<00:04,  5.69it/s][A
 16%|█▌        | 4/25 [00:00<00:01, 14.24it/s][A
 28%|██▊       | 7/25 [00:00<00:01, 17.50it/s][A
 40%|████      | 10/25 [00:00<00:00, 19.19it/s][A
 52%|█████▏    | 13/25 [00:00<00:00, 19.77it/s][A
 64%|██████▍   | 16/25 [00:00<00:00, 20.34it/s][A
 76%|███████▌  | 19/25 [00:01<00:00, 20.72it/s][A
 88%|████████▊ | 22/25 [00:01<00:00, 20.82it/s][A
100%|██████████| 25/25 [00:01<00:00, 21.05it/s][A100%|██████████| 25/25 [00:01<00:00, 19.35it/s]
C3 crfm/checkpoint-1000:  50%|█████     | 27/54 [01:05<01:05,  2.42s/it]
  0%|          | 0/25 [00:00<?, ?it/s][A
  8%|▊         | 2/25 [00:00<00:01, 13.66it/s][A
 20%|██        | 5/25 [00:00<00:01, 18.11it/s][A
 32%|███▏      | 8/25 [00:00<00:00, 20.05it/s][A
 44%|████▍     | 11/25 [00:00<00:00, 20.62it/s][A
 56%|█████▌    | 14/25 [00:00<00:00, 20.46it/s][A
 68%|██████▊   | 17/25 [00:00<00:00, 21.17it/s][A
 80%|████████  | 20/25 [00:00<00:00, 21.59it/s][A
 92%|█████████▏| 23/25 [00:01<00:00, 21.81it/s][A100%|██████████| 25/25 [00:01<00:00, 20.84it/s]

  0%|          | 0/25 [00:00<?, ?it/s][A
  4%|▍         | 1/25 [00:00<00:05,  4.77it/s][A
 12%|█▏        | 3/25 [00:00<00:02, 10.12it/s][A
 20%|██        | 5/25 [00:00<00:01, 12.36it/s][A
 28%|██▊       | 7/25 [00:00<00:01, 14.07it/s][A
 36%|███▌      | 9/25 [00:00<00:01, 14.94it/s][A
 44%|████▍     | 11/25 [00:00<00:00, 15.76it/s][A
 52%|█████▏    | 13/25 [00:00<00:00, 16.55it/s][A
 64%|██████▍   | 16/25 [00:01<00:00, 18.19it/s][A
 76%|███████▌  | 19/25 [00:01<00:00, 19.33it/s][A
 88%|████████▊ | 22/25 [00:01<00:00, 20.09it/s][A
100%|██████████| 25/25 [00:01<00:00, 19.89it/s][A100%|██████████| 25/25 [00:01<00:00, 16.79it/s]
C3 crfm/checkpoint-1000:  52%|█████▏    | 28/54 [01:08<01:04,  2.50s/it]
  0%|          | 0/25 [00:00<?, ?it/s][A
  4%|▍         | 1/25 [00:00<00:02,  8.77it/s][A
 12%|█▏        | 3/25 [00:00<00:01, 14.72it/s][A
 20%|██        | 5/25 [00:00<00:01, 16.64it/s][A
 28%|██▊       | 7/25 [00:00<00:01, 17.72it/s][A
 36%|███▌      | 9/25 [00:00<00:00, 17.20it/s][A
 44%|████▍     | 11/25 [00:00<00:00, 17.93it/s][A
 52%|█████▏    | 13/25 [00:00<00:00, 18.41it/s][A
 60%|██████    | 15/25 [00:00<00:00, 18.64it/s][A
 68%|██████▊   | 17/25 [00:00<00:00, 18.97it/s][A
 80%|████████  | 20/25 [00:01<00:00, 20.14it/s][A
 92%|█████████▏| 23/25 [00:01<00:00, 20.99it/s][A100%|██████████| 25/25 [00:01<00:00, 18.93it/s]

  0%|          | 0/25 [00:00<?, ?it/s][A
  4%|▍         | 1/25 [00:00<00:04,  5.58it/s][A
 12%|█▏        | 3/25 [00:00<00:02, 10.77it/s][A
 24%|██▍       | 6/25 [00:00<00:01, 15.61it/s][A
 36%|███▌      | 9/25 [00:00<00:00, 17.99it/s][A
 48%|████▊     | 12/25 [00:00<00:00, 19.45it/s][A
 60%|██████    | 15/25 [00:00<00:00, 20.44it/s][A
 72%|███████▏  | 18/25 [00:00<00:00, 20.91it/s][A
 84%|████████▍ | 21/25 [00:01<00:00, 21.05it/s][A
 96%|█████████▌| 24/25 [00:01<00:00, 21.23it/s][A100%|██████████| 25/25 [00:01<00:00, 19.08it/s]
C3 crfm/checkpoint-1000:  54%|█████▎    | 29/54 [01:10<01:03,  2.54s/it]
  0%|          | 0/25 [00:00<?, ?it/s][A
  8%|▊         | 2/25 [00:00<00:01, 14.24it/s][A
 20%|██        | 5/25 [00:00<00:01, 18.85it/s][A
 28%|██▊       | 7/25 [00:00<00:00, 18.51it/s][A
 40%|████      | 10/25 [00:00<00:00, 19.54it/s][A
 52%|█████▏    | 13/25 [00:00<00:00, 20.31it/s][A
 64%|██████▍   | 16/25 [00:00<00:00, 20.65it/s][A
 76%|███████▌  | 19/25 [00:00<00:00, 20.20it/s][A
 88%|████████▊ | 22/25 [00:01<00:00, 19.47it/s][A
 96%|█████████▌| 24/25 [00:01<00:00, 19.06it/s][A100%|██████████| 25/25 [00:01<00:00, 19.13it/s]

  0%|          | 0/25 [00:00<?, ?it/s][A
  4%|▍         | 1/25 [00:00<00:06,  3.58it/s][A
 12%|█▏        | 3/25 [00:00<00:02,  8.42it/s][A
 20%|██        | 5/25 [00:00<00:01, 11.28it/s][A
 28%|██▊       | 7/25 [00:00<00:01, 13.19it/s][A
 36%|███▌      | 9/25 [00:00<00:01, 14.84it/s][A
 48%|████▊     | 12/25 [00:00<00:00, 17.22it/s][A
 60%|██████    | 15/25 [00:01<00:00, 18.69it/s][A
 68%|██████▊   | 17/25 [00:01<00:00, 18.92it/s][A
 80%|████████  | 20/25 [00:01<00:00, 19.72it/s][A
 92%|█████████▏| 23/25 [00:01<00:00, 20.27it/s][A100%|██████████| 25/25 [00:01<00:00, 16.64it/s]
C3 crfm/checkpoint-1000:  56%|█████▌    | 30/54 [01:13<01:02,  2.62s/it]
  0%|          | 0/20 [00:00<?, ?it/s][A
 10%|█         | 2/20 [00:00<00:01, 14.10it/s][A
 25%|██▌       | 5/20 [00:00<00:00, 18.30it/s][A
 40%|████      | 8/20 [00:00<00:00, 19.10it/s][A
 55%|█████▌    | 11/20 [00:00<00:00, 19.78it/s][A
 65%|██████▌   | 13/20 [00:00<00:00, 19.54it/s][A
 75%|███████▌  | 15/20 [00:00<00:00, 19.29it/s][A
 85%|████████▌ | 17/20 [00:00<00:00, 19.30it/s][A
 95%|█████████▌| 19/20 [00:00<00:00, 19.33it/s][A100%|██████████| 20/20 [00:01<00:00, 19.04it/s]

  0%|          | 0/20 [00:00<?, ?it/s][A
  5%|▌         | 1/20 [00:00<00:03,  5.05it/s][A
 20%|██        | 4/20 [00:00<00:01, 12.60it/s][A
 35%|███▌      | 7/20 [00:00<00:00, 15.94it/s][A
 50%|█████     | 10/20 [00:00<00:00, 17.33it/s][A
 60%|██████    | 12/20 [00:00<00:00, 17.54it/s][A
 70%|███████   | 14/20 [00:00<00:00, 17.77it/s][A
 80%|████████  | 16/20 [00:00<00:00, 18.06it/s][A
 90%|█████████ | 18/20 [00:01<00:00, 18.27it/s][A
100%|██████████| 20/20 [00:01<00:00, 18.47it/s][A100%|██████████| 20/20 [00:01<00:00, 16.81it/s]
C3 crfm/checkpoint-1000:  57%|█████▋    | 31/54 [01:15<00:57,  2.51s/it]
  0%|          | 0/20 [00:00<?, ?it/s][A
  5%|▌         | 1/20 [00:00<00:02,  9.48it/s][A
 15%|█▌        | 3/20 [00:00<00:01, 14.75it/s][A
 25%|██▌       | 5/20 [00:00<00:00, 16.56it/s][A
 35%|███▌      | 7/20 [00:00<00:00, 17.19it/s][A
 45%|████▌     | 9/20 [00:00<00:00, 17.73it/s][A
 55%|█████▌    | 11/20 [00:00<00:00, 18.16it/s][A
 65%|██████▌   | 13/20 [00:00<00:00, 18.42it/s][A
 75%|███████▌  | 15/20 [00:00<00:00, 18.44it/s][A
 85%|████████▌ | 17/20 [00:00<00:00, 17.56it/s][A
 95%|█████████▌| 19/20 [00:01<00:00, 13.40it/s][A100%|██████████| 20/20 [00:01<00:00, 15.62it/s]

  0%|          | 0/20 [00:00<?, ?it/s][A
  5%|▌         | 1/20 [00:00<00:07,  2.64it/s][A
 15%|█▌        | 3/20 [00:00<00:02,  6.47it/s][A
 25%|██▌       | 5/20 [00:00<00:01,  9.42it/s][A
 35%|███▌      | 7/20 [00:00<00:01, 12.10it/s][A
 45%|████▌     | 9/20 [00:00<00:00, 14.05it/s][A
 55%|█████▌    | 11/20 [00:00<00:00, 15.41it/s][A
 65%|██████▌   | 13/20 [00:01<00:00, 16.41it/s][A
 75%|███████▌  | 15/20 [00:01<00:00, 16.96it/s][A
 85%|████████▌ | 17/20 [00:01<00:00, 17.55it/s][A
 95%|█████████▌| 19/20 [00:01<00:00, 17.88it/s][A100%|██████████| 20/20 [00:01<00:00, 13.84it/s]
C3 crfm/checkpoint-1000:  59%|█████▉    | 32/54 [01:18<00:56,  2.58s/it]
  0%|          | 0/25 [00:00<?, ?it/s][A
  4%|▍         | 1/25 [00:00<00:02,  8.69it/s][A
 12%|█▏        | 3/25 [00:00<00:01, 14.89it/s][A
 20%|██        | 5/25 [00:00<00:01, 16.91it/s][A
 28%|██▊       | 7/25 [00:00<00:01, 17.73it/s][A
 36%|███▌      | 9/25 [00:00<00:00, 18.10it/s][A
 44%|████▍     | 11/25 [00:00<00:00, 18.46it/s][A
 52%|█████▏    | 13/25 [00:00<00:00, 18.74it/s][A
 60%|██████    | 15/25 [00:00<00:00, 18.90it/s][A
 68%|██████▊   | 17/25 [00:00<00:00, 18.36it/s][A
 76%|███████▌  | 19/25 [00:01<00:00, 18.43it/s][A
 84%|████████▍ | 21/25 [00:01<00:00, 18.68it/s][A
 92%|█████████▏| 23/25 [00:01<00:00, 18.84it/s][A
100%|██████████| 25/25 [00:01<00:00, 18.68it/s][A100%|██████████| 25/25 [00:01<00:00, 18.07it/s]

  0%|          | 0/25 [00:00<?, ?it/s][A
  4%|▍         | 1/25 [00:00<00:04,  5.07it/s][A
 12%|█▏        | 3/25 [00:00<00:02, 10.96it/s][A
 20%|██        | 5/25 [00:00<00:01, 13.84it/s][A
 28%|██▊       | 7/25 [00:00<00:01, 15.64it/s][A
 36%|███▌      | 9/25 [00:00<00:00, 16.77it/s][A
 44%|████▍     | 11/25 [00:00<00:00, 17.53it/s][A
 52%|█████▏    | 13/25 [00:00<00:00, 18.07it/s][A
 60%|██████    | 15/25 [00:00<00:00, 18.40it/s][A
 68%|██████▊   | 17/25 [00:01<00:00, 18.24it/s][A
 76%|███████▌  | 19/25 [00:01<00:00, 18.54it/s][A
 84%|████████▍ | 21/25 [00:01<00:00, 18.44it/s][A
 92%|█████████▏| 23/25 [00:01<00:00, 18.45it/s][A
100%|██████████| 25/25 [00:01<00:00, 18.30it/s][A100%|██████████| 25/25 [00:01<00:00, 16.86it/s]
C3 crfm/checkpoint-1000:  61%|██████    | 33/54 [01:21<00:55,  2.67s/it]
  0%|          | 0/25 [00:00<?, ?it/s][A
  4%|▍         | 1/25 [00:00<00:03,  7.41it/s][A
 12%|█▏        | 3/25 [00:00<00:01, 11.55it/s][A
 20%|██        | 5/25 [00:00<00:01, 12.44it/s][A
 28%|██▊       | 7/25 [00:00<00:01, 12.65it/s][A
 36%|███▌      | 9/25 [00:00<00:01, 13.71it/s][A
 44%|████▍     | 11/25 [00:00<00:00, 14.58it/s][A
 52%|█████▏    | 13/25 [00:00<00:00, 15.40it/s][A
 60%|██████    | 15/25 [00:01<00:00, 15.56it/s][A
 68%|██████▊   | 17/25 [00:01<00:00, 15.70it/s][A
 76%|███████▌  | 19/25 [00:01<00:00, 15.74it/s][A
 84%|████████▍ | 21/25 [00:01<00:00, 15.77it/s][A
 92%|█████████▏| 23/25 [00:01<00:00, 16.61it/s][A
100%|██████████| 25/25 [00:01<00:00, 17.31it/s][A100%|██████████| 25/25 [00:01<00:00, 15.12it/s]

  0%|          | 0/25 [00:00<?, ?it/s][A
  4%|▍         | 1/25 [00:00<00:04,  5.08it/s][A
 12%|█▏        | 3/25 [00:00<00:02, 10.98it/s][A
 20%|██        | 5/25 [00:00<00:01, 13.99it/s][A
 28%|██▊       | 7/25 [00:00<00:01, 15.77it/s][A
 36%|███▌      | 9/25 [00:00<00:00, 16.02it/s][A
 44%|████▍     | 11/25 [00:00<00:00, 17.00it/s][A
 52%|█████▏    | 13/25 [00:00<00:00, 17.76it/s][A
 60%|██████    | 15/25 [00:00<00:00, 17.96it/s][A
 68%|██████▊   | 17/25 [00:01<00:00, 18.14it/s][A
 76%|███████▌  | 19/25 [00:01<00:00, 17.99it/s][A
 84%|████████▍ | 21/25 [00:01<00:00, 18.38it/s][A
 92%|█████████▏| 23/25 [00:01<00:00, 18.70it/s][A
100%|██████████| 25/25 [00:01<00:00, 18.72it/s][A100%|██████████| 25/25 [00:01<00:00, 16.81it/s]
C3 crfm/checkpoint-1000:  63%|██████▎   | 34/54 [01:24<00:56,  2.81s/it]
  0%|          | 0/25 [00:00<?, ?it/s][A
  4%|▍         | 1/25 [00:00<00:02,  8.36it/s][A
 12%|█▏        | 3/25 [00:00<00:01, 13.94it/s][A
 20%|██        | 5/25 [00:00<00:01, 16.05it/s][A
 28%|██▊       | 7/25 [00:00<00:01, 16.77it/s][A
 36%|███▌      | 9/25 [00:00<00:01, 11.35it/s][A
 44%|████▍     | 11/25 [00:00<00:01, 12.82it/s][A
 52%|█████▏    | 13/25 [00:00<00:00, 14.06it/s][A
 60%|██████    | 15/25 [00:01<00:00, 14.81it/s][A
 68%|██████▊   | 17/25 [00:01<00:00, 14.88it/s][A
 76%|███████▌  | 19/25 [00:01<00:00, 15.90it/s][A
 84%|████████▍ | 21/25 [00:01<00:00, 16.90it/s][A
 92%|█████████▏| 23/25 [00:01<00:00, 17.31it/s][A
100%|██████████| 25/25 [00:01<00:00, 16.31it/s][A100%|██████████| 25/25 [00:01<00:00, 15.04it/s]

  0%|          | 0/25 [00:00<?, ?it/s][A
  4%|▍         | 1/25 [00:00<00:04,  4.90it/s][A
 12%|█▏        | 3/25 [00:00<00:02, 10.89it/s][A
 20%|██        | 5/25 [00:00<00:01, 13.97it/s][A
 28%|██▊       | 7/25 [00:00<00:01, 14.76it/s][A
 36%|███▌      | 9/25 [00:00<00:01, 15.44it/s][A
 44%|████▍     | 11/25 [00:00<00:00, 15.56it/s][A
 52%|█████▏    | 13/25 [00:00<00:00, 14.89it/s][A
 60%|██████    | 15/25 [00:01<00:00, 15.48it/s][A
 68%|██████▊   | 17/25 [00:01<00:00, 15.89it/s][A
 76%|███████▌  | 19/25 [00:01<00:00, 15.87it/s][A
 84%|████████▍ | 21/25 [00:01<00:00, 16.06it/s][A
 92%|█████████▏| 23/25 [00:01<00:00, 16.49it/s][A
100%|██████████| 25/25 [00:01<00:00, 16.27it/s][A100%|██████████| 25/25 [00:01<00:00, 15.09it/s]
C3 crfm/checkpoint-1000:  65%|██████▍   | 35/54 [01:28<00:56,  2.96s/it]
  0%|          | 0/25 [00:00<?, ?it/s][A
  4%|▍         | 1/25 [00:00<00:02,  8.80it/s][A
 12%|█▏        | 3/25 [00:00<00:01, 14.45it/s][A
 20%|██        | 5/25 [00:00<00:01, 16.19it/s][A
 28%|██▊       | 7/25 [00:00<00:01, 16.89it/s][A
 36%|███▌      | 9/25 [00:00<00:00, 17.42it/s][A
 44%|████▍     | 11/25 [00:00<00:00, 17.42it/s][A
 52%|█████▏    | 13/25 [00:00<00:00, 17.43it/s][A
 60%|██████    | 15/25 [00:00<00:00, 18.04it/s][A
 72%|███████▏  | 18/25 [00:01<00:00, 19.35it/s][A
 80%|████████  | 20/25 [00:01<00:00, 19.14it/s][A
 88%|████████▊ | 22/25 [00:01<00:00, 18.39it/s][A
 96%|█████████▌| 24/25 [00:01<00:00, 18.24it/s][A100%|██████████| 25/25 [00:01<00:00, 17.71it/s]

  0%|          | 0/25 [00:00<?, ?it/s][A
  4%|▍         | 1/25 [00:00<00:04,  5.51it/s][A
 12%|█▏        | 3/25 [00:00<00:01, 11.89it/s][A
 20%|██        | 5/25 [00:00<00:01, 14.65it/s][A
 28%|██▊       | 7/25 [00:00<00:01, 15.99it/s][A
 36%|███▌      | 9/25 [00:00<00:00, 16.59it/s][A
 44%|████▍     | 11/25 [00:00<00:00, 16.83it/s][A
 52%|█████▏    | 13/25 [00:00<00:00, 17.45it/s][A
 60%|██████    | 15/25 [00:00<00:00, 17.76it/s][A
 68%|██████▊   | 17/25 [00:01<00:00, 17.81it/s][A
 76%|███████▌  | 19/25 [00:01<00:00, 18.21it/s][A
 88%|████████▊ | 22/25 [00:01<00:00, 19.08it/s][A
100%|██████████| 25/25 [00:01<00:00, 19.80it/s][A100%|██████████| 25/25 [00:01<00:00, 17.31it/s]
C3 crfm/checkpoint-1000:  67%|██████▋   | 36/54 [01:30<00:52,  2.93s/it]
  0%|          | 0/20 [00:00<?, ?it/s][A
 10%|█         | 2/20 [00:00<00:01, 13.94it/s][A
 20%|██        | 4/20 [00:00<00:00, 16.86it/s][A
 35%|███▌      | 7/20 [00:00<00:00, 19.12it/s][A
 50%|█████     | 10/20 [00:00<00:00, 20.02it/s][A
 65%|██████▌   | 13/20 [00:00<00:00, 20.79it/s][A
 80%|████████  | 16/20 [00:00<00:00, 21.19it/s][A
 95%|█████████▌| 19/20 [00:00<00:00, 21.10it/s][A100%|██████████| 20/20 [00:00<00:00, 20.02it/s]

  0%|          | 0/20 [00:00<?, ?it/s][A
  5%|▌         | 1/20 [00:00<00:04,  4.37it/s][A
 15%|█▌        | 3/20 [00:00<00:01,  8.92it/s][A
 25%|██▌       | 5/20 [00:00<00:01, 11.51it/s][A
 35%|███▌      | 7/20 [00:00<00:01, 12.93it/s][A
 45%|████▌     | 9/20 [00:00<00:00, 13.55it/s][A
 55%|█████▌    | 11/20 [00:00<00:00, 14.09it/s][A
 65%|██████▌   | 13/20 [00:01<00:00, 14.52it/s][A
 75%|███████▌  | 15/20 [00:01<00:00, 15.55it/s][A
 85%|████████▌ | 17/20 [00:01<00:00, 16.06it/s][A
 95%|█████████▌| 19/20 [00:01<00:00, 16.58it/s][A100%|██████████| 20/20 [00:01<00:00, 14.12it/s]
C3 crfm/checkpoint-1000:  69%|██████▊   | 37/54 [01:33<00:47,  2.78s/it]
  0%|          | 0/20 [00:00<?, ?it/s][A
  5%|▌         | 1/20 [00:00<00:02,  9.12it/s][A
 20%|██        | 4/20 [00:00<00:00, 16.90it/s][A
 35%|███▌      | 7/20 [00:00<00:00, 19.00it/s][A
 50%|█████     | 10/20 [00:00<00:00, 20.08it/s][A
 65%|██████▌   | 13/20 [00:00<00:00, 20.86it/s][A
 80%|████████  | 16/20 [00:00<00:00, 20.70it/s][A
 95%|█████████▌| 19/20 [00:00<00:00, 20.16it/s][A100%|██████████| 20/20 [00:01<00:00, 19.57it/s]

  0%|          | 0/20 [00:00<?, ?it/s][A
  5%|▌         | 1/20 [00:00<00:03,  5.37it/s][A
 20%|██        | 4/20 [00:00<00:01, 13.46it/s][A
 30%|███       | 6/20 [00:00<00:00, 15.23it/s][A
 40%|████      | 8/20 [00:00<00:00, 16.15it/s][A
 50%|█████     | 10/20 [00:00<00:00, 16.44it/s][A
 60%|██████    | 12/20 [00:00<00:00, 16.83it/s][A
 70%|███████   | 14/20 [00:00<00:00, 17.26it/s][A
 80%|████████  | 16/20 [00:01<00:00, 17.59it/s][A
 90%|█████████ | 18/20 [00:01<00:00, 17.68it/s][A
100%|██████████| 20/20 [00:01<00:00, 17.75it/s][A100%|██████████| 20/20 [00:01<00:00, 16.33it/s]
C3 crfm/checkpoint-1000:  70%|███████   | 38/54 [01:35<00:41,  2.62s/it]
  0%|          | 0/25 [00:00<?, ?it/s][A
  4%|▍         | 1/25 [00:00<00:02,  9.11it/s][A
 12%|█▏        | 3/25 [00:00<00:01, 14.75it/s][A
 20%|██        | 5/25 [00:00<00:01, 16.66it/s][A
 28%|██▊       | 7/25 [00:00<00:01, 17.78it/s][A
 36%|███▌      | 9/25 [00:00<00:00, 18.20it/s][A
 48%|████▊     | 12/25 [00:00<00:00, 19.25it/s][A
 60%|██████    | 15/25 [00:00<00:00, 19.48it/s][A
 72%|███████▏  | 18/25 [00:00<00:00, 20.28it/s][A
 84%|████████▍ | 21/25 [00:01<00:00, 20.76it/s][A
 96%|█████████▌| 24/25 [00:01<00:00, 21.14it/s][A100%|██████████| 25/25 [00:01<00:00, 19.35it/s]

  0%|          | 0/25 [00:00<?, ?it/s][A
  4%|▍         | 1/25 [00:00<00:06,  3.74it/s][A
 12%|█▏        | 3/25 [00:00<00:02,  8.82it/s][A
 20%|██        | 5/25 [00:00<00:01, 11.63it/s][A
 28%|██▊       | 7/25 [00:00<00:01, 13.39it/s][A
 36%|███▌      | 9/25 [00:00<00:01, 14.55it/s][A
 44%|████▍     | 11/25 [00:00<00:00, 15.46it/s][A
 52%|█████▏    | 13/25 [00:00<00:00, 16.06it/s][A
 60%|██████    | 15/25 [00:01<00:00, 16.83it/s][A
 68%|██████▊   | 17/25 [00:01<00:00, 17.68it/s][A
 80%|████████  | 20/25 [00:01<00:00, 18.77it/s][A
 88%|████████▊ | 22/25 [00:01<00:00, 19.09it/s][A
 96%|█████████▌| 24/25 [00:01<00:00, 19.29it/s][A100%|██████████| 25/25 [00:01<00:00, 15.77it/s]
C3 crfm/checkpoint-1000:  72%|███████▏  | 39/54 [01:38<00:40,  2.70s/it]
  0%|          | 0/25 [00:00<?, ?it/s][A
  4%|▍         | 1/25 [00:00<00:02,  8.64it/s][A
 16%|█▌        | 4/25 [00:00<00:01, 16.41it/s][A
 28%|██▊       | 7/25 [00:00<00:00, 18.67it/s][A
 40%|████      | 10/25 [00:00<00:00, 19.84it/s][A
 52%|█████▏    | 13/25 [00:00<00:00, 20.29it/s][A
 64%|██████▍   | 16/25 [00:00<00:00, 20.48it/s][A
 76%|███████▌  | 19/25 [00:00<00:00, 20.36it/s][A
 88%|████████▊ | 22/25 [00:01<00:00, 20.80it/s][A
100%|██████████| 25/25 [00:01<00:00, 20.99it/s][A100%|██████████| 25/25 [00:01<00:00, 19.93it/s]

  0%|          | 0/25 [00:00<?, ?it/s][A
  4%|▍         | 1/25 [00:00<00:04,  5.52it/s][A
 16%|█▌        | 4/25 [00:00<00:01, 13.78it/s][A
 28%|██▊       | 7/25 [00:00<00:01, 16.85it/s][A
 40%|████      | 10/25 [00:00<00:00, 18.42it/s][A
 48%|████▊     | 12/25 [00:00<00:00, 18.39it/s][A
 56%|█████▌    | 14/25 [00:00<00:00, 18.06it/s][A
 64%|██████▍   | 16/25 [00:00<00:00, 18.15it/s][A
 72%|███████▏  | 18/25 [00:01<00:00, 18.37it/s][A
 80%|████████  | 20/25 [00:01<00:00, 18.39it/s][A
 88%|████████▊ | 22/25 [00:01<00:00, 18.48it/s][A
 96%|█████████▌| 24/25 [00:01<00:00, 18.67it/s][A100%|██████████| 25/25 [00:01<00:00, 17.64it/s]
C3 crfm/checkpoint-1000:  74%|███████▍  | 40/54 [01:41<00:37,  2.69s/it]
  0%|          | 0/25 [00:00<?, ?it/s][A
  4%|▍         | 1/25 [00:00<00:02,  9.71it/s][A
 16%|█▌        | 4/25 [00:00<00:01, 17.25it/s][A
 28%|██▊       | 7/25 [00:00<00:00, 19.04it/s][A
 40%|████      | 10/25 [00:00<00:00, 20.13it/s][A
 52%|█████▏    | 13/25 [00:00<00:00, 20.45it/s][A
 64%|██████▍   | 16/25 [00:00<00:00, 19.70it/s][A
 72%|███████▏  | 18/25 [00:00<00:00, 19.47it/s][A
 80%|████████  | 20/25 [00:01<00:00, 19.02it/s][A
 88%|████████▊ | 22/25 [00:01<00:00, 18.59it/s][A
 96%|█████████▌| 24/25 [00:01<00:00, 18.40it/s][A100%|██████████| 25/25 [00:01<00:00, 18.77it/s]

  0%|          | 0/25 [00:00<?, ?it/s][A
  4%|▍         | 1/25 [00:00<00:06,  3.61it/s][A
 12%|█▏        | 3/25 [00:00<00:02,  8.58it/s][A
 20%|██        | 5/25 [00:00<00:01, 11.46it/s][A
 32%|███▏      | 8/25 [00:00<00:01, 14.59it/s][A
 40%|████      | 10/25 [00:00<00:00, 15.92it/s][A
 48%|████▊     | 12/25 [00:00<00:00, 16.61it/s][A
 56%|█████▌    | 14/25 [00:00<00:00, 17.49it/s][A
 68%|██████▊   | 17/25 [00:01<00:00, 18.99it/s][A
 80%|████████  | 20/25 [00:01<00:00, 19.86it/s][A
 92%|█████████▏| 23/25 [00:01<00:00, 20.45it/s][A100%|██████████| 25/25 [00:01<00:00, 16.77it/s]
C3 crfm/checkpoint-1000:  76%|███████▌  | 41/54 [01:43<00:35,  2.73s/it]
  0%|          | 0/25 [00:00<?, ?it/s][A
  8%|▊         | 2/25 [00:00<00:01, 14.85it/s][A
 20%|██        | 5/25 [00:00<00:01, 19.28it/s][A
 28%|██▊       | 7/25 [00:00<00:00, 19.28it/s][A
 36%|███▌      | 9/25 [00:00<00:00, 18.85it/s][A
 44%|████▍     | 11/25 [00:00<00:00, 18.75it/s][A
 52%|█████▏    | 13/25 [00:00<00:00, 18.81it/s][A
 60%|██████    | 15/25 [00:00<00:00, 18.58it/s][A
 72%|███████▏  | 18/25 [00:00<00:00, 19.90it/s][A
 80%|████████  | 20/25 [00:01<00:00, 19.54it/s][A
 88%|████████▊ | 22/25 [00:01<00:00, 19.46it/s][A
100%|██████████| 25/25 [00:01<00:00, 20.38it/s][A100%|██████████| 25/25 [00:01<00:00, 19.40it/s]

  0%|          | 0/25 [00:00<?, ?it/s][A
  4%|▍         | 1/25 [00:00<00:04,  5.63it/s][A
 12%|█▏        | 3/25 [00:00<00:02,  9.57it/s][A
 20%|██        | 5/25 [00:00<00:01, 12.44it/s][A
 28%|██▊       | 7/25 [00:00<00:01, 14.37it/s][A
 36%|███▌      | 9/25 [00:00<00:00, 16.00it/s][A
 44%|████▍     | 11/25 [00:00<00:00, 16.93it/s][A
 56%|█████▌    | 14/25 [00:00<00:00, 18.32it/s][A
 68%|██████▊   | 17/25 [00:01<00:00, 19.32it/s][A
 80%|████████  | 20/25 [00:01<00:00, 19.86it/s][A
 88%|████████▊ | 22/25 [00:01<00:00, 19.73it/s][A
 96%|█████████▌| 24/25 [00:01<00:00, 19.61it/s][A100%|██████████| 25/25 [00:01<00:00, 17.14it/s]
C3 crfm/checkpoint-1000:  78%|███████▊  | 42/54 [01:46<00:32,  2.74s/it]
  0%|          | 0/20 [00:00<?, ?it/s][A
  5%|▌         | 1/20 [00:00<00:02,  7.54it/s][A
 15%|█▌        | 3/20 [00:00<00:01, 11.86it/s][A
 25%|██▌       | 5/20 [00:00<00:01, 13.47it/s][A
 35%|███▌      | 7/20 [00:00<00:00, 14.57it/s][A
 45%|████▌     | 9/20 [00:00<00:00, 14.99it/s][A
 55%|█████▌    | 11/20 [00:00<00:00, 14.97it/s][A
 65%|██████▌   | 13/20 [00:00<00:00, 15.07it/s][A
 80%|████████  | 16/20 [00:01<00:00, 17.03it/s][A
 90%|█████████ | 18/20 [00:01<00:00, 17.65it/s][A
100%|██████████| 20/20 [00:01<00:00, 18.05it/s][A100%|██████████| 20/20 [00:01<00:00, 15.84it/s]

  0%|          | 0/20 [00:00<?, ?it/s][A
  5%|▌         | 1/20 [00:00<00:03,  5.11it/s][A
 15%|█▌        | 3/20 [00:00<00:01, 11.21it/s][A
 25%|██▌       | 5/20 [00:00<00:01, 14.04it/s][A
 35%|███▌      | 7/20 [00:00<00:00, 15.90it/s][A
 45%|████▌     | 9/20 [00:00<00:00, 16.80it/s][A
 55%|█████▌    | 11/20 [00:00<00:00, 17.40it/s][A
 65%|██████▌   | 13/20 [00:00<00:00, 17.91it/s][A
 75%|███████▌  | 15/20 [00:00<00:00, 17.74it/s][A
 85%|████████▌ | 17/20 [00:01<00:00, 18.00it/s][A
 95%|█████████▌| 19/20 [00:01<00:00, 18.23it/s][A100%|██████████| 20/20 [00:01<00:00, 16.44it/s]
C3 crfm/checkpoint-1000:  80%|███████▉  | 43/54 [01:49<00:29,  2.66s/it]
  0%|          | 0/20 [00:00<?, ?it/s][A
  5%|▌         | 1/20 [00:00<00:02,  9.03it/s][A
 15%|█▌        | 3/20 [00:00<00:01, 14.45it/s][A
 25%|██▌       | 5/20 [00:00<00:00, 16.43it/s][A
 35%|███▌      | 7/20 [00:00<00:00, 17.26it/s][A
 45%|████▌     | 9/20 [00:00<00:00, 17.71it/s][A
 60%|██████    | 12/20 [00:00<00:00, 18.86it/s][A
 75%|███████▌  | 15/20 [00:00<00:00, 19.91it/s][A
 90%|█████████ | 18/20 [00:00<00:00, 20.48it/s][A100%|██████████| 20/20 [00:01<00:00, 18.81it/s]

  0%|          | 0/20 [00:00<?, ?it/s][A
  5%|▌         | 1/20 [00:00<00:04,  4.70it/s][A
 15%|█▌        | 3/20 [00:00<00:01, 10.18it/s][A
 25%|██▌       | 5/20 [00:00<00:01, 13.21it/s][A
 35%|███▌      | 7/20 [00:00<00:00, 15.02it/s][A
 45%|████▌     | 9/20 [00:00<00:00, 16.14it/s][A
 55%|█████▌    | 11/20 [00:00<00:00, 16.25it/s][A
 65%|██████▌   | 13/20 [00:00<00:00, 16.77it/s][A
 75%|███████▌  | 15/20 [00:00<00:00, 17.38it/s][A
 85%|████████▌ | 17/20 [00:01<00:00, 17.71it/s][A
 95%|█████████▌| 19/20 [00:01<00:00, 17.89it/s][A100%|██████████| 20/20 [00:01<00:00, 15.79it/s]
C3 crfm/checkpoint-1000:  81%|████████▏ | 44/54 [01:51<00:25,  2.56s/it]
  0%|          | 0/25 [00:00<?, ?it/s][A
  4%|▍         | 1/25 [00:00<00:02,  8.71it/s][A
 12%|█▏        | 3/25 [00:00<00:01, 14.55it/s][A
 20%|██        | 5/25 [00:00<00:01, 14.69it/s][A
 28%|██▊       | 7/25 [00:00<00:01, 15.04it/s][A
 36%|███▌      | 9/25 [00:00<00:01, 15.61it/s][A
 44%|████▍     | 11/25 [00:00<00:00, 16.23it/s][A
 52%|█████▏    | 13/25 [00:00<00:00, 16.56it/s][A
 60%|██████    | 15/25 [00:00<00:00, 17.08it/s][A
 68%|██████▊   | 17/25 [00:01<00:00, 17.58it/s][A
 76%|███████▌  | 19/25 [00:01<00:00, 17.61it/s][A
 84%|████████▍ | 21/25 [00:01<00:00, 17.81it/s][A
 92%|█████████▏| 23/25 [00:01<00:00, 18.08it/s][A100%|██████████| 25/25 [00:01<00:00, 16.92it/s]

  0%|          | 0/25 [00:00<?, ?it/s][A
  4%|▍         | 1/25 [00:00<00:04,  5.35it/s][A
 16%|█▌        | 4/25 [00:00<00:01, 13.83it/s][A
 28%|██▊       | 7/25 [00:00<00:01, 17.50it/s][A
 40%|████      | 10/25 [00:00<00:00, 19.24it/s][A
 52%|█████▏    | 13/25 [00:00<00:00, 20.05it/s][A
 64%|██████▍   | 16/25 [00:00<00:00, 20.64it/s][A
 76%|███████▌  | 19/25 [00:01<00:00, 20.97it/s][A
 88%|████████▊ | 22/25 [00:01<00:00, 21.15it/s][A
100%|██████████| 25/25 [00:01<00:00, 21.34it/s][A100%|██████████| 25/25 [00:01<00:00, 19.46it/s]
C3 crfm/checkpoint-1000:  83%|████████▎ | 45/54 [01:54<00:23,  2.63s/it]
  0%|          | 0/25 [00:00<?, ?it/s][A
  4%|▍         | 1/25 [00:00<00:02,  9.86it/s][A
 12%|█▏        | 3/25 [00:00<00:01, 15.33it/s][A
 20%|██        | 5/25 [00:00<00:01, 17.35it/s][A
 28%|██▊       | 7/25 [00:00<00:00, 18.20it/s][A
 36%|███▌      | 9/25 [00:00<00:00, 18.62it/s][A
 44%|████▍     | 11/25 [00:00<00:00, 18.39it/s][A
 52%|█████▏    | 13/25 [00:00<00:00, 18.73it/s][A
 60%|██████    | 15/25 [00:00<00:00, 18.88it/s][A
 68%|██████▊   | 17/25 [00:00<00:00, 18.65it/s][A
 76%|███████▌  | 19/25 [00:01<00:00, 18.60it/s][A
 84%|████████▍ | 21/25 [00:01<00:00, 18.91it/s][A
 92%|█████████▏| 23/25 [00:01<00:00, 18.88it/s][A
100%|██████████| 25/25 [00:01<00:00, 18.85it/s][A100%|██████████| 25/25 [00:01<00:00, 18.32it/s]

  0%|          | 0/25 [00:00<?, ?it/s][A
  4%|▍         | 1/25 [00:00<00:04,  5.02it/s][A
 12%|█▏        | 3/25 [00:00<00:02, 10.99it/s][A
 20%|██        | 5/25 [00:00<00:01, 13.76it/s][A
 28%|██▊       | 7/25 [00:00<00:01, 15.39it/s][A
 36%|███▌      | 9/25 [00:00<00:00, 16.51it/s][A
 44%|████▍     | 11/25 [00:00<00:00, 17.16it/s][A
 52%|█████▏    | 13/25 [00:00<00:00, 17.79it/s][A
 60%|██████    | 15/25 [00:00<00:00, 18.16it/s][A
 68%|██████▊   | 17/25 [00:01<00:00, 18.26it/s][A
 76%|███████▌  | 19/25 [00:01<00:00, 18.09it/s][A
 84%|████████▍ | 21/25 [00:01<00:00, 17.53it/s][A
 92%|█████████▏| 23/25 [00:01<00:00, 17.56it/s][A
100%|██████████| 25/25 [00:01<00:00, 17.45it/s][A100%|██████████| 25/25 [00:01<00:00, 16.42it/s]
C3 crfm/checkpoint-1000:  85%|████████▌ | 46/54 [01:57<00:21,  2.71s/it]
  0%|          | 0/25 [00:00<?, ?it/s][A
  4%|▍         | 1/25 [00:00<00:03,  7.24it/s][A
 12%|█▏        | 3/25 [00:00<00:01, 12.56it/s][A
 20%|██        | 5/25 [00:00<00:01, 14.84it/s][A
 28%|██▊       | 7/25 [00:00<00:01, 16.13it/s][A
 36%|███▌      | 9/25 [00:00<00:00, 16.16it/s][A
 44%|████▍     | 11/25 [00:00<00:00, 16.61it/s][A
 52%|█████▏    | 13/25 [00:00<00:00, 12.96it/s][A
 60%|██████    | 15/25 [00:01<00:00, 14.31it/s][A
 68%|██████▊   | 17/25 [00:01<00:00, 15.05it/s][A
 76%|███████▌  | 19/25 [00:01<00:00, 15.72it/s][A
 84%|████████▍ | 21/25 [00:01<00:00, 16.01it/s][A
 92%|█████████▏| 23/25 [00:01<00:00, 16.44it/s][A
100%|██████████| 25/25 [00:01<00:00, 17.19it/s][A100%|██████████| 25/25 [00:01<00:00, 15.46it/s]

  0%|          | 0/25 [00:00<?, ?it/s][A
  4%|▍         | 1/25 [00:00<00:04,  5.09it/s][A
 12%|█▏        | 3/25 [00:00<00:02, 10.97it/s][A
 20%|██        | 5/25 [00:00<00:01, 13.98it/s][A
 28%|██▊       | 7/25 [00:00<00:01, 15.53it/s][A
 36%|███▌      | 9/25 [00:00<00:00, 16.02it/s][A
 44%|████▍     | 11/25 [00:00<00:00, 16.84it/s][A
 52%|█████▏    | 13/25 [00:00<00:00, 16.87it/s][A
 60%|██████    | 15/25 [00:00<00:00, 16.38it/s][A
 68%|██████▊   | 17/25 [00:01<00:00, 16.54it/s][A
 76%|███████▌  | 19/25 [00:01<00:00, 17.20it/s][A
 84%|████████▍ | 21/25 [00:01<00:00, 17.77it/s][A
 92%|█████████▏| 23/25 [00:01<00:00, 18.26it/s][A
100%|██████████| 25/25 [00:01<00:00, 18.36it/s][A100%|██████████| 25/25 [00:01<00:00, 16.31it/s]
C3 crfm/checkpoint-1000:  87%|████████▋ | 47/54 [02:00<00:19,  2.84s/it]
  0%|          | 0/25 [00:00<?, ?it/s][A
  4%|▍         | 1/25 [00:00<00:03,  7.94it/s][A
 12%|█▏        | 3/25 [00:00<00:01, 13.35it/s][A
 20%|██        | 5/25 [00:00<00:01, 15.43it/s][A
 28%|██▊       | 7/25 [00:00<00:01, 16.35it/s][A
 36%|███▌      | 9/25 [00:00<00:00, 16.96it/s][A
 44%|████▍     | 11/25 [00:00<00:00, 17.80it/s][A
 52%|█████▏    | 13/25 [00:00<00:00, 18.16it/s][A
 60%|██████    | 15/25 [00:00<00:00, 18.58it/s][A
 68%|██████▊   | 17/25 [00:00<00:00, 18.80it/s][A
 76%|███████▌  | 19/25 [00:01<00:00, 18.96it/s][A
 84%|████████▍ | 21/25 [00:01<00:00, 18.19it/s][A
 92%|█████████▏| 23/25 [00:01<00:00, 18.41it/s][A
100%|██████████| 25/25 [00:01<00:00, 18.44it/s][A100%|██████████| 25/25 [00:01<00:00, 17.55it/s]

  0%|          | 0/25 [00:00<?, ?it/s][A
  4%|▍         | 1/25 [00:00<00:05,  4.09it/s][A
 12%|█▏        | 3/25 [00:00<00:02,  8.91it/s][A
 20%|██        | 5/25 [00:00<00:01, 11.49it/s][A
 28%|██▊       | 7/25 [00:00<00:01, 12.57it/s][A
 36%|███▌      | 9/25 [00:00<00:01, 13.66it/s][A
 44%|████▍     | 11/25 [00:00<00:00, 14.45it/s][A
 52%|█████▏    | 13/25 [00:00<00:00, 15.63it/s][A
 60%|██████    | 15/25 [00:01<00:00, 16.61it/s][A
 68%|██████▊   | 17/25 [00:01<00:00, 17.44it/s][A
 76%|███████▌  | 19/25 [00:01<00:00, 18.11it/s][A
 84%|████████▍ | 21/25 [00:01<00:00, 18.49it/s][A
 92%|█████████▏| 23/25 [00:01<00:00, 18.82it/s][A
100%|██████████| 25/25 [00:01<00:00, 15.88it/s][A100%|██████████| 25/25 [00:01<00:00, 14.87it/s]
C3 crfm/checkpoint-1000:  89%|████████▉ | 48/54 [02:03<00:17,  2.92s/it]
  0%|          | 0/20 [00:00<?, ?it/s][A
  5%|▌         | 1/20 [00:00<00:02,  8.95it/s][A
 15%|█▌        | 3/20 [00:00<00:01, 14.85it/s][A
 30%|███       | 6/20 [00:00<00:00, 18.89it/s][A
 45%|████▌     | 9/20 [00:00<00:00, 20.54it/s][A
 60%|██████    | 12/20 [00:00<00:00, 21.12it/s][A
 75%|███████▌  | 15/20 [00:00<00:00, 20.72it/s][A
 90%|█████████ | 18/20 [00:00<00:00, 20.37it/s][A100%|██████████| 20/20 [00:01<00:00, 19.52it/s]

  0%|          | 0/20 [00:00<?, ?it/s][A
  5%|▌         | 1/20 [00:00<00:05,  3.43it/s][A
 20%|██        | 4/20 [00:00<00:01, 10.62it/s][A
 35%|███▌      | 7/20 [00:00<00:00, 14.17it/s][A
 50%|█████     | 10/20 [00:00<00:00, 16.30it/s][A
 65%|██████▌   | 13/20 [00:00<00:00, 17.93it/s][A
 80%|████████  | 16/20 [00:01<00:00, 19.10it/s][A
 95%|█████████▌| 19/20 [00:01<00:00, 19.74it/s][A100%|██████████| 20/20 [00:01<00:00, 16.46it/s]
C3 crfm/checkpoint-1000:  91%|█████████ | 49/54 [02:05<00:13,  2.72s/it]
  0%|          | 0/20 [00:00<?, ?it/s][A
  5%|▌         | 1/20 [00:00<00:02,  8.14it/s][A
 15%|█▌        | 3/20 [00:00<00:01, 14.37it/s][A
 25%|██▌       | 5/20 [00:00<00:00, 15.95it/s][A
 35%|███▌      | 7/20 [00:00<00:00, 16.31it/s][A
 45%|████▌     | 9/20 [00:00<00:00, 17.10it/s][A
 55%|█████▌    | 11/20 [00:00<00:00, 17.49it/s][A
 65%|██████▌   | 13/20 [00:00<00:00, 18.02it/s][A
 75%|███████▌  | 15/20 [00:00<00:00, 18.49it/s][A
 85%|████████▌ | 17/20 [00:00<00:00, 18.78it/s][A
 95%|█████████▌| 19/20 [00:01<00:00, 18.96it/s][A100%|██████████| 20/20 [00:01<00:00, 17.45it/s]

  0%|          | 0/20 [00:00<?, ?it/s][A
  5%|▌         | 1/20 [00:00<00:04,  4.13it/s][A
 15%|█▌        | 3/20 [00:00<00:01,  9.69it/s][A
 25%|██▌       | 5/20 [00:00<00:01, 12.82it/s][A
 35%|███▌      | 7/20 [00:00<00:00, 14.77it/s][A
 45%|████▌     | 9/20 [00:00<00:00, 15.72it/s][A
 55%|█████▌    | 11/20 [00:00<00:00, 16.19it/s][A
 65%|██████▌   | 13/20 [00:00<00:00, 15.98it/s][A
 75%|███████▌  | 15/20 [00:01<00:00, 16.21it/s][A
 90%|█████████ | 18/20 [00:01<00:00, 18.15it/s][A100%|██████████| 20/20 [00:01<00:00, 15.66it/s]
C3 crfm/checkpoint-1000:  93%|█████████▎| 50/54 [02:08<00:10,  2.63s/it]
  0%|          | 0/25 [00:00<?, ?it/s][A
  8%|▊         | 2/25 [00:00<00:01, 13.89it/s][A
 20%|██        | 5/25 [00:00<00:01, 18.44it/s][A
 32%|███▏      | 8/25 [00:00<00:00, 19.31it/s][A
 40%|████      | 10/25 [00:00<00:00, 19.40it/s][A
 48%|████▊     | 12/25 [00:00<00:00, 19.42it/s][A
 56%|█████▌    | 14/25 [00:00<00:00, 19.59it/s][A
 68%|██████▊   | 17/25 [00:00<00:00, 20.03it/s][A
 76%|███████▌  | 19/25 [00:00<00:00, 19.56it/s][A
 84%|████████▍ | 21/25 [00:01<00:00, 19.37it/s][A
 92%|█████████▏| 23/25 [00:01<00:00, 18.99it/s][A
100%|██████████| 25/25 [00:01<00:00, 18.90it/s][A100%|██████████| 25/25 [00:01<00:00, 19.06it/s]

  0%|          | 0/25 [00:00<?, ?it/s][A
  4%|▍         | 1/25 [00:00<00:04,  5.12it/s][A
 12%|█▏        | 3/25 [00:00<00:01, 11.17it/s][A
 20%|██        | 5/25 [00:00<00:01, 14.13it/s][A
 28%|██▊       | 7/25 [00:00<00:01, 14.77it/s][A
 36%|███▌      | 9/25 [00:00<00:01, 15.50it/s][A
 44%|████▍     | 11/25 [00:00<00:00, 16.33it/s][A
 52%|█████▏    | 13/25 [00:00<00:00, 17.32it/s][A
 60%|██████    | 15/25 [00:00<00:00, 17.94it/s][A
 72%|███████▏  | 18/25 [00:01<00:00, 18.88it/s][A
 84%|████████▍ | 21/25 [00:01<00:00, 19.81it/s][A
 96%|█████████▌| 24/25 [00:01<00:00, 20.54it/s][A100%|██████████| 25/25 [00:01<00:00, 17.42it/s]
C3 crfm/checkpoint-1000:  94%|█████████▍| 51/54 [02:10<00:08,  2.67s/it]
  0%|          | 0/25 [00:00<?, ?it/s][A
  8%|▊         | 2/25 [00:00<00:01, 13.92it/s][A
 16%|█▌        | 4/25 [00:00<00:01, 16.54it/s][A
 24%|██▍       | 6/25 [00:00<00:01, 17.87it/s][A
 32%|███▏      | 8/25 [00:00<00:00, 18.45it/s][A
 40%|████      | 10/25 [00:00<00:00, 18.96it/s][A
 48%|████▊     | 12/25 [00:00<00:00, 19.25it/s][A
 56%|█████▌    | 14/25 [00:00<00:00, 19.42it/s][A
 64%|██████▍   | 16/25 [00:00<00:00, 19.39it/s][A
 72%|███████▏  | 18/25 [00:00<00:00, 18.77it/s][A
 80%|████████  | 20/25 [00:01<00:00, 17.80it/s][A
 88%|████████▊ | 22/25 [00:01<00:00, 16.77it/s][A
 96%|█████████▌| 24/25 [00:01<00:00, 16.48it/s][A100%|██████████| 25/25 [00:01<00:00, 17.56it/s]

  0%|          | 0/25 [00:00<?, ?it/s][A
  4%|▍         | 1/25 [00:00<00:05,  4.14it/s][A
 12%|█▏        | 3/25 [00:00<00:02,  9.26it/s][A
 20%|██        | 5/25 [00:00<00:01, 11.73it/s][A
 28%|██▊       | 7/25 [00:00<00:01, 13.04it/s][A
 36%|███▌      | 9/25 [00:00<00:01, 14.74it/s][A
 44%|████▍     | 11/25 [00:00<00:01, 12.03it/s][A
 52%|█████▏    | 13/25 [00:01<00:00, 13.43it/s][A
 60%|██████    | 15/25 [00:01<00:00, 14.69it/s][A
 68%|██████▊   | 17/25 [00:01<00:00, 15.68it/s][A
 76%|███████▌  | 19/25 [00:01<00:00, 16.51it/s][A
 84%|████████▍ | 21/25 [00:01<00:00, 17.17it/s][A
 92%|█████████▏| 23/25 [00:01<00:00, 17.43it/s][A
100%|██████████| 25/25 [00:01<00:00, 17.99it/s][A100%|██████████| 25/25 [00:01<00:00, 14.62it/s]
C3 crfm/checkpoint-1000:  96%|█████████▋| 52/54 [02:14<00:05,  2.81s/it]
  0%|          | 0/25 [00:00<?, ?it/s][A
  4%|▍         | 1/25 [00:00<00:03,  7.70it/s][A
 16%|█▌        | 4/25 [00:00<00:01, 15.48it/s][A
 28%|██▊       | 7/25 [00:00<00:01, 17.73it/s][A
 36%|███▌      | 9/25 [00:00<00:00, 18.40it/s][A
 44%|████▍     | 11/25 [00:00<00:00, 18.78it/s][A
 52%|█████▏    | 13/25 [00:00<00:00, 18.98it/s][A
 60%|██████    | 15/25 [00:00<00:00, 18.98it/s][A
 68%|██████▊   | 17/25 [00:00<00:00, 19.11it/s][A
 76%|███████▌  | 19/25 [00:01<00:00, 19.14it/s][A
 84%|████████▍ | 21/25 [00:01<00:00, 19.13it/s][A
 92%|█████████▏| 23/25 [00:01<00:00, 19.20it/s][A
100%|██████████| 25/25 [00:01<00:00, 18.76it/s][A100%|██████████| 25/25 [00:01<00:00, 18.32it/s]

  0%|          | 0/25 [00:00<?, ?it/s][A
  4%|▍         | 1/25 [00:00<00:05,  4.06it/s][A
 12%|█▏        | 3/25 [00:00<00:02,  9.34it/s][A
 20%|██        | 5/25 [00:00<00:01, 12.30it/s][A
 28%|██▊       | 7/25 [00:00<00:01, 14.16it/s][A
 36%|███▌      | 9/25 [00:00<00:01, 15.32it/s][A
 44%|████▍     | 11/25 [00:00<00:00, 15.75it/s][A
 52%|█████▏    | 13/25 [00:00<00:00, 15.91it/s][A
 60%|██████    | 15/25 [00:01<00:00, 16.67it/s][A
 68%|██████▊   | 17/25 [00:01<00:00, 17.35it/s][A
 76%|███████▌  | 19/25 [00:01<00:00, 17.90it/s][A
 84%|████████▍ | 21/25 [00:01<00:00, 18.16it/s][A
 92%|█████████▏| 23/25 [00:01<00:00, 17.55it/s][A
100%|██████████| 25/25 [00:01<00:00, 16.99it/s][A100%|██████████| 25/25 [00:01<00:00, 15.45it/s]
C3 crfm/checkpoint-1000:  98%|█████████▊| 53/54 [02:17<00:02,  2.86s/it]
  0%|          | 0/25 [00:00<?, ?it/s][A
  4%|▍         | 1/25 [00:00<00:03,  7.25it/s][A
 12%|█▏        | 3/25 [00:00<00:01, 12.08it/s][A
 20%|██        | 5/25 [00:00<00:01, 13.60it/s][A
 28%|██▊       | 7/25 [00:00<00:01, 14.54it/s][A
 36%|███▌      | 9/25 [00:00<00:01, 14.99it/s][A
 44%|████▍     | 11/25 [00:00<00:00, 15.34it/s][A
 52%|█████▏    | 13/25 [00:00<00:00, 15.57it/s][A
 60%|██████    | 15/25 [00:01<00:00, 16.54it/s][A
 68%|██████▊   | 17/25 [00:01<00:00, 17.22it/s][A
 76%|███████▌  | 19/25 [00:01<00:00, 17.77it/s][A
 84%|████████▍ | 21/25 [00:01<00:00, 17.46it/s][A
 92%|█████████▏| 23/25 [00:01<00:00, 17.73it/s][A
100%|██████████| 25/25 [00:01<00:00, 18.17it/s][A100%|██████████| 25/25 [00:01<00:00, 16.21it/s]

  0%|          | 0/25 [00:00<?, ?it/s][A
  4%|▍         | 1/25 [00:00<00:04,  5.23it/s][A
 12%|█▏        | 3/25 [00:00<00:01, 11.40it/s][A
 20%|██        | 5/25 [00:00<00:01, 14.45it/s][A
 28%|██▊       | 7/25 [00:00<00:01, 16.22it/s][A
 36%|███▌      | 9/25 [00:00<00:00, 17.20it/s][A
 44%|████▍     | 11/25 [00:00<00:00, 17.97it/s][A
 52%|█████▏    | 13/25 [00:00<00:00, 18.22it/s][A
 60%|██████    | 15/25 [00:00<00:00, 18.64it/s][A
 68%|██████▊   | 17/25 [00:01<00:00, 18.87it/s][A
 76%|███████▌  | 19/25 [00:01<00:00, 19.00it/s][A
 84%|████████▍ | 21/25 [00:01<00:00, 18.95it/s][A
 92%|█████████▏| 23/25 [00:01<00:00, 19.03it/s][A
100%|██████████| 25/25 [00:01<00:00, 19.06it/s][A100%|██████████| 25/25 [00:01<00:00, 17.39it/s]
C3 crfm/checkpoint-1000: 100%|██████████| 54/54 [02:20<00:00,  2.90s/it]C3 crfm/checkpoint-1000: 100%|██████████| 54/54 [02:20<00:00,  2.59s/it]

  Loading CRFM seed1 @ checkpoint-400000 ...
  Loading stanford-crfm/alias-gpt2-small-x21 @ checkpoint-400000 ...
Loaded pretrained model gpt2 into HookedTransformer
C3 crfm/checkpoint-400000:   0%|          | 0/54 [00:00<?, ?it/s]
  0%|          | 0/20 [00:00<?, ?it/s][A
  5%|▌         | 1/20 [00:00<00:02,  9.38it/s][A
 15%|█▌        | 3/20 [00:00<00:01, 14.89it/s][A
 30%|███       | 6/20 [00:00<00:00, 18.60it/s][A
 45%|████▌     | 9/20 [00:00<00:00, 20.48it/s][A
 60%|██████    | 12/20 [00:00<00:00, 21.33it/s][A
 75%|███████▌  | 15/20 [00:00<00:00, 21.98it/s][A
 90%|█████████ | 18/20 [00:00<00:00, 21.24it/s][A100%|██████████| 20/20 [00:00<00:00, 20.45it/s]

  0%|          | 0/20 [00:00<?, ?it/s][A
  5%|▌         | 1/20 [00:00<00:03,  5.54it/s][A
 15%|█▌        | 3/20 [00:00<00:01, 11.69it/s][A
 25%|██▌       | 5/20 [00:00<00:01, 14.58it/s][A
 35%|███▌      | 7/20 [00:00<00:00, 16.20it/s][A
 45%|████▌     | 9/20 [00:00<00:00, 16.84it/s][A
 55%|█████▌    | 11/20 [00:00<00:00, 17.16it/s][A
 65%|██████▌   | 13/20 [00:00<00:00, 17.27it/s][A
 75%|███████▌  | 15/20 [00:00<00:00, 17.58it/s][A
 85%|████████▌ | 17/20 [00:01<00:00, 17.93it/s][A
 95%|█████████▌| 19/20 [00:01<00:00, 17.85it/s][A100%|██████████| 20/20 [00:01<00:00, 16.43it/s]
C3 crfm/checkpoint-400000:   2%|▏         | 1/54 [00:02<01:56,  2.20s/it]
  0%|          | 0/20 [00:00<?, ?it/s][A
  5%|▌         | 1/20 [00:00<00:02,  8.21it/s][A
 15%|█▌        | 3/20 [00:00<00:01, 14.30it/s][A
 25%|██▌       | 5/20 [00:00<00:00, 16.53it/s][A
 35%|███▌      | 7/20 [00:00<00:00, 17.50it/s][A
 45%|████▌     | 9/20 [00:00<00:00, 18.12it/s][A
 55%|█████▌    | 11/20 [00:00<00:00, 18.19it/s][A
 65%|██████▌   | 13/20 [00:00<00:00, 18.35it/s][A
 75%|███████▌  | 15/20 [00:00<00:00, 18.47it/s][A
 85%|████████▌ | 17/20 [00:00<00:00, 18.50it/s][A
 95%|█████████▌| 19/20 [00:01<00:00, 17.22it/s][A100%|██████████| 20/20 [00:01<00:00, 17.12it/s]

  0%|          | 0/20 [00:00<?, ?it/s][A
  5%|▌         | 1/20 [00:00<00:04,  3.83it/s][A
 15%|█▌        | 3/20 [00:00<00:01,  8.78it/s][A
 25%|██▌       | 5/20 [00:00<00:01, 11.33it/s][A
 35%|███▌      | 7/20 [00:00<00:01, 12.75it/s][A
 45%|████▌     | 9/20 [00:00<00:00, 13.67it/s][A
 55%|█████▌    | 11/20 [00:00<00:00, 14.24it/s][A
 65%|██████▌   | 13/20 [00:01<00:00, 14.17it/s][A
 75%|███████▌  | 15/20 [00:01<00:00, 15.35it/s][A
 85%|████████▌ | 17/20 [00:01<00:00, 16.24it/s][A
 95%|█████████▌| 19/20 [00:01<00:00, 16.79it/s][A100%|██████████| 20/20 [00:01<00:00, 13.95it/s]
C3 crfm/checkpoint-400000:   4%|▎         | 2/54 [00:04<02:06,  2.44s/it]
  0%|          | 0/25 [00:00<?, ?it/s][A
  4%|▍         | 1/25 [00:00<00:02,  8.16it/s][A
 12%|█▏        | 3/25 [00:00<00:01, 13.24it/s][A
 20%|██        | 5/25 [00:00<00:01, 14.94it/s][A
 28%|██▊       | 7/25 [00:00<00:01, 15.30it/s][A
 36%|███▌      | 9/25 [00:00<00:01, 15.56it/s][A
 44%|████▍     | 11/25 [00:00<00:00, 16.26it/s][A
 52%|█████▏    | 13/25 [00:00<00:00, 16.98it/s][A
 60%|██████    | 15/25 [00:00<00:00, 17.53it/s][A
 68%|██████▊   | 17/25 [00:01<00:00, 17.96it/s][A
 76%|███████▌  | 19/25 [00:01<00:00, 18.26it/s][A
 88%|████████▊ | 22/25 [00:01<00:00, 19.61it/s][A
100%|██████████| 25/25 [00:01<00:00, 20.60it/s][A100%|██████████| 25/25 [00:01<00:00, 17.66it/s]

  0%|          | 0/25 [00:00<?, ?it/s][A
  4%|▍         | 1/25 [00:00<00:04,  5.85it/s][A
 16%|█▌        | 4/25 [00:00<00:01, 14.00it/s][A
 28%|██▊       | 7/25 [00:00<00:01, 16.83it/s][A
 36%|███▌      | 9/25 [00:00<00:00, 17.61it/s][A
 48%|████▊     | 12/25 [00:00<00:00, 19.29it/s][A
 60%|██████    | 15/25 [00:00<00:00, 20.51it/s][A
 72%|███████▏  | 18/25 [00:00<00:00, 21.17it/s][A
 84%|████████▍ | 21/25 [00:01<00:00, 20.93it/s][A
 96%|█████████▌| 24/25 [00:01<00:00, 21.20it/s][A100%|██████████| 25/25 [00:01<00:00, 19.30it/s]
C3 crfm/checkpoint-400000:   6%|▌         | 3/54 [00:07<02:10,  2.57s/it]
  0%|          | 0/25 [00:00<?, ?it/s][A
  8%|▊         | 2/25 [00:00<00:01, 13.77it/s][A
 20%|██        | 5/25 [00:00<00:01, 18.39it/s][A
 32%|███▏      | 8/25 [00:00<00:00, 19.78it/s][A
 44%|████▍     | 11/25 [00:00<00:00, 20.91it/s][A
 56%|█████▌    | 14/25 [00:00<00:00, 21.78it/s][A
 68%|██████▊   | 17/25 [00:00<00:00, 20.55it/s][A
 80%|████████  | 20/25 [00:01<00:00, 18.98it/s][A
 88%|████████▊ | 22/25 [00:01<00:00, 18.39it/s][A
 96%|█████████▌| 24/25 [00:01<00:00, 18.35it/s][A100%|██████████| 25/25 [00:01<00:00, 19.04it/s]

  0%|          | 0/25 [00:00<?, ?it/s][A
  4%|▍         | 1/25 [00:00<00:05,  4.68it/s][A
 16%|█▌        | 4/25 [00:00<00:01, 12.90it/s][A
 28%|██▊       | 7/25 [00:00<00:01, 16.60it/s][A
 40%|████      | 10/25 [00:00<00:00, 18.65it/s][A
 52%|█████▏    | 13/25 [00:00<00:00, 19.73it/s][A
 64%|██████▍   | 16/25 [00:00<00:00, 20.50it/s][A
 76%|███████▌  | 19/25 [00:01<00:00, 20.79it/s][A
 88%|████████▊ | 22/25 [00:01<00:00, 21.12it/s][A
100%|██████████| 25/25 [00:01<00:00, 21.41it/s][A100%|██████████| 25/25 [00:01<00:00, 19.09it/s]
C3 crfm/checkpoint-400000:   7%|▋         | 4/54 [00:10<02:09,  2.59s/it]
  0%|          | 0/25 [00:00<?, ?it/s][A
  4%|▍         | 1/25 [00:00<00:02,  9.81it/s][A
 16%|█▌        | 4/25 [00:00<00:01, 18.44it/s][A
 28%|██▊       | 7/25 [00:00<00:00, 20.65it/s][A
 40%|████      | 10/25 [00:00<00:00, 21.30it/s][A
 52%|█████▏    | 13/25 [00:00<00:00, 20.14it/s][A
 64%|██████▍   | 16/25 [00:00<00:00, 19.61it/s][A
 72%|███████▏  | 18/25 [00:00<00:00, 19.56it/s][A
 80%|████████  | 20/25 [00:01<00:00, 19.37it/s][A
 88%|████████▊ | 22/25 [00:01<00:00, 19.29it/s][A
 96%|█████████▌| 24/25 [00:01<00:00, 19.25it/s][A100%|██████████| 25/25 [00:01<00:00, 19.47it/s]

  0%|          | 0/25 [00:00<?, ?it/s][A
  4%|▍         | 1/25 [00:00<00:04,  5.04it/s][A
 12%|█▏        | 3/25 [00:00<00:01, 11.28it/s][A
 20%|██        | 5/25 [00:00<00:01, 14.21it/s][A
 28%|██▊       | 7/25 [00:00<00:01, 16.04it/s][A
 36%|███▌      | 9/25 [00:00<00:00, 17.21it/s][A
 44%|████▍     | 11/25 [00:00<00:00, 17.73it/s][A
 52%|█████▏    | 13/25 [00:00<00:00, 18.29it/s][A
 60%|██████    | 15/25 [00:00<00:00, 15.40it/s][A
 68%|██████▊   | 17/25 [00:01<00:00, 16.24it/s][A
 76%|███████▌  | 19/25 [00:01<00:00, 16.47it/s][A
 84%|████████▍ | 21/25 [00:01<00:00, 16.07it/s][A
 96%|█████████▌| 24/25 [00:01<00:00, 17.79it/s][A100%|██████████| 25/25 [00:01<00:00, 16.23it/s]
C3 crfm/checkpoint-400000:   9%|▉         | 5/54 [00:12<02:11,  2.68s/it]
  0%|          | 0/25 [00:00<?, ?it/s][A
  8%|▊         | 2/25 [00:00<00:01, 15.08it/s][A
 20%|██        | 5/25 [00:00<00:01, 19.53it/s][A
 28%|██▊       | 7/25 [00:00<00:00, 19.22it/s][A
 36%|███▌      | 9/25 [00:00<00:00, 19.19it/s][A
 44%|████▍     | 11/25 [00:00<00:00, 19.35it/s][A
 52%|█████▏    | 13/25 [00:00<00:00, 18.59it/s][A
 60%|██████    | 15/25 [00:00<00:00, 18.29it/s][A
 68%|██████▊   | 17/25 [00:00<00:00, 18.07it/s][A
 76%|███████▌  | 19/25 [00:01<00:00, 17.90it/s][A
 84%|████████▍ | 21/25 [00:01<00:00, 17.90it/s][A
 92%|█████████▏| 23/25 [00:01<00:00, 17.86it/s][A
100%|██████████| 25/25 [00:01<00:00, 17.87it/s][A100%|██████████| 25/25 [00:01<00:00, 18.23it/s]

  0%|          | 0/25 [00:00<?, ?it/s][A
  4%|▍         | 1/25 [00:00<00:04,  5.09it/s][A
 16%|█▌        | 4/25 [00:00<00:01, 13.69it/s][A
 28%|██▊       | 7/25 [00:00<00:01, 17.38it/s][A
 40%|████      | 10/25 [00:00<00:00, 18.68it/s][A
 52%|█████▏    | 13/25 [00:00<00:00, 20.12it/s][A
 64%|██████▍   | 16/25 [00:00<00:00, 20.99it/s][A
 76%|███████▌  | 19/25 [00:00<00:00, 21.75it/s][A
 88%|████████▊ | 22/25 [00:01<00:00, 22.30it/s][A
100%|██████████| 25/25 [00:01<00:00, 22.35it/s][A100%|██████████| 25/25 [00:01<00:00, 19.87it/s]
C3 crfm/checkpoint-400000:  11%|█         | 6/54 [00:15<02:07,  2.66s/it]
  0%|          | 0/20 [00:00<?, ?it/s][A
 10%|█         | 2/20 [00:00<00:01, 15.31it/s][A
 25%|██▌       | 5/20 [00:00<00:00, 19.95it/s][A
 40%|████      | 8/20 [00:00<00:00, 21.27it/s][A
 55%|█████▌    | 11/20 [00:00<00:00, 21.79it/s][A
 70%|███████   | 14/20 [00:00<00:00, 21.87it/s][A
 85%|████████▌ | 17/20 [00:00<00:00, 21.96it/s][A
100%|██████████| 20/20 [00:00<00:00, 22.25it/s][A100%|██████████| 20/20 [00:00<00:00, 21.56it/s]

  0%|          | 0/20 [00:00<?, ?it/s][A
  5%|▌         | 1/20 [00:00<00:03,  5.66it/s][A
 15%|█▌        | 3/20 [00:00<00:01, 11.65it/s][A
 25%|██▌       | 5/20 [00:00<00:01, 13.71it/s][A
 35%|███▌      | 7/20 [00:00<00:00, 15.37it/s][A
 45%|████▌     | 9/20 [00:00<00:00, 16.70it/s][A
 55%|█████▌    | 11/20 [00:00<00:00, 17.53it/s][A
 65%|██████▌   | 13/20 [00:00<00:00, 18.22it/s][A
 75%|███████▌  | 15/20 [00:00<00:00, 18.71it/s][A
 85%|████████▌ | 17/20 [00:01<00:00, 18.67it/s][A
 95%|█████████▌| 19/20 [00:01<00:00, 18.98it/s][A100%|██████████| 20/20 [00:01<00:00, 16.90it/s]
C3 crfm/checkpoint-400000:  13%|█▎        | 7/54 [00:17<01:56,  2.48s/it]
  0%|          | 0/20 [00:00<?, ?it/s][A
  5%|▌         | 1/20 [00:00<00:01,  9.91it/s][A
 15%|█▌        | 3/20 [00:00<00:01, 15.73it/s][A
 25%|██▌       | 5/20 [00:00<00:00, 17.56it/s][A
 35%|███▌      | 7/20 [00:00<00:00, 18.45it/s][A
 45%|████▌     | 9/20 [00:00<00:00, 18.99it/s][A
 55%|█████▌    | 11/20 [00:00<00:00, 18.11it/s][A
 65%|██████▌   | 13/20 [00:00<00:00, 17.45it/s][A
 75%|███████▌  | 15/20 [00:00<00:00, 16.99it/s][A
 85%|████████▌ | 17/20 [00:00<00:00, 16.72it/s][A
 95%|█████████▌| 19/20 [00:01<00:00, 16.61it/s][A100%|██████████| 20/20 [00:01<00:00, 16.99it/s]

  0%|          | 0/20 [00:00<?, ?it/s][A
  5%|▌         | 1/20 [00:00<00:05,  3.68it/s][A
 15%|█▌        | 3/20 [00:00<00:01,  8.51it/s][A
 25%|██▌       | 5/20 [00:00<00:01, 11.17it/s][A
 35%|███▌      | 7/20 [00:00<00:00, 13.52it/s][A
 45%|████▌     | 9/20 [00:00<00:00, 14.89it/s][A
 55%|█████▌    | 11/20 [00:00<00:00, 16.20it/s][A
 65%|██████▌   | 13/20 [00:00<00:00, 17.11it/s][A
 75%|███████▌  | 15/20 [00:01<00:00, 17.74it/s][A
 85%|████████▌ | 17/20 [00:01<00:00, 18.31it/s][A
 95%|█████████▌| 19/20 [00:01<00:00, 18.62it/s][A100%|██████████| 20/20 [00:01<00:00, 15.26it/s]
C3 crfm/checkpoint-400000:  15%|█▍        | 8/54 [00:20<01:54,  2.49s/it]
  0%|          | 0/25 [00:00<?, ?it/s][A
  4%|▍         | 1/25 [00:00<00:02,  9.11it/s][A
 16%|█▌        | 4/25 [00:00<00:01, 16.99it/s][A
 28%|██▊       | 7/25 [00:00<00:00, 19.30it/s][A
 40%|████      | 10/25 [00:00<00:00, 20.54it/s][A
 52%|█████▏    | 13/25 [00:00<00:00, 20.92it/s][A
 64%|██████▍   | 16/25 [00:00<00:00, 21.36it/s][A
 76%|███████▌  | 19/25 [00:00<00:00, 21.31it/s][A
 88%|████████▊ | 22/25 [00:01<00:00, 21.13it/s][A
100%|██████████| 25/25 [00:01<00:00, 21.60it/s][A100%|██████████| 25/25 [00:01<00:00, 20.59it/s]

  0%|          | 0/25 [00:00<?, ?it/s][A
  4%|▍         | 1/25 [00:00<00:04,  5.73it/s][A
 12%|█▏        | 3/25 [00:00<00:01, 11.89it/s][A
 20%|██        | 5/25 [00:00<00:01, 14.60it/s][A
 28%|██▊       | 7/25 [00:00<00:01, 16.37it/s][A
 36%|███▌      | 9/25 [00:00<00:00, 17.32it/s][A
 44%|████▍     | 11/25 [00:00<00:00, 17.72it/s][A
 52%|█████▏    | 13/25 [00:00<00:00, 18.18it/s][A
 60%|██████    | 15/25 [00:00<00:00, 18.35it/s][A
 68%|██████▊   | 17/25 [00:01<00:00, 18.56it/s][A
 76%|███████▌  | 19/25 [00:01<00:00, 18.61it/s][A
 84%|████████▍ | 21/25 [00:01<00:00, 18.49it/s][A
 92%|█████████▏| 23/25 [00:01<00:00, 18.61it/s][A
100%|██████████| 25/25 [00:01<00:00, 18.67it/s][A100%|██████████| 25/25 [00:01<00:00, 17.28it/s]
C3 crfm/checkpoint-400000:  17%|█▋        | 9/54 [00:22<01:54,  2.54s/it]
  0%|          | 0/25 [00:00<?, ?it/s][A
  4%|▍         | 1/25 [00:00<00:02,  8.94it/s][A
 16%|█▌        | 4/25 [00:00<00:01, 17.29it/s][A
 28%|██▊       | 7/25 [00:00<00:00, 18.26it/s][A
 36%|███▌      | 9/25 [00:00<00:00, 18.18it/s][A
 44%|████▍     | 11/25 [00:00<00:00, 18.13it/s][A
 52%|█████▏    | 13/25 [00:00<00:00, 17.76it/s][A
 60%|██████    | 15/25 [00:00<00:00, 17.74it/s][A
 68%|██████▊   | 17/25 [00:00<00:00, 17.90it/s][A
 76%|███████▌  | 19/25 [00:01<00:00, 17.76it/s][A
 84%|████████▍ | 21/25 [00:01<00:00, 17.88it/s][A
 96%|█████████▌| 24/25 [00:01<00:00, 19.20it/s][A100%|██████████| 25/25 [00:01<00:00, 18.03it/s]

  0%|          | 0/25 [00:00<?, ?it/s][A
  4%|▍         | 1/25 [00:00<00:04,  4.90it/s][A
 12%|█▏        | 3/25 [00:00<00:02, 10.78it/s][A
 24%|██▍       | 6/25 [00:00<00:01, 15.26it/s][A
 36%|███▌      | 9/25 [00:00<00:00, 17.34it/s][A
 48%|████▊     | 12/25 [00:00<00:00, 18.76it/s][A
 60%|██████    | 15/25 [00:00<00:00, 19.52it/s][A
 72%|███████▏  | 18/25 [00:01<00:00, 20.30it/s][A
 84%|████████▍ | 21/25 [00:01<00:00, 20.26it/s][A
 96%|█████████▌| 24/25 [00:01<00:00, 20.76it/s][A100%|██████████| 25/25 [00:01<00:00, 18.47it/s]
C3 crfm/checkpoint-400000:  19%|█▊        | 10/54 [00:25<01:54,  2.61s/it]
  0%|          | 0/25 [00:00<?, ?it/s][A
  4%|▍         | 1/25 [00:00<00:02,  9.72it/s][A
 16%|█▌        | 4/25 [00:00<00:01, 17.70it/s][A
 28%|██▊       | 7/25 [00:00<00:00, 20.28it/s][A
 40%|████      | 10/25 [00:00<00:00, 21.33it/s][A
 52%|█████▏    | 13/25 [00:00<00:00, 21.54it/s][A
 64%|██████▍   | 16/25 [00:00<00:00, 21.78it/s][A
 76%|███████▌  | 19/25 [00:00<00:00, 22.19it/s][A
 88%|████████▊ | 22/25 [00:01<00:00, 22.05it/s][A
100%|██████████| 25/25 [00:01<00:00, 22.16it/s][A100%|██████████| 25/25 [00:01<00:00, 21.28it/s]

  0%|          | 0/25 [00:00<?, ?it/s][A
  4%|▍         | 1/25 [00:00<00:04,  5.59it/s][A
 16%|█▌        | 4/25 [00:00<00:01, 14.47it/s][A
 28%|██▊       | 7/25 [00:00<00:01, 17.83it/s][A
 40%|████      | 10/25 [00:00<00:00, 19.53it/s][A
 52%|█████▏    | 13/25 [00:00<00:00, 19.76it/s][A
 64%|██████▍   | 16/25 [00:00<00:00, 20.29it/s][A
 76%|███████▌  | 19/25 [00:01<00:00, 20.77it/s][A
 88%|████████▊ | 22/25 [00:01<00:00, 21.37it/s][A
100%|██████████| 25/25 [00:01<00:00, 21.69it/s][A100%|██████████| 25/25 [00:01<00:00, 19.66it/s]
C3 crfm/checkpoint-400000:  20%|██        | 11/54 [00:28<01:50,  2.56s/it]
  0%|          | 0/25 [00:00<?, ?it/s][A
  8%|▊         | 2/25 [00:00<00:01, 14.75it/s][A
 20%|██        | 5/25 [00:00<00:01, 17.92it/s][A
 28%|██▊       | 7/25 [00:00<00:00, 18.28it/s][A
 36%|███▌      | 9/25 [00:00<00:00, 18.54it/s][A
 44%|████▍     | 11/25 [00:00<00:00, 18.76it/s][A
 52%|█████▏    | 13/25 [00:00<00:00, 18.88it/s][A
 60%|██████    | 15/25 [00:00<00:00, 18.85it/s][A
 68%|██████▊   | 17/25 [00:00<00:00, 18.66it/s][A
 76%|███████▌  | 19/25 [00:01<00:00, 18.73it/s][A
 84%|████████▍ | 21/25 [00:01<00:00, 18.71it/s][A
 92%|█████████▏| 23/25 [00:01<00:00, 18.61it/s][A100%|██████████| 25/25 [00:01<00:00, 18.68it/s]

  0%|          | 0/25 [00:00<?, ?it/s][A
  4%|▍         | 1/25 [00:00<00:04,  5.24it/s][A
 16%|█▌        | 4/25 [00:00<00:01, 13.72it/s][A
 28%|██▊       | 7/25 [00:00<00:01, 17.25it/s][A
 40%|████      | 10/25 [00:00<00:00, 18.40it/s][A
 48%|████▊     | 12/25 [00:00<00:00, 18.61it/s][A
 60%|██████    | 15/25 [00:00<00:00, 19.41it/s][A
 72%|███████▏  | 18/25 [00:00<00:00, 20.37it/s][A
 84%|████████▍ | 21/25 [00:01<00:00, 20.97it/s][A
 96%|█████████▌| 24/25 [00:01<00:00, 21.37it/s][A100%|██████████| 25/25 [00:01<00:00, 19.11it/s]
C3 crfm/checkpoint-400000:  22%|██▏       | 12/54 [00:30<01:48,  2.59s/it]
  0%|          | 0/20 [00:00<?, ?it/s][A
 10%|█         | 2/20 [00:00<00:01, 14.32it/s][A
 25%|██▌       | 5/20 [00:00<00:00, 19.24it/s][A
 40%|████      | 8/20 [00:00<00:00, 20.78it/s][A
 55%|█████▌    | 11/20 [00:00<00:00, 21.57it/s][A
 70%|███████   | 14/20 [00:00<00:00, 22.12it/s][A
 85%|████████▌ | 17/20 [00:00<00:00, 22.55it/s][A
100%|██████████| 20/20 [00:00<00:00, 21.98it/s][A100%|██████████| 20/20 [00:00<00:00, 21.36it/s]

  0%|          | 0/20 [00:00<?, ?it/s][A
  5%|▌         | 1/20 [00:00<00:03,  5.69it/s][A
 20%|██        | 4/20 [00:00<00:01, 14.37it/s][A
 35%|███▌      | 7/20 [00:00<00:00, 17.63it/s][A
 50%|█████     | 10/20 [00:00<00:00, 19.46it/s][A
 65%|██████▌   | 13/20 [00:00<00:00, 20.63it/s][A
 80%|████████  | 16/20 [00:00<00:00, 21.30it/s][A
 95%|█████████▌| 19/20 [00:00<00:00, 21.61it/s][A100%|██████████| 20/20 [00:01<00:00, 19.54it/s]
C3 crfm/checkpoint-400000:  24%|██▍       | 13/54 [00:32<01:38,  2.40s/it]
  0%|          | 0/20 [00:00<?, ?it/s][A
 10%|█         | 2/20 [00:00<00:01, 14.74it/s][A
 25%|██▌       | 5/20 [00:00<00:00, 18.58it/s][A
 40%|████      | 8/20 [00:00<00:00, 20.33it/s][A
 55%|█████▌    | 11/20 [00:00<00:00, 21.10it/s][A
 70%|███████   | 14/20 [00:00<00:00, 20.21it/s][A
 85%|████████▌ | 17/20 [00:00<00:00, 19.64it/s][A
 95%|█████████▌| 19/20 [00:00<00:00, 19.24it/s][A100%|██████████| 20/20 [00:01<00:00, 19.11it/s]

  0%|          | 0/20 [00:00<?, ?it/s][A
  5%|▌         | 1/20 [00:00<00:04,  4.65it/s][A
 15%|█▌        | 3/20 [00:00<00:01, 10.54it/s][A
 25%|██▌       | 5/20 [00:00<00:01, 13.41it/s][A
 35%|███▌      | 7/20 [00:00<00:00, 14.76it/s][A
 45%|████▌     | 9/20 [00:00<00:00, 16.14it/s][A
 60%|██████    | 12/20 [00:00<00:00, 18.25it/s][A
 75%|███████▌  | 15/20 [00:00<00:00, 19.52it/s][A
 90%|█████████ | 18/20 [00:01<00:00, 20.35it/s][A100%|██████████| 20/20 [00:01<00:00, 17.35it/s]
C3 crfm/checkpoint-400000:  26%|██▌       | 14/54 [00:34<01:33,  2.34s/it]
  0%|          | 0/25 [00:00<?, ?it/s][A
  8%|▊         | 2/25 [00:00<00:01, 14.43it/s][A
 20%|██        | 5/25 [00:00<00:01, 19.42it/s][A
 32%|███▏      | 8/25 [00:00<00:00, 20.77it/s][A
 44%|████▍     | 11/25 [00:00<00:00, 21.63it/s][A
 56%|█████▌    | 14/25 [00:00<00:00, 21.83it/s][A
 68%|██████▊   | 17/25 [00:00<00:00, 21.86it/s][A
 80%|████████  | 20/25 [00:00<00:00, 21.16it/s][A
 92%|█████████▏| 23/25 [00:01<00:00, 21.69it/s][A100%|██████████| 25/25 [00:01<00:00, 20.04it/s]

  0%|          | 0/25 [00:00<?, ?it/s][A
  4%|▍         | 1/25 [00:00<00:04,  5.62it/s][A
 12%|█▏        | 3/25 [00:00<00:01, 11.85it/s][A
 24%|██▍       | 6/25 [00:00<00:01, 16.24it/s][A
 36%|███▌      | 9/25 [00:00<00:00, 18.37it/s][A
 44%|████▍     | 11/25 [00:00<00:00, 18.39it/s][A
 56%|█████▌    | 14/25 [00:00<00:00, 17.53it/s][A
 68%|██████▊   | 17/25 [00:00<00:00, 18.84it/s][A
 76%|███████▌  | 19/25 [00:01<00:00, 18.97it/s][A
 84%|████████▍ | 21/25 [00:01<00:00, 18.97it/s][A
 92%|█████████▏| 23/25 [00:01<00:00, 18.94it/s][A
100%|██████████| 25/25 [00:01<00:00, 18.63it/s][A100%|██████████| 25/25 [00:01<00:00, 17.62it/s]
C3 crfm/checkpoint-400000:  28%|██▊       | 15/54 [00:37<01:35,  2.44s/it]
  0%|          | 0/25 [00:00<?, ?it/s][A
  8%|▊         | 2/25 [00:00<00:01, 13.60it/s][A
 16%|█▌        | 4/25 [00:00<00:01, 16.13it/s][A
 24%|██▍       | 6/25 [00:00<00:01, 16.45it/s][A
 36%|███▌      | 9/25 [00:00<00:00, 18.67it/s][A
 48%|████▊     | 12/25 [00:00<00:00, 19.67it/s][A
 56%|█████▌    | 14/25 [00:00<00:00, 19.52it/s][A
 64%|██████▍   | 16/25 [00:00<00:00, 18.97it/s][A
 72%|███████▏  | 18/25 [00:00<00:00, 18.66it/s][A
 80%|████████  | 20/25 [00:01<00:00, 18.40it/s][A
 88%|████████▊ | 22/25 [00:01<00:00, 18.38it/s][A
 96%|█████████▌| 24/25 [00:01<00:00, 18.31it/s][A100%|██████████| 25/25 [00:01<00:00, 18.27it/s]

  0%|          | 0/25 [00:00<?, ?it/s][A
  4%|▍         | 1/25 [00:00<00:04,  5.29it/s][A
 16%|█▌        | 4/25 [00:00<00:01, 13.48it/s][A
 28%|██▊       | 7/25 [00:00<00:01, 16.90it/s][A
 40%|████      | 10/25 [00:00<00:00, 18.82it/s][A
 52%|█████▏    | 13/25 [00:00<00:00, 19.93it/s][A
 64%|██████▍   | 16/25 [00:00<00:00, 20.43it/s][A
 76%|███████▌  | 19/25 [00:01<00:00, 20.54it/s][A
 88%|████████▊ | 22/25 [00:01<00:00, 20.41it/s][A
100%|██████████| 25/25 [00:01<00:00, 20.91it/s][A100%|██████████| 25/25 [00:01<00:00, 19.06it/s]
C3 crfm/checkpoint-400000:  30%|██▉       | 16/54 [00:40<01:35,  2.51s/it]
  0%|          | 0/25 [00:00<?, ?it/s][A
  8%|▊         | 2/25 [00:00<00:01, 14.31it/s][A
 20%|██        | 5/25 [00:00<00:01, 18.87it/s][A
 32%|███▏      | 8/25 [00:00<00:00, 20.23it/s][A
 44%|████▍     | 11/25 [00:00<00:00, 21.10it/s][A
 56%|█████▌    | 14/25 [00:00<00:00, 21.47it/s][A
 68%|██████▊   | 17/25 [00:00<00:00, 20.58it/s][A
 80%|████████  | 20/25 [00:00<00:00, 20.59it/s][A
 92%|█████████▏| 23/25 [00:01<00:00, 20.40it/s][A100%|██████████| 25/25 [00:01<00:00, 20.15it/s]

  0%|          | 0/25 [00:00<?, ?it/s][A
  4%|▍         | 1/25 [00:00<00:04,  4.99it/s][A
 12%|█▏        | 3/25 [00:00<00:02, 10.99it/s][A
 20%|██        | 5/25 [00:00<00:01, 14.16it/s][A
 28%|██▊       | 7/25 [00:00<00:01, 15.77it/s][A
 36%|███▌      | 9/25 [00:00<00:01, 13.23it/s][A
 44%|████▍     | 11/25 [00:00<00:00, 14.26it/s][A
 52%|█████▏    | 13/25 [00:00<00:00, 15.37it/s][A
 60%|██████    | 15/25 [00:01<00:00, 15.85it/s][A
 68%|██████▊   | 17/25 [00:01<00:00, 16.60it/s][A
 76%|███████▌  | 19/25 [00:01<00:00, 17.29it/s][A
 84%|████████▍ | 21/25 [00:01<00:00, 17.51it/s][A
 92%|█████████▏| 23/25 [00:01<00:00, 17.79it/s][A
100%|██████████| 25/25 [00:01<00:00, 17.94it/s][A100%|██████████| 25/25 [00:01<00:00, 15.65it/s]
C3 crfm/checkpoint-400000:  31%|███▏      | 17/54 [00:43<01:36,  2.61s/it]
  0%|          | 0/25 [00:00<?, ?it/s][A
  4%|▍         | 1/25 [00:00<00:02,  9.78it/s][A
 12%|█▏        | 3/25 [00:00<00:01, 15.62it/s][A
 20%|██        | 5/25 [00:00<00:01, 17.02it/s][A
 28%|██▊       | 7/25 [00:00<00:01, 17.16it/s][A
 36%|███▌      | 9/25 [00:00<00:00, 17.41it/s][A
 44%|████▍     | 11/25 [00:00<00:00, 17.79it/s][A
 52%|█████▏    | 13/25 [00:00<00:00, 17.79it/s][A
 60%|██████    | 15/25 [00:00<00:00, 17.69it/s][A
 68%|██████▊   | 17/25 [00:00<00:00, 17.84it/s][A
 76%|███████▌  | 19/25 [00:01<00:00, 17.70it/s][A
 84%|████████▍ | 21/25 [00:01<00:00, 17.42it/s][A
 92%|█████████▏| 23/25 [00:01<00:00, 17.75it/s][A100%|██████████| 25/25 [00:01<00:00, 17.54it/s]

  0%|          | 0/25 [00:00<?, ?it/s][A
  4%|▍         | 1/25 [00:00<00:04,  5.74it/s][A
 16%|█▌        | 4/25 [00:00<00:01, 13.82it/s][A
 28%|██▊       | 7/25 [00:00<00:01, 17.25it/s][A
 40%|████      | 10/25 [00:00<00:00, 19.09it/s][A
 52%|█████▏    | 13/25 [00:00<00:00, 19.94it/s][A
 64%|██████▍   | 16/25 [00:00<00:00, 20.68it/s][A
 76%|███████▌  | 19/25 [00:00<00:00, 21.40it/s][A
 88%|████████▊ | 22/25 [00:01<00:00, 21.68it/s][A
100%|██████████| 25/25 [00:01<00:00, 21.88it/s][A100%|██████████| 25/25 [00:01<00:00, 19.74it/s]
C3 crfm/checkpoint-400000:  33%|███▎      | 18/54 [00:45<01:34,  2.64s/it]
  0%|          | 0/20 [00:00<?, ?it/s][A
 10%|█         | 2/20 [00:00<00:01, 14.12it/s][A
 25%|██▌       | 5/20 [00:00<00:00, 18.94it/s][A
 40%|████      | 8/20 [00:00<00:00, 20.57it/s][A
 55%|█████▌    | 11/20 [00:00<00:00, 20.45it/s][A
 70%|███████   | 14/20 [00:00<00:00, 21.23it/s][A
 85%|████████▌ | 17/20 [00:00<00:00, 21.39it/s][A
100%|██████████| 20/20 [00:00<00:00, 21.60it/s][A100%|██████████| 20/20 [00:00<00:00, 20.78it/s]

  0%|          | 0/20 [00:00<?, ?it/s][A
  5%|▌         | 1/20 [00:00<00:03,  5.50it/s][A
 20%|██        | 4/20 [00:00<00:01, 14.08it/s][A
 35%|███▌      | 7/20 [00:00<00:00, 17.77it/s][A
 50%|█████     | 10/20 [00:00<00:00, 19.23it/s][A
 65%|██████▌   | 13/20 [00:00<00:00, 20.37it/s][A
 80%|████████  | 16/20 [00:00<00:00, 20.72it/s][A
 95%|█████████▌| 19/20 [00:00<00:00, 21.12it/s][A100%|██████████| 20/20 [00:01<00:00, 19.19it/s]
C3 crfm/checkpoint-400000:  35%|███▌      | 19/54 [00:47<01:25,  2.45s/it]
  0%|          | 0/20 [00:00<?, ?it/s][A
 10%|█         | 2/20 [00:00<00:01, 14.84it/s][A
 25%|██▌       | 5/20 [00:00<00:00, 18.62it/s][A
 40%|████      | 8/20 [00:00<00:00, 20.11it/s][A
 55%|█████▌    | 11/20 [00:00<00:00, 18.69it/s][A
 65%|██████▌   | 13/20 [00:00<00:00, 18.59it/s][A
 75%|███████▌  | 15/20 [00:00<00:00, 18.51it/s][A
 85%|████████▌ | 17/20 [00:00<00:00, 18.25it/s][A
 95%|█████████▌| 19/20 [00:01<00:00, 18.16it/s][A100%|██████████| 20/20 [00:01<00:00, 18.31it/s]

  0%|          | 0/20 [00:00<?, ?it/s][A
  5%|▌         | 1/20 [00:00<00:04,  4.69it/s][A
 20%|██        | 4/20 [00:00<00:01, 13.12it/s][A
 35%|███▌      | 7/20 [00:00<00:00, 16.91it/s][A
 50%|█████     | 10/20 [00:00<00:00, 18.94it/s][A
 65%|██████▌   | 13/20 [00:00<00:00, 19.76it/s][A
 80%|████████  | 16/20 [00:00<00:00, 20.47it/s][A
 95%|█████████▌| 19/20 [00:01<00:00, 21.03it/s][A100%|██████████| 20/20 [00:01<00:00, 18.65it/s]
C3 crfm/checkpoint-400000:  37%|███▋      | 20/54 [00:49<01:20,  2.37s/it]
  0%|          | 0/25 [00:00<?, ?it/s][A
  4%|▍         | 1/25 [00:00<00:02,  9.24it/s][A
  8%|▊         | 2/25 [00:00<00:02,  9.55it/s][A
 16%|█▌        | 4/25 [00:00<00:01, 13.30it/s][A
 28%|██▊       | 7/25 [00:00<00:01, 16.96it/s][A
 36%|███▌      | 9/25 [00:00<00:00, 16.78it/s][A
 48%|████▊     | 12/25 [00:00<00:00, 18.35it/s][A
 60%|██████    | 15/25 [00:00<00:00, 19.81it/s][A
 72%|███████▏  | 18/25 [00:00<00:00, 20.87it/s][A
 84%|████████▍ | 21/25 [00:01<00:00, 21.51it/s][A
 96%|█████████▌| 24/25 [00:01<00:00, 21.82it/s][A100%|██████████| 25/25 [00:01<00:00, 19.16it/s]

  0%|          | 0/25 [00:00<?, ?it/s][A
  4%|▍         | 1/25 [00:00<00:04,  5.70it/s][A
 16%|█▌        | 4/25 [00:00<00:01, 13.96it/s][A
 28%|██▊       | 7/25 [00:00<00:01, 17.19it/s][A
 40%|████      | 10/25 [00:00<00:00, 18.83it/s][A
 52%|█████▏    | 13/25 [00:00<00:00, 20.18it/s][A
 64%|██████▍   | 16/25 [00:00<00:00, 20.53it/s][A
 76%|███████▌  | 19/25 [00:01<00:00, 20.98it/s][A
 88%|████████▊ | 22/25 [00:01<00:00, 21.10it/s][A
100%|██████████| 25/25 [00:01<00:00, 20.69it/s][A100%|██████████| 25/25 [00:01<00:00, 19.25it/s]
C3 crfm/checkpoint-400000:  39%|███▉      | 21/54 [00:52<01:20,  2.44s/it]
  0%|          | 0/25 [00:00<?, ?it/s][A
  4%|▍         | 1/25 [00:00<00:02,  9.50it/s][A
 16%|█▌        | 4/25 [00:00<00:01, 17.17it/s][A
 28%|██▊       | 7/25 [00:00<00:00, 19.90it/s][A
 40%|████      | 10/25 [00:00<00:00, 21.00it/s][A
 52%|█████▏    | 13/25 [00:00<00:00, 20.68it/s][A
 64%|██████▍   | 16/25 [00:00<00:00, 16.48it/s][A
 72%|███████▏  | 18/25 [00:01<00:00, 16.10it/s][A
 80%|████████  | 20/25 [00:01<00:00, 15.96it/s][A
 88%|████████▊ | 22/25 [00:01<00:00, 15.21it/s][A
 96%|█████████▌| 24/25 [00:01<00:00, 15.49it/s][A100%|██████████| 25/25 [00:01<00:00, 16.67it/s]

  0%|          | 0/25 [00:00<?, ?it/s][A
  4%|▍         | 1/25 [00:00<00:05,  4.47it/s][A
 12%|█▏        | 3/25 [00:00<00:02, 10.17it/s][A
 20%|██        | 5/25 [00:00<00:01, 13.13it/s][A
 28%|██▊       | 7/25 [00:00<00:01, 14.75it/s][A
 36%|███▌      | 9/25 [00:00<00:01, 15.28it/s][A
 44%|████▍     | 11/25 [00:00<00:00, 16.27it/s][A
 52%|█████▏    | 13/25 [00:00<00:00, 17.07it/s][A
 60%|██████    | 15/25 [00:00<00:00, 17.73it/s][A
 68%|██████▊   | 17/25 [00:01<00:00, 18.07it/s][A
 76%|███████▌  | 19/25 [00:01<00:00, 18.22it/s][A
 84%|████████▍ | 21/25 [00:01<00:00, 18.29it/s][A
 92%|█████████▏| 23/25 [00:01<00:00, 18.30it/s][A
100%|██████████| 25/25 [00:01<00:00, 17.84it/s][A100%|██████████| 25/25 [00:01<00:00, 16.16it/s]
C3 crfm/checkpoint-400000:  41%|████      | 22/54 [00:55<01:23,  2.62s/it]
  0%|          | 0/25 [00:00<?, ?it/s][A
  4%|▍         | 1/25 [00:00<00:03,  7.33it/s][A
 12%|█▏        | 3/25 [00:00<00:01, 12.91it/s][A
 20%|██        | 5/25 [00:00<00:01, 14.61it/s][A
 28%|██▊       | 7/25 [00:00<00:01, 15.64it/s][A
 36%|███▌      | 9/25 [00:00<00:00, 16.43it/s][A
 44%|████▍     | 11/25 [00:00<00:00, 16.75it/s][A
 52%|█████▏    | 13/25 [00:00<00:00, 17.52it/s][A
 60%|██████    | 15/25 [00:00<00:00, 17.91it/s][A
 68%|██████▊   | 17/25 [00:01<00:00, 18.22it/s][A
 76%|███████▌  | 19/25 [00:01<00:00, 15.50it/s][A
 84%|████████▍ | 21/25 [00:01<00:00, 16.25it/s][A
 92%|█████████▏| 23/25 [00:01<00:00, 16.84it/s][A
100%|██████████| 25/25 [00:01<00:00, 17.48it/s][A100%|██████████| 25/25 [00:01<00:00, 16.41it/s]

  0%|          | 0/25 [00:00<?, ?it/s][A
  4%|▍         | 1/25 [00:00<00:04,  4.86it/s][A
 12%|█▏        | 3/25 [00:00<00:02, 10.94it/s][A
 20%|██        | 5/25 [00:00<00:01, 10.40it/s][A
 28%|██▊       | 7/25 [00:00<00:01, 12.84it/s][A
 36%|███▌      | 9/25 [00:00<00:01, 12.97it/s][A
 48%|████▊     | 12/25 [00:00<00:00, 15.60it/s][A
 60%|██████    | 15/25 [00:01<00:00, 17.63it/s][A
 68%|██████▊   | 17/25 [00:01<00:00, 17.66it/s][A
 76%|███████▌  | 19/25 [00:01<00:00, 17.32it/s][A
 84%|████████▍ | 21/25 [00:01<00:00, 17.18it/s][A
 92%|█████████▏| 23/25 [00:01<00:00, 16.91it/s][A
100%|██████████| 25/25 [00:01<00:00, 16.60it/s][A100%|██████████| 25/25 [00:01<00:00, 15.16it/s]
C3 crfm/checkpoint-400000:  43%|████▎     | 23/54 [00:58<01:26,  2.79s/it]
  0%|          | 0/25 [00:00<?, ?it/s][A
  4%|▍         | 1/25 [00:00<00:04,  5.64it/s][A
 12%|█▏        | 3/25 [00:00<00:01, 11.01it/s][A
 20%|██        | 5/25 [00:00<00:01, 13.77it/s][A
 28%|██▊       | 7/25 [00:00<00:01, 15.18it/s][A
 40%|████      | 10/25 [00:00<00:00, 17.78it/s][A
 48%|████▊     | 12/25 [00:00<00:00, 18.31it/s][A
 56%|█████▌    | 14/25 [00:00<00:00, 17.93it/s][A
 64%|██████▍   | 16/25 [00:00<00:00, 17.87it/s][A
 72%|███████▏  | 18/25 [00:01<00:00, 17.86it/s][A
 84%|████████▍ | 21/25 [00:01<00:00, 19.02it/s][A
 96%|█████████▌| 24/25 [00:01<00:00, 20.24it/s][A100%|██████████| 25/25 [00:01<00:00, 17.60it/s]

  0%|          | 0/25 [00:00<?, ?it/s][A
  4%|▍         | 1/25 [00:00<00:04,  5.77it/s][A
 16%|█▌        | 4/25 [00:00<00:01, 14.34it/s][A
 28%|██▊       | 7/25 [00:00<00:01, 17.53it/s][A
 40%|████      | 10/25 [00:00<00:00, 19.27it/s][A
 52%|█████▏    | 13/25 [00:00<00:00, 20.25it/s][A
 64%|██████▍   | 16/25 [00:00<00:00, 20.36it/s][A
 76%|███████▌  | 19/25 [00:00<00:00, 21.20it/s][A
 88%|████████▊ | 22/25 [00:01<00:00, 21.64it/s][A
100%|██████████| 25/25 [00:01<00:00, 21.82it/s][A100%|██████████| 25/25 [00:01<00:00, 19.79it/s]
C3 crfm/checkpoint-400000:  44%|████▍     | 24/54 [01:01<01:22,  2.76s/it]
  0%|          | 0/20 [00:00<?, ?it/s][A
 10%|█         | 2/20 [00:00<00:01, 14.47it/s][A
 25%|██▌       | 5/20 [00:00<00:00, 18.97it/s][A
 40%|████      | 8/20 [00:00<00:00, 20.43it/s][A
 55%|█████▌    | 11/20 [00:00<00:00, 21.38it/s][A
 70%|███████   | 14/20 [00:00<00:00, 21.34it/s][A
 85%|████████▌ | 17/20 [00:00<00:00, 21.27it/s][A
100%|██████████| 20/20 [00:00<00:00, 20.69it/s][A100%|██████████| 20/20 [00:00<00:00, 20.49it/s]

  0%|          | 0/20 [00:00<?, ?it/s][A
  5%|▌         | 1/20 [00:00<00:03,  5.32it/s][A
 20%|██        | 4/20 [00:00<00:01, 13.88it/s][A
 35%|███▌      | 7/20 [00:00<00:00, 17.50it/s][A
 50%|█████     | 10/20 [00:00<00:00, 18.96it/s][A
 65%|██████▌   | 13/20 [00:00<00:00, 19.94it/s][A
 80%|████████  | 16/20 [00:00<00:00, 19.62it/s][A
 90%|█████████ | 18/20 [00:01<00:00, 19.15it/s][A
100%|██████████| 20/20 [00:01<00:00, 18.74it/s][A100%|██████████| 20/20 [00:01<00:00, 17.90it/s]
C3 crfm/checkpoint-400000:  46%|████▋     | 25/54 [01:03<01:14,  2.56s/it]
  0%|          | 0/20 [00:00<?, ?it/s][A
  5%|▌         | 1/20 [00:00<00:02,  8.32it/s][A
 15%|█▌        | 3/20 [00:00<00:01, 14.18it/s][A
 25%|██▌       | 5/20 [00:00<00:00, 16.19it/s][A
 35%|███▌      | 7/20 [00:00<00:00, 17.24it/s][A
 45%|████▌     | 9/20 [00:00<00:00, 13.68it/s][A
 55%|█████▌    | 11/20 [00:00<00:00, 13.50it/s][A
 65%|██████▌   | 13/20 [00:00<00:00, 13.28it/s][A
 75%|███████▌  | 15/20 [00:01<00:00, 14.53it/s][A
 85%|████████▌ | 17/20 [00:01<00:00, 15.88it/s][A
 95%|█████████▌| 19/20 [00:01<00:00, 16.72it/s][A100%|██████████| 20/20 [00:01<00:00, 15.23it/s]

  0%|          | 0/20 [00:00<?, ?it/s][A
  5%|▌         | 1/20 [00:00<00:03,  5.07it/s][A
 15%|█▌        | 3/20 [00:00<00:01, 10.44it/s][A
 25%|██▌       | 5/20 [00:00<00:01, 13.45it/s][A
 35%|███▌      | 7/20 [00:00<00:00, 14.97it/s][A
 45%|████▌     | 9/20 [00:00<00:00, 16.14it/s][A
 55%|█████▌    | 11/20 [00:00<00:00, 16.90it/s][A
 65%|██████▌   | 13/20 [00:00<00:00, 17.28it/s][A
 75%|███████▌  | 15/20 [00:00<00:00, 17.67it/s][A
 85%|████████▌ | 17/20 [00:01<00:00, 17.82it/s][A
 95%|█████████▌| 19/20 [00:01<00:00, 17.97it/s][A100%|██████████| 20/20 [00:01<00:00, 16.00it/s]
C3 crfm/checkpoint-400000:  48%|████▊     | 26/54 [01:06<01:11,  2.56s/it]
  0%|          | 0/25 [00:00<?, ?it/s][A
  8%|▊         | 2/25 [00:00<00:01, 13.94it/s][A
 20%|██        | 5/25 [00:00<00:01, 18.41it/s][A
 32%|███▏      | 8/25 [00:00<00:00, 18.72it/s][A
 40%|████      | 10/25 [00:00<00:00, 18.62it/s][A
 48%|████▊     | 12/25 [00:00<00:00, 18.35it/s][A
 56%|█████▌    | 14/25 [00:00<00:00, 18.36it/s][A
 64%|██████▍   | 16/25 [00:00<00:00, 18.41it/s][A
 72%|███████▏  | 18/25 [00:00<00:00, 18.25it/s][A
 80%|████████  | 20/25 [00:01<00:00, 18.19it/s][A
 88%|████████▊ | 22/25 [00:01<00:00, 17.89it/s][A
 96%|█████████▌| 24/25 [00:01<00:00, 17.84it/s][A100%|██████████| 25/25 [00:01<00:00, 18.10it/s]

  0%|          | 0/25 [00:00<?, ?it/s][A
  4%|▍         | 1/25 [00:00<00:04,  5.02it/s][A
 12%|█▏        | 3/25 [00:00<00:02, 10.82it/s][A
 20%|██        | 5/25 [00:00<00:01, 13.79it/s][A
 28%|██▊       | 7/25 [00:00<00:01, 15.59it/s][A
 36%|███▌      | 9/25 [00:00<00:00, 16.71it/s][A
 44%|████▍     | 11/25 [00:00<00:00, 16.83it/s][A
 52%|█████▏    | 13/25 [00:00<00:00, 16.28it/s][A
 60%|██████    | 15/25 [00:01<00:00, 16.11it/s][A
 68%|██████▊   | 17/25 [00:01<00:00, 16.50it/s][A
 76%|███████▌  | 19/25 [00:01<00:00, 16.74it/s][A
 84%|████████▍ | 21/25 [00:01<00:00, 16.71it/s][A
 92%|█████████▏| 23/25 [00:01<00:00, 14.20it/s][A
100%|██████████| 25/25 [00:01<00:00, 15.03it/s][A100%|██████████| 25/25 [00:01<00:00, 15.08it/s]
C3 crfm/checkpoint-400000:  50%|█████     | 27/54 [01:09<01:13,  2.71s/it]
  0%|          | 0/25 [00:00<?, ?it/s][A
  4%|▍         | 1/25 [00:00<00:02,  8.14it/s][A
 12%|█▏        | 3/25 [00:00<00:01, 13.30it/s][A
 20%|██        | 5/25 [00:00<00:01, 14.27it/s][A
 28%|██▊       | 7/25 [00:00<00:01, 15.24it/s][A
 36%|███▌      | 9/25 [00:00<00:01, 14.07it/s][A
 44%|████▍     | 11/25 [00:00<00:00, 15.30it/s][A
 52%|█████▏    | 13/25 [00:00<00:00, 16.12it/s][A
 60%|██████    | 15/25 [00:00<00:00, 16.81it/s][A
 68%|██████▊   | 17/25 [00:01<00:00, 17.27it/s][A
 76%|███████▌  | 19/25 [00:01<00:00, 17.64it/s][A
 84%|████████▍ | 21/25 [00:01<00:00, 17.74it/s][A
 92%|█████████▏| 23/25 [00:01<00:00, 17.87it/s][A
100%|██████████| 25/25 [00:01<00:00, 18.24it/s][A100%|██████████| 25/25 [00:01<00:00, 16.44it/s]

  0%|          | 0/25 [00:00<?, ?it/s][A
  4%|▍         | 1/25 [00:00<00:04,  5.11it/s][A
 12%|█▏        | 3/25 [00:00<00:01, 11.11it/s][A
 20%|██        | 5/25 [00:00<00:01, 12.73it/s][A
 32%|███▏      | 8/25 [00:00<00:01, 15.92it/s][A
 44%|████▍     | 11/25 [00:00<00:00, 17.54it/s][A
 52%|█████▏    | 13/25 [00:00<00:00, 18.15it/s][A
 64%|██████▍   | 16/25 [00:00<00:00, 19.16it/s][A
 76%|███████▌  | 19/25 [00:01<00:00, 19.77it/s][A
 88%|████████▊ | 22/25 [00:01<00:00, 20.08it/s][A
100%|██████████| 25/25 [00:01<00:00, 20.47it/s][A100%|██████████| 25/25 [00:01<00:00, 17.82it/s]
C3 crfm/checkpoint-400000:  52%|█████▏    | 28/54 [01:12<01:12,  2.77s/it]
  0%|          | 0/25 [00:00<?, ?it/s][A
  8%|▊         | 2/25 [00:00<00:01, 13.24it/s][A
 20%|██        | 5/25 [00:00<00:01, 17.65it/s][A
 32%|███▏      | 8/25 [00:00<00:00, 19.12it/s][A
 44%|████▍     | 11/25 [00:00<00:00, 19.78it/s][A
 52%|█████▏    | 13/25 [00:00<00:00, 19.79it/s][A
 64%|██████▍   | 16/25 [00:00<00:00, 20.31it/s][A
 76%|███████▌  | 19/25 [00:00<00:00, 19.92it/s][A
 84%|████████▍ | 21/25 [00:01<00:00, 19.61it/s][A
 92%|█████████▏| 23/25 [00:01<00:00, 18.16it/s][A
100%|██████████| 25/25 [00:01<00:00, 17.21it/s][A100%|██████████| 25/25 [00:01<00:00, 18.48it/s]

  0%|          | 0/25 [00:00<?, ?it/s][A
  4%|▍         | 1/25 [00:00<00:07,  3.35it/s][A
 12%|█▏        | 3/25 [00:00<00:02,  7.77it/s][A
 20%|██        | 5/25 [00:00<00:01, 10.19it/s][A
 28%|██▊       | 7/25 [00:00<00:01, 12.20it/s][A
 36%|███▌      | 9/25 [00:00<00:01, 13.36it/s][A
 44%|████▍     | 11/25 [00:00<00:00, 14.51it/s][A
 56%|█████▌    | 14/25 [00:01<00:00, 16.68it/s][A
 68%|██████▊   | 17/25 [00:01<00:00, 18.31it/s][A
 80%|████████  | 20/25 [00:01<00:00, 19.22it/s][A
 92%|█████████▏| 23/25 [00:01<00:00, 20.06it/s][A100%|██████████| 25/25 [00:01<00:00, 15.74it/s]
C3 crfm/checkpoint-400000:  54%|█████▎    | 29/54 [01:15<01:10,  2.83s/it]
  0%|          | 0/25 [00:00<?, ?it/s][A
  8%|▊         | 2/25 [00:00<00:01, 13.00it/s][A
 16%|█▌        | 4/25 [00:00<00:01, 15.94it/s][A
 24%|██▍       | 6/25 [00:00<00:01, 17.18it/s][A
 32%|███▏      | 8/25 [00:00<00:00, 17.73it/s][A
 40%|████      | 10/25 [00:00<00:00, 17.89it/s][A
 48%|████▊     | 12/25 [00:00<00:00, 17.09it/s][A
 56%|█████▌    | 14/25 [00:00<00:00, 16.90it/s][A
 64%|██████▍   | 16/25 [00:00<00:00, 16.61it/s][A
 72%|███████▏  | 18/25 [00:01<00:00, 14.46it/s][A
 80%|████████  | 20/25 [00:01<00:00, 14.99it/s][A
 88%|████████▊ | 22/25 [00:01<00:00, 15.63it/s][A
 96%|█████████▌| 24/25 [00:01<00:00, 16.53it/s][A100%|██████████| 25/25 [00:01<00:00, 16.39it/s]

  0%|          | 0/25 [00:00<?, ?it/s][A
  4%|▍         | 1/25 [00:00<00:04,  5.44it/s][A
 16%|█▌        | 4/25 [00:00<00:01, 13.90it/s][A
 28%|██▊       | 7/25 [00:00<00:01, 17.39it/s][A
 40%|████      | 10/25 [00:00<00:00, 19.14it/s][A
 52%|█████▏    | 13/25 [00:00<00:00, 19.75it/s][A
 64%|██████▍   | 16/25 [00:00<00:00, 19.53it/s][A
 72%|███████▏  | 18/25 [00:00<00:00, 19.58it/s][A
 84%|████████▍ | 21/25 [00:01<00:00, 20.10it/s][A
 96%|█████████▌| 24/25 [00:01<00:00, 20.13it/s][A100%|██████████| 25/25 [00:01<00:00, 18.78it/s]
C3 crfm/checkpoint-400000:  56%|█████▌    | 30/54 [01:17<01:08,  2.84s/it]
  0%|          | 0/20 [00:00<?, ?it/s][A
  5%|▌         | 1/20 [00:00<00:01,  9.89it/s][A
 20%|██        | 4/20 [00:00<00:00, 17.60it/s][A
 30%|███       | 6/20 [00:00<00:00, 18.39it/s][A
 40%|████      | 8/20 [00:00<00:00, 18.32it/s][A
 50%|█████     | 10/20 [00:00<00:00, 18.08it/s][A
 60%|██████    | 12/20 [00:00<00:00, 17.93it/s][A
 70%|███████   | 14/20 [00:00<00:00, 17.99it/s][A
 80%|████████  | 16/20 [00:00<00:00, 17.85it/s][A
 90%|█████████ | 18/20 [00:01<00:00, 17.59it/s][A
100%|██████████| 20/20 [00:01<00:00, 17.31it/s][A100%|██████████| 20/20 [00:01<00:00, 17.52it/s]

  0%|          | 0/20 [00:00<?, ?it/s][A
  5%|▌         | 1/20 [00:00<00:03,  5.73it/s][A
 20%|██        | 4/20 [00:00<00:01, 14.15it/s][A
 35%|███▌      | 7/20 [00:00<00:00, 17.47it/s][A
 50%|█████     | 10/20 [00:00<00:00, 19.27it/s][A
 65%|██████▌   | 13/20 [00:00<00:00, 20.22it/s][A
 80%|████████  | 16/20 [00:00<00:00, 20.33it/s][A
 95%|█████████▌| 19/20 [00:01<00:00, 20.74it/s][A100%|██████████| 20/20 [00:01<00:00, 19.02it/s]
C3 crfm/checkpoint-400000:  57%|█████▋    | 31/54 [01:20<01:00,  2.65s/it]
  0%|          | 0/20 [00:00<?, ?it/s][A
 10%|█         | 2/20 [00:00<00:01, 14.38it/s][A
 25%|██▌       | 5/20 [00:00<00:00, 19.02it/s][A
 40%|████      | 8/20 [00:00<00:00, 20.10it/s][A
 55%|█████▌    | 11/20 [00:00<00:00, 20.34it/s][A
 70%|███████   | 14/20 [00:00<00:00, 20.83it/s][A
 85%|████████▌ | 17/20 [00:00<00:00, 20.76it/s][A
100%|██████████| 20/20 [00:01<00:00, 17.29it/s][A100%|██████████| 20/20 [00:01<00:00, 18.61it/s]

  0%|          | 0/20 [00:00<?, ?it/s][A
  5%|▌         | 1/20 [00:00<00:04,  3.84it/s][A
 15%|█▌        | 3/20 [00:00<00:01,  9.50it/s][A
 25%|██▌       | 5/20 [00:00<00:01, 12.81it/s][A
 35%|███▌      | 7/20 [00:00<00:00, 14.62it/s][A
 45%|████▌     | 9/20 [00:00<00:00, 15.98it/s][A
 55%|█████▌    | 11/20 [00:00<00:00, 16.20it/s][A
 65%|██████▌   | 13/20 [00:00<00:00, 16.48it/s][A
 80%|████████  | 16/20 [00:01<00:00, 18.20it/s][A
 95%|█████████▌| 19/20 [00:01<00:00, 19.52it/s][A100%|██████████| 20/20 [00:01<00:00, 16.10it/s]
C3 crfm/checkpoint-400000:  59%|█████▉    | 32/54 [01:22<00:56,  2.55s/it]
  0%|          | 0/25 [00:00<?, ?it/s][A
  8%|▊         | 2/25 [00:00<00:01, 13.74it/s][A
 20%|██        | 5/25 [00:00<00:01, 18.63it/s][A
 28%|██▊       | 7/25 [00:00<00:00, 18.54it/s][A
 36%|███▌      | 9/25 [00:00<00:00, 18.26it/s][A
 44%|████▍     | 11/25 [00:00<00:00, 14.92it/s][A
 52%|█████▏    | 13/25 [00:00<00:00, 15.92it/s][A
 60%|██████    | 15/25 [00:00<00:00, 16.12it/s][A
 68%|██████▊   | 17/25 [00:01<00:00, 16.50it/s][A
 76%|███████▌  | 19/25 [00:01<00:00, 13.13it/s][A
 84%|████████▍ | 21/25 [00:01<00:00, 13.80it/s][A
 92%|█████████▏| 23/25 [00:01<00:00, 10.45it/s][A
100%|██████████| 25/25 [00:01<00:00, 10.53it/s][A100%|██████████| 25/25 [00:01<00:00, 13.42it/s]

  0%|          | 0/25 [00:00<?, ?it/s][A
  4%|▍         | 1/25 [00:00<00:06,  3.99it/s][A
 12%|█▏        | 3/25 [00:00<00:02,  9.34it/s][A
 20%|██        | 5/25 [00:00<00:01, 12.50it/s][A
 32%|███▏      | 8/25 [00:00<00:01, 16.12it/s][A
 44%|████▍     | 11/25 [00:00<00:00, 18.34it/s][A
 56%|█████▌    | 14/25 [00:00<00:00, 19.27it/s][A
 64%|██████▍   | 16/25 [00:00<00:00, 19.32it/s][A
 76%|███████▌  | 19/25 [00:01<00:00, 19.78it/s][A
 88%|████████▊ | 22/25 [00:01<00:00, 20.22it/s][A
100%|██████████| 25/25 [00:01<00:00, 20.72it/s][A100%|██████████| 25/25 [00:01<00:00, 17.68it/s]
C3 crfm/checkpoint-400000:  61%|██████    | 33/54 [01:25<00:58,  2.77s/it]
  0%|          | 0/25 [00:00<?, ?it/s][A
  8%|▊         | 2/25 [00:00<00:01, 14.45it/s][A
 20%|██        | 5/25 [00:00<00:01, 19.26it/s][A
 28%|██▊       | 7/25 [00:00<00:00, 19.50it/s][A
 36%|███▌      | 9/25 [00:00<00:00, 18.54it/s][A
 44%|████▍     | 11/25 [00:00<00:00, 15.44it/s][A
 52%|█████▏    | 13/25 [00:00<00:00, 16.08it/s][A
 60%|██████    | 15/25 [00:00<00:00, 16.19it/s][A
 68%|██████▊   | 17/25 [00:01<00:00, 16.41it/s][A
 76%|███████▌  | 19/25 [00:01<00:00, 16.90it/s][A
 84%|████████▍ | 21/25 [00:01<00:00, 17.53it/s][A
 92%|█████████▏| 23/25 [00:01<00:00, 18.15it/s][A
100%|██████████| 25/25 [00:01<00:00, 18.31it/s][A100%|██████████| 25/25 [00:01<00:00, 17.40it/s]

  0%|          | 0/25 [00:00<?, ?it/s][A
  4%|▍         | 1/25 [00:00<00:04,  5.70it/s][A
 16%|█▌        | 4/25 [00:00<00:01, 14.32it/s][A
 28%|██▊       | 7/25 [00:00<00:01, 17.76it/s][A
 40%|████      | 10/25 [00:00<00:00, 19.08it/s][A
 52%|█████▏    | 13/25 [00:00<00:00, 20.17it/s][A
 64%|██████▍   | 16/25 [00:00<00:00, 21.00it/s][A
 76%|███████▌  | 19/25 [00:00<00:00, 21.24it/s][A
 88%|████████▊ | 22/25 [00:01<00:00, 19.75it/s][A
100%|██████████| 25/25 [00:01<00:00, 18.94it/s][A100%|██████████| 25/25 [00:01<00:00, 18.67it/s]
C3 crfm/checkpoint-400000:  63%|██████▎   | 34/54 [01:28<00:55,  2.77s/it]
  0%|          | 0/25 [00:00<?, ?it/s][A
  4%|▍         | 1/25 [00:00<00:02,  8.27it/s][A
 12%|█▏        | 3/25 [00:00<00:01, 13.46it/s][A
 20%|██        | 5/25 [00:00<00:01, 15.41it/s][A
 28%|██▊       | 7/25 [00:00<00:01, 16.18it/s][A
 36%|███▌      | 9/25 [00:00<00:00, 16.79it/s][A
 44%|████▍     | 11/25 [00:00<00:00, 17.08it/s][A
 52%|█████▏    | 13/25 [00:00<00:00, 16.96it/s][A
 60%|██████    | 15/25 [00:00<00:00, 17.62it/s][A
 72%|███████▏  | 18/25 [00:01<00:00, 18.93it/s][A
 84%|████████▍ | 21/25 [00:01<00:00, 20.03it/s][A
 96%|█████████▌| 24/25 [00:01<00:00, 20.47it/s][A100%|██████████| 25/25 [00:01<00:00, 18.14it/s]

  0%|          | 0/25 [00:00<?, ?it/s][A
  4%|▍         | 1/25 [00:00<00:04,  5.57it/s][A
 16%|█▌        | 4/25 [00:00<00:01, 14.02it/s][A
 28%|██▊       | 7/25 [00:00<00:01, 16.66it/s][A
 40%|████      | 10/25 [00:00<00:00, 18.32it/s][A
 52%|█████▏    | 13/25 [00:00<00:00, 19.31it/s][A
 64%|██████▍   | 16/25 [00:00<00:00, 20.11it/s][A
 76%|███████▌  | 19/25 [00:01<00:00, 20.56it/s][A
 88%|████████▊ | 22/25 [00:01<00:00, 20.58it/s][A
100%|██████████| 25/25 [00:01<00:00, 20.51it/s][A100%|██████████| 25/25 [00:01<00:00, 18.89it/s]
C3 crfm/checkpoint-400000:  65%|██████▍   | 35/54 [01:31<00:52,  2.75s/it]
  0%|          | 0/25 [00:00<?, ?it/s][A
  8%|▊         | 2/25 [00:00<00:01, 13.90it/s][A
 20%|██        | 5/25 [00:00<00:01, 17.64it/s][A
 32%|███▏      | 8/25 [00:00<00:00, 19.23it/s][A
 44%|████▍     | 11/25 [00:00<00:00, 19.99it/s][A
 56%|█████▌    | 14/25 [00:00<00:00, 20.66it/s][A
 68%|██████▊   | 17/25 [00:00<00:00, 20.70it/s][A
 80%|████████  | 20/25 [00:01<00:00, 20.38it/s][A
 92%|█████████▏| 23/25 [00:01<00:00, 17.28it/s][A
100%|██████████| 25/25 [00:01<00:00, 17.07it/s][A100%|██████████| 25/25 [00:01<00:00, 18.37it/s]

  0%|          | 0/25 [00:00<?, ?it/s][A
  4%|▍         | 1/25 [00:00<00:06,  3.55it/s][A
 12%|█▏        | 3/25 [00:00<00:02,  8.90it/s][A
 20%|██        | 5/25 [00:00<00:01, 12.17it/s][A
 28%|██▊       | 7/25 [00:00<00:01, 14.57it/s][A
 36%|███▌      | 9/25 [00:00<00:01, 15.54it/s][A
 44%|████▍     | 11/25 [00:00<00:00, 15.93it/s][A
 52%|█████▏    | 13/25 [00:00<00:00, 16.00it/s][A
 60%|██████    | 15/25 [00:01<00:00, 16.30it/s][A
 68%|██████▊   | 17/25 [00:01<00:00, 16.42it/s][A
 76%|███████▌  | 19/25 [00:01<00:00, 16.58it/s][A
 84%|████████▍ | 21/25 [00:01<00:00, 16.70it/s][A
 92%|█████████▏| 23/25 [00:01<00:00, 16.89it/s][A
100%|██████████| 25/25 [00:01<00:00, 16.86it/s][A100%|██████████| 25/25 [00:01<00:00, 15.04it/s]
C3 crfm/checkpoint-400000:  67%|██████▋   | 36/54 [01:34<00:51,  2.84s/it]
  0%|          | 0/20 [00:00<?, ?it/s][A
 10%|█         | 2/20 [00:00<00:01, 13.75it/s][A
 25%|██▌       | 5/20 [00:00<00:00, 18.00it/s][A
 35%|███▌      | 7/20 [00:00<00:00, 18.36it/s][A
 45%|████▌     | 9/20 [00:00<00:00, 18.24it/s][A
 55%|█████▌    | 11/20 [00:00<00:00, 18.25it/s][A
 65%|██████▌   | 13/20 [00:00<00:00, 18.00it/s][A
 75%|███████▌  | 15/20 [00:00<00:00, 17.02it/s][A
 85%|████████▌ | 17/20 [00:00<00:00, 17.07it/s][A
 95%|█████████▌| 19/20 [00:01<00:00, 17.56it/s][A100%|██████████| 20/20 [00:01<00:00, 17.56it/s]

  0%|          | 0/20 [00:00<?, ?it/s][A
  5%|▌         | 1/20 [00:00<00:04,  4.59it/s][A
 15%|█▌        | 3/20 [00:00<00:01,  9.88it/s][A
 30%|███       | 6/20 [00:00<00:00, 14.54it/s][A
 45%|████▌     | 9/20 [00:00<00:00, 16.97it/s][A
 55%|█████▌    | 11/20 [00:00<00:00, 17.54it/s][A
 65%|██████▌   | 13/20 [00:00<00:00, 17.56it/s][A
 75%|███████▌  | 15/20 [00:00<00:00, 17.43it/s][A
 90%|█████████ | 18/20 [00:01<00:00, 18.80it/s][A
100%|██████████| 20/20 [00:01<00:00, 18.95it/s][A100%|██████████| 20/20 [00:01<00:00, 16.58it/s]
C3 crfm/checkpoint-400000:  69%|██████▊   | 37/54 [01:36<00:45,  2.69s/it]
  0%|          | 0/20 [00:00<?, ?it/s][A
  5%|▌         | 1/20 [00:00<00:02,  7.44it/s][A
 15%|█▌        | 3/20 [00:00<00:01, 12.22it/s][A
 25%|██▌       | 5/20 [00:00<00:01, 14.72it/s][A
 40%|████      | 8/20 [00:00<00:00, 17.63it/s][A
 50%|█████     | 10/20 [00:00<00:00, 17.81it/s][A
 60%|██████    | 12/20 [00:00<00:00, 17.19it/s][A
 70%|███████   | 14/20 [00:00<00:00, 17.10it/s][A
 80%|████████  | 16/20 [00:00<00:00, 17.25it/s][A
 90%|█████████ | 18/20 [00:01<00:00, 17.91it/s][A
100%|██████████| 20/20 [00:01<00:00, 18.47it/s][A100%|██████████| 20/20 [00:01<00:00, 16.95it/s]

  0%|          | 0/20 [00:00<?, ?it/s][A
  5%|▌         | 1/20 [00:00<00:03,  5.65it/s][A
 20%|██        | 4/20 [00:00<00:01, 13.93it/s][A
 35%|███▌      | 7/20 [00:00<00:00, 17.13it/s][A
 45%|████▌     | 9/20 [00:00<00:00, 17.23it/s][A
 55%|█████▌    | 11/20 [00:00<00:00, 17.31it/s][A
 65%|██████▌   | 13/20 [00:00<00:00, 17.29it/s][A
 75%|███████▌  | 15/20 [00:00<00:00, 17.34it/s][A
 85%|████████▌ | 17/20 [00:01<00:00, 16.35it/s][A
 95%|█████████▌| 19/20 [00:01<00:00, 16.40it/s][A100%|██████████| 20/20 [00:01<00:00, 16.16it/s]
C3 crfm/checkpoint-400000:  70%|███████   | 38/54 [01:39<00:41,  2.61s/it]
  0%|          | 0/25 [00:00<?, ?it/s][A
  8%|▊         | 2/25 [00:00<00:01, 14.16it/s][A
 20%|██        | 5/25 [00:00<00:01, 18.61it/s][A
 28%|██▊       | 7/25 [00:00<00:00, 18.75it/s][A
 40%|████      | 10/25 [00:00<00:00, 19.67it/s][A
 48%|████▊     | 12/25 [00:00<00:00, 19.18it/s][A
 56%|█████▌    | 14/25 [00:00<00:00, 18.82it/s][A
 64%|██████▍   | 16/25 [00:00<00:00, 18.78it/s][A
 72%|███████▏  | 18/25 [00:00<00:00, 18.83it/s][A
 80%|████████  | 20/25 [00:01<00:00, 18.76it/s][A
 88%|████████▊ | 22/25 [00:01<00:00, 18.68it/s][A
 96%|█████████▌| 24/25 [00:01<00:00, 18.75it/s][A100%|██████████| 25/25 [00:01<00:00, 18.62it/s]

  0%|          | 0/25 [00:00<?, ?it/s][A
  4%|▍         | 1/25 [00:00<00:04,  4.83it/s][A
 12%|█▏        | 3/25 [00:00<00:02, 10.70it/s][A
 20%|██        | 5/25 [00:00<00:01, 13.46it/s][A
 28%|██▊       | 7/25 [00:00<00:01, 14.56it/s][A
 36%|███▌      | 9/25 [00:00<00:01, 15.87it/s][A
 44%|████▍     | 11/25 [00:00<00:00, 16.44it/s][A
 52%|█████▏    | 13/25 [00:00<00:00, 16.97it/s][A
 60%|██████    | 15/25 [00:00<00:00, 17.41it/s][A
 68%|██████▊   | 17/25 [00:01<00:00, 17.65it/s][A
 76%|███████▌  | 19/25 [00:01<00:00, 17.42it/s][A
 84%|████████▍ | 21/25 [00:01<00:00, 17.54it/s][A
 92%|█████████▏| 23/25 [00:01<00:00, 17.15it/s][A
100%|██████████| 25/25 [00:01<00:00, 17.37it/s][A100%|██████████| 25/25 [00:01<00:00, 15.99it/s]
C3 crfm/checkpoint-400000:  72%|███████▏  | 39/54 [01:41<00:40,  2.70s/it]
  0%|          | 0/25 [00:00<?, ?it/s][A
  4%|▍         | 1/25 [00:00<00:02,  8.17it/s][A
 12%|█▏        | 3/25 [00:00<00:01, 14.04it/s][A
 20%|██        | 5/25 [00:00<00:01, 15.87it/s][A
 28%|██▊       | 7/25 [00:00<00:01, 16.96it/s][A
 36%|███▌      | 9/25 [00:00<00:00, 17.41it/s][A
 44%|████▍     | 11/25 [00:00<00:00, 17.74it/s][A
 52%|█████▏    | 13/25 [00:00<00:00, 17.99it/s][A
 60%|██████    | 15/25 [00:00<00:00, 17.85it/s][A
 68%|██████▊   | 17/25 [00:00<00:00, 18.00it/s][A
 80%|████████  | 20/25 [00:01<00:00, 18.91it/s][A
 92%|█████████▏| 23/25 [00:01<00:00, 18.94it/s][A
100%|██████████| 25/25 [00:01<00:00, 17.74it/s][A100%|██████████| 25/25 [00:01<00:00, 17.43it/s]

  0%|          | 0/25 [00:00<?, ?it/s][A
  4%|▍         | 1/25 [00:00<00:06,  3.91it/s][A
 12%|█▏        | 3/25 [00:00<00:02,  8.71it/s][A
 20%|██        | 5/25 [00:00<00:01, 11.16it/s][A
 28%|██▊       | 7/25 [00:00<00:01, 12.49it/s][A
 36%|███▌      | 9/25 [00:00<00:01, 13.44it/s][A
 44%|████▍     | 11/25 [00:00<00:01, 13.99it/s][A
 52%|█████▏    | 13/25 [00:01<00:00, 14.32it/s][A
 60%|██████    | 15/25 [00:01<00:00, 15.33it/s][A
 68%|██████▊   | 17/25 [00:01<00:00, 16.18it/s][A
 76%|███████▌  | 19/25 [00:01<00:00, 16.75it/s][A
 84%|████████▍ | 21/25 [00:01<00:00, 17.14it/s][A
 92%|█████████▏| 23/25 [00:01<00:00, 17.35it/s][A
100%|██████████| 25/25 [00:01<00:00, 17.67it/s][A100%|██████████| 25/25 [00:01<00:00, 14.63it/s]
C3 crfm/checkpoint-400000:  74%|███████▍  | 40/54 [01:45<00:39,  2.84s/it]
  0%|          | 0/25 [00:00<?, ?it/s][A
  4%|▍         | 1/25 [00:00<00:02,  9.61it/s][A
 16%|█▌        | 4/25 [00:00<00:01, 17.27it/s][A
 28%|██▊       | 7/25 [00:00<00:00, 19.46it/s][A
 40%|████      | 10/25 [00:00<00:00, 19.64it/s][A
 48%|████▊     | 12/25 [00:00<00:00, 19.06it/s][A
 56%|█████▌    | 14/25 [00:00<00:00, 18.75it/s][A
 64%|██████▍   | 16/25 [00:00<00:00, 18.72it/s][A
 72%|███████▏  | 18/25 [00:00<00:00, 18.68it/s][A
 80%|████████  | 20/25 [00:01<00:00, 18.58it/s][A
 88%|████████▊ | 22/25 [00:01<00:00, 18.63it/s][A
 96%|█████████▌| 24/25 [00:01<00:00, 18.45it/s][A100%|██████████| 25/25 [00:01<00:00, 18.49it/s]

  0%|          | 0/25 [00:00<?, ?it/s][A
  4%|▍         | 1/25 [00:00<00:04,  5.21it/s][A
 16%|█▌        | 4/25 [00:00<00:01, 13.47it/s][A
 28%|██▊       | 7/25 [00:00<00:01, 16.90it/s][A
 40%|████      | 10/25 [00:00<00:00, 18.63it/s][A
 48%|████▊     | 12/25 [00:00<00:00, 18.55it/s][A
 60%|██████    | 15/25 [00:00<00:00, 19.51it/s][A
 72%|███████▏  | 18/25 [00:01<00:00, 20.03it/s][A
 84%|████████▍ | 21/25 [00:01<00:00, 20.40it/s][A
 96%|█████████▌| 24/25 [00:01<00:00, 20.96it/s][A100%|██████████| 25/25 [00:01<00:00, 18.86it/s]
C3 crfm/checkpoint-400000:  76%|███████▌  | 41/54 [01:47<00:36,  2.79s/it]
  0%|          | 0/25 [00:00<?, ?it/s][A
  8%|▊         | 2/25 [00:00<00:01, 14.14it/s][A
 20%|██        | 5/25 [00:00<00:01, 18.86it/s][A
 32%|███▏      | 8/25 [00:00<00:00, 20.22it/s][A
 44%|████▍     | 11/25 [00:00<00:00, 19.66it/s][A
 52%|█████▏    | 13/25 [00:00<00:00, 19.41it/s][A
 60%|██████    | 15/25 [00:00<00:00, 18.96it/s][A
 68%|██████▊   | 17/25 [00:00<00:00, 18.72it/s][A
 76%|███████▌  | 19/25 [00:01<00:00, 18.08it/s][A
 84%|████████▍ | 21/25 [00:01<00:00, 17.62it/s][A
 92%|█████████▏| 23/25 [00:01<00:00, 17.53it/s][A
100%|██████████| 25/25 [00:01<00:00, 17.74it/s][A100%|██████████| 25/25 [00:01<00:00, 18.31it/s]

  0%|          | 0/25 [00:00<?, ?it/s][A
  4%|▍         | 1/25 [00:00<00:05,  4.40it/s][A
 12%|█▏        | 3/25 [00:00<00:02, 10.34it/s][A
 20%|██        | 5/25 [00:00<00:01, 13.68it/s][A
 28%|██▊       | 7/25 [00:00<00:01, 15.17it/s][A
 36%|███▌      | 9/25 [00:00<00:00, 16.20it/s][A
 44%|████▍     | 11/25 [00:00<00:00, 17.07it/s][A
 52%|█████▏    | 13/25 [00:00<00:00, 17.63it/s][A
 60%|██████    | 15/25 [00:00<00:00, 17.92it/s][A
 68%|██████▊   | 17/25 [00:01<00:00, 18.04it/s][A
 76%|███████▌  | 19/25 [00:01<00:00, 18.36it/s][A
 84%|████████▍ | 21/25 [00:01<00:00, 18.50it/s][A
 92%|█████████▏| 23/25 [00:01<00:00, 18.62it/s][A
100%|██████████| 25/25 [00:01<00:00, 18.99it/s][A100%|██████████| 25/25 [00:01<00:00, 16.68it/s]
C3 crfm/checkpoint-400000:  78%|███████▊  | 42/54 [01:50<00:33,  2.81s/it]
  0%|          | 0/20 [00:00<?, ?it/s][A
 10%|█         | 2/20 [00:00<00:01, 14.16it/s][A
 25%|██▌       | 5/20 [00:00<00:00, 17.57it/s][A
 35%|███▌      | 7/20 [00:00<00:00, 18.17it/s][A
 45%|████▌     | 9/20 [00:00<00:00, 18.46it/s][A
 60%|██████    | 12/20 [00:00<00:00, 20.17it/s][A
 75%|███████▌  | 15/20 [00:00<00:00, 20.24it/s][A
 90%|█████████ | 18/20 [00:00<00:00, 20.93it/s][A100%|██████████| 20/20 [00:01<00:00, 19.96it/s]

  0%|          | 0/20 [00:00<?, ?it/s][A
  5%|▌         | 1/20 [00:00<00:03,  5.77it/s][A
 20%|██        | 4/20 [00:00<00:01, 14.34it/s][A
 35%|███▌      | 7/20 [00:00<00:00, 17.89it/s][A
 50%|█████     | 10/20 [00:00<00:00, 19.68it/s][A
 65%|██████▌   | 13/20 [00:00<00:00, 20.80it/s][A
 80%|████████  | 16/20 [00:00<00:00, 21.58it/s][A
 95%|█████████▌| 19/20 [00:00<00:00, 21.90it/s][A100%|██████████| 20/20 [00:01<00:00, 19.79it/s]
C3 crfm/checkpoint-400000:  80%|███████▉  | 43/54 [01:52<00:28,  2.57s/it]
  0%|          | 0/20 [00:00<?, ?it/s][A
 10%|█         | 2/20 [00:00<00:01, 15.07it/s][A
 25%|██▌       | 5/20 [00:00<00:00, 19.79it/s][A
 40%|████      | 8/20 [00:00<00:00, 21.42it/s][A
 55%|█████▌    | 11/20 [00:00<00:00, 21.79it/s][A
 70%|███████   | 14/20 [00:00<00:00, 20.62it/s][A
 85%|████████▌ | 17/20 [00:00<00:00, 18.85it/s][A
 95%|█████████▌| 19/20 [00:00<00:00, 18.84it/s][A100%|██████████| 20/20 [00:01<00:00, 19.42it/s]

  0%|          | 0/20 [00:00<?, ?it/s][A
  5%|▌         | 1/20 [00:00<00:03,  4.84it/s][A
 15%|█▌        | 3/20 [00:00<00:01, 10.87it/s][A
 30%|███       | 6/20 [00:00<00:00, 15.41it/s][A
 45%|████▌     | 9/20 [00:00<00:00, 18.18it/s][A
 60%|██████    | 12/20 [00:00<00:00, 19.11it/s][A
 75%|███████▌  | 15/20 [00:00<00:00, 20.21it/s][A
 90%|█████████ | 18/20 [00:00<00:00, 20.85it/s][A100%|██████████| 20/20 [00:01<00:00, 18.34it/s]
C3 crfm/checkpoint-400000:  81%|████████▏ | 44/54 [01:54<00:24,  2.44s/it]
  0%|          | 0/25 [00:00<?, ?it/s][A
  8%|▊         | 2/25 [00:00<00:01, 15.19it/s][A
 20%|██        | 5/25 [00:00<00:00, 20.03it/s][A
 32%|███▏      | 8/25 [00:00<00:00, 21.63it/s][A
 44%|████▍     | 11/25 [00:00<00:00, 21.21it/s][A
 56%|█████▌    | 14/25 [00:00<00:00, 20.61it/s][A
 68%|██████▊   | 17/25 [00:00<00:00, 19.65it/s][A
 76%|███████▌  | 19/25 [00:00<00:00, 19.68it/s][A
 84%|████████▍ | 21/25 [00:01<00:00, 19.76it/s][A
 92%|█████████▏| 23/25 [00:01<00:00, 19.63it/s][A
100%|██████████| 25/25 [00:01<00:00, 19.70it/s][A100%|██████████| 25/25 [00:01<00:00, 19.90it/s]

  0%|          | 0/25 [00:00<?, ?it/s][A
  4%|▍         | 1/25 [00:00<00:04,  5.08it/s][A
 12%|█▏        | 3/25 [00:00<00:01, 11.23it/s][A
 20%|██        | 5/25 [00:00<00:01, 14.27it/s][A
 28%|██▊       | 7/25 [00:00<00:01, 15.96it/s][A
 36%|███▌      | 9/25 [00:00<00:00, 17.22it/s][A
 44%|████▍     | 11/25 [00:00<00:00, 18.01it/s][A
 52%|█████▏    | 13/25 [00:00<00:00, 18.59it/s][A
 60%|██████    | 15/25 [00:00<00:00, 19.02it/s][A
 72%|███████▏  | 18/25 [00:01<00:00, 19.45it/s][A
 84%|████████▍ | 21/25 [00:01<00:00, 19.83it/s][A
 96%|█████████▌| 24/25 [00:01<00:00, 19.90it/s][A100%|██████████| 25/25 [00:01<00:00, 17.77it/s]
C3 crfm/checkpoint-400000:  83%|████████▎ | 45/54 [01:57<00:22,  2.51s/it]
  0%|          | 0/25 [00:00<?, ?it/s][A
  4%|▍         | 1/25 [00:00<00:03,  7.70it/s][A
 12%|█▏        | 3/25 [00:00<00:01, 13.30it/s][A
 20%|██        | 5/25 [00:00<00:01, 16.03it/s][A
 32%|███▏      | 8/25 [00:00<00:00, 17.96it/s][A
 40%|████      | 10/25 [00:00<00:00, 18.29it/s][A
 48%|████▊     | 12/25 [00:00<00:00, 18.78it/s][A
 56%|█████▌    | 14/25 [00:00<00:00, 18.76it/s][A
 64%|██████▍   | 16/25 [00:00<00:00, 18.08it/s][A
 72%|███████▏  | 18/25 [00:01<00:00, 18.12it/s][A
 80%|████████  | 20/25 [00:01<00:00, 18.08it/s][A
 88%|████████▊ | 22/25 [00:01<00:00, 18.45it/s][A
100%|██████████| 25/25 [00:01<00:00, 19.03it/s][A100%|██████████| 25/25 [00:01<00:00, 17.88it/s]

  0%|          | 0/25 [00:00<?, ?it/s][A
  4%|▍         | 1/25 [00:00<00:04,  4.89it/s][A
 12%|█▏        | 3/25 [00:00<00:01, 11.09it/s][A
 20%|██        | 5/25 [00:00<00:01, 14.14it/s][A
 32%|███▏      | 8/25 [00:00<00:00, 17.69it/s][A
 44%|████▍     | 11/25 [00:00<00:00, 19.38it/s][A
 56%|█████▌    | 14/25 [00:00<00:00, 20.50it/s][A
 68%|██████▊   | 17/25 [00:00<00:00, 20.34it/s][A
 80%|████████  | 20/25 [00:01<00:00, 20.94it/s][A
 92%|█████████▏| 23/25 [00:01<00:00, 21.58it/s][A100%|██████████| 25/25 [00:01<00:00, 19.04it/s]
C3 crfm/checkpoint-400000:  85%|████████▌ | 46/54 [02:00<00:20,  2.57s/it]
  0%|          | 0/25 [00:00<?, ?it/s][A
  8%|▊         | 2/25 [00:00<00:01, 14.82it/s][A
 20%|██        | 5/25 [00:00<00:01, 19.38it/s][A
 32%|███▏      | 8/25 [00:00<00:00, 20.95it/s][A
 44%|████▍     | 11/25 [00:00<00:00, 21.73it/s][A
 56%|█████▌    | 14/25 [00:00<00:00, 22.09it/s][A
 68%|██████▊   | 17/25 [00:00<00:00, 22.29it/s][A
 80%|████████  | 20/25 [00:00<00:00, 22.25it/s][A
 92%|█████████▏| 23/25 [00:01<00:00, 22.00it/s][A100%|██████████| 25/25 [00:01<00:00, 21.29it/s]

  0%|          | 0/25 [00:00<?, ?it/s][A
  4%|▍         | 1/25 [00:00<00:04,  5.07it/s][A
 12%|█▏        | 3/25 [00:00<00:01, 11.28it/s][A
 20%|██        | 5/25 [00:00<00:01, 14.22it/s][A
 28%|██▊       | 7/25 [00:00<00:01, 15.21it/s][A
 40%|████      | 10/25 [00:00<00:00, 17.93it/s][A
 52%|█████▏    | 13/25 [00:00<00:00, 19.52it/s][A
 64%|██████▍   | 16/25 [00:00<00:00, 20.53it/s][A
 76%|███████▌  | 19/25 [00:01<00:00, 20.64it/s][A
 88%|████████▊ | 22/25 [00:01<00:00, 21.02it/s][A
100%|██████████| 25/25 [00:01<00:00, 21.26it/s][A100%|██████████| 25/25 [00:01<00:00, 18.60it/s]
C3 crfm/checkpoint-400000:  87%|████████▋ | 47/54 [02:02<00:17,  2.56s/it]
  0%|          | 0/25 [00:00<?, ?it/s][A
  8%|▊         | 2/25 [00:00<00:01, 14.15it/s][A
 16%|█▌        | 4/25 [00:00<00:01, 15.95it/s][A
 24%|██▍       | 6/25 [00:00<00:01, 16.68it/s][A
 32%|███▏      | 8/25 [00:00<00:00, 17.42it/s][A
 40%|████      | 10/25 [00:00<00:00, 16.75it/s][A
 48%|████▊     | 12/25 [00:00<00:00, 16.34it/s][A
 56%|█████▌    | 14/25 [00:00<00:00, 16.38it/s][A
 64%|██████▍   | 16/25 [00:00<00:00, 15.48it/s][A
 72%|███████▏  | 18/25 [00:01<00:00, 15.44it/s][A
 80%|████████  | 20/25 [00:01<00:00, 14.61it/s][A
 88%|████████▊ | 22/25 [00:01<00:00, 14.71it/s][A
 96%|█████████▌| 24/25 [00:01<00:00, 14.73it/s][A100%|██████████| 25/25 [00:01<00:00, 15.46it/s]

  0%|          | 0/25 [00:00<?, ?it/s][A
  4%|▍         | 1/25 [00:00<00:05,  4.03it/s][A
 12%|█▏        | 3/25 [00:00<00:02,  9.80it/s][A
 20%|██        | 5/25 [00:00<00:01, 13.03it/s][A
 28%|██▊       | 7/25 [00:00<00:01, 15.02it/s][A
 36%|███▌      | 9/25 [00:00<00:01, 15.84it/s][A
 44%|████▍     | 11/25 [00:00<00:00, 16.65it/s][A
 52%|█████▏    | 13/25 [00:00<00:00, 17.07it/s][A
 60%|██████    | 15/25 [00:01<00:00, 17.25it/s][A
 68%|██████▊   | 17/25 [00:01<00:00, 17.28it/s][A
 76%|███████▌  | 19/25 [00:01<00:00, 17.35it/s][A
 84%|████████▍ | 21/25 [00:01<00:00, 17.14it/s][A
 92%|█████████▏| 23/25 [00:01<00:00, 17.34it/s][A
100%|██████████| 25/25 [00:01<00:00, 16.95it/s][A100%|██████████| 25/25 [00:01<00:00, 15.67it/s]
C3 crfm/checkpoint-400000:  89%|████████▉ | 48/54 [02:05<00:16,  2.76s/it]
  0%|          | 0/20 [00:00<?, ?it/s][A
  5%|▌         | 1/20 [00:00<00:02,  8.23it/s][A
 15%|█▌        | 3/20 [00:00<00:01, 14.27it/s][A
 30%|███       | 6/20 [00:00<00:00, 18.04it/s][A
 40%|████      | 8/20 [00:00<00:00, 18.27it/s][A
 55%|█████▌    | 11/20 [00:00<00:00, 19.42it/s][A
 70%|███████   | 14/20 [00:00<00:00, 19.91it/s][A
 85%|████████▌ | 17/20 [00:00<00:00, 19.79it/s][A
 95%|█████████▌| 19/20 [00:01<00:00, 19.36it/s][A100%|██████████| 20/20 [00:01<00:00, 18.59it/s]

  0%|          | 0/20 [00:00<?, ?it/s][A
  5%|▌         | 1/20 [00:00<00:03,  5.06it/s][A
 20%|██        | 4/20 [00:00<00:01, 13.22it/s][A
 35%|███▌      | 7/20 [00:00<00:00, 16.47it/s][A
 45%|████▌     | 9/20 [00:00<00:00, 17.03it/s][A
 55%|█████▌    | 11/20 [00:00<00:00, 17.87it/s][A
 70%|███████   | 14/20 [00:00<00:00, 19.11it/s][A
 85%|████████▌ | 17/20 [00:00<00:00, 19.73it/s][A
100%|██████████| 20/20 [00:01<00:00, 19.67it/s][A100%|██████████| 20/20 [00:01<00:00, 17.67it/s]
C3 crfm/checkpoint-400000:  91%|█████████ | 49/54 [02:08<00:12,  2.59s/it]
  0%|          | 0/20 [00:00<?, ?it/s][A
  5%|▌         | 1/20 [00:00<00:02,  8.55it/s][A
 15%|█▌        | 3/20 [00:00<00:01, 13.13it/s][A
 25%|██▌       | 5/20 [00:00<00:01, 14.49it/s][A
 35%|███▌      | 7/20 [00:00<00:00, 15.50it/s][A
 45%|████▌     | 9/20 [00:00<00:00, 15.97it/s][A
 55%|█████▌    | 11/20 [00:00<00:00, 16.31it/s][A
 65%|██████▌   | 13/20 [00:00<00:00, 16.39it/s][A
 75%|███████▌  | 15/20 [00:00<00:00, 16.50it/s][A
 85%|████████▌ | 17/20 [00:01<00:00, 16.92it/s][A
 95%|█████████▌| 19/20 [00:01<00:00, 17.43it/s][A100%|██████████| 20/20 [00:01<00:00, 16.22it/s]

  0%|          | 0/20 [00:00<?, ?it/s][A
  5%|▌         | 1/20 [00:00<00:03,  5.04it/s][A
 20%|██        | 4/20 [00:00<00:01, 12.74it/s][A
 30%|███       | 6/20 [00:00<00:00, 14.28it/s][A
 40%|████      | 8/20 [00:00<00:00, 15.52it/s][A
 50%|█████     | 10/20 [00:00<00:00, 16.57it/s][A
 60%|██████    | 12/20 [00:00<00:00, 16.89it/s][A
 70%|███████   | 14/20 [00:00<00:00, 16.75it/s][A
 85%|████████▌ | 17/20 [00:01<00:00, 18.14it/s][A
 95%|█████████▌| 19/20 [00:01<00:00, 18.62it/s][A100%|██████████| 20/20 [00:01<00:00, 16.40it/s]
C3 crfm/checkpoint-400000:  93%|█████████▎| 50/54 [02:10<00:10,  2.55s/it]
  0%|          | 0/25 [00:00<?, ?it/s][A
  8%|▊         | 2/25 [00:00<00:01, 13.99it/s][A
 16%|█▌        | 4/25 [00:00<00:01, 16.73it/s][A
 28%|██▊       | 7/25 [00:00<00:00, 19.09it/s][A
 40%|████      | 10/25 [00:00<00:00, 19.82it/s][A
 52%|█████▏    | 13/25 [00:00<00:00, 20.00it/s][A
 60%|██████    | 15/25 [00:00<00:00, 19.18it/s][A
 72%|███████▏  | 18/25 [00:00<00:00, 19.69it/s][A
 80%|████████  | 20/25 [00:01<00:00, 19.54it/s][A
 88%|████████▊ | 22/25 [00:01<00:00, 19.24it/s][A
 96%|█████████▌| 24/25 [00:01<00:00, 19.05it/s][A100%|██████████| 25/25 [00:01<00:00, 19.02it/s]

  0%|          | 0/25 [00:00<?, ?it/s][A
  4%|▍         | 1/25 [00:00<00:05,  4.64it/s][A
 12%|█▏        | 3/25 [00:00<00:02, 10.19it/s][A
 20%|██        | 5/25 [00:00<00:01, 12.85it/s][A
 28%|██▊       | 7/25 [00:00<00:01, 14.71it/s][A
 36%|███▌      | 9/25 [00:00<00:01, 15.84it/s][A
 44%|████▍     | 11/25 [00:00<00:00, 16.73it/s][A
 52%|█████▏    | 13/25 [00:00<00:00, 17.23it/s][A
 60%|██████    | 15/25 [00:00<00:00, 17.25it/s][A
 68%|██████▊   | 17/25 [00:01<00:00, 17.25it/s][A
 76%|███████▌  | 19/25 [00:01<00:00, 17.47it/s][A
 84%|████████▍ | 21/25 [00:01<00:00, 17.47it/s][A
 92%|█████████▏| 23/25 [00:01<00:00, 16.85it/s][A
100%|██████████| 25/25 [00:01<00:00, 13.87it/s][A100%|██████████| 25/25 [00:01<00:00, 14.96it/s]
C3 crfm/checkpoint-400000:  94%|█████████▍| 51/54 [02:13<00:08,  2.68s/it]
  0%|          | 0/25 [00:00<?, ?it/s][A
  4%|▍         | 1/25 [00:00<00:03,  6.36it/s][A
 12%|█▏        | 3/25 [00:00<00:01, 11.30it/s][A
 20%|██        | 5/25 [00:00<00:01, 13.68it/s][A
 28%|██▊       | 7/25 [00:00<00:01, 15.07it/s][A
 36%|███▌      | 9/25 [00:00<00:01, 15.98it/s][A
 44%|████▍     | 11/25 [00:00<00:00, 16.01it/s][A
 52%|█████▏    | 13/25 [00:00<00:00, 15.56it/s][A
 60%|██████    | 15/25 [00:00<00:00, 16.70it/s][A
 72%|███████▏  | 18/25 [00:01<00:00, 17.72it/s][A
 80%|████████  | 20/25 [00:01<00:00, 18.17it/s][A
 88%|████████▊ | 22/25 [00:01<00:00, 18.35it/s][A
 96%|█████████▌| 24/25 [00:01<00:00, 18.52it/s][A100%|██████████| 25/25 [00:01<00:00, 16.54it/s]

  0%|          | 0/25 [00:00<?, ?it/s][A
  4%|▍         | 1/25 [00:00<00:04,  4.85it/s][A
 12%|█▏        | 3/25 [00:00<00:02, 10.70it/s][A
 20%|██        | 5/25 [00:00<00:01, 13.47it/s][A
 28%|██▊       | 7/25 [00:00<00:01, 15.30it/s][A
 36%|███▌      | 9/25 [00:00<00:00, 16.13it/s][A
 44%|████▍     | 11/25 [00:00<00:00, 16.70it/s][A
 52%|█████▏    | 13/25 [00:00<00:00, 17.11it/s][A
 60%|██████    | 15/25 [00:00<00:00, 16.87it/s][A
 68%|██████▊   | 17/25 [00:01<00:00, 17.10it/s][A
 76%|███████▌  | 19/25 [00:01<00:00, 17.61it/s][A
 88%|████████▊ | 22/25 [00:01<00:00, 18.50it/s][A
 96%|█████████▌| 24/25 [00:01<00:00, 18.32it/s][A100%|██████████| 25/25 [00:01<00:00, 16.30it/s]
C3 crfm/checkpoint-400000:  96%|█████████▋| 52/54 [02:16<00:05,  2.79s/it]
  0%|          | 0/25 [00:00<?, ?it/s][A
  4%|▍         | 1/25 [00:00<00:03,  7.89it/s][A
 12%|█▏        | 3/25 [00:00<00:01, 13.69it/s][A
 20%|██        | 5/25 [00:00<00:01, 15.95it/s][A
 28%|██▊       | 7/25 [00:00<00:01, 16.94it/s][A
 36%|███▌      | 9/25 [00:00<00:00, 17.22it/s][A
 44%|████▍     | 11/25 [00:00<00:00, 16.89it/s][A
 52%|█████▏    | 13/25 [00:00<00:00, 16.53it/s][A
 60%|██████    | 15/25 [00:00<00:00, 17.12it/s][A
 68%|██████▊   | 17/25 [00:01<00:00, 17.26it/s][A
 76%|███████▌  | 19/25 [00:01<00:00, 16.39it/s][A
 84%|████████▍ | 21/25 [00:01<00:00, 16.77it/s][A
 92%|█████████▏| 23/25 [00:01<00:00, 17.39it/s][A
100%|██████████| 25/25 [00:01<00:00, 18.03it/s][A100%|██████████| 25/25 [00:01<00:00, 16.79it/s]

  0%|          | 0/25 [00:00<?, ?it/s][A
  4%|▍         | 1/25 [00:00<00:05,  4.23it/s][A
 12%|█▏        | 3/25 [00:00<00:02,  9.59it/s][A
 20%|██        | 5/25 [00:00<00:01, 11.29it/s][A
 28%|██▊       | 7/25 [00:00<00:01, 12.92it/s][A
 36%|███▌      | 9/25 [00:00<00:01, 14.21it/s][A
 44%|████▍     | 11/25 [00:00<00:00, 15.04it/s][A
 52%|█████▏    | 13/25 [00:00<00:00, 15.69it/s][A
 64%|██████▍   | 16/25 [00:01<00:00, 17.66it/s][A
 76%|███████▌  | 19/25 [00:01<00:00, 18.76it/s][A
 88%|████████▊ | 22/25 [00:01<00:00, 19.41it/s][A
100%|██████████| 25/25 [00:01<00:00, 20.01it/s][A100%|██████████| 25/25 [00:01<00:00, 16.18it/s]
C3 crfm/checkpoint-400000:  98%|█████████▊| 53/54 [02:19<00:02,  2.87s/it]
  0%|          | 0/25 [00:00<?, ?it/s][A
  8%|▊         | 2/25 [00:00<00:01, 14.45it/s][A
 20%|██        | 5/25 [00:00<00:01, 18.36it/s][A
 32%|███▏      | 8/25 [00:00<00:00, 19.75it/s][A
 44%|████▍     | 11/25 [00:00<00:00, 20.60it/s][A
 56%|█████▌    | 14/25 [00:00<00:00, 21.12it/s][A
 68%|██████▊   | 17/25 [00:00<00:00, 21.36it/s][A
 80%|████████  | 20/25 [00:00<00:00, 20.82it/s][A
 92%|█████████▏| 23/25 [00:01<00:00, 19.77it/s][A
100%|██████████| 25/25 [00:01<00:00, 19.79it/s][A100%|██████████| 25/25 [00:01<00:00, 19.97it/s]

  0%|          | 0/25 [00:00<?, ?it/s][A
  4%|▍         | 1/25 [00:00<00:04,  5.37it/s][A
 16%|█▌        | 4/25 [00:00<00:01, 13.62it/s][A
 28%|██▊       | 7/25 [00:00<00:01, 17.15it/s][A
 40%|████      | 10/25 [00:00<00:00, 18.84it/s][A
 52%|█████▏    | 13/25 [00:00<00:00, 19.71it/s][A
 64%|██████▍   | 16/25 [00:00<00:00, 19.52it/s][A
 76%|███████▌  | 19/25 [00:01<00:00, 20.03it/s][A
 88%|████████▊ | 22/25 [00:01<00:00, 20.52it/s][A
100%|██████████| 25/25 [00:01<00:00, 20.67it/s][A100%|██████████| 25/25 [00:01<00:00, 18.89it/s]
C3 crfm/checkpoint-400000: 100%|██████████| 54/54 [02:22<00:00,  2.78s/it]C3 crfm/checkpoint-400000: 100%|██████████| 54/54 [02:22<00:00,  2.64s/it]
✅ CRFM C3 → data/results/few_shot_c3/crfm_seed1_c3_fewshot.jsonl

============================================================
STEP: C3 SmolLM3
CMD:  python src/run_c3_new_models.py --model smollm3
============================================================

  Loading SmolLM3 @ step40k ...
Loading checkpoint shards:   0%|          | 0/2 [00:00<?, ?it/s]Loading checkpoint shards:  50%|█████     | 1/2 [00:07<00:07,  7.05s/it]Loading checkpoint shards: 100%|██████████| 2/2 [00:08<00:00,  3.89s/it]Loading checkpoint shards: 100%|██████████| 2/2 [00:08<00:00,  4.37s/it]
C3 smollm3/step40k:   0%|          | 0/54 [00:00<?, ?it/s]Setting `pad_token_id` to `eos_token_id`:128001 for open-end generation.
Setting `pad_token_id` to `eos_token_id`:128001 for open-end generation.
C3 smollm3/step40k:   2%|▏         | 1/54 [00:25<22:34, 25.55s/it]Setting `pad_token_id` to `eos_token_id`:128001 for open-end generation.
Setting `pad_token_id` to `eos_token_id`:128001 for open-end generation.
C3 smollm3/step40k:   4%|▎         | 2/54 [00:50<21:36, 24.93s/it]Setting `pad_token_id` to `eos_token_id`:128001 for open-end generation.
Setting `pad_token_id` to `eos_token_id`:128001 for open-end generation.
C3 smollm3/step40k:   6%|▌         | 3/54 [01:17<22:10, 26.09s/it]Setting `pad_token_id` to `eos_token_id`:128001 for open-end generation.
Setting `pad_token_id` to `eos_token_id`:128001 for open-end generation.
C3 smollm3/step40k:   7%|▋         | 4/54 [01:46<22:35, 27.11s/it]Setting `pad_token_id` to `eos_token_id`:128001 for open-end generation.
Setting `pad_token_id` to `eos_token_id`:128001 for open-end generation.
C3 smollm3/step40k:   9%|▉         | 5/54 [02:17<23:22, 28.63s/it]Setting `pad_token_id` to `eos_token_id`:128001 for open-end generation.
Setting `pad_token_id` to `eos_token_id`:128001 for open-end generation.
C3 smollm3/step40k:  11%|█         | 6/54 [02:46<22:57, 28.70s/it]Setting `pad_token_id` to `eos_token_id`:128001 for open-end generation.
Setting `pad_token_id` to `eos_token_id`:128001 for open-end generation.
C3 smollm3/step40k:  13%|█▎        | 7/54 [03:11<21:40, 27.67s/it]Setting `pad_token_id` to `eos_token_id`:128001 for open-end generation.
Setting `pad_token_id` to `eos_token_id`:128001 for open-end generation.
C3 smollm3/step40k:  15%|█▍        | 8/54 [03:36<20:28, 26.71s/it]Setting `pad_token_id` to `eos_token_id`:128001 for open-end generation.
Setting `pad_token_id` to `eos_token_id`:128001 for open-end generation.
C3 smollm3/step40k:  17%|█▋        | 9/54 [04:05<20:36, 27.48s/it]Setting `pad_token_id` to `eos_token_id`:128001 for open-end generation.
Setting `pad_token_id` to `eos_token_id`:128001 for open-end generation.
C3 smollm3/step40k:  19%|█▊        | 10/54 [04:34<20:27, 27.89s/it]Setting `pad_token_id` to `eos_token_id`:128001 for open-end generation.
Setting `pad_token_id` to `eos_token_id`:128001 for open-end generation.
C3 smollm3/step40k:  20%|██        | 11/54 [05:04<20:27, 28.54s/it]Setting `pad_token_id` to `eos_token_id`:128001 for open-end generation.
Setting `pad_token_id` to `eos_token_id`:128001 for open-end generation.
C3 smollm3/step40k:  22%|██▏       | 12/54 [05:33<19:58, 28.54s/it]Setting `pad_token_id` to `eos_token_id`:128001 for open-end generation.
Setting `pad_token_id` to `eos_token_id`:128001 for open-end generation.
C3 smollm3/step40k:  24%|██▍       | 13/54 [05:57<18:40, 27.32s/it]Setting `pad_token_id` to `eos_token_id`:128001 for open-end generation.
Setting `pad_token_id` to `eos_token_id`:128001 for open-end generation.
C3 smollm3/step40k:  26%|██▌       | 14/54 [06:21<17:33, 26.35s/it]Setting `pad_token_id` to `eos_token_id`:128001 for open-end generation.
Setting `pad_token_id` to `eos_token_id`:128001 for open-end generation.
C3 smollm3/step40k:  28%|██▊       | 15/54 [06:50<17:33, 27.02s/it]Setting `pad_token_id` to `eos_token_id`:128001 for open-end generation.
Setting `pad_token_id` to `eos_token_id`:128001 for open-end generation.
C3 smollm3/step40k:  30%|██▉       | 16/54 [07:18<17:17, 27.30s/it]Setting `pad_token_id` to `eos_token_id`:128001 for open-end generation.
Setting `pad_token_id` to `eos_token_id`:128001 for open-end generation.
C3 smollm3/step40k:  31%|███▏      | 17/54 [07:47<17:14, 27.95s/it]Setting `pad_token_id` to `eos_token_id`:128001 for open-end generation.
Setting `pad_token_id` to `eos_token_id`:128001 for open-end generation.
C3 smollm3/step40k:  33%|███▎      | 18/54 [08:15<16:47, 27.99s/it]Setting `pad_token_id` to `eos_token_id`:128001 for open-end generation.
Setting `pad_token_id` to `eos_token_id`:128001 for open-end generation.
C3 smollm3/step40k:  35%|███▌      | 19/54 [08:40<15:45, 27.01s/it]Setting `pad_token_id` to `eos_token_id`:128001 for open-end generation.
Setting `pad_token_id` to `eos_token_id`:128001 for open-end generation.
C3 smollm3/step40k:  37%|███▋      | 20/54 [09:05<14:57, 26.39s/it]Setting `pad_token_id` to `eos_token_id`:128001 for open-end generation.
Setting `pad_token_id` to `eos_token_id`:128001 for open-end generation.
C3 smollm3/step40k:  39%|███▉      | 21/54 [09:33<14:46, 26.85s/it]Setting `pad_token_id` to `eos_token_id`:128001 for open-end generation.
Setting `pad_token_id` to `eos_token_id`:128001 for open-end generation.
C3 smollm3/step40k:  41%|████      | 22/54 [10:03<14:47, 27.75s/it]Setting `pad_token_id` to `eos_token_id`:128001 for open-end generation.
Setting `pad_token_id` to `eos_token_id`:128001 for open-end generation.
C3 smollm3/step40k:  43%|████▎     | 23/54 [10:32<14:31, 28.11s/it]Setting `pad_token_id` to `eos_token_id`:128001 for open-end generation.
Setting `pad_token_id` to `eos_token_id`:128001 for open-end generation.
C3 smollm3/step40k:  44%|████▍     | 24/54 [11:01<14:10, 28.35s/it]Setting `pad_token_id` to `eos_token_id`:128001 for open-end generation.
Setting `pad_token_id` to `eos_token_id`:128001 for open-end generation.
C3 smollm3/step40k:  46%|████▋     | 25/54 [11:25<13:09, 27.22s/it]Setting `pad_token_id` to `eos_token_id`:128001 for open-end generation.
Setting `pad_token_id` to `eos_token_id`:128001 for open-end generation.
C3 smollm3/step40k:  48%|████▊     | 26/54 [11:50<12:18, 26.36s/it]Setting `pad_token_id` to `eos_token_id`:128001 for open-end generation.
Setting `pad_token_id` to `eos_token_id`:128001 for open-end generation.
C3 smollm3/step40k:  50%|█████     | 27/54 [12:17<12:02, 26.74s/it]Setting `pad_token_id` to `eos_token_id`:128001 for open-end generation.
Setting `pad_token_id` to `eos_token_id`:128001 for open-end generation.
C3 smollm3/step40k:  52%|█████▏    | 28/54 [12:46<11:50, 27.32s/it]Setting `pad_token_id` to `eos_token_id`:128001 for open-end generation.
Setting `pad_token_id` to `eos_token_id`:128001 for open-end generation.
C3 smollm3/step40k:  54%|█████▎    | 29/54 [13:15<11:38, 27.94s/it]Setting `pad_token_id` to `eos_token_id`:128001 for open-end generation.
Setting `pad_token_id` to `eos_token_id`:128001 for open-end generation.
C3 smollm3/step40k:  56%|█████▌    | 30/54 [13:43<11:10, 27.94s/it]Setting `pad_token_id` to `eos_token_id`:128001 for open-end generation.
Setting `pad_token_id` to `eos_token_id`:128001 for open-end generation.
C3 smollm3/step40k:  57%|█████▋    | 31/54 [14:08<10:17, 26.86s/it]Setting `pad_token_id` to `eos_token_id`:128001 for open-end generation.
Setting `pad_token_id` to `eos_token_id`:128001 for open-end generation.
C3 smollm3/step40k:  59%|█████▉    | 32/54 [14:32<09:36, 26.22s/it]Setting `pad_token_id` to `eos_token_id`:128001 for open-end generation.
Setting `pad_token_id` to `eos_token_id`:128001 for open-end generation.
C3 smollm3/step40k:  61%|██████    | 33/54 [15:01<09:29, 27.11s/it]Setting `pad_token_id` to `eos_token_id`:128001 for open-end generation.
Setting `pad_token_id` to `eos_token_id`:128001 for open-end generation.
C3 smollm3/step40k:  63%|██████▎   | 34/54 [15:30<09:13, 27.66s/it]Setting `pad_token_id` to `eos_token_id`:128001 for open-end generation.
Setting `pad_token_id` to `eos_token_id`:128001 for open-end generation.
C3 smollm3/step40k:  65%|██████▍   | 35/54 [15:59<08:52, 28.01s/it]Setting `pad_token_id` to `eos_token_id`:128001 for open-end generation.
Setting `pad_token_id` to `eos_token_id`:128001 for open-end generation.
C3 smollm3/step40k:  67%|██████▋   | 36/54 [16:27<08:22, 27.94s/it]Setting `pad_token_id` to `eos_token_id`:128001 for open-end generation.
Setting `pad_token_id` to `eos_token_id`:128001 for open-end generation.
C3 smollm3/step40k:  69%|██████▊   | 37/54 [16:52<07:39, 27.00s/it]Setting `pad_token_id` to `eos_token_id`:128001 for open-end generation.
Setting `pad_token_id` to `eos_token_id`:128001 for open-end generation.
C3 smollm3/step40k:  70%|███████   | 38/54 [17:17<07:03, 26.49s/it]Setting `pad_token_id` to `eos_token_id`:128001 for open-end generation.
Setting `pad_token_id` to `eos_token_id`:128001 for open-end generation.
C3 smollm3/step40k:  72%|███████▏  | 39/54 [17:45<06:43, 26.90s/it]Setting `pad_token_id` to `eos_token_id`:128001 for open-end generation.
Setting `pad_token_id` to `eos_token_id`:128001 for open-end generation.
C3 smollm3/step40k:  74%|███████▍  | 40/54 [18:14<06:24, 27.48s/it]Setting `pad_token_id` to `eos_token_id`:128001 for open-end generation.
Setting `pad_token_id` to `eos_token_id`:128001 for open-end generation.
C3 smollm3/step40k:  76%|███████▌  | 41/54 [18:42<06:01, 27.83s/it]Setting `pad_token_id` to `eos_token_id`:128001 for open-end generation.
Setting `pad_token_id` to `eos_token_id`:128001 for open-end generation.
C3 smollm3/step40k:  78%|███████▊  | 42/54 [19:10<05:33, 27.83s/it]Setting `pad_token_id` to `eos_token_id`:128001 for open-end generation.
Setting `pad_token_id` to `eos_token_id`:128001 for open-end generation.
C3 smollm3/step40k:  80%|███████▉  | 43/54 [19:35<04:55, 26.87s/it]Setting `pad_token_id` to `eos_token_id`:128001 for open-end generation.
Setting `pad_token_id` to `eos_token_id`:128001 for open-end generation.
C3 smollm3/step40k:  81%|████████▏ | 44/54 [19:59<04:21, 26.14s/it]Setting `pad_token_id` to `eos_token_id`:128001 for open-end generation.
Setting `pad_token_id` to `eos_token_id`:128001 for open-end generation.
C3 smollm3/step40k:  83%|████████▎ | 45/54 [20:26<03:57, 26.40s/it]Setting `pad_token_id` to `eos_token_id`:128001 for open-end generation.
Setting `pad_token_id` to `eos_token_id`:128001 for open-end generation.
C3 smollm3/step40k:  85%|████████▌ | 46/54 [20:54<03:34, 26.87s/it]Setting `pad_token_id` to `eos_token_id`:128001 for open-end generation.
Setting `pad_token_id` to `eos_token_id`:128001 for open-end generation.
C3 smollm3/step40k:  87%|████████▋ | 47/54 [21:22<03:10, 27.24s/it]Setting `pad_token_id` to `eos_token_id`:128001 for open-end generation.
Setting `pad_token_id` to `eos_token_id`:128001 for open-end generation.
C3 smollm3/step40k:  89%|████████▉ | 48/54 [21:51<02:45, 27.60s/it]Setting `pad_token_id` to `eos_token_id`:128001 for open-end generation.
Setting `pad_token_id` to `eos_token_id`:128001 for open-end generation.
C3 smollm3/step40k:  91%|█████████ | 49/54 [22:16<02:13, 26.75s/it]Setting `pad_token_id` to `eos_token_id`:128001 for open-end generation.
Setting `pad_token_id` to `eos_token_id`:128001 for open-end generation.
C3 smollm3/step40k:  93%|█████████▎| 50/54 [22:40<01:44, 26.05s/it]Setting `pad_token_id` to `eos_token_id`:128001 for open-end generation.
Setting `pad_token_id` to `eos_token_id`:128001 for open-end generation.
C3 smollm3/step40k:  94%|█████████▍| 51/54 [23:08<01:19, 26.57s/it]Setting `pad_token_id` to `eos_token_id`:128001 for open-end generation.
Setting `pad_token_id` to `eos_token_id`:128001 for open-end generation.
C3 smollm3/step40k:  96%|█████████▋| 52/54 [23:36<00:54, 27.06s/it]Setting `pad_token_id` to `eos_token_id`:128001 for open-end generation.
Setting `pad_token_id` to `eos_token_id`:128001 for open-end generation.
C3 smollm3/step40k:  98%|█████████▊| 53/54 [24:05<00:27, 27.64s/it]Setting `pad_token_id` to `eos_token_id`:128001 for open-end generation.
Setting `pad_token_id` to `eos_token_id`:128001 for open-end generation.
C3 smollm3/step40k: 100%|██████████| 54/54 [24:33<00:00, 27.62s/it]C3 smollm3/step40k: 100%|██████████| 54/54 [24:33<00:00, 27.28s/it]

  Loading SmolLM3 @ step3440k ...
Loading checkpoint shards:   0%|          | 0/2 [00:00<?, ?it/s]Loading checkpoint shards:  50%|█████     | 1/2 [00:08<00:08,  8.48s/it]Loading checkpoint shards: 100%|██████████| 2/2 [00:10<00:00,  4.50s/it]Loading checkpoint shards: 100%|██████████| 2/2 [00:10<00:00,  5.09s/it]
C3 smollm3/step3440k:   0%|          | 0/54 [00:00<?, ?it/s]Setting `pad_token_id` to `eos_token_id`:128001 for open-end generation.
Setting `pad_token_id` to `eos_token_id`:128001 for open-end generation.
C3 smollm3/step3440k:   2%|▏         | 1/54 [00:26<23:02, 26.09s/it]Setting `pad_token_id` to `eos_token_id`:128001 for open-end generation.
Setting `pad_token_id` to `eos_token_id`:128001 for open-end generation.
C3 smollm3/step3440k:   4%|▎         | 2/54 [00:50<21:49, 25.18s/it]Setting `pad_token_id` to `eos_token_id`:128001 for open-end generation.
Setting `pad_token_id` to `eos_token_id`:128001 for open-end generation.
C3 smollm3/step3440k:   6%|▌         | 3/54 [01:18<22:27, 26.43s/it]Setting `pad_token_id` to `eos_token_id`:128001 for open-end generation.
Setting `pad_token_id` to `eos_token_id`:128001 for open-end generation.
C3 smollm3/step3440k:   7%|▋         | 4/54 [01:47<22:46, 27.33s/it]Setting `pad_token_id` to `eos_token_id`:128001 for open-end generation.
Setting `pad_token_id` to `eos_token_id`:128001 for open-end generation.
C3 smollm3/step3440k:   9%|▉         | 5/54 [02:18<23:30, 28.79s/it]Setting `pad_token_id` to `eos_token_id`:128001 for open-end generation.
Setting `pad_token_id` to `eos_token_id`:128001 for open-end generation.
C3 smollm3/step3440k:  11%|█         | 6/54 [02:46<22:49, 28.53s/it]Setting `pad_token_id` to `eos_token_id`:128001 for open-end generation.
Setting `pad_token_id` to `eos_token_id`:128001 for open-end generation.
C3 smollm3/step3440k:  13%|█▎        | 7/54 [03:11<21:24, 27.33s/it]Setting `pad_token_id` to `eos_token_id`:128001 for open-end generation.
Setting `pad_token_id` to `eos_token_id`:128001 for open-end generation.
C3 smollm3/step3440k:  15%|█▍        | 8/54 [03:35<20:12, 26.36s/it]Setting `pad_token_id` to `eos_token_id`:128001 for open-end generation.
Setting `pad_token_id` to `eos_token_id`:128001 for open-end generation.
C3 smollm3/step3440k:  17%|█▋        | 9/54 [04:03<20:01, 26.71s/it]Setting `pad_token_id` to `eos_token_id`:128001 for open-end generation.
Setting `pad_token_id` to `eos_token_id`:128001 for open-end generation.
C3 smollm3/step3440k:  19%|█▊        | 10/54 [04:31<19:51, 27.07s/it]Setting `pad_token_id` to `eos_token_id`:128001 for open-end generation.
Setting `pad_token_id` to `eos_token_id`:128001 for open-end generation.
C3 smollm3/step3440k:  20%|██        | 11/54 [05:01<20:04, 28.01s/it]Setting `pad_token_id` to `eos_token_id`:128001 for open-end generation.
Setting `pad_token_id` to `eos_token_id`:128001 for open-end generation.
C3 smollm3/step3440k:  22%|██▏       | 12/54 [05:29<19:38, 28.07s/it]Setting `pad_token_id` to `eos_token_id`:128001 for open-end generation.
Setting `pad_token_id` to `eos_token_id`:128001 for open-end generation.
C3 smollm3/step3440k:  24%|██▍       | 13/54 [05:53<18:19, 26.81s/it]Setting `pad_token_id` to `eos_token_id`:128001 for open-end generation.
Setting `pad_token_id` to `eos_token_id`:128001 for open-end generation.
C3 smollm3/step3440k:  26%|██▌       | 14/54 [06:17<17:16, 25.90s/it]Setting `pad_token_id` to `eos_token_id`:128001 for open-end generation.
Setting `pad_token_id` to `eos_token_id`:128001 for open-end generation.
C3 smollm3/step3440k:  28%|██▊       | 15/54 [06:45<17:22, 26.72s/it]Setting `pad_token_id` to `eos_token_id`:128001 for open-end generation.
Setting `pad_token_id` to `eos_token_id`:128001 for open-end generation.
C3 smollm3/step3440k:  30%|██▉       | 16/54 [07:13<17:05, 26.99s/it]Setting `pad_token_id` to `eos_token_id`:128001 for open-end generation.
Setting `pad_token_id` to `eos_token_id`:128001 for open-end generation.
C3 smollm3/step3440k:  31%|███▏      | 17/54 [07:42<17:03, 27.65s/it]Setting `pad_token_id` to `eos_token_id`:128001 for open-end generation.
Setting `pad_token_id` to `eos_token_id`:128001 for open-end generation.
C3 smollm3/step3440k:  33%|███▎      | 18/54 [08:10<16:42, 27.86s/it]Setting `pad_token_id` to `eos_token_id`:128001 for open-end generation.
Setting `pad_token_id` to `eos_token_id`:128001 for open-end generation.
C3 smollm3/step3440k:  35%|███▌      | 19/54 [08:34<15:34, 26.70s/it]Setting `pad_token_id` to `eos_token_id`:128001 for open-end generation.
Setting `pad_token_id` to `eos_token_id`:128001 for open-end generation.
C3 smollm3/step3440k:  37%|███▋      | 20/54 [08:59<14:47, 26.09s/it]Setting `pad_token_id` to `eos_token_id`:128001 for open-end generation.
Setting `pad_token_id` to `eos_token_id`:128001 for open-end generation.
C3 smollm3/step3440k:  39%|███▉      | 21/54 [09:27<14:36, 26.56s/it]Setting `pad_token_id` to `eos_token_id`:128001 for open-end generation.
Setting `pad_token_id` to `eos_token_id`:128001 for open-end generation.
C3 smollm3/step3440k:  41%|████      | 22/54 [09:56<14:32, 27.25s/it]Setting `pad_token_id` to `eos_token_id`:128001 for open-end generation.
Setting `pad_token_id` to `eos_token_id`:128001 for open-end generation.
C3 smollm3/step3440k:  43%|████▎     | 23/54 [10:24<14:17, 27.68s/it]Setting `pad_token_id` to `eos_token_id`:128001 for open-end generation.
Setting `pad_token_id` to `eos_token_id`:128001 for open-end generation.
C3 smollm3/step3440k:  44%|████▍     | 24/54 [10:52<13:54, 27.81s/it]Setting `pad_token_id` to `eos_token_id`:128001 for open-end generation.
Setting `pad_token_id` to `eos_token_id`:128001 for open-end generation.
C3 smollm3/step3440k:  46%|████▋     | 25/54 [11:17<13:00, 26.91s/it]Setting `pad_token_id` to `eos_token_id`:128001 for open-end generation.
Setting `pad_token_id` to `eos_token_id`:128001 for open-end generation.
C3 smollm3/step3440k:  48%|████▊     | 26/54 [11:42<12:12, 26.17s/it]Setting `pad_token_id` to `eos_token_id`:128001 for open-end generation.
Setting `pad_token_id` to `eos_token_id`:128001 for open-end generation.
C3 smollm3/step3440k:  50%|█████     | 27/54 [12:10<12:00, 26.68s/it]Setting `pad_token_id` to `eos_token_id`:128001 for open-end generation.
Setting `pad_token_id` to `eos_token_id`:128001 for open-end generation.
C3 smollm3/step3440k:  52%|█████▏    | 28/54 [12:38<11:45, 27.14s/it]Setting `pad_token_id` to `eos_token_id`:128001 for open-end generation.
Setting `pad_token_id` to `eos_token_id`:128001 for open-end generation.
C3 smollm3/step3440k:  54%|█████▎    | 29/54 [13:07<11:32, 27.69s/it]Setting `pad_token_id` to `eos_token_id`:128001 for open-end generation.
Setting `pad_token_id` to `eos_token_id`:128001 for open-end generation.
C3 smollm3/step3440k:  56%|█████▌    | 30/54 [13:35<11:11, 27.97s/it]Setting `pad_token_id` to `eos_token_id`:128001 for open-end generation.
Setting `pad_token_id` to `eos_token_id`:128001 for open-end generation.
C3 smollm3/step3440k:  57%|█████▋    | 31/54 [14:00<10:17, 26.86s/it]Setting `pad_token_id` to `eos_token_id`:128001 for open-end generation.
Setting `pad_token_id` to `eos_token_id`:128001 for open-end generation.
C3 smollm3/step3440k:  59%|█████▉    | 32/54 [14:23<09:30, 25.92s/it]Setting `pad_token_id` to `eos_token_id`:128001 for open-end generation.
Setting `pad_token_id` to `eos_token_id`:128001 for open-end generation.
C3 smollm3/step3440k:  61%|██████    | 33/54 [14:51<09:16, 26.48s/it]Setting `pad_token_id` to `eos_token_id`:128001 for open-end generation.
Setting `pad_token_id` to `eos_token_id`:128001 for open-end generation.
C3 smollm3/step3440k:  63%|██████▎   | 34/54 [15:19<08:59, 26.98s/it]Setting `pad_token_id` to `eos_token_id`:128001 for open-end generation.
Setting `pad_token_id` to `eos_token_id`:128001 for open-end generation.
C3 smollm3/step3440k:  65%|██████▍   | 35/54 [15:48<08:40, 27.38s/it]Setting `pad_token_id` to `eos_token_id`:128001 for open-end generation.
Setting `pad_token_id` to `eos_token_id`:128001 for open-end generation.
C3 smollm3/step3440k:  67%|██████▋   | 36/54 [16:16<08:16, 27.60s/it]Setting `pad_token_id` to `eos_token_id`:128001 for open-end generation.
Setting `pad_token_id` to `eos_token_id`:128001 for open-end generation.
C3 smollm3/step3440k:  69%|██████▊   | 37/54 [16:40<07:32, 26.62s/it]Setting `pad_token_id` to `eos_token_id`:128001 for open-end generation.
Setting `pad_token_id` to `eos_token_id`:128001 for open-end generation.
C3 smollm3/step3440k:  70%|███████   | 38/54 [17:05<06:55, 25.98s/it]Setting `pad_token_id` to `eos_token_id`:128001 for open-end generation.
Setting `pad_token_id` to `eos_token_id`:128001 for open-end generation.
C3 smollm3/step3440k:  72%|███████▏  | 39/54 [17:32<06:36, 26.45s/it]Setting `pad_token_id` to `eos_token_id`:128001 for open-end generation.
Setting `pad_token_id` to `eos_token_id`:128001 for open-end generation.
C3 smollm3/step3440k:  74%|███████▍  | 40/54 [18:01<06:18, 27.04s/it]Setting `pad_token_id` to `eos_token_id`:128001 for open-end generation.
Setting `pad_token_id` to `eos_token_id`:128001 for open-end generation.
C3 smollm3/step3440k:  76%|███████▌  | 41/54 [18:29<05:57, 27.53s/it]Setting `pad_token_id` to `eos_token_id`:128001 for open-end generation.
Setting `pad_token_id` to `eos_token_id`:128001 for open-end generation.
C3 smollm3/step3440k:  78%|███████▊  | 42/54 [18:57<05:31, 27.66s/it]Setting `pad_token_id` to `eos_token_id`:128001 for open-end generation.
Setting `pad_token_id` to `eos_token_id`:128001 for open-end generation.
C3 smollm3/step3440k:  80%|███████▉  | 43/54 [19:22<04:55, 26.84s/it]Setting `pad_token_id` to `eos_token_id`:128001 for open-end generation.
Setting `pad_token_id` to `eos_token_id`:128001 for open-end generation.
C3 smollm3/step3440k:  81%|████████▏ | 44/54 [19:46<04:20, 26.10s/it]Setting `pad_token_id` to `eos_token_id`:128001 for open-end generation.
Setting `pad_token_id` to `eos_token_id`:128001 for open-end generation.
C3 smollm3/step3440k:  83%|████████▎ | 45/54 [20:13<03:57, 26.36s/it]Setting `pad_token_id` to `eos_token_id`:128001 for open-end generation.
Setting `pad_token_id` to `eos_token_id`:128001 for open-end generation.
C3 smollm3/step3440k:  85%|████████▌ | 46/54 [20:42<03:36, 27.10s/it]Setting `pad_token_id` to `eos_token_id`:128001 for open-end generation.
Setting `pad_token_id` to `eos_token_id`:128001 for open-end generation.
C3 smollm3/step3440k:  87%|████████▋ | 47/54 [21:11<03:13, 27.61s/it]Setting `pad_token_id` to `eos_token_id`:128001 for open-end generation.
Setting `pad_token_id` to `eos_token_id`:128001 for open-end generation.
C3 smollm3/step3440k:  89%|████████▉ | 48/54 [21:39<02:46, 27.80s/it]Setting `pad_token_id` to `eos_token_id`:128001 for open-end generation.
Setting `pad_token_id` to `eos_token_id`:128001 for open-end generation.
C3 smollm3/step3440k:  91%|█████████ | 49/54 [22:04<02:14, 26.87s/it]Setting `pad_token_id` to `eos_token_id`:128001 for open-end generation.
Setting `pad_token_id` to `eos_token_id`:128001 for open-end generation.
C3 smollm3/step3440k:  93%|█████████▎| 50/54 [22:28<01:44, 26.02s/it]Setting `pad_token_id` to `eos_token_id`:128001 for open-end generation.
Setting `pad_token_id` to `eos_token_id`:128001 for open-end generation.
C3 smollm3/step3440k:  94%|█████████▍| 51/54 [22:56<01:19, 26.48s/it]Setting `pad_token_id` to `eos_token_id`:128001 for open-end generation.
Setting `pad_token_id` to `eos_token_id`:128001 for open-end generation.
C3 smollm3/step3440k:  96%|█████████▋| 52/54 [23:23<00:53, 26.85s/it]Setting `pad_token_id` to `eos_token_id`:128001 for open-end generation.
Setting `pad_token_id` to `eos_token_id`:128001 for open-end generation.
C3 smollm3/step3440k:  98%|█████████▊| 53/54 [23:52<00:27, 27.30s/it]Setting `pad_token_id` to `eos_token_id`:128001 for open-end generation.
Setting `pad_token_id` to `eos_token_id`:128001 for open-end generation.
C3 smollm3/step3440k: 100%|██████████| 54/54 [24:20<00:00, 27.50s/it]C3 smollm3/step3440k: 100%|██████████| 54/54 [24:20<00:00, 27.04s/it]
✅ SmolLM3 C3 → data/results/few_shot_c3/smollm3_c3_fewshot.jsonl

============================================================
STEP: C5 OLMo
CMD:  python src/run_c5_new_models.py --model olmo
============================================================
BSI ranking:   0%|          | 0/30 [00:00<?, ?it/s]BSI ranking:   3%|▎         | 1/30 [00:03<01:41,  3.50s/it]BSI ranking:   7%|▋         | 2/30 [00:06<01:31,  3.27s/it]BSI ranking:  10%|█         | 3/30 [00:08<01:08,  2.52s/it]BSI ranking:  13%|█▎        | 4/30 [00:12<01:19,  3.04s/it]BSI ranking:  17%|█▋        | 5/30 [00:15<01:23,  3.34s/it]BSI ranking:  30%|███       | 9/30 [00:19<00:34,  1.63s/it]BSI ranking:  47%|████▋     | 14/30 [00:22<00:17,  1.11s/it]BSI ranking:  50%|█████     | 15/30 [00:26<00:21,  1.45s/it]BSI ranking:  53%|█████▎    | 16/30 [00:29<00:24,  1.77s/it]BSI ranking:  57%|█████▋    | 17/30 [00:32<00:25,  1.93s/it]BSI ranking:  60%|██████    | 18/30 [00:34<00:23,  1.98s/it]BSI ranking:  63%|██████▎   | 19/30 [00:38<00:26,  2.37s/it]BSI ranking:  67%|██████▋   | 20/30 [00:41<00:27,  2.74s/it]BSI ranking:  70%|███████   | 21/30 [00:45<00:26,  3.00s/it]BSI ranking:  73%|███████▎  | 22/30 [00:48<00:24,  3.03s/it]BSI ranking:  77%|███████▋  | 23/30 [00:50<00:18,  2.69s/it]BSI ranking:  80%|████████  | 24/30 [00:54<00:18,  3.00s/it]BSI ranking:  83%|████████▎ | 25/30 [00:58<00:16,  3.36s/it]BSI ranking:  87%|████████▋ | 26/30 [01:02<00:13,  3.42s/it]BSI ranking:  90%|█████████ | 27/30 [01:05<00:09,  3.28s/it]BSI ranking:  93%|█████████▎| 28/30 [01:07<00:05,  2.95s/it]BSI ranking:  97%|█████████▋| 29/30 [01:10<00:03,  3.12s/it]BSI ranking: 100%|██████████| 30/30 [01:14<00:00,  3.37s/it]BSI ranking: 100%|██████████| 30/30 [01:14<00:00,  2.49s/it]
✅ OLMo C5 → data/results/causal/olmo_step143k_c5_canonical41.json
   Baseline=0.990  Spec=-0.006

============================================================
STEP: C5 Qwen
CMD:  python src/run_c5_new_models.py --model qwen
============================================================
BSI ranking:   0%|          | 0/30 [00:00<?, ?it/s]BSI ranking:   3%|▎         | 1/30 [00:01<00:51,  1.76s/it]BSI ranking:   7%|▋         | 2/30 [00:03<00:45,  1.61s/it]BSI ranking:  10%|█         | 3/30 [00:05<00:51,  1.90s/it]BSI ranking:  13%|█▎        | 4/30 [00:07<00:49,  1.92s/it]BSI ranking:  17%|█▋        | 5/30 [00:09<00:49,  1.99s/it]BSI ranking:  30%|███       | 9/30 [00:11<00:19,  1.05it/s]BSI ranking:  47%|████▋     | 14/30 [00:12<00:09,  1.64it/s]BSI ranking:  50%|█████     | 15/30 [00:15<00:12,  1.21it/s]BSI ranking:  53%|█████▎    | 16/30 [00:17<00:13,  1.01it/s]BSI ranking:  57%|█████▋    | 17/30 [00:18<00:14,  1.10s/it]BSI ranking:  60%|██████    | 18/30 [00:20<00:14,  1.25s/it]BSI ranking:  63%|██████▎   | 19/30 [00:22<00:15,  1.40s/it]BSI ranking:  67%|██████▋   | 20/30 [00:24<00:15,  1.57s/it]BSI ranking:  70%|███████   | 21/30 [00:26<00:14,  1.63s/it]BSI ranking:  73%|███████▎  | 22/30 [00:27<00:13,  1.65s/it]BSI ranking:  77%|███████▋  | 23/30 [00:29<00:11,  1.69s/it]BSI ranking:  80%|████████  | 24/30 [00:31<00:10,  1.69s/it]BSI ranking:  83%|████████▎ | 25/30 [00:33<00:08,  1.72s/it]BSI ranking:  87%|████████▋ | 26/30 [00:35<00:07,  1.80s/it]BSI ranking:  90%|█████████ | 27/30 [00:36<00:04,  1.64s/it]BSI ranking:  93%|█████████▎| 28/30 [00:37<00:03,  1.54s/it]BSI ranking:  97%|█████████▋| 29/30 [00:39<00:01,  1.73s/it]BSI ranking: 100%|██████████| 30/30 [00:41<00:00,  1.73s/it]BSI ranking: 100%|██████████| 30/30 [00:41<00:00,  1.39s/it]
✅ Qwen C5 → data/results/causal/qwen_final_c5_canonical41.json
   Baseline=0.990  Spec=+0.005

============================================================
STEP: C5 CRFM
CMD:  python src/run_c5_new_models.py --model crfm
============================================================
Traceback (most recent call last):
  File "/teamspace/studios/this_studio/attention-binding-a11y/src/run_c5_new_models.py", line 324, in <module>
    RUNNERS[args.model]()
  File "/teamspace/studios/this_studio/attention-binding-a11y/src/run_c5_new_models.py", line 172, in run_crfm_c5
    from run_causal_c5 import compute_per_head_bsi, ablate_heads_zero, score_prompt_logprob
ImportError: cannot import name 'ablate_heads_zero' from 'run_causal_c5' (/teamspace/studios/this_studio/attention-binding-a11y/src/run_causal_c5.py)
⚠️  Step 'C5 CRFM' exited with code 1

============================================================
STEP: C5 SmolLM3
CMD:  python src/run_c5_new_models.py --model smollm3
============================================================
Loading checkpoint shards:   0%|          | 0/2 [00:00<?, ?it/s]Loading checkpoint shards:  50%|█████     | 1/2 [00:07<00:07,  7.29s/it]Loading checkpoint shards: 100%|██████████| 2/2 [00:09<00:00,  4.49s/it]Loading checkpoint shards: 100%|██████████| 2/2 [00:09<00:00,  4.91s/it]
BSI ranking:   0%|          | 0/30 [00:00<?, ?it/s]BSI ranking:   3%|▎         | 1/30 [00:09<04:27,  9.24s/it]BSI ranking:   7%|▋         | 2/30 [00:15<03:34,  7.65s/it]BSI ranking:  10%|█         | 3/30 [00:20<02:47,  6.22s/it]BSI ranking:  13%|█▎        | 4/30 [00:29<03:07,  7.23s/it]BSI ranking:  17%|█▋        | 5/30 [00:40<03:34,  8.59s/it]BSI ranking:  30%|███       | 9/30 [00:48<01:29,  4.27s/it]BSI ranking:  47%|████▋     | 14/30 [00:56<00:45,  2.82s/it]BSI ranking:  50%|█████     | 15/30 [01:05<00:54,  3.64s/it]BSI ranking:  53%|█████▎    | 16/30 [01:14<01:02,  4.47s/it]BSI ranking:  57%|█████▋    | 17/30 [01:21<01:03,  4.92s/it]BSI ranking:  60%|██████    | 18/30 [01:25<00:57,  4.82s/it]BSI ranking:  63%|██████▎   | 19/30 [01:34<01:02,  5.71s/it]BSI ranking:  67%|██████▋   | 20/30 [01:44<01:08,  6.87s/it]BSI ranking:  70%|███████   | 21/30 [01:54<01:07,  7.47s/it]BSI ranking:  73%|███████▎  | 22/30 [02:02<01:01,  7.69s/it]BSI ranking:  77%|███████▋  | 23/30 [02:06<00:47,  6.79s/it]BSI ranking:  80%|████████  | 24/30 [02:15<00:44,  7.49s/it]BSI ranking:  83%|████████▎ | 25/30 [02:26<00:41,  8.28s/it]BSI ranking:  87%|████████▋ | 26/30 [02:35<00:34,  8.51s/it]BSI ranking:  90%|█████████ | 27/30 [02:42<00:24,  8.02s/it]BSI ranking:  93%|█████████▎| 28/30 [02:46<00:14,  7.04s/it]BSI ranking:  97%|█████████▋| 29/30 [02:55<00:07,  7.50s/it]BSI ranking: 100%|██████████| 30/30 [03:05<00:00,  8.31s/it]BSI ranking: 100%|██████████| 30/30 [03:05<00:00,  6.19s/it]
✅ SmolLM3 C5 → data/results/causal/smollm3_step3440k_c5_canonical41.json
   Baseline=0.868  Spec=-0.043

============================================================
STEP: Summary matrix
CMD:  python src/summarize_full_matrix.py
============================================================

==================================================================================================================================
FULL ANALYSIS MATRIX — Attention Binding × Accessibility Concepts
==================================================================================================================================

Model                  Params  Steps   Prompts             C1-B%        p   ΔLead   C4-B%   ρ_late   N_c4  C5_drop    Spec    C3_Δ  C3_imp
----------------------------------------------------------------------------------------------------------------------------------
Pythia-160M            160M    143k    41 terms               7%   1.0000  -0.645     46%   +0.044     28   +0.112  +0.091       —       —
Pythia-1B              1B      143k    41 terms              73%   0.0022  +0.228     54%   -0.054     28   +0.151  +0.084       —       —
Pythia-2.8B            2.8B    143k    41 terms              79%   0.0004  +0.230     43%   +0.270     28   +0.073  +0.079       —       —
OLMo-1B (9t)           1B      143k    9 terms               78%   0.0898  +0.293     62%   -0.348      8        —       —  +0.075     33%
OLMo-1B (45t)          1B      143k    41 terms              90%  <0.0001  +0.374     44%   -0.181     27   +0.010  -0.006  +0.075     33%
CRFM GPT-2 (9t)        117M    400k    9 terms               56%   0.5000  +0.036     33%   +0.442      9        —       —  +0.028     22%
CRFM GPT-2 (45t)       117M    400k    41 terms              63%   0.0586  +0.123     51%   -0.095     41        —       —  +0.028     22%
SmolLM3-3B (9t)        3B      3440k   9 terms               33%   0.9102  -0.199     67%   -0.189      9        —       —  -0.022     27%
SmolLM3-3B (45t)       3B      3440k   41 terms              51%   0.5000  -0.040     55%   -0.281     40   -0.034  -0.043  -0.022     27%
Qwen2.5-1.5B           1.5B    final   41 terms (final ck)      —        —       —       —        —      —   +0.010  +0.005  +0.045     23%

Legend:
  C1-B%   = % terms where EB* rise precedes behavioral rise
  ΔLead   = mean(r_forward - r_backward), positive = EB* leads
  C4-B%   = % terms showing strict decoupling (rho_early>0, rho_late≤0)
  ρ_late  = mean late-window Spearman(EB*, Beh), negative = decoupled
  C5_drop = RecAcc drop when top-binding heads ablated (negative = disrupted)
  Spec    = specificity = top_drop - rand_drop (positive = head-specific)
  C3_Δ    = mean few-shot delta score vs zero-shot
  C3_imp% = fraction of prompts improved by few-shot prefix



==== PIPELINE RESULTS ====
  ✅  C1-B crfm45
  ✅  C4-B crfm45
  ✅  SmolLM3 bind 45
  ✅  SmolLM3 beh 45
  ✅  C1-B smollm345
  ✅  C4-B smollm345
  ✅  C3 OLMo
  ✅  C3 Qwen
  ✅  C3 CRFM
  ✅  C3 SmolLM3
  ✅  C5 OLMo
  ✅  C5 Qwen
  ❌  C5 CRFM
  ✅  C5 SmolLM3
  ✅  Summary matrix
==========================

